ISO-10303-21;
HEADER;
FILE_DESCRIPTION((''),'2;1');
FILE_NAME('BEAKER_LID','2026-07-21T16:10:30',('morit'),(''),
'CREO PARAMETRIC BY PTC INC, 2025123','CREO PARAMETRIC BY PTC INC, 2025123','');
FILE_SCHEMA((
'AP242_MANAGED_MODEL_BASED_3D_ENGINEERING_MIM_LF { 1 0 10303 442 1 1 4 }'));
ENDSEC;
DATA;
#19=CARTESIAN_POINT('',(0.E0,5.E0,0.E0));
#20=DIRECTION('',(0.E0,1.E0,0.E0));
#21=DIRECTION('',(0.E0,0.E0,-1.E0));
#22=AXIS2_PLACEMENT_3D('',#19,#20,#21);
#24=DRAUGHTING_PRE_DEFINED_CURVE_FONT('continuous');
#25=CURVE_STYLE('',#24,POSITIVE_LENGTH_MEASURE(2.E-2),#11);
#26=PRESENTATION_STYLE_ASSIGNMENT((#25));
#27=STYLED_ITEM('',(#26),#23);
#28=CARTESIAN_POINT('',(0.E0,5.E0,0.E0));
#29=DIRECTION('',(0.E0,1.E0,0.E0));
#30=DIRECTION('',(0.E0,0.E0,1.E0));
#31=AXIS2_PLACEMENT_3D('',#28,#29,#30);
#33=CURVE_STYLE('',#24,POSITIVE_LENGTH_MEASURE(2.E-2),#11);
#34=PRESENTATION_STYLE_ASSIGNMENT((#33));
#35=STYLED_ITEM('',(#34),#32);
#36=DIRECTION('',(0.E0,0.E0,-1.E0));
#37=VECTOR('',#36,5.008051680055E1);
#38=CARTESIAN_POINT('',(2.052227161281E1,5.E0,2.504025840028E1));
#39=LINE('2079',#38,#37);
#40=CURVE_STYLE('',#24,POSITIVE_LENGTH_MEASURE(2.E-2),#11);
#41=PRESENTATION_STYLE_ASSIGNMENT((#40));
#42=STYLED_ITEM('',(#41),#39);
#43=CARTESIAN_POINT('',(-2.6E1,5.E0,-1.631241018697E-13));
#44=CARTESIAN_POINT('',(-2.6E1,5.E0,-1.190427738162E0));
#45=CARTESIAN_POINT('',(-2.611610863811E1,5.E0,-2.859960707293E0));
#46=CARTESIAN_POINT('',(-2.646198061142E1,5.E0,-4.894944210310E0));
#47=CARTESIAN_POINT('',(-2.682092706445E1,5.E0,-6.321639364517E0));
#48=CARTESIAN_POINT('',(-2.728969537376E1,5.E0,-7.638512662452E0));
#49=CARTESIAN_POINT('',(-2.779117043678E1,5.E0,-8.625072272138E0));
#50=CARTESIAN_POINT('',(-2.828806039948E1,5.E0,-9.318610047595E0));
#51=CARTESIAN_POINT('',(-2.872322539229E1,5.E0,-9.776265858408E0));
#52=CARTESIAN_POINT('',(-2.925242675158E1,5.E0,-1.013988530274E1));
#53=CARTESIAN_POINT('',(-2.970239306546E1,5.E0,-1.028513285794E1));
#54=CARTESIAN_POINT('',(-3.E1,5.E0,-1.028513285794E1));
#56=CURVE_STYLE('',#24,POSITIVE_LENGTH_MEASURE(2.E-2),#11);
#57=PRESENTATION_STYLE_ASSIGNMENT((#56));
#58=STYLED_ITEM('',(#57),#55);
#59=CARTESIAN_POINT('',(-3.E1,5.E0,-1.028513285794E1));
#60=CARTESIAN_POINT('',(-3.047140452079E1,5.E0,-1.028513285794E1));
#61=CARTESIAN_POINT('',(-3.149024828306E1,5.E0,-9.845996644766E0));
#62=CARTESIAN_POINT('',(-3.267445576183E1,5.E0,-7.882074185400E0));
#63=CARTESIAN_POINT('',(-3.337321134633E1,5.E0,-5.661128705090E0));
#64=CARTESIAN_POINT('',(-3.374590222596E1,5.E0,-3.797397452680E0));
#65=CARTESIAN_POINT('',(-3.392273285043E1,5.E0,-2.186815773017E0));
#66=CARTESIAN_POINT('',(-3.398956484504E1,5.E0,-9.187946259196E-1));
#67=CARTESIAN_POINT('',(-3.400521757748E1,5.E0,2.309263891220E-14));
#68=CARTESIAN_POINT('',(-3.398956484504E1,5.E0,9.187946259196E-1));
#69=CARTESIAN_POINT('',(-3.392273285043E1,5.E0,2.186815773017E0));
#70=CARTESIAN_POINT('',(-3.374590222596E1,5.E0,3.797397452680E0));
#71=CARTESIAN_POINT('',(-3.337321134633E1,5.E0,5.661128705090E0));
#72=CARTESIAN_POINT('',(-3.267445576183E1,5.E0,7.882074185400E0));
#73=CARTESIAN_POINT('',(-3.149024828306E1,5.E0,9.845996644766E0));
#74=CARTESIAN_POINT('',(-3.047140452079E1,5.E0,1.028513285794E1));
#75=CARTESIAN_POINT('',(-3.E1,5.E0,1.028513285794E1));
#77=CURVE_STYLE('',#24,POSITIVE_LENGTH_MEASURE(2.E-2),#11);
#78=PRESENTATION_STYLE_ASSIGNMENT((#77));
#79=STYLED_ITEM('',(#78),#76);
#80=CARTESIAN_POINT('',(-3.E1,5.E0,1.028513285794E1));
#81=CARTESIAN_POINT('',(-2.970239306546E1,5.E0,1.028513285794E1));
#82=CARTESIAN_POINT('',(-2.925242675158E1,5.E0,1.013988530274E1));
#83=CARTESIAN_POINT('',(-2.872322539229E1,5.E0,9.776265858408E0));
#84=CARTESIAN_POINT('',(-2.828806039948E1,5.E0,9.318610047595E0));
#85=CARTESIAN_POINT('',(-2.779117043678E1,5.E0,8.625072272138E0));
#86=CARTESIAN_POINT('',(-2.728969537376E1,5.E0,7.638512662452E0));
#87=CARTESIAN_POINT('',(-2.682092706445E1,5.E0,6.321639364517E0));
#88=CARTESIAN_POINT('',(-2.646198061142E1,5.E0,4.894944210310E0));
#89=CARTESIAN_POINT('',(-2.611610863811E1,5.E0,2.859960707293E0));
#90=CARTESIAN_POINT('',(-2.6E1,5.E0,1.190427738162E0));
#91=CARTESIAN_POINT('',(-2.6E1,5.E0,0.E0));
#93=CURVE_STYLE('',#24,POSITIVE_LENGTH_MEASURE(2.E-2),#11);
#94=PRESENTATION_STYLE_ASSIGNMENT((#93));
#95=STYLED_ITEM('',(#94),#92);
#96=CARTESIAN_POINT('',(2.452227161281E1,5.E0,1.8E1));
#97=DIRECTION('',(0.E0,1.E0,0.E0));
#98=DIRECTION('',(-1.E0,0.E0,0.E0));
#99=AXIS2_PLACEMENT_3D('',#96,#97,#98);
#101=CURVE_STYLE('',#24,POSITIVE_LENGTH_MEASURE(2.E-2),#11);
#102=PRESENTATION_STYLE_ASSIGNMENT((#101));
#103=STYLED_ITEM('',(#102),#100);
#104=CARTESIAN_POINT('',(2.452227161281E1,5.E0,1.8E1));
#105=DIRECTION('',(0.E0,1.E0,0.E0));
#106=DIRECTION('',(1.E0,0.E0,0.E0));
#107=AXIS2_PLACEMENT_3D('',#104,#105,#106);
#109=CURVE_STYLE('',#24,POSITIVE_LENGTH_MEASURE(2.E-2),#11);
#110=PRESENTATION_STYLE_ASSIGNMENT((#109));
#111=STYLED_ITEM('',(#110),#108);
#112=CARTESIAN_POINT('',(2.452227161281E1,5.E0,-1.8E1));
#113=DIRECTION('',(0.E0,1.E0,0.E0));
#114=DIRECTION('',(-1.E0,0.E0,0.E0));
#115=AXIS2_PLACEMENT_3D('',#112,#113,#114);
#117=CURVE_STYLE('',#24,POSITIVE_LENGTH_MEASURE(2.E-2),#11);
#118=PRESENTATION_STYLE_ASSIGNMENT((#117));
#119=STYLED_ITEM('',(#118),#116);
#120=CARTESIAN_POINT('',(2.452227161281E1,5.E0,-1.8E1));
#121=DIRECTION('',(0.E0,1.E0,0.E0));
#122=DIRECTION('',(1.E0,0.E0,0.E0));
#123=AXIS2_PLACEMENT_3D('',#120,#121,#122);
#125=CURVE_STYLE('',#24,POSITIVE_LENGTH_MEASURE(2.E-2),#11);
#126=PRESENTATION_STYLE_ASSIGNMENT((#125));
#127=STYLED_ITEM('',(#126),#124);
#128=DIRECTION('',(0.E0,-1.E0,0.E0));
#129=VECTOR('',#128,1.E1);
#130=CARTESIAN_POINT('',(0.E0,1.5E1,-4.29E1));
#131=LINE('2136',#130,#129);
#132=CURVE_STYLE('',#24,POSITIVE_LENGTH_MEASURE(2.E-2),#11);
#133=PRESENTATION_STYLE_ASSIGNMENT((#132));
#134=STYLED_ITEM('',(#133),#131);
#135=CARTESIAN_POINT('',(0.E0,1.5E1,0.E0));
#136=DIRECTION('',(0.E0,1.E0,0.E0));
#137=DIRECTION('',(0.E0,0.E0,1.E0));
#138=AXIS2_PLACEMENT_3D('',#135,#136,#137);
#140=CURVE_STYLE('',#24,POSITIVE_LENGTH_MEASURE(2.E-2),#11);
#141=PRESENTATION_STYLE_ASSIGNMENT((#140));
#142=STYLED_ITEM('',(#141),#139);
#143=CARTESIAN_POINT('',(0.E0,1.5E1,0.E0));
#144=DIRECTION('',(0.E0,1.E0,0.E0));
#145=DIRECTION('',(0.E0,0.E0,-1.E0));
#146=AXIS2_PLACEMENT_3D('',#143,#144,#145);
#148=CURVE_STYLE('',#24,POSITIVE_LENGTH_MEASURE(2.E-2),#11);
#149=PRESENTATION_STYLE_ASSIGNMENT((#148));
#150=STYLED_ITEM('',(#149),#147);
#151=CARTESIAN_POINT('',(0.E0,1.5E1,0.E0));
#152=DIRECTION('',(0.E0,1.E0,0.E0));
#153=DIRECTION('',(0.E0,0.E0,-1.E0));
#154=AXIS2_PLACEMENT_3D('',#151,#152,#153);
#156=CURVE_STYLE('',#24,POSITIVE_LENGTH_MEASURE(2.E-2),#11);
#157=PRESENTATION_STYLE_ASSIGNMENT((#156));
#158=STYLED_ITEM('',(#157),#155);
#159=CARTESIAN_POINT('',(0.E0,1.5E1,0.E0));
#160=DIRECTION('',(0.E0,1.E0,0.E0));
#161=DIRECTION('',(0.E0,0.E0,1.E0));
#162=AXIS2_PLACEMENT_3D('',#159,#160,#161);
#164=CURVE_STYLE('',#24,POSITIVE_LENGTH_MEASURE(2.E-2),#11);
#165=PRESENTATION_STYLE_ASSIGNMENT((#164));
#166=STYLED_ITEM('',(#165),#163);
#167=DIRECTION('',(0.E0,-1.E0,0.E0));
#168=VECTOR('',#167,2.E1);
#169=CARTESIAN_POINT('',(-1.515964649422E-14,1.5E1,-4.5E1));
#170=LINE('2275',#169,#168);
#171=CURVE_STYLE('',#24,POSITIVE_LENGTH_MEASURE(2.E-2),#11);
#172=PRESENTATION_STYLE_ASSIGNMENT((#171));
#173=STYLED_ITEM('',(#172),#170);
#174=DIRECTION('',(0.E0,1.E0,0.E0));
#175=VECTOR('',#174,2.E1);
#176=CARTESIAN_POINT('',(0.E0,-5.E0,4.5E1));
#177=LINE('2276',#176,#175);
#178=CURVE_STYLE('',#24,POSITIVE_LENGTH_MEASURE(2.E-2),#11);
#179=PRESENTATION_STYLE_ASSIGNMENT((#178));
#180=STYLED_ITEM('',(#179),#177);
#181=CARTESIAN_POINT('',(0.E0,-5.E0,0.E0));
#182=DIRECTION('',(0.E0,-1.E0,0.E0));
#183=DIRECTION('',(0.E0,0.E0,-1.E0));
#184=AXIS2_PLACEMENT_3D('',#181,#182,#183);
#186=CURVE_STYLE('',#24,POSITIVE_LENGTH_MEASURE(2.E-2),#11);
#187=PRESENTATION_STYLE_ASSIGNMENT((#186));
#188=STYLED_ITEM('',(#187),#185);
#189=CARTESIAN_POINT('',(0.E0,-5.E0,0.E0));
#190=DIRECTION('',(0.E0,-1.E0,0.E0));
#191=DIRECTION('',(0.E0,0.E0,1.E0));
#192=AXIS2_PLACEMENT_3D('',#189,#190,#191);
#194=CURVE_STYLE('',#24,POSITIVE_LENGTH_MEASURE(2.E-2),#11);
#195=PRESENTATION_STYLE_ASSIGNMENT((#194));
#196=STYLED_ITEM('',(#195),#193);
#197=CARTESIAN_POINT('',(2.452227161281E1,-5.E0,1.8E1));
#198=DIRECTION('',(0.E0,1.E0,0.E0));
#199=DIRECTION('',(-1.E0,0.E0,0.E0));
#200=AXIS2_PLACEMENT_3D('',#197,#198,#199);
#202=CURVE_STYLE('',#24,POSITIVE_LENGTH_MEASURE(2.E-2),#11);
#203=PRESENTATION_STYLE_ASSIGNMENT((#202));
#204=STYLED_ITEM('',(#203),#201);
#205=CARTESIAN_POINT('',(2.452227161281E1,-5.E0,1.8E1));
#206=DIRECTION('',(0.E0,1.E0,0.E0));
#207=DIRECTION('',(1.E0,0.E0,0.E0));
#208=AXIS2_PLACEMENT_3D('',#205,#206,#207);
#210=CURVE_STYLE('',#24,POSITIVE_LENGTH_MEASURE(2.E-2),#11);
#211=PRESENTATION_STYLE_ASSIGNMENT((#210));
#212=STYLED_ITEM('',(#211),#209);
#213=CARTESIAN_POINT('',(2.452227161281E1,-5.E0,-1.8E1));
#214=DIRECTION('',(0.E0,1.E0,0.E0));
#215=DIRECTION('',(-1.E0,0.E0,0.E0));
#216=AXIS2_PLACEMENT_3D('',#213,#214,#215);
#218=CURVE_STYLE('',#24,POSITIVE_LENGTH_MEASURE(2.E-2),#11);
#219=PRESENTATION_STYLE_ASSIGNMENT((#218));
#220=STYLED_ITEM('',(#219),#217);
#221=CARTESIAN_POINT('',(2.452227161281E1,-5.E0,-1.8E1));
#222=DIRECTION('',(0.E0,1.E0,0.E0));
#223=DIRECTION('',(1.E0,0.E0,0.E0));
#224=AXIS2_PLACEMENT_3D('',#221,#222,#223);
#226=CURVE_STYLE('',#24,POSITIVE_LENGTH_MEASURE(2.E-2),#11);
#227=PRESENTATION_STYLE_ASSIGNMENT((#226));
#228=STYLED_ITEM('',(#227),#225);
#229=CARTESIAN_POINT('',(4.E0,-5.E0,0.E0));
#230=DIRECTION('',(0.E0,-1.E0,0.E0));
#231=DIRECTION('',(4.720649032230E-1,0.E0,8.815637964124E-1));
#232=AXIS2_PLACEMENT_3D('',#229,#230,#231);
#234=CURVE_STYLE('',#24,POSITIVE_LENGTH_MEASURE(2.E-2),#11);
#235=PRESENTATION_STYLE_ASSIGNMENT((#234));
#236=STYLED_ITEM('',(#235),#233);
#237=CARTESIAN_POINT('',(3.865794601552E1,-5.E0,5.163620824820E-14));
#238=DIRECTION('',(0.E0,-1.E0,0.E0));
#239=DIRECTION('',(-9.347390169145E-1,0.E0,3.553350113031E-1));
#240=AXIS2_PLACEMENT_3D('',#237,#238,#239);
#242=CURVE_STYLE('',#24,POSITIVE_LENGTH_MEASURE(2.E-2),#11);
#243=PRESENTATION_STYLE_ASSIGNMENT((#242));
#244=STYLED_ITEM('',(#243),#241);
#245=CARTESIAN_POINT('',(-3.E1,-5.E0,4.826407996322E-14));
#246=DIRECTION('',(0.E0,1.E0,0.E0));
#247=DIRECTION('',(-1.E0,0.E0,0.E0));
#248=AXIS2_PLACEMENT_3D('',#245,#246,#247);
#250=CURVE_STYLE('',#24,POSITIVE_LENGTH_MEASURE(2.E-2),#11);
#251=PRESENTATION_STYLE_ASSIGNMENT((#250));
#252=STYLED_ITEM('',(#251),#249);
#253=CARTESIAN_POINT('',(-3.E1,-5.E0,4.826407996322E-14));
#254=DIRECTION('',(0.E0,1.E0,0.E0));
#255=DIRECTION('',(1.E0,0.E0,0.E0));
#256=AXIS2_PLACEMENT_3D('',#253,#254,#255);
#258=CURVE_STYLE('',#24,POSITIVE_LENGTH_MEASURE(2.E-2),#11);
#259=PRESENTATION_STYLE_ASSIGNMENT((#258));
#260=STYLED_ITEM('',(#259),#257);
#261=CARTESIAN_POINT('',(3.865794601552E1,-5.E0,5.163620824820E-14));
#262=DIRECTION('',(0.E0,-1.E0,0.E0));
#263=DIRECTION('',(-1.E0,0.E0,0.E0));
#264=AXIS2_PLACEMENT_3D('',#261,#262,#263);
#266=CURVE_STYLE('',#24,POSITIVE_LENGTH_MEASURE(2.E-2),#11);
#267=PRESENTATION_STYLE_ASSIGNMENT((#266));
#268=STYLED_ITEM('',(#267),#265);
#269=CARTESIAN_POINT('',(4.E0,-5.E0,0.E0));
#270=DIRECTION('',(0.E0,-1.E0,0.E0));
#271=DIRECTION('',(-7.499350967770E-1,0.E0,-6.615114138261E-1));
#272=AXIS2_PLACEMENT_3D('',#269,#270,#271);
#274=CURVE_STYLE('',#24,POSITIVE_LENGTH_MEASURE(2.E-2),#11);
#275=PRESENTATION_STYLE_ASSIGNMENT((#274));
#276=STYLED_ITEM('',(#275),#273);
#277=DIRECTION('',(0.E0,1.E0,0.E0));
#278=VECTOR('',#277,1.E1);
#279=CARTESIAN_POINT('',(2.292227161281E1,-5.E0,1.8E1));
#280=LINE('1204',#279,#278);
#281=CURVE_STYLE('',#24,POSITIVE_LENGTH_MEASURE(2.E-2),#11);
#282=PRESENTATION_STYLE_ASSIGNMENT((#281));
#283=STYLED_ITEM('',(#282),#280);
#284=DIRECTION('',(0.E0,1.E0,0.E0));
#285=VECTOR('',#284,1.E1);
#286=CARTESIAN_POINT('',(2.612227161281E1,-5.E0,1.8E1));
#287=LINE('1205',#286,#285);
#288=CURVE_STYLE('',#24,POSITIVE_LENGTH_MEASURE(2.E-2),#11);
#289=PRESENTATION_STYLE_ASSIGNMENT((#288));
#290=STYLED_ITEM('',(#289),#287);
#291=DIRECTION('',(0.E0,1.E0,0.E0));
#292=VECTOR('',#291,1.E1);
#293=CARTESIAN_POINT('',(2.292227161281E1,-5.E0,-1.8E1));
#294=LINE('1228',#293,#292);
#295=CURVE_STYLE('',#24,POSITIVE_LENGTH_MEASURE(2.E-2),#11);
#296=PRESENTATION_STYLE_ASSIGNMENT((#295));
#297=STYLED_ITEM('',(#296),#294);
#298=DIRECTION('',(0.E0,1.E0,0.E0));
#299=VECTOR('',#298,1.E1);
#300=CARTESIAN_POINT('',(2.612227161281E1,-5.E0,-1.8E1));
#301=LINE('1229',#300,#299);
#302=CURVE_STYLE('',#24,POSITIVE_LENGTH_MEASURE(2.E-2),#11);
#303=PRESENTATION_STYLE_ASSIGNMENT((#302));
#304=STYLED_ITEM('',(#303),#301);
#305=DIRECTION('',(0.E0,0.E0,-1.E0));
#306=VECTOR('',#305,6.170946574887E1);
#307=CARTESIAN_POINT('',(2.052227161281E1,-5.E0,3.085473287443E1));
#308=LINE('2357',#307,#306);
#309=CURVE_STYLE('',#24,POSITIVE_LENGTH_MEASURE(2.E-2),#11);
#310=PRESENTATION_STYLE_ASSIGNMENT((#309));
#311=STYLED_ITEM('',(#310),#308);
#312=DIRECTION('',(0.E0,1.E0,0.E0));
#313=VECTOR('',#312,3.E0);
#314=CARTESIAN_POINT('',(2.052227161281E1,-5.E0,-3.085473287443E1));
#315=LINE('2352',#314,#313);
#316=CURVE_STYLE('',#24,POSITIVE_LENGTH_MEASURE(2.E-2),#11);
#317=PRESENTATION_STYLE_ASSIGNMENT((#316));
#318=STYLED_ITEM('',(#317),#315);
#319=DIRECTION('',(0.E0,1.E0,0.E0));
#320=VECTOR('',#319,3.E0);
#321=CARTESIAN_POINT('',(-2.224772838719E1,-5.E0,-2.315289948391E1));
#322=LINE('2355',#321,#320);
#323=CURVE_STYLE('',#24,POSITIVE_LENGTH_MEASURE(2.E-2),#11);
#324=PRESENTATION_STYLE_ASSIGNMENT((#323));
#325=STYLED_ITEM('',(#324),#322);
#326=DIRECTION('',(0.E0,1.E0,0.E0));
#327=VECTOR('',#326,3.E0);
#328=CARTESIAN_POINT('',(-2.224772838719E1,-5.E0,2.315289948391E1));
#329=LINE('2354',#328,#327);
#330=CURVE_STYLE('',#24,POSITIVE_LENGTH_MEASURE(2.E-2),#11);
#331=PRESENTATION_STYLE_ASSIGNMENT((#330));
#332=STYLED_ITEM('',(#331),#329);
#333=DIRECTION('',(0.E0,1.E0,0.E0));
#334=VECTOR('',#333,3.E0);
#335=CARTESIAN_POINT('',(2.052227161281E1,-5.E0,3.085473287443E1));
#336=LINE('2353',#335,#334);
#337=CURVE_STYLE('',#24,POSITIVE_LENGTH_MEASURE(2.E-2),#11);
#338=PRESENTATION_STYLE_ASSIGNMENT((#337));
#339=STYLED_ITEM('',(#338),#336);
#340=DIRECTION('',(0.E0,0.E0,1.E0));
#341=VECTOR('',#340,5.814474474156E0);
#342=CARTESIAN_POINT('',(2.052227161281E1,-2.E0,-3.085473287443E1));
#343=LINE('2350',#342,#341);
#344=CURVE_STYLE('',#24,POSITIVE_LENGTH_MEASURE(2.E-2),#11);
#345=PRESENTATION_STYLE_ASSIGNMENT((#344));
#346=STYLED_ITEM('',(#345),#343);
#347=CARTESIAN_POINT('',(4.E0,-2.E0,0.E0));
#348=DIRECTION('',(0.E0,1.E0,0.E0));
#349=DIRECTION('',(4.720649032230E-1,0.E0,-8.815637964124E-1));
#350=AXIS2_PLACEMENT_3D('',#347,#348,#349);
#352=CURVE_STYLE('',#24,POSITIVE_LENGTH_MEASURE(2.E-2),#11);
#353=PRESENTATION_STYLE_ASSIGNMENT((#352));
#354=STYLED_ITEM('',(#353),#351);
#355=CARTESIAN_POINT('',(3.865794601552E1,-2.E0,5.163620824820E-14));
#356=DIRECTION('',(0.E0,1.E0,0.E0));
#357=DIRECTION('',(-9.347390169145E-1,0.E0,-3.553350113031E-1));
#358=AXIS2_PLACEMENT_3D('',#355,#356,#357);
#360=CURVE_STYLE('',#24,POSITIVE_LENGTH_MEASURE(2.E-2),#11);
#361=PRESENTATION_STYLE_ASSIGNMENT((#360));
#362=STYLED_ITEM('',(#361),#359);
#363=CARTESIAN_POINT('',(4.E0,-2.E0,0.E0));
#364=DIRECTION('',(0.E0,1.E0,0.E0));
#365=DIRECTION('',(-7.499350967770E-1,0.E0,6.615114138261E-1));
#366=AXIS2_PLACEMENT_3D('',#363,#364,#365);
#368=CURVE_STYLE('',#24,POSITIVE_LENGTH_MEASURE(2.E-2),#11);
#369=PRESENTATION_STYLE_ASSIGNMENT((#368));
#370=STYLED_ITEM('',(#369),#367);
#371=DIRECTION('',(0.E0,0.E0,1.E0));
#372=VECTOR('',#371,5.814474474156E0);
#373=CARTESIAN_POINT('',(2.052227161281E1,-2.E0,2.504025840028E1));
#374=LINE('2351',#373,#372);
#375=CURVE_STYLE('',#24,POSITIVE_LENGTH_MEASURE(2.E-2),#11);
#376=PRESENTATION_STYLE_ASSIGNMENT((#375));
#377=STYLED_ITEM('',(#376),#374);
#378=CARTESIAN_POINT('',(4.E0,-2.E0,0.E0));
#379=DIRECTION('',(0.E0,-1.E0,0.E0));
#380=DIRECTION('',(5.507423870936E-1,0.E0,8.346752800092E-1));
#381=AXIS2_PLACEMENT_3D('',#378,#379,#380);
#383=CURVE_STYLE('',#24,POSITIVE_LENGTH_MEASURE(2.E-2),#11);
#384=PRESENTATION_STYLE_ASSIGNMENT((#383));
#385=STYLED_ITEM('',(#384),#382);
#386=DIRECTION('',(0.E0,1.E0,0.E0));
#387=VECTOR('',#386,7.E0);
#388=CARTESIAN_POINT('',(2.052227161281E1,-2.E0,2.504025840028E1));
#389=LINE('2349',#388,#387);
#390=CURVE_STYLE('',#24,POSITIVE_LENGTH_MEASURE(2.E-2),#11);
#391=PRESENTATION_STYLE_ASSIGNMENT((#390));
#392=STYLED_ITEM('',(#391),#389);
#393=CARTESIAN_POINT('',(4.E0,5.E0,0.E0));
#394=DIRECTION('',(0.E0,-1.E0,0.E0));
#395=DIRECTION('',(5.507423870936E-1,0.E0,8.346752800092E-1));
#396=AXIS2_PLACEMENT_3D('',#393,#394,#395);
#398=CURVE_STYLE('',#24,POSITIVE_LENGTH_MEASURE(2.E-2),#11);
#399=PRESENTATION_STYLE_ASSIGNMENT((#398));
#400=STYLED_ITEM('',(#399),#397);
#401=CARTESIAN_POINT('',(4.E0,5.E0,0.E0));
#402=DIRECTION('',(0.E0,-1.E0,0.E0));
#403=DIRECTION('',(-1.E0,0.E0,0.E0));
#404=AXIS2_PLACEMENT_3D('',#401,#402,#403);
#406=CURVE_STYLE('',#24,POSITIVE_LENGTH_MEASURE(2.E-2),#11);
#407=PRESENTATION_STYLE_ASSIGNMENT((#406));
#408=STYLED_ITEM('',(#407),#405);
#409=DIRECTION('',(0.E0,-1.E0,0.E0));
#410=VECTOR('',#409,7.E0);
#411=CARTESIAN_POINT('',(2.052227161281E1,5.E0,-2.504025840028E1));
#412=LINE('2348',#411,#410);
#413=CURVE_STYLE('',#24,POSITIVE_LENGTH_MEASURE(2.E-2),#11);
#414=PRESENTATION_STYLE_ASSIGNMENT((#413));
#415=STYLED_ITEM('',(#414),#412);
#416=DIRECTION('',(0.E0,1.E0,0.E0));
#417=VECTOR('',#416,4.2E1);
#418=CARTESIAN_POINT('',(-3.35E1,-5.E0,4.869270634292E-14));
#419=LINE('2268',#418,#417);
#420=CURVE_STYLE('',#24,POSITIVE_LENGTH_MEASURE(2.E-2),#11);
#421=PRESENTATION_STYLE_ASSIGNMENT((#420));
#422=STYLED_ITEM('',(#421),#419);
#423=DIRECTION('',(0.E0,-1.E0,0.E0));
#424=VECTOR('',#423,4.2E1);
#425=CARTESIAN_POINT('',(-2.65E1,3.7E1,4.783545358351E-14));
#426=LINE('2269',#425,#424);
#427=CURVE_STYLE('',#24,POSITIVE_LENGTH_MEASURE(2.E-2),#11);
#428=PRESENTATION_STYLE_ASSIGNMENT((#427));
#429=STYLED_ITEM('',(#428),#426);
#430=CARTESIAN_POINT('',(-3.E1,3.7E1,4.826407996322E-14));
#431=DIRECTION('',(0.E0,-1.E0,0.E0));
#432=DIRECTION('',(1.E0,0.E0,0.E0));
#433=AXIS2_PLACEMENT_3D('',#430,#431,#432);
#435=CURVE_STYLE('',#24,POSITIVE_LENGTH_MEASURE(2.E-2),#11);
#436=PRESENTATION_STYLE_ASSIGNMENT((#435));
#437=STYLED_ITEM('',(#436),#434);
#438=CARTESIAN_POINT('',(-3.E1,3.7E1,4.826407996322E-14));
#439=DIRECTION('',(0.E0,-1.E0,0.E0));
#440=DIRECTION('',(-1.E0,0.E0,0.E0));
#441=AXIS2_PLACEMENT_3D('',#438,#439,#440);
#443=CURVE_STYLE('',#24,POSITIVE_LENGTH_MEASURE(2.E-2),#11);
#444=PRESENTATION_STYLE_ASSIGNMENT((#443));
#445=STYLED_ITEM('',(#444),#442);
#446=CARTESIAN_POINT('',(-3.E1,3.7E1,4.826407996322E-14));
#447=DIRECTION('',(0.E0,1.E0,0.E0));
#448=DIRECTION('',(-1.E0,0.E0,0.E0));
#449=AXIS2_PLACEMENT_3D('',#446,#447,#448);
#451=CURVE_STYLE('',#24,POSITIVE_LENGTH_MEASURE(2.E-2),#11);
#452=PRESENTATION_STYLE_ASSIGNMENT((#451));
#453=STYLED_ITEM('',(#452),#450);
#454=CARTESIAN_POINT('',(-3.E1,3.7E1,4.826407996322E-14));
#455=DIRECTION('',(0.E0,1.E0,0.E0));
#456=DIRECTION('',(1.E0,0.E0,0.E0));
#457=AXIS2_PLACEMENT_3D('',#454,#455,#456);
#459=CURVE_STYLE('',#24,POSITIVE_LENGTH_MEASURE(2.E-2),#11);
#460=PRESENTATION_STYLE_ASSIGNMENT((#459));
#461=STYLED_ITEM('',(#460),#458);
#462=DIRECTION('',(0.E0,1.E0,0.E0));
#463=VECTOR('',#462,5.E0);
#464=CARTESIAN_POINT('',(-3.315E1,3.7E1,4.772147783959E-14));
#465=LINE('1128',#464,#463);
#466=CURVE_STYLE('',#24,POSITIVE_LENGTH_MEASURE(2.E-2),#11);
#467=PRESENTATION_STYLE_ASSIGNMENT((#466));
#468=STYLED_ITEM('',(#467),#465);
#469=DIRECTION('',(0.E0,-1.E0,0.E0));
#470=VECTOR('',#469,5.E0);
#471=CARTESIAN_POINT('',(-2.685E1,4.2E1,4.826407996322E-14));
#472=LINE('1129',#471,#470);
#473=CURVE_STYLE('',#24,POSITIVE_LENGTH_MEASURE(2.E-2),#11);
#474=PRESENTATION_STYLE_ASSIGNMENT((#473));
#475=STYLED_ITEM('',(#474),#472);
#476=CARTESIAN_POINT('',(-3.E1,4.2E1,1.028513285794E1));
#477=CARTESIAN_POINT('',(-2.952859547921E1,4.2E1,1.028513285794E1));
#478=CARTESIAN_POINT('',(-2.850975171694E1,4.2E1,9.845996644766E0));
#479=CARTESIAN_POINT('',(-2.732554423817E1,4.2E1,7.882074185400E0));
#480=CARTESIAN_POINT('',(-2.662678865367E1,4.2E1,5.661128705090E0));
#481=CARTESIAN_POINT('',(-2.625409777404E1,4.2E1,3.797397452680E0));
#482=CARTESIAN_POINT('',(-2.607726714957E1,4.2E1,2.186815773017E0));
#483=CARTESIAN_POINT('',(-2.601043515496E1,4.2E1,9.187946259197E-1));
#484=CARTESIAN_POINT('',(-2.599478242252E1,4.2E1,6.777911565337E-14));
#485=CARTESIAN_POINT('',(-2.601043515496E1,4.2E1,-9.187946259195E-1));
#486=CARTESIAN_POINT('',(-2.607726714957E1,4.2E1,-2.186815773017E0));
#487=CARTESIAN_POINT('',(-2.625409777404E1,4.2E1,-3.797397452680E0));
#488=CARTESIAN_POINT('',(-2.662678865367E1,4.2E1,-5.661128705090E0));
#489=CARTESIAN_POINT('',(-2.732554423817E1,4.2E1,-7.882074185400E0));
#490=CARTESIAN_POINT('',(-2.850975171694E1,4.2E1,-9.845996644766E0));
#491=CARTESIAN_POINT('',(-2.952859547921E1,4.2E1,-1.028513285794E1));
#492=CARTESIAN_POINT('',(-3.E1,4.2E1,-1.028513285794E1));
#494=CURVE_STYLE('',#24,POSITIVE_LENGTH_MEASURE(2.E-2),#11);
#495=PRESENTATION_STYLE_ASSIGNMENT((#494));
#496=STYLED_ITEM('',(#495),#493);
#497=CARTESIAN_POINT('',(-3.E1,4.2E1,-1.028513285794E1));
#498=CARTESIAN_POINT('',(-3.047140452079E1,4.2E1,-1.028513285794E1));
#499=CARTESIAN_POINT('',(-3.149024828306E1,4.2E1,-9.845996644766E0));
#500=CARTESIAN_POINT('',(-3.267445576183E1,4.2E1,-7.882074185400E0));
#501=CARTESIAN_POINT('',(-3.337321134633E1,4.2E1,-5.661128705090E0));
#502=CARTESIAN_POINT('',(-3.374590222596E1,4.2E1,-3.797397452680E0));
#503=CARTESIAN_POINT('',(-3.392273285043E1,4.2E1,-2.186815773017E0));
#504=CARTESIAN_POINT('',(-3.398956484504E1,4.2E1,-9.187946259196E-1));
#505=CARTESIAN_POINT('',(-3.400521757748E1,4.2E1,3.255729019713E-14));
#506=CARTESIAN_POINT('',(-3.398956484504E1,4.2E1,9.187946259196E-1));
#507=CARTESIAN_POINT('',(-3.392273285043E1,4.2E1,2.186815773017E0));
#508=CARTESIAN_POINT('',(-3.374590222596E1,4.2E1,3.797397452680E0));
#509=CARTESIAN_POINT('',(-3.337321134633E1,4.2E1,5.661128705090E0));
#510=CARTESIAN_POINT('',(-3.267445576183E1,4.2E1,7.882074185400E0));
#511=CARTESIAN_POINT('',(-3.149024828306E1,4.2E1,9.845996644766E0));
#512=CARTESIAN_POINT('',(-3.047140452079E1,4.2E1,1.028513285794E1));
#513=CARTESIAN_POINT('',(-3.E1,4.2E1,1.028513285794E1));
#515=CURVE_STYLE('',#24,POSITIVE_LENGTH_MEASURE(2.E-2),#11);
#516=PRESENTATION_STYLE_ASSIGNMENT((#515));
#517=STYLED_ITEM('',(#516),#514);
#518=CARTESIAN_POINT('',(-3.E1,4.2E1,4.826407996322E-14));
#519=DIRECTION('',(0.E0,-1.E0,0.E0));
#520=DIRECTION('',(1.E0,0.E0,0.E0));
#521=AXIS2_PLACEMENT_3D('',#518,#519,#520);
#523=CURVE_STYLE('',#24,POSITIVE_LENGTH_MEASURE(2.E-2),#11);
#524=PRESENTATION_STYLE_ASSIGNMENT((#523));
#525=STYLED_ITEM('',(#524),#522);
#526=CARTESIAN_POINT('',(-3.E1,4.2E1,4.826407996322E-14));
#527=DIRECTION('',(0.E0,-1.E0,0.E0));
#528=DIRECTION('',(-1.E0,0.E0,0.E0));
#529=AXIS2_PLACEMENT_3D('',#526,#527,#528);
#531=CURVE_STYLE('',#24,POSITIVE_LENGTH_MEASURE(2.E-2),#11);
#532=PRESENTATION_STYLE_ASSIGNMENT((#531));
#533=STYLED_ITEM('',(#532),#530);
#534=DIRECTION('',(0.E0,1.E0,0.E0));
#535=VECTOR('',#534,3.7E1);
#536=CARTESIAN_POINT('',(-3.E1,5.E0,1.028513285794E1));
#537=LINE('1012',#536,#535);
#538=CURVE_STYLE('',#24,POSITIVE_LENGTH_MEASURE(2.E-2),#11);
#539=PRESENTATION_STYLE_ASSIGNMENT((#538));
#540=STYLED_ITEM('',(#539),#537);
#541=DIRECTION('',(0.E0,1.E0,0.E0));
#542=VECTOR('',#541,3.7E1);
#543=CARTESIAN_POINT('',(-3.E1,5.E0,-1.028513285794E1));
#544=LINE('1013',#543,#542);
#545=CURVE_STYLE('',#24,POSITIVE_LENGTH_MEASURE(2.E-2),#11);
#546=PRESENTATION_STYLE_ASSIGNMENT((#545));
#547=STYLED_ITEM('',(#546),#544);
#548=DIRECTION('',(0.E0,-1.E0,0.E0));
#549=VECTOR('',#548,1.E1);
#550=CARTESIAN_POINT('',(0.E0,1.5E1,4.29E1));
#551=LINE('2137',#550,#549);
#552=CURVE_STYLE('',#24,POSITIVE_LENGTH_MEASURE(2.E-2),#11);
#553=PRESENTATION_STYLE_ASSIGNMENT((#552));
#554=STYLED_ITEM('',(#553),#551);
#555=CARTESIAN_POINT('',(0.E0,1.5E1,4.5E1));
#556=CARTESIAN_POINT('',(-2.893768266133E-14,1.5E1,-4.5E1));
#557=VERTEX_POINT('',#555);
#558=VERTEX_POINT('',#556);
#559=VERTEX_POINT('',#476);
#560=VERTEX_POINT('',#492);
#561=VERTEX_POINT('',#80);
#562=VERTEX_POINT('',#91);
#563=VERTEX_POINT('',#54);
#564=CARTESIAN_POINT('',(-2.685E1,4.2E1,4.787831622148E-14));
#565=CARTESIAN_POINT('',(-3.315E1,4.2E1,4.903560744668E-14));
#566=VERTEX_POINT('',#564);
#567=VERTEX_POINT('',#565);
#568=CARTESIAN_POINT('',(-2.65E1,3.7E1,4.783545358351E-14));
#569=CARTESIAN_POINT('',(-3.35E1,3.7E1,4.912133272262E-14));
#570=VERTEX_POINT('',#568);
#571=VERTEX_POINT('',#569);
#572=CARTESIAN_POINT('',(-3.315E1,3.7E1,4.772147783959E-14));
#573=CARTESIAN_POINT('',(-2.685E1,3.7E1,4.919244582857E-14));
#574=VERTEX_POINT('',#572);
#575=VERTEX_POINT('',#573);
#576=CARTESIAN_POINT('',(2.292227161281E1,5.E0,1.8E1));
#577=CARTESIAN_POINT('',(2.612227161281E1,5.E0,1.8E1));
#578=VERTEX_POINT('',#576);
#579=VERTEX_POINT('',#577);
#580=CARTESIAN_POINT('',(2.292227161281E1,-5.E0,1.8E1));
#581=VERTEX_POINT('',#580);
#582=CARTESIAN_POINT('',(2.612227161281E1,-5.E0,1.8E1));
#583=VERTEX_POINT('',#582);
#584=CARTESIAN_POINT('',(2.292227161281E1,-5.E0,-1.8E1));
#585=CARTESIAN_POINT('',(2.292227161281E1,5.E0,-1.8E1));
#586=VERTEX_POINT('',#584);
#587=VERTEX_POINT('',#585);
#588=CARTESIAN_POINT('',(2.612227161281E1,-5.E0,-1.8E1));
#589=CARTESIAN_POINT('',(2.612227161281E1,5.E0,-1.8E1));
#590=VERTEX_POINT('',#588);
#591=VERTEX_POINT('',#589);
#592=CARTESIAN_POINT('',(0.E0,-5.E0,-4.5E1));
#593=CARTESIAN_POINT('',(1.377727649041E-14,-5.E0,4.5E1));
#594=VERTEX_POINT('',#592);
#595=VERTEX_POINT('',#593);
#596=CARTESIAN_POINT('',(2.052227161281E1,5.E0,2.504025840028E1));
#597=CARTESIAN_POINT('',(2.052227161281E1,5.E0,-2.504025840028E1));
#598=VERTEX_POINT('',#596);
#599=VERTEX_POINT('',#597);
#600=CARTESIAN_POINT('',(0.E0,5.E0,-4.29E1));
#601=CARTESIAN_POINT('',(0.E0,5.E0,4.29E1));
#602=VERTEX_POINT('',#600);
#603=VERTEX_POINT('',#601);
#604=CARTESIAN_POINT('',(0.E0,1.5E1,-4.29E1));
#605=CARTESIAN_POINT('',(-1.050746953668E-14,1.5E1,4.29E1));
#606=VERTEX_POINT('',#604);
#607=VERTEX_POINT('',#605);
#608=CARTESIAN_POINT('',(-3.35E1,-5.E0,4.869270634292E-14));
#609=VERTEX_POINT('',#608);
#610=CARTESIAN_POINT('',(-2.65E1,-5.E0,4.936787343799E-14));
#611=VERTEX_POINT('',#610);
#612=CARTESIAN_POINT('',(-2.224772838719E1,-2.E0,2.315289948391E1));
#613=CARTESIAN_POINT('',(2.052227161281E1,-2.E0,3.085473287443E1));
#614=VERTEX_POINT('',#612);
#615=VERTEX_POINT('',#613);
#616=CARTESIAN_POINT('',(-2.224772838719E1,-2.E0,-2.315289948391E1));
#617=VERTEX_POINT('',#616);
#618=CARTESIAN_POINT('',(2.052227161281E1,-2.E0,-3.085473287443E1));
#619=VERTEX_POINT('',#618);
#620=CARTESIAN_POINT('',(2.052227161281E1,-2.E0,2.504025840028E1));
#621=CARTESIAN_POINT('',(2.052227161281E1,-2.E0,-2.504025840028E1));
#622=VERTEX_POINT('',#620);
#623=VERTEX_POINT('',#621);
#624=CARTESIAN_POINT('',(2.052227161281E1,-5.E0,3.085473287443E1));
#625=CARTESIAN_POINT('',(-2.224772838719E1,-5.E0,2.315289948391E1));
#626=VERTEX_POINT('',#624);
#627=VERTEX_POINT('',#625);
#628=CARTESIAN_POINT('',(-2.224772838719E1,-5.E0,-2.315289948391E1));
#629=VERTEX_POINT('',#628);
#630=CARTESIAN_POINT('',(2.052227161281E1,-5.E0,-3.085473287443E1));
#631=VERTEX_POINT('',#630);
#632=CARTESIAN_POINT('',(-4.E1,5.E0,4.E1));
#633=DIRECTION('',(0.E0,1.E0,0.E0));
#634=DIRECTION('',(0.E0,0.E0,1.E0));
#635=AXIS2_PLACEMENT_3D('',#632,#633,#634);
#636=PLANE('753',#635);
#638=ORIENTED_EDGE('2117',*,*,#637,.F.);
#640=ORIENTED_EDGE('2118',*,*,#639,.F.);
#641=EDGE_LOOP('753',(#638,#640));
#642=FACE_OUTER_BOUND('753',#641,.F.);
#644=ORIENTED_EDGE('2246',*,*,#643,.F.);
#646=ORIENTED_EDGE('2079',*,*,#645,.T.);
#648=ORIENTED_EDGE('2240',*,*,#647,.F.);
#650=ORIENTED_EDGE('1001',*,*,#649,.T.);
#652=ORIENTED_EDGE('1002',*,*,#651,.T.);
#654=ORIENTED_EDGE('1000',*,*,#653,.T.);
#655=EDGE_LOOP('753',(#644,#646,#648,#650,#652,#654));
#656=FACE_BOUND('753',#655,.F.);
#658=ORIENTED_EDGE('1200',*,*,#657,.T.);
#660=ORIENTED_EDGE('1201',*,*,#659,.T.);
#661=EDGE_LOOP('753',(#658,#660));
#662=FACE_BOUND('753',#661,.F.);
#664=ORIENTED_EDGE('1234',*,*,#663,.T.);
#666=ORIENTED_EDGE('1235',*,*,#665,.T.);
#667=EDGE_LOOP('753',(#664,#666));
#668=FACE_BOUND('753',#667,.F.);
#670=CARTESIAN_POINT('',(0.E0,1.5E1,0.E0));
#671=DIRECTION('',(0.E0,1.E0,0.E0));
#672=DIRECTION('',(0.E0,0.E0,-1.E0));
#673=AXIS2_PLACEMENT_3D('',#670,#671,#672);
#674=CYLINDRICAL_SURFACE('2123',#673,4.29E1);
#676=ORIENTED_EDGE('2134',*,*,#675,.F.);
#678=ORIENTED_EDGE('2136',*,*,#677,.T.);
#679=ORIENTED_EDGE('2117',*,*,#637,.T.);
#681=ORIENTED_EDGE('2137',*,*,#680,.F.);
#682=EDGE_LOOP('2123',(#676,#678,#679,#681));
#683=FACE_OUTER_BOUND('2123',#682,.F.);
#685=CARTESIAN_POINT('',(0.E0,1.5E1,0.E0));
#686=DIRECTION('',(0.E0,1.E0,0.E0));
#687=DIRECTION('',(0.E0,0.E0,1.E0));
#688=AXIS2_PLACEMENT_3D('',#685,#686,#687);
#689=PLANE('762',#688);
#691=ORIENTED_EDGE('682',*,*,#690,.F.);
#693=ORIENTED_EDGE('684',*,*,#692,.F.);
#694=EDGE_LOOP('762',(#691,#693));
#695=FACE_OUTER_BOUND('762',#694,.F.);
#696=ORIENTED_EDGE('2134',*,*,#675,.T.);
#698=ORIENTED_EDGE('2135',*,*,#697,.T.);
#699=EDGE_LOOP('762',(#696,#698));
#700=FACE_BOUND('762',#699,.F.);
#702=CARTESIAN_POINT('',(0.E0,1.5E1,0.E0));
#703=DIRECTION('',(0.E0,-1.E0,0.E0));
#704=DIRECTION('',(0.E0,0.E0,-1.E0));
#705=AXIS2_PLACEMENT_3D('',#702,#703,#704);
#706=CYLINDRICAL_SURFACE('767',#705,4.5E1);
#708=ORIENTED_EDGE('2275',*,*,#707,.T.);
#710=ORIENTED_EDGE('1248',*,*,#709,.T.);
#712=ORIENTED_EDGE('2276',*,*,#711,.T.);
#713=ORIENTED_EDGE('682',*,*,#690,.T.);
#714=EDGE_LOOP('767',(#708,#710,#712,#713));
#715=FACE_OUTER_BOUND('767',#714,.F.);
#717=CARTESIAN_POINT('',(0.E0,1.5E1,0.E0));
#718=DIRECTION('',(0.E0,-1.E0,0.E0));
#719=DIRECTION('',(0.E0,0.E0,-1.E0));
#720=AXIS2_PLACEMENT_3D('',#717,#718,#719);
#721=CYLINDRICAL_SURFACE('768',#720,4.5E1);
#722=ORIENTED_EDGE('2276',*,*,#711,.F.);
#724=ORIENTED_EDGE('1249',*,*,#723,.T.);
#725=ORIENTED_EDGE('2275',*,*,#707,.F.);
#726=ORIENTED_EDGE('684',*,*,#692,.T.);
#727=EDGE_LOOP('768',(#722,#724,#725,#726));
#728=FACE_OUTER_BOUND('768',#727,.F.);
#730=CARTESIAN_POINT('',(0.E0,-5.E0,0.E0));
#731=DIRECTION('',(0.E0,-1.E0,0.E0));
#732=DIRECTION('',(1.E0,0.E0,0.E0));
#733=AXIS2_PLACEMENT_3D('',#730,#731,#732);
#734=PLANE('832',#733);
#735=ORIENTED_EDGE('1248',*,*,#709,.F.);
#736=ORIENTED_EDGE('1249',*,*,#723,.F.);
#737=EDGE_LOOP('832',(#735,#736));
#738=FACE_OUTER_BOUND('832',#737,.F.);
#740=ORIENTED_EDGE('2290',*,*,#739,.F.);
#742=ORIENTED_EDGE('2291',*,*,#741,.F.);
#743=EDGE_LOOP('832',(#740,#742));
#744=FACE_BOUND('832',#743,.F.);
#746=ORIENTED_EDGE('2293',*,*,#745,.F.);
#748=ORIENTED_EDGE('2294',*,*,#747,.F.);
#749=EDGE_LOOP('832',(#746,#748));
#750=FACE_BOUND('832',#749,.F.);
#752=ORIENTED_EDGE('2357',*,*,#751,.F.);
#754=ORIENTED_EDGE('2341',*,*,#753,.T.);
#756=ORIENTED_EDGE('2342',*,*,#755,.T.);
#758=ORIENTED_EDGE('2346',*,*,#757,.F.);
#760=ORIENTED_EDGE('2345',*,*,#759,.F.);
#762=ORIENTED_EDGE('2343',*,*,#761,.T.);
#764=ORIENTED_EDGE('2344',*,*,#763,.T.);
#765=EDGE_LOOP('832',(#752,#754,#756,#758,#760,#762,#764));
#766=FACE_BOUND('832',#765,.F.);
#768=CARTESIAN_POINT('',(2.452227161281E1,-5.E0,1.8E1));
#769=DIRECTION('',(0.E0,1.E0,0.E0));
#770=DIRECTION('',(-1.E0,0.E0,0.E0));
#771=AXIS2_PLACEMENT_3D('',#768,#769,#770);
#772=CYLINDRICAL_SURFACE('1194',#771,1.6E0);
#773=ORIENTED_EDGE('1200',*,*,#657,.F.);
#775=ORIENTED_EDGE('1204',*,*,#774,.F.);
#776=ORIENTED_EDGE('2290',*,*,#739,.T.);
#778=ORIENTED_EDGE('1205',*,*,#777,.T.);
#779=EDGE_LOOP('1194',(#773,#775,#776,#778));
#780=FACE_OUTER_BOUND('1194',#779,.F.);
#782=CARTESIAN_POINT('',(2.452227161281E1,-5.E0,1.8E1));
#783=DIRECTION('',(0.E0,1.E0,0.E0));
#784=DIRECTION('',(-1.E0,0.E0,0.E0));
#785=AXIS2_PLACEMENT_3D('',#782,#783,#784);
#786=CYLINDRICAL_SURFACE('1196',#785,1.6E0);
#787=ORIENTED_EDGE('1201',*,*,#659,.F.);
#788=ORIENTED_EDGE('1205',*,*,#777,.F.);
#789=ORIENTED_EDGE('2291',*,*,#741,.T.);
#790=ORIENTED_EDGE('1204',*,*,#774,.T.);
#791=EDGE_LOOP('1196',(#787,#788,#789,#790));
#792=FACE_OUTER_BOUND('1196',#791,.F.);
#794=CARTESIAN_POINT('',(2.452227161281E1,-5.E0,-1.8E1));
#795=DIRECTION('',(0.E0,1.E0,0.E0));
#796=DIRECTION('',(-1.E0,0.E0,0.E0));
#797=AXIS2_PLACEMENT_3D('',#794,#795,#796);
#798=CYLINDRICAL_SURFACE('1220',#797,1.6E0);
#800=ORIENTED_EDGE('1228',*,*,#799,.F.);
#801=ORIENTED_EDGE('2293',*,*,#745,.T.);
#803=ORIENTED_EDGE('1229',*,*,#802,.T.);
#804=ORIENTED_EDGE('1234',*,*,#663,.F.);
#805=EDGE_LOOP('1220',(#800,#801,#803,#804));
#806=FACE_OUTER_BOUND('1220',#805,.F.);
#808=CARTESIAN_POINT('',(2.452227161281E1,-5.E0,-1.8E1));
#809=DIRECTION('',(0.E0,1.E0,0.E0));
#810=DIRECTION('',(-1.E0,0.E0,0.E0));
#811=AXIS2_PLACEMENT_3D('',#808,#809,#810);
#812=CYLINDRICAL_SURFACE('1221',#811,1.6E0);
#813=ORIENTED_EDGE('1228',*,*,#799,.T.);
#814=ORIENTED_EDGE('1235',*,*,#665,.F.);
#815=ORIENTED_EDGE('1229',*,*,#802,.F.);
#816=ORIENTED_EDGE('2294',*,*,#747,.T.);
#817=EDGE_LOOP('1221',(#813,#814,#815,#816));
#818=FACE_OUTER_BOUND('1221',#817,.F.);
#820=CARTESIAN_POINT('',(2.052227161281E1,-5.E0,2.504025840028E1));
#821=DIRECTION('',(-1.E0,0.E0,0.E0));
#822=DIRECTION('',(0.E0,0.E0,-1.E0));
#823=AXIS2_PLACEMENT_3D('',#820,#821,#822);
#824=PLANE('2027',#823);
#825=ORIENTED_EDGE('2357',*,*,#751,.T.);
#827=ORIENTED_EDGE('2352',*,*,#826,.T.);
#829=ORIENTED_EDGE('2350',*,*,#828,.T.);
#831=ORIENTED_EDGE('2348',*,*,#830,.F.);
#832=ORIENTED_EDGE('2079',*,*,#645,.F.);
#834=ORIENTED_EDGE('2349',*,*,#833,.F.);
#836=ORIENTED_EDGE('2351',*,*,#835,.T.);
#838=ORIENTED_EDGE('2353',*,*,#837,.F.);
#839=EDGE_LOOP('2027',(#825,#827,#829,#831,#832,#834,#836,#838));
#840=FACE_OUTER_BOUND('2027',#839,.F.);
#842=CARTESIAN_POINT('',(4.E0,-5.E0,0.E0));
#843=DIRECTION('',(0.E0,-1.E0,0.E0));
#844=DIRECTION('',(0.E0,0.E0,1.E0));
#845=AXIS2_PLACEMENT_3D('',#842,#843,#844);
#846=CYLINDRICAL_SURFACE('2329',#845,3.5E1);
#847=ORIENTED_EDGE('2344',*,*,#763,.F.);
#849=ORIENTED_EDGE('2355',*,*,#848,.T.);
#851=ORIENTED_EDGE('2322',*,*,#850,.F.);
#852=ORIENTED_EDGE('2352',*,*,#826,.F.);
#853=EDGE_LOOP('2329',(#847,#849,#851,#852));
#854=FACE_OUTER_BOUND('2329',#853,.F.);
#856=CARTESIAN_POINT('',(3.865794601552E1,-5.E0,5.163620824820E-14));
#857=DIRECTION('',(0.E0,-1.E0,0.E0));
#858=DIRECTION('',(0.E0,0.E0,1.E0));
#859=AXIS2_PLACEMENT_3D('',#856,#857,#858);
#860=CYLINDRICAL_SURFACE('2327',#859,6.515794601552E1);
#861=ORIENTED_EDGE('2342',*,*,#755,.F.);
#863=ORIENTED_EDGE('2354',*,*,#862,.T.);
#865=ORIENTED_EDGE('2321',*,*,#864,.F.);
#866=ORIENTED_EDGE('2355',*,*,#848,.F.);
#867=ORIENTED_EDGE('2343',*,*,#761,.F.);
#868=EDGE_LOOP('2327',(#861,#863,#865,#866,#867));
#869=FACE_OUTER_BOUND('2327',#868,.F.);
#871=CARTESIAN_POINT('',(4.E0,-5.E0,0.E0));
#872=DIRECTION('',(0.E0,-1.E0,0.E0));
#873=DIRECTION('',(0.E0,0.E0,1.E0));
#874=AXIS2_PLACEMENT_3D('',#871,#872,#873);
#875=CYLINDRICAL_SURFACE('2325',#874,3.5E1);
#876=ORIENTED_EDGE('2341',*,*,#753,.F.);
#877=ORIENTED_EDGE('2353',*,*,#837,.T.);
#879=ORIENTED_EDGE('2320',*,*,#878,.F.);
#880=ORIENTED_EDGE('2354',*,*,#862,.F.);
#881=EDGE_LOOP('2325',(#876,#877,#879,#880));
#882=FACE_OUTER_BOUND('2325',#881,.F.);
#884=CARTESIAN_POINT('',(0.E0,-2.E0,0.E0));
#885=DIRECTION('',(0.E0,-1.E0,0.E0));
#886=DIRECTION('',(0.E0,0.E0,1.E0));
#887=AXIS2_PLACEMENT_3D('',#884,#885,#886);
#888=PLANE('2318',#887);
#890=ORIENTED_EDGE('2336',*,*,#889,.T.);
#891=ORIENTED_EDGE('2350',*,*,#828,.F.);
#892=ORIENTED_EDGE('2322',*,*,#850,.T.);
#893=ORIENTED_EDGE('2321',*,*,#864,.T.);
#894=ORIENTED_EDGE('2320',*,*,#878,.T.);
#895=ORIENTED_EDGE('2351',*,*,#835,.F.);
#896=EDGE_LOOP('2318',(#890,#891,#892,#893,#894,#895));
#897=FACE_OUTER_BOUND('2318',#896,.F.);
#899=CARTESIAN_POINT('',(4.E0,1.5E1,0.E0));
#900=DIRECTION('',(0.E0,-1.E0,0.E0));
#901=DIRECTION('',(0.E0,0.E0,-1.E0));
#902=AXIS2_PLACEMENT_3D('',#899,#900,#901);
#903=CYLINDRICAL_SURFACE('773',#902,3.E1);
#904=ORIENTED_EDGE('2336',*,*,#889,.F.);
#905=ORIENTED_EDGE('2349',*,*,#833,.T.);
#906=ORIENTED_EDGE('2246',*,*,#643,.T.);
#907=ORIENTED_EDGE('2240',*,*,#647,.T.);
#908=ORIENTED_EDGE('2348',*,*,#830,.T.);
#909=EDGE_LOOP('773',(#904,#905,#906,#907,#908));
#910=FACE_OUTER_BOUND('773',#909,.F.);
#912=CARTESIAN_POINT('',(-3.E1,-5.E0,4.826407996322E-14));
#913=DIRECTION('',(0.E0,-1.E0,0.E0));
#914=DIRECTION('',(1.E0,0.E0,0.E0));
#915=AXIS2_PLACEMENT_3D('',#912,#913,#914);
#916=CYLINDRICAL_SURFACE('856',#915,3.5E0);
#917=ORIENTED_EDGE('2346',*,*,#757,.T.);
#919=ORIENTED_EDGE('2269',*,*,#918,.F.);
#921=ORIENTED_EDGE('1116',*,*,#920,.T.);
#923=ORIENTED_EDGE('2268',*,*,#922,.F.);
#924=EDGE_LOOP('856',(#917,#919,#921,#923));
#925=FACE_OUTER_BOUND('856',#924,.F.);
#927=CARTESIAN_POINT('',(-3.E1,-5.E0,4.826407996322E-14));
#928=DIRECTION('',(0.E0,-1.E0,0.E0));
#929=DIRECTION('',(1.E0,0.E0,0.E0));
#930=AXIS2_PLACEMENT_3D('',#927,#928,#929);
#931=CYLINDRICAL_SURFACE('854',#930,3.5E0);
#932=ORIENTED_EDGE('2345',*,*,#759,.T.);
#933=ORIENTED_EDGE('2268',*,*,#922,.T.);
#935=ORIENTED_EDGE('1117',*,*,#934,.T.);
#936=ORIENTED_EDGE('2269',*,*,#918,.T.);
#937=EDGE_LOOP('854',(#932,#933,#935,#936));
#938=FACE_OUTER_BOUND('854',#937,.F.);
#940=CARTESIAN_POINT('',(0.E0,3.7E1,0.E0));
#941=DIRECTION('',(0.E0,-1.E0,0.E0));
#942=DIRECTION('',(1.E0,0.E0,0.E0));
#943=AXIS2_PLACEMENT_3D('',#940,#941,#942);
#944=PLANE('1115',#943);
#945=ORIENTED_EDGE('1116',*,*,#920,.F.);
#946=ORIENTED_EDGE('1117',*,*,#934,.F.);
#947=EDGE_LOOP('1115',(#945,#946));
#948=FACE_OUTER_BOUND('1115',#947,.F.);
#950=ORIENTED_EDGE('1126',*,*,#949,.F.);
#952=ORIENTED_EDGE('1127',*,*,#951,.F.);
#953=EDGE_LOOP('1115',(#950,#952));
#954=FACE_BOUND('1115',#953,.F.);
#956=CARTESIAN_POINT('',(-3.E1,5.E0,4.826407996322E-14));
#957=DIRECTION('',(0.E0,1.E0,0.E0));
#958=DIRECTION('',(0.E0,0.E0,1.E0));
#959=AXIS2_PLACEMENT_3D('',#956,#957,#958);
#960=CYLINDRICAL_SURFACE('763',#959,3.15E0);
#961=ORIENTED_EDGE('1126',*,*,#949,.T.);
#963=ORIENTED_EDGE('1129',*,*,#962,.F.);
#965=ORIENTED_EDGE('1081',*,*,#964,.T.);
#967=ORIENTED_EDGE('1128',*,*,#966,.F.);
#968=EDGE_LOOP('763',(#961,#963,#965,#967));
#969=FACE_OUTER_BOUND('763',#968,.F.);
#971=CARTESIAN_POINT('',(-3.E1,5.E0,4.826407996322E-14));
#972=DIRECTION('',(0.E0,1.E0,0.E0));
#973=DIRECTION('',(0.E0,0.E0,1.E0));
#974=AXIS2_PLACEMENT_3D('',#971,#972,#973);
#975=CYLINDRICAL_SURFACE('764',#974,3.15E0);
#976=ORIENTED_EDGE('1127',*,*,#951,.T.);
#977=ORIENTED_EDGE('1128',*,*,#966,.T.);
#979=ORIENTED_EDGE('1082',*,*,#978,.T.);
#980=ORIENTED_EDGE('1129',*,*,#962,.T.);
#981=EDGE_LOOP('764',(#976,#977,#979,#980));
#982=FACE_OUTER_BOUND('764',#981,.F.);
#984=CARTESIAN_POINT('',(0.E0,4.2E1,0.E0));
#985=DIRECTION('',(0.E0,1.E0,0.E0));
#986=DIRECTION('',(-1.E0,0.E0,0.E0));
#987=AXIS2_PLACEMENT_3D('',#984,#985,#986);
#988=PLANE('993',#987);
#990=ORIENTED_EDGE('994',*,*,#989,.F.);
#992=ORIENTED_EDGE('995',*,*,#991,.F.);
#993=EDGE_LOOP('993',(#990,#992));
#994=FACE_OUTER_BOUND('993',#993,.F.);
#995=ORIENTED_EDGE('1081',*,*,#964,.F.);
#996=ORIENTED_EDGE('1082',*,*,#978,.F.);
#997=EDGE_LOOP('993',(#995,#996));
#998=FACE_BOUND('993',#997,.F.);
#1000=CARTESIAN_POINT('',(-3.E1,5.E0,4.826407996322E-14));
#1001=DIRECTION('',(0.E0,1.E0,0.E0));
#1002=DIRECTION('',(0.E0,0.E0,1.E0));
#1003=AXIS2_PLACEMENT_3D('',#1000,#1001,#1002);
#1005=DIRECTION('',(0.E0,1.E0,0.E0));
#1006=VECTOR('',#1005,1.E0);
#1007=SURFACE_OF_LINEAR_EXTRUSION('996',#1004,#1006);
#1008=ORIENTED_EDGE('1000',*,*,#653,.F.);
#1010=ORIENTED_EDGE('1012',*,*,#1009,.T.);
#1011=ORIENTED_EDGE('994',*,*,#989,.T.);
#1013=ORIENTED_EDGE('1013',*,*,#1012,.F.);
#1014=ORIENTED_EDGE('1001',*,*,#649,.F.);
#1015=EDGE_LOOP('996',(#1008,#1010,#1011,#1013,#1014));
#1016=FACE_OUTER_BOUND('996',#1015,.F.);
#1018=CARTESIAN_POINT('',(-3.E1,5.E0,4.826407996322E-14));
#1019=DIRECTION('',(0.E0,1.E0,0.E0));
#1020=DIRECTION('',(0.E0,0.E0,1.E0));
#1021=AXIS2_PLACEMENT_3D('',#1018,#1019,#1020);
#1023=DIRECTION('',(0.E0,1.E0,0.E0));
#1024=VECTOR('',#1023,1.E0);
#1025=SURFACE_OF_LINEAR_EXTRUSION('998',#1022,#1024);
#1026=ORIENTED_EDGE('1002',*,*,#651,.F.);
#1027=ORIENTED_EDGE('1013',*,*,#1012,.T.);
#1028=ORIENTED_EDGE('995',*,*,#991,.T.);
#1029=ORIENTED_EDGE('1012',*,*,#1009,.F.);
#1030=EDGE_LOOP('998',(#1026,#1027,#1028,#1029));
#1031=FACE_OUTER_BOUND('998',#1030,.F.);
#1033=CARTESIAN_POINT('',(0.E0,1.5E1,0.E0));
#1034=DIRECTION('',(0.E0,1.E0,0.E0));
#1035=DIRECTION('',(0.E0,0.E0,-1.E0));
#1036=AXIS2_PLACEMENT_3D('',#1033,#1034,#1035);
#1037=CYLINDRICAL_SURFACE('2125',#1036,4.29E1);
#1038=ORIENTED_EDGE('2135',*,*,#697,.F.);
#1039=ORIENTED_EDGE('2137',*,*,#680,.T.);
#1040=ORIENTED_EDGE('2118',*,*,#639,.T.);
#1041=ORIENTED_EDGE('2136',*,*,#677,.F.);
#1042=EDGE_LOOP('2125',(#1038,#1039,#1040,#1041));
#1043=FACE_OUTER_BOUND('2125',#1042,.F.);
#1047=FILL_AREA_STYLE_COLOUR('',#11);
#1048=FILL_AREA_STYLE('',(#1047));
#1049=SURFACE_STYLE_FILL_AREA(#1048);
#1050=SURFACE_SIDE_STYLE('',(#1049));
#1051=SURFACE_STYLE_USAGE(.BOTH.,#1050);
#1052=PRESENTATION_STYLE_ASSIGNMENT((#1051));
#18=STYLED_ITEM('',(#1052),#1046);
#1053=CARTESIAN_POINT('',(0.E0,0.E0,0.E0));
#1054=DIRECTION('',(1.E0,0.E0,0.E0));
#1055=DIRECTION('',(0.E0,1.E0,0.E0));
#1056=AXIS2_PLACEMENT_3D('',#1053,#1054,#1055);
#1057=PLANE('RIGHT',#1056);
#1058=CARTESIAN_POINT('',(0.E0,0.E0,0.E0));
#1059=DIRECTION('',(0.E0,1.E0,0.E0));
#1060=DIRECTION('',(0.E0,0.E0,1.E0));
#1061=AXIS2_PLACEMENT_3D('',#1058,#1059,#1060);
#1062=PLANE('TOP',#1061);
#1063=CARTESIAN_POINT('',(0.E0,0.E0,0.E0));
#1064=DIRECTION('',(0.E0,0.E0,1.E0));
#1065=DIRECTION('',(1.E0,0.E0,0.E0));
#1066=AXIS2_PLACEMENT_3D('',#1063,#1064,#1065);
#1067=PLANE('FRONT',#1066);
#1068=CARTESIAN_POINT('',(0.E0,0.E0,0.E0));
#1069=DIRECTION('',(0.E0,0.E0,1.E0));
#1070=DIRECTION('',(1.E0,0.E0,0.E0));
#1071=AXIS2_PLACEMENT_3D('PRT_CSYS_DEF',#1068,#1069,#1070);
#1072=CURVE_STYLE('',#24,POSITIVE_LENGTH_MEASURE(2.E-2),#6);
#1073=PRESENTATION_STYLE_ASSIGNMENT((#1072));
#1074=STYLED_ITEM('',(#1073),#1071);
#1075=DIRECTION('',(-1.E0,0.E0,0.E0));
#1076=VECTOR('',#1075,2.310550343910E2);
#1077=CARTESIAN_POINT('',(1.155275171955E2,0.E0,0.E0));
#1078=LINE('',#1077,#1076);
#1080=CURVE_STYLE('',#24,POSITIVE_LENGTH_MEASURE(2.E-2),#4);
#1081=PRESENTATION_STYLE_ASSIGNMENT((#1080));
#1082=STYLED_ITEM('',(#1081),#1079);
#1083=CARTESIAN_POINT('',(0.E0,0.E0,0.E0));
#1084=DIRECTION('',(0.E0,0.E0,1.E0));
#1085=DIRECTION('',(1.E0,0.E0,0.E0));
#1086=AXIS2_PLACEMENT_3D('',#1083,#1084,#1085);
#1087=PLANE('46',#1086);
#1088=CARTESIAN_POINT('',(0.E0,0.E0,0.E0));
#1089=DIRECTION('',(0.E0,1.E0,0.E0));
#1090=DIRECTION('',(1.E0,0.E0,0.E0));
#1091=AXIS2_PLACEMENT_3D('',#1088,#1089,#1090);
#1092=PLANE('47',#1091);
#1093=CARTESIAN_POINT('',(0.E0,0.E0,0.E0));
#1094=DIRECTION('',(1.E0,0.E0,0.E0));
#1095=DIRECTION('',(0.E0,0.E0,-1.E0));
#1096=AXIS2_PLACEMENT_3D('',#1093,#1094,#1095);
#1097=PLANE('48',#1096);
#1098=CARTESIAN_POINT('',(-3.E1,0.E0,4.826407996322E-14));
#1099=DIRECTION('',(0.E0,1.E0,0.E0));
#1100=DIRECTION('',(1.E0,0.E0,0.E0));
#1101=AXIS2_PLACEMENT_3D('',#1098,#1099,#1100);
#1104=CURVE_STYLE('',#24,POSITIVE_LENGTH_MEASURE(2.E-2),#1);
#1105=PRESENTATION_STYLE_ASSIGNMENT((#1104));
#1106=STYLED_ITEM('',(#1105),#1103);
#1108=CARTESIAN_POINT('',(-3.E1,0.E0,4.826407996322E-14));
#1109=DIRECTION('',(0.E0,1.E0,0.E0));
#1110=DIRECTION('',(-1.E0,0.E0,0.E0));
#1111=AXIS2_PLACEMENT_3D('',#1108,#1109,#1110);
#1114=CURVE_STYLE('',#24,POSITIVE_LENGTH_MEASURE(2.E-2),#1);
#1115=PRESENTATION_STYLE_ASSIGNMENT((#1114));
#1116=STYLED_ITEM('',(#1115),#1113);
#1120=CARTESIAN_POINT('',(4.E0,0.E0,0.E0));
#1121=DIRECTION('',(0.E0,1.E0,0.E0));
#1122=DIRECTION('',(1.E0,0.E0,0.E0));
#1123=AXIS2_PLACEMENT_3D('',#1120,#1121,#1122);
#1126=CURVE_STYLE('',#24,POSITIVE_LENGTH_MEASURE(2.E-2),#1);
#1127=PRESENTATION_STYLE_ASSIGNMENT((#1126));
#1128=STYLED_ITEM('',(#1127),#1125);
#1130=CARTESIAN_POINT('',(4.E0,0.E0,0.E0));
#1131=DIRECTION('',(0.E0,1.E0,0.E0));
#1132=DIRECTION('',(-1.E0,0.E0,0.E0));
#1133=AXIS2_PLACEMENT_3D('',#1130,#1131,#1132);
#1136=CURVE_STYLE('',#24,POSITIVE_LENGTH_MEASURE(2.E-2),#1);
#1137=PRESENTATION_STYLE_ASSIGNMENT((#1136));
#1138=STYLED_ITEM('',(#1137),#1135);
#1141=CARTESIAN_POINT('',(0.E0,0.E0,0.E0));
#1142=DIRECTION('',(0.E0,-1.E0,0.E0));
#1143=DIRECTION('',(0.E0,0.E0,-1.E0));
#1144=AXIS2_PLACEMENT_3D('',#1141,#1142,#1143);
#1147=CURVE_STYLE('',#24,POSITIVE_LENGTH_MEASURE(2.E-2),#1);
#1148=PRESENTATION_STYLE_ASSIGNMENT((#1147));
#1149=STYLED_ITEM('',(#1148),#1146);
#1151=CARTESIAN_POINT('',(0.E0,0.E0,0.E0));
#1152=DIRECTION('',(0.E0,-1.E0,0.E0));
#1153=DIRECTION('',(0.E0,0.E0,1.E0));
#1154=AXIS2_PLACEMENT_3D('',#1151,#1152,#1153);
#1157=CURVE_STYLE('',#24,POSITIVE_LENGTH_MEASURE(2.E-2),#1);
#1158=PRESENTATION_STYLE_ASSIGNMENT((#1157));
#1159=STYLED_ITEM('',(#1158),#1156);
#1162=DIRECTION('',(0.E0,-1.E0,0.E0));
#1163=VECTOR('',#1162,4.2E1);
#1164=CARTESIAN_POINT('',(-3.E1,3.7E1,4.847839315307E-14));
#1165=LINE('',#1164,#1163);
#1167=CURVE_STYLE('',#24,POSITIVE_LENGTH_MEASURE(2.E-2),#4);
#1168=PRESENTATION_STYLE_ASSIGNMENT((#1167));
#1169=STYLED_ITEM('',(#1168),#1166);
#1170=DIRECTION('',(0.E0,-1.E0,0.E0));
#1171=VECTOR('',#1170,5.E0);
#1172=CARTESIAN_POINT('',(4.E0,0.E0,0.E0));
#1173=LINE('',#1172,#1171);
#1175=CURVE_STYLE('',#24,POSITIVE_LENGTH_MEASURE(2.E-2),#4);
#1176=PRESENTATION_STYLE_ASSIGNMENT((#1175));
#1177=STYLED_ITEM('',(#1176),#1174);
#1178=CARTESIAN_POINT('',(4.E0,0.E0,0.E0));
#1179=DIRECTION('',(0.E0,-1.E0,0.E0));
#1180=DIRECTION('',(0.E0,0.E0,1.E0));
#1181=AXIS2_PLACEMENT_3D('',#1178,#1179,#1180);
#1184=CURVE_STYLE('',#24,POSITIVE_LENGTH_MEASURE(2.E-2),#1);
#1185=PRESENTATION_STYLE_ASSIGNMENT((#1184));
#1186=STYLED_ITEM('',(#1185),#1183);
#1188=CARTESIAN_POINT('',(4.E0,0.E0,0.E0));
#1189=DIRECTION('',(0.E0,-1.E0,0.E0));
#1190=DIRECTION('',(0.E0,0.E0,-1.E0));
#1191=AXIS2_PLACEMENT_3D('',#1188,#1189,#1190);
#1194=CURVE_STYLE('',#24,POSITIVE_LENGTH_MEASURE(2.E-2),#1);
#1195=PRESENTATION_STYLE_ASSIGNMENT((#1194));
#1196=STYLED_ITEM('',(#1195),#1193);
#1199=DIRECTION('',(0.E0,-1.E0,0.E0));
#1200=VECTOR('',#1199,1.7E1);
#1201=CARTESIAN_POINT('',(4.E0,1.7E1,0.E0));
#1202=LINE('',#1201,#1200);
#1204=CURVE_STYLE('',#24,POSITIVE_LENGTH_MEASURE(2.E-2),#4);
#1205=PRESENTATION_STYLE_ASSIGNMENT((#1204));
#1206=STYLED_ITEM('',(#1205),#1203);
#1207=CARTESIAN_POINT('',(-3.E1,0.E0,4.826407996322E-14));
#1208=DIRECTION('',(0.E0,-1.E0,0.E0));
#1209=DIRECTION('',(1.E0,0.E0,0.E0));
#1210=AXIS2_PLACEMENT_3D('',#1207,#1208,#1209);
#1213=CURVE_STYLE('',#24,POSITIVE_LENGTH_MEASURE(2.E-2),#1);
#1214=PRESENTATION_STYLE_ASSIGNMENT((#1213));
#1215=STYLED_ITEM('',(#1214),#1212);
#1217=CARTESIAN_POINT('',(-3.E1,0.E0,4.826407996322E-14));
#1218=DIRECTION('',(0.E0,-1.E0,0.E0));
#1219=DIRECTION('',(-1.E0,0.E0,0.E0));
#1220=AXIS2_PLACEMENT_3D('',#1217,#1218,#1219);
#1223=CURVE_STYLE('',#24,POSITIVE_LENGTH_MEASURE(2.E-2),#1);
#1224=PRESENTATION_STYLE_ASSIGNMENT((#1223));
#1225=STYLED_ITEM('',(#1224),#1222);
#1228=CARTESIAN_POINT('',(-3.E1,0.E0,4.826407996322E-14));
#1229=DIRECTION('',(0.E0,1.E0,0.E0));
#1230=DIRECTION('',(1.E0,0.E0,0.E0));
#1231=AXIS2_PLACEMENT_3D('',#1228,#1229,#1230);
#1234=CURVE_STYLE('',#24,POSITIVE_LENGTH_MEASURE(2.E-2),#1);
#1235=PRESENTATION_STYLE_ASSIGNMENT((#1234));
#1236=STYLED_ITEM('',(#1235),#1233);
#1238=CARTESIAN_POINT('',(-3.E1,0.E0,4.826407996322E-14));
#1239=DIRECTION('',(0.E0,1.E0,0.E0));
#1240=DIRECTION('',(-1.E0,0.E0,0.E0));
#1241=AXIS2_PLACEMENT_3D('',#1238,#1239,#1240);
#1244=CURVE_STYLE('',#24,POSITIVE_LENGTH_MEASURE(2.E-2),#1);
#1245=PRESENTATION_STYLE_ASSIGNMENT((#1244));
#1246=STYLED_ITEM('',(#1245),#1243);
#1249=DIRECTION('',(0.E0,-1.E0,0.E0));
#1250=VECTOR('',#1249,3.2E1);
#1251=CARTESIAN_POINT('',(-3.E1,3.7E1,4.826407996322E-14));
#1252=LINE('',#1251,#1250);
#1254=CURVE_STYLE('',#24,POSITIVE_LENGTH_MEASURE(2.E-2),#4);
#1255=PRESENTATION_STYLE_ASSIGNMENT((#1254));
#1256=STYLED_ITEM('',(#1255),#1253);
#1257=CARTESIAN_POINT('',(-3.E1,5.E0,1.028513285794E1));
#1258=CARTESIAN_POINT('',(-2.952859547921E1,5.E0,1.028513285794E1));
#1259=CARTESIAN_POINT('',(-2.850975171694E1,5.E0,9.845996644766E0));
#1260=CARTESIAN_POINT('',(-2.732554423817E1,5.E0,7.882074185400E0));
#1261=CARTESIAN_POINT('',(-2.662678865367E1,5.E0,5.661128705090E0));
#1262=CARTESIAN_POINT('',(-2.625409777404E1,5.E0,3.797397452680E0));
#1263=CARTESIAN_POINT('',(-2.607726714957E1,5.E0,2.186815773017E0));
#1264=CARTESIAN_POINT('',(-2.601043515496E1,5.E0,9.187946259196E-1));
#1265=CARTESIAN_POINT('',(-2.599478242252E1,5.E0,4.474198789239E-14));
#1266=CARTESIAN_POINT('',(-2.601043515496E1,5.E0,-9.187946259196E-1));
#1267=CARTESIAN_POINT('',(-2.607726714957E1,5.E0,-2.186815773017E0));
#1268=CARTESIAN_POINT('',(-2.625409777404E1,5.E0,-3.797397452680E0));
#1269=CARTESIAN_POINT('',(-2.662678865367E1,5.E0,-5.661128705090E0));
#1270=CARTESIAN_POINT('',(-2.732554423817E1,5.E0,-7.882074185400E0));
#1271=CARTESIAN_POINT('',(-2.850975171694E1,5.E0,-9.845996644766E0));
#1272=CARTESIAN_POINT('',(-2.952859547921E1,5.E0,-1.028513285794E1));
#1273=CARTESIAN_POINT('',(-3.E1,5.E0,-1.028513285794E1));
#1275=CURVE_STYLE('',#24,POSITIVE_LENGTH_MEASURE(2.E-2),#1);
#1276=PRESENTATION_STYLE_ASSIGNMENT((#1275));
#1277=STYLED_ITEM('',(#1276),#1274);
#1279=CARTESIAN_POINT('',(-3.E1,5.E0,-1.028513285794E1));
#1280=CARTESIAN_POINT('',(-3.047140452079E1,5.E0,-1.028513285794E1));
#1281=CARTESIAN_POINT('',(-3.149024828306E1,5.E0,-9.845996644766E0));
#1282=CARTESIAN_POINT('',(-3.267445576183E1,5.E0,-7.882074185400E0));
#1283=CARTESIAN_POINT('',(-3.337321134633E1,5.E0,-5.661128705090E0));
#1284=CARTESIAN_POINT('',(-3.374590222596E1,5.E0,-3.797397452680E0));
#1285=CARTESIAN_POINT('',(-3.392273285043E1,5.E0,-2.186815773017E0));
#1286=CARTESIAN_POINT('',(-3.398956484504E1,5.E0,-9.187946259195E-1));
#1287=CARTESIAN_POINT('',(-3.400521757748E1,5.E0,5.090372567906E-14));
#1288=CARTESIAN_POINT('',(-3.398956484504E1,5.E0,9.187946259196E-1));
#1289=CARTESIAN_POINT('',(-3.392273285043E1,5.E0,2.186815773017E0));
#1290=CARTESIAN_POINT('',(-3.374590222596E1,5.E0,3.797397452680E0));
#1291=CARTESIAN_POINT('',(-3.337321134633E1,5.E0,5.661128705090E0));
#1292=CARTESIAN_POINT('',(-3.267445576183E1,5.E0,7.882074185400E0));
#1293=CARTESIAN_POINT('',(-3.149024828306E1,5.E0,9.845996644766E0));
#1294=CARTESIAN_POINT('',(-3.047140452079E1,5.E0,1.028513285794E1));
#1295=CARTESIAN_POINT('',(-3.E1,5.E0,1.028513285794E1));
#1297=CURVE_STYLE('',#24,POSITIVE_LENGTH_MEASURE(2.E-2),#1);
#1298=PRESENTATION_STYLE_ASSIGNMENT((#1297));
#1299=STYLED_ITEM('',(#1298),#1296);
#1302=CARTESIAN_POINT('',(-3.E1,0.E0,4.826407996322E-14));
#1303=DIRECTION('',(0.E0,-1.E0,0.E0));
#1304=DIRECTION('',(1.E0,0.E0,0.E0));
#1305=AXIS2_PLACEMENT_3D('',#1302,#1303,#1304);
#1308=CURVE_STYLE('',#24,POSITIVE_LENGTH_MEASURE(2.E-2),#1);
#1309=PRESENTATION_STYLE_ASSIGNMENT((#1308));
#1310=STYLED_ITEM('',(#1309),#1307);
#1312=CARTESIAN_POINT('',(-3.E1,0.E0,4.826407996322E-14));
#1313=DIRECTION('',(0.E0,-1.E0,0.E0));
#1314=DIRECTION('',(-1.E0,0.E0,0.E0));
#1315=AXIS2_PLACEMENT_3D('',#1312,#1313,#1314);
#1318=CURVE_STYLE('',#24,POSITIVE_LENGTH_MEASURE(2.E-2),#1);
#1319=PRESENTATION_STYLE_ASSIGNMENT((#1318));
#1320=STYLED_ITEM('',(#1319),#1317);
#1323=CARTESIAN_POINT('',(-3.E1,0.E0,4.826407996322E-14));
#1324=DIRECTION('',(0.E0,-1.E0,0.E0));
#1325=DIRECTION('',(1.E0,0.E0,0.E0));
#1326=AXIS2_PLACEMENT_3D('',#1323,#1324,#1325);
#1329=CURVE_STYLE('',#24,POSITIVE_LENGTH_MEASURE(2.E-2),#1);
#1330=PRESENTATION_STYLE_ASSIGNMENT((#1329));
#1331=STYLED_ITEM('',(#1330),#1328);
#1333=CARTESIAN_POINT('',(-3.E1,0.E0,4.826407996322E-14));
#1334=DIRECTION('',(0.E0,-1.E0,0.E0));
#1335=DIRECTION('',(-1.E0,0.E0,0.E0));
#1336=AXIS2_PLACEMENT_3D('',#1333,#1334,#1335);
#1339=CURVE_STYLE('',#24,POSITIVE_LENGTH_MEASURE(2.E-2),#1);
#1340=PRESENTATION_STYLE_ASSIGNMENT((#1339));
#1341=STYLED_ITEM('',(#1340),#1338);
#1344=DIRECTION('',(0.E0,-1.E0,0.E0));
#1345=VECTOR('',#1344,5.E0);
#1346=CARTESIAN_POINT('',(-3.E1,4.2E1,4.826407996322E-14));
#1347=LINE('',#1346,#1345);
#1349=CURVE_STYLE('',#24,POSITIVE_LENGTH_MEASURE(2.E-2),#4);
#1350=PRESENTATION_STYLE_ASSIGNMENT((#1349));
#1351=STYLED_ITEM('',(#1350),#1348);
#1352=CARTESIAN_POINT('',(-3.E1,0.E0,4.826407996322E-14));
#1353=DIRECTION('',(0.E0,-1.E0,0.E0));
#1354=DIRECTION('',(1.E0,0.E0,0.E0));
#1355=AXIS2_PLACEMENT_3D('',#1352,#1353,#1354);
#1358=CURVE_STYLE('',#24,POSITIVE_LENGTH_MEASURE(2.E-2),#1);
#1359=PRESENTATION_STYLE_ASSIGNMENT((#1358));
#1360=STYLED_ITEM('',(#1359),#1357);
#1362=CARTESIAN_POINT('',(-3.E1,0.E0,4.826407996322E-14));
#1363=DIRECTION('',(0.E0,-1.E0,0.E0));
#1364=DIRECTION('',(-1.E0,0.E0,0.E0));
#1365=AXIS2_PLACEMENT_3D('',#1362,#1363,#1364);
#1368=CURVE_STYLE('',#24,POSITIVE_LENGTH_MEASURE(2.E-2),#1);
#1369=PRESENTATION_STYLE_ASSIGNMENT((#1368));
#1370=STYLED_ITEM('',(#1369),#1367);
#1373=CARTESIAN_POINT('',(0.E0,0.E0,0.E0));
#1374=DIRECTION('',(0.E0,-1.E0,0.E0));
#1375=DIRECTION('',(1.E0,0.E0,0.E0));
#1376=AXIS2_PLACEMENT_3D('',#1373,#1374,#1375);
#1379=CURVE_STYLE('',#24,POSITIVE_LENGTH_MEASURE(2.E-2),#1);
#1380=PRESENTATION_STYLE_ASSIGNMENT((#1379));
#1381=STYLED_ITEM('',(#1380),#1378);
#1383=CARTESIAN_POINT('',(0.E0,0.E0,0.E0));
#1384=DIRECTION('',(0.E0,-1.E0,0.E0));
#1385=DIRECTION('',(-1.E0,0.E0,0.E0));
#1386=AXIS2_PLACEMENT_3D('',#1383,#1384,#1385);
#1389=CURVE_STYLE('',#24,POSITIVE_LENGTH_MEASURE(2.E-2),#1);
#1390=PRESENTATION_STYLE_ASSIGNMENT((#1389));
#1391=STYLED_ITEM('',(#1390),#1388);
#1394=CARTESIAN_POINT('',(0.E0,0.E0,0.E0));
#1395=DIRECTION('',(0.E0,-1.E0,0.E0));
#1396=DIRECTION('',(0.E0,0.E0,1.E0));
#1397=AXIS2_PLACEMENT_3D('',#1394,#1395,#1396);
#1400=CURVE_STYLE('',#24,POSITIVE_LENGTH_MEASURE(2.E-2),#1);
#1401=PRESENTATION_STYLE_ASSIGNMENT((#1400));
#1402=STYLED_ITEM('',(#1401),#1399);
#1404=CARTESIAN_POINT('',(0.E0,0.E0,0.E0));
#1405=DIRECTION('',(0.E0,-1.E0,0.E0));
#1406=DIRECTION('',(0.E0,0.E0,-1.E0));
#1407=AXIS2_PLACEMENT_3D('',#1404,#1405,#1406);
#1410=CURVE_STYLE('',#24,POSITIVE_LENGTH_MEASURE(2.E-2),#1);
#1411=PRESENTATION_STYLE_ASSIGNMENT((#1410));
#1412=STYLED_ITEM('',(#1411),#1409);
#1415=DIRECTION('',(0.E0,-1.E0,0.E0));
#1416=VECTOR('',#1415,9.E1);
#1417=CARTESIAN_POINT('',(0.E0,9.E1,0.E0));
#1418=LINE('',#1417,#1416);
#1420=CURVE_STYLE('',#24,POSITIVE_LENGTH_MEASURE(2.E-2),#4);
#1421=PRESENTATION_STYLE_ASSIGNMENT((#1420));
#1422=STYLED_ITEM('',(#1421),#1419);
#1423=DIRECTION('',(0.E0,0.E0,-1.E0));
#1424=VECTOR('',#1423,5.008051680055E1);
#1425=CARTESIAN_POINT('',(2.052227161281E1,0.E0,2.504025840028E1));
#1426=LINE('',#1425,#1424);
#1428=CURVE_STYLE('',#24,POSITIVE_LENGTH_MEASURE(2.E-2),#1);
#1429=PRESENTATION_STYLE_ASSIGNMENT((#1428));
#1430=STYLED_ITEM('',(#1429),#1427);
#1432=CARTESIAN_POINT('',(4.E0,0.E0,0.E0));
#1433=DIRECTION('',(0.E0,-1.E0,0.E0));
#1434=DIRECTION('',(5.507423870936E-1,0.E0,-8.346752800092E-1));
#1435=AXIS2_PLACEMENT_3D('',#1432,#1433,#1434);
#1438=CURVE_STYLE('',#24,POSITIVE_LENGTH_MEASURE(2.E-2),#1);
#1439=PRESENTATION_STYLE_ASSIGNMENT((#1438));
#1440=STYLED_ITEM('',(#1439),#1437);
#1443=DIRECTION('',(0.E0,1.E0,0.E0));
#1444=VECTOR('',#1443,1.E1);
#1445=CARTESIAN_POINT('',(2.452227161281E1,-5.E0,1.8E1));
#1446=LINE('',#1445,#1444);
#1448=CURVE_STYLE('',#24,POSITIVE_LENGTH_MEASURE(2.E-2),#4);
#1449=PRESENTATION_STYLE_ASSIGNMENT((#1448));
#1450=STYLED_ITEM('',(#1449),#1447);
#1451=DIRECTION('',(0.E0,1.E0,0.E0));
#1452=VECTOR('',#1451,1.E1);
#1453=CARTESIAN_POINT('',(2.452227161281E1,-5.E0,-1.8E1));
#1454=LINE('',#1453,#1452);
#1456=CURVE_STYLE('',#24,POSITIVE_LENGTH_MEASURE(2.E-2),#4);
#1457=PRESENTATION_STYLE_ASSIGNMENT((#1456));
#1458=STYLED_ITEM('',(#1457),#1455);
#1459=CARTESIAN_POINT('',(0.E0,1.5E1,0.E0));
#1460=DIRECTION('',(0.E0,-1.E0,0.E0));
#1461=DIRECTION('',(0.E0,0.E0,-1.E0));
#1462=AXIS2_PLACEMENT_3D('',#1459,#1460,#1461);
#1465=CURVE_STYLE('',#24,POSITIVE_LENGTH_MEASURE(2.E-2),#1);
#1466=PRESENTATION_STYLE_ASSIGNMENT((#1465));
#1467=STYLED_ITEM('',(#1466),#1464);
#1469=CARTESIAN_POINT('',(0.E0,1.5E1,0.E0));
#1470=DIRECTION('',(0.E0,-1.E0,0.E0));
#1471=DIRECTION('',(0.E0,0.E0,1.E0));
#1472=AXIS2_PLACEMENT_3D('',#1469,#1470,#1471);
#1475=CURVE_STYLE('',#24,POSITIVE_LENGTH_MEASURE(2.E-2),#1);
#1476=PRESENTATION_STYLE_ASSIGNMENT((#1475));
#1477=STYLED_ITEM('',(#1476),#1474);
#1480=CARTESIAN_POINT('',(0.E0,1.5E1,0.E0));
#1481=DIRECTION('',(0.E0,1.E0,0.E0));
#1482=DIRECTION('',(0.E0,0.E0,-1.E0));
#1483=AXIS2_PLACEMENT_3D('',#1480,#1481,#1482);
#1486=CURVE_STYLE('',#24,POSITIVE_LENGTH_MEASURE(2.E-2),#1);
#1487=PRESENTATION_STYLE_ASSIGNMENT((#1486));
#1488=STYLED_ITEM('',(#1487),#1485);
#1490=CARTESIAN_POINT('',(0.E0,1.5E1,0.E0));
#1491=DIRECTION('',(0.E0,1.E0,0.E0));
#1492=DIRECTION('',(0.E0,0.E0,1.E0));
#1493=AXIS2_PLACEMENT_3D('',#1490,#1491,#1492);
#1496=CURVE_STYLE('',#24,POSITIVE_LENGTH_MEASURE(2.E-2),#1);
#1497=PRESENTATION_STYLE_ASSIGNMENT((#1496));
#1498=STYLED_ITEM('',(#1497),#1495);
#1501=DIRECTION('',(0.E0,0.E0,1.E0));
#1502=VECTOR('',#1501,6.170946574887E1);
#1503=CARTESIAN_POINT('',(2.052227161281E1,-5.E0,-3.085473287443E1));
#1504=LINE('',#1503,#1502);
#1506=CURVE_STYLE('',#24,POSITIVE_LENGTH_MEASURE(2.E-2),#1);
#1507=PRESENTATION_STYLE_ASSIGNMENT((#1506));
#1508=STYLED_ITEM('',(#1507),#1505);
#1510=CARTESIAN_POINT('',(4.E0,-5.E0,0.E0));
#1511=DIRECTION('',(0.E0,-1.E0,0.E0));
#1512=DIRECTION('',(4.720649032230E-1,0.E0,8.815637964124E-1));
#1513=AXIS2_PLACEMENT_3D('',#1510,#1511,#1512);
#1516=CURVE_STYLE('',#24,POSITIVE_LENGTH_MEASURE(2.E-2),#1);
#1517=PRESENTATION_STYLE_ASSIGNMENT((#1516));
#1518=STYLED_ITEM('',(#1517),#1515);
#1520=CARTESIAN_POINT('',(3.865794601552E1,-5.E0,5.163620824820E-14));
#1521=DIRECTION('',(0.E0,-1.E0,0.E0));
#1522=DIRECTION('',(-9.347390169145E-1,0.E0,3.553350113031E-1));
#1523=AXIS2_PLACEMENT_3D('',#1520,#1521,#1522);
#1526=CURVE_STYLE('',#24,POSITIVE_LENGTH_MEASURE(2.E-2),#1);
#1527=PRESENTATION_STYLE_ASSIGNMENT((#1526));
#1528=STYLED_ITEM('',(#1527),#1525);
#1530=CARTESIAN_POINT('',(4.E0,-5.E0,0.E0));
#1531=DIRECTION('',(0.E0,-1.E0,0.E0));
#1532=DIRECTION('',(-7.499350967770E-1,0.E0,-6.615114138261E-1));
#1533=AXIS2_PLACEMENT_3D('',#1530,#1531,#1532);
#1536=CURVE_STYLE('',#24,POSITIVE_LENGTH_MEASURE(2.E-2),#1);
#1537=PRESENTATION_STYLE_ASSIGNMENT((#1536));
#1538=STYLED_ITEM('',(#1537),#1535);
#1541=PRESENTATION_LAYER_ASSIGNMENT('_26_BEZUGSACHSEN','',(#1079,#1166,#1174,
#1203,#1253,#1348,#1447,#1455));
#1542=PRESENTATION_LAYER_ASSIGNMENT('_27_BEZUGSEBENEN','',(#1057,#1062,#1067));
#1543=PRESENTATION_LAYER_ASSIGNMENT('_29_KOORDINATENSYSTEME','',(#1071));
#1544=PRESENTATION_LAYER_ASSIGNMENT('_00_PRT_START_FEATURES','',(#1057,#1062,
#1067,#1071,#1079));
#1545=PRESENTATION_LAYER_ASSIGNMENT('SHELL','',(#18));
#1546=PRESENTATION_LAYER_ASSIGNMENT('.BLACK_HOLE','',(#1087,#1092,#1097,#1118,
#1140,#1161,#1198,#1227,#1248,#1301,#1322,#1343,#1372,#1393,#1414,#1442,#1479,
#1500,#1540));
#1547=PRESENTATION_LAYER_ASSIGNMENT('_21_KURVEN','',(#1118,#1140,#1161,#1198,
#1227,#1248,#1301,#1322,#1343,#1372,#1393,#1414,#1442,#1479,#1500,#1540));
#1548=PRESENTATION_LAYER_ASSIGNMENT('_30_VOLUMEN','',(#1166,#1174,#1253,#1419,
#1447,#1455));
#1549=PRESENTATION_LAYER_ASSIGNMENT('_34_BOHRUNGEN','',(#1447,#1455));
#1550=INVISIBILITY((#1546));
#1553=PLANE_ANGLE_MEASURE_WITH_UNIT(PLANE_ANGLE_MEASURE(1.745329251994E-2),
#1552);
#1554=(CONVERSION_BASED_UNIT('DEGREE',#1553)NAMED_UNIT(*)PLANE_ANGLE_UNIT());
#1556=UNCERTAINTY_MEASURE_WITH_UNIT(LENGTH_MEASURE(1.E-2),#1551,'closure',
'Maximum model space distance between geometric entities at asserted connectivities');
#1119=GEOMETRIC_CURVE_SET('816',(#1118,#1140,#1161,#1198,#1227,#1248,#1301,
#1322,#1343,#1372,#1393,#1414,#1442,#1479,#1500,#1540));
#1561=CARTESIAN_POINT('',(0.E0,0.E0,0.E0));
#1562=DIRECTION('',(0.E0,0.E0,1.E0));
#1563=DIRECTION('',(1.E0,0.E0,0.E0));
#1566=SHAPE_REPRESENTATION_RELATIONSHIP('','',#1565,#1558);
#1567=SHAPE_REPRESENTATION_RELATIONSHIP('','',#1565,#1559);
#1568=CONSTRUCTIVE_GEOMETRY_REPRESENTATION_RELATIONSHIP('','',#1565,#1560);
#1569=MECHANICAL_DESIGN_GEOMETRIC_PRESENTATION_REPRESENTATION('',(#27,#35,#42,
#58,#79,#95,#103,#111,#119,#127,#134,#142,#150,#158,#166,#173,#180,#188,#196,
#204,#212,#220,#228,#236,#244,#252,#260,#268,#276,#283,#290,#297,#304,#311,#318,
#325,#332,#339,#346,#354,#362,#370,#377,#385,#392,#400,#408,#415,#422,#429,#437,
#445,#453,#461,#468,#475,#496,#517,#525,#533,#540,#547,#554,#18,#1074,#1082,
#1106,#1116,#1128,#1138,#1149,#1159,#1169,#1177,#1186,#1196,#1206,#1215,#1225,
#1236,#1246,#1256,#1277,#1299,#1310,#1320,#1331,#1341,#1351,#1360,#1370,#1381,
#1391,#1402,#1412,#1422,#1430,#1440,#1450,#1458,#1467,#1477,#1488,#1498,#1508,
#1518,#1528,#1538),#1557);
#1570=APPLICATION_CONTEXT('automotive design');
#1571=APPLICATION_PROTOCOL_DEFINITION('international standard',
'config_control_design',1994,#1570);
#1572=PRODUCT_DEFINITION_CONTEXT('',#1570,'design');
#1573=PRODUCT_CONTEXT('',#1570,'mechanical');
#1574=PRODUCT('BEAKER_LID','BEAKER_LID','NOT SPECIFIED',(#1573));
#1575=PRODUCT_DEFINITION_FORMATION_WITH_SPECIFIED_SOURCE('7','LAST_VERSION',
#1574,.MADE.);
#1583=DERIVED_UNIT_ELEMENT(#1582,-3.E0);
#1585=DERIVED_UNIT_ELEMENT(#1584,1.E0);
#1586=DERIVED_UNIT((#1583,#1585));
#1587=MEASURE_REPRESENTATION_ITEM('density measure',POSITIVE_RATIO_MEASURE(
7.85E-6),#1586);
#1591=DESCRIPTIVE_REPRESENTATION_ITEM('STAHL_ALLGEMEIN','');
#1600=DERIVED_UNIT_ELEMENT(#1599,2.E0);
#1601=AREA_UNIT((#1600));
#1602=MEASURE_REPRESENTATION_ITEM('surface area measure',AREA_MEASURE(
2.110380629654E4),#1601);
#1607=DERIVED_UNIT_ELEMENT(#1606,3.E0);
#1608=VOLUME_UNIT((#1607));
#1609=MEASURE_REPRESENTATION_ITEM('volume measure',VOLUME_MEASURE(
4.712683912346E4),#1608);
#1613=CARTESIAN_POINT('centre point',(-1.623669275263E0,3.055678676907E0,
6.694092265356E-7));
#1618=DERIVED_UNIT_ELEMENT(#1617,2.E0);
#1619=AREA_UNIT((#1618));
#1620=MEASURE_REPRESENTATION_ITEM('surface area measure',AREA_MEASURE(
2.110380629654E4),#1619);
#1625=DERIVED_UNIT_ELEMENT(#1624,3.E0);
#1626=VOLUME_UNIT((#1625));
#1627=MEASURE_REPRESENTATION_ITEM('volume measure',VOLUME_MEASURE(
4.712683912346E4),#1626);
#1631=CARTESIAN_POINT('centre point',(-1.623669275263E0,3.055678676907E0,
6.694092265356E-7));
#1635=PRODUCT_CONTEXT('',#1570,'mechanical');
#1636=PRODUCT('STAHL_ALLGEMEIN','allgemeiner Stahl','NOT SPECIFIED',(#1635));
#1637=PRODUCT_DEFINITION_FORMATION_WITH_SPECIFIED_SOURCE('','LAST_VERSION',
#1636,.MADE.);
#1640=DIMENSIONAL_EXPONENTS(0.E0,0.E0,0.E0,0.E0,0.E0,0.E0,0.E0);
#1641=NAMED_UNIT(#1640);
#1642=MEASURE_WITH_UNIT(COUNT_MEASURE(1.E0),#1641);
#1644=DERIVED_UNIT_ELEMENT(#1643,-3.E0);
#1646=DERIVED_UNIT_ELEMENT(#1645,1.E0);
#1647=DERIVED_UNIT((#1644,#1646));
#1648=MEASURE_REPRESENTATION_ITEM('density measure',POSITIVE_RATIO_MEASURE(
7.85E-6),#1647);
#1653=DRAUGHTING_MODEL('Default',(#1667,#1669,#1671,#1682,#1683),#1557);
#1654=CARTESIAN_POINT('',(0.E0,0.E0,0.E0));
#1655=DIRECTION('',(0.E0,0.E0,1.E0));
#1656=DIRECTION('',(1.E0,0.E0,0.E0));
#1657=AXIS2_PLACEMENT_3D('',#1654,#1655,#1656);
#1658=REPRESENTATION_MAP(#1657,#1565);
#1659=MAPPED_ITEM('',#1658,#1657);
#1660=PRESENTATION_STYLE_ASSIGNMENT((.NULL.));
#1661=STYLED_ITEM('',(#1660),#1659);
#1662=DRAUGHTING_MODEL('',(#1657,#1659,#1661),#1557);
#1663=MECHANICAL_DESIGN_AND_DRAUGHTING_RELATIONSHIP('','',#1653,#1662);
#1664=CARTESIAN_POINT('',(0.E0,0.E0,0.E0));
#1665=DIRECTION('',(0.E0,0.E0,1.E0));
#1666=DIRECTION('',(1.E0,0.E0,0.E0));
#1667=AXIS2_PLACEMENT_3D('',#1664,#1665,#1666);
#1668=REPRESENTATION_MAP(#1667,#1565);
#1669=MAPPED_ITEM('',#1668,#1667);
#1670=PRESENTATION_STYLE_ASSIGNMENT((.NULL.));
#1671=STYLED_ITEM('',(#1670),#1669);
#1672=CARTESIAN_POINT('',(0.E0,0.E0,0.E0));
#1673=CARTESIAN_POINT('',(-1.838170305073E2,-1.388343221906E2,
6.679436669834E2));
#1674=DIRECTION('',(0.E0,0.E0,1.E0));
#1675=DIRECTION('',(1.E0,0.E0,0.E0));
#1676=AXIS2_PLACEMENT_3D('',#1673,#1674,#1675);
#1678=VIEW_VOLUME(.PARALLEL.,#1672,6.679436669834E2,6.679436669834E2,.T.,0.E0,
.F.,.T.,#1677);
#1679=CARTESIAN_POINT('',(9.080281871853E1,4.516870115032E2,5.356735047937E2));
#1680=DIRECTION('',(-3.894183423087E-1,-7.214918620107E-1,-5.725406952575E-1));
#1681=DIRECTION('',(-9.210609940029E-1,3.050418666329E-1,2.420663234065E-1));
#1682=AXIS2_PLACEMENT_3D('',#1679,#1680,#1681);
#1683=CAMERA_MODEL_D3('DEFAULT',#1682,#1678);
#1685=GENERAL_PROPERTY('','CAD_APPROVED_BY','user defined attribute');
#1686=GENERAL_PROPERTY_ASSOCIATION('user defined attribute','',#1685,#1684);
#1687=DESCRIPTIVE_REPRESENTATION_ITEM('CAD_APPROVED_BY','-');
#1691=GENERAL_PROPERTY('','CAD_APPROVED_ON','user defined attribute');
#1692=GENERAL_PROPERTY_ASSOCIATION('user defined attribute','',#1691,#1690);
#1693=DESCRIPTIVE_REPRESENTATION_ITEM('CAD_APPROVED_ON','jjjj-mm-dd');
#1697=GENERAL_PROPERTY('','CAD_CHANGE_NO','user defined attribute');
#1698=GENERAL_PROPERTY_ASSOCIATION('user defined attribute','',#1697,#1696);
#1699=DESCRIPTIVE_REPRESENTATION_ITEM('CAD_CHANGE_NO','-');
#1703=GENERAL_PROPERTY('','CAD_CHANGE_TEXT','user defined attribute');
#1704=GENERAL_PROPERTY_ASSOCIATION('user defined attribute','',#1703,#1702);
#1705=DESCRIPTIVE_REPRESENTATION_ITEM('CAD_CHANGE_TEXT','-');
#1709=GENERAL_PROPERTY('','CAD_CREATED_BY','user defined attribute');
#1710=GENERAL_PROPERTY_ASSOCIATION('user defined attribute','',#1709,#1708);
#1711=DESCRIPTIVE_REPRESENTATION_ITEM('CAD_CREATED_BY','-');
#1715=GENERAL_PROPERTY('','CAD_CREATED_ON','user defined attribute');
#1716=GENERAL_PROPERTY_ASSOCIATION('user defined attribute','',#1715,#1714);
#1717=DESCRIPTIVE_REPRESENTATION_ITEM('CAD_CREATED_ON','jjjj-mm-dd');
#1721=GENERAL_PROPERTY('','CAD_LIFECYCLE_STATE','user defined attribute');
#1722=GENERAL_PROPERTY_ASSOCIATION('user defined attribute','',#1721,#1720);
#1723=DESCRIPTIVE_REPRESENTATION_ITEM('CAD_LIFECYCLE_STATE','-');
#1727=GENERAL_PROPERTY('','CAD_MODIFIED_BY','user defined attribute');
#1728=GENERAL_PROPERTY_ASSOCIATION('user defined attribute','',#1727,#1726);
#1729=DESCRIPTIVE_REPRESENTATION_ITEM('CAD_MODIFIED_BY','-');
#1733=GENERAL_PROPERTY('','CAD_MODIFIED_ON','user defined attribute');
#1734=GENERAL_PROPERTY_ASSOCIATION('user defined attribute','',#1733,#1732);
#1735=DESCRIPTIVE_REPRESENTATION_ITEM('CAD_MODIFIED_ON','jjjj-mm-dd');
#1739=GENERAL_PROPERTY('','CAD_REVISION','user defined attribute');
#1740=GENERAL_PROPERTY_ASSOCIATION('user defined attribute','',#1739,#1738);
#1741=DESCRIPTIVE_REPRESENTATION_ITEM('CAD_REVISION','-');
#1745=GENERAL_PROPERTY('','DEPARTMENT','user defined attribute');
#1746=GENERAL_PROPERTY_ASSOCIATION('user defined attribute','',#1745,#1744);
#1747=DESCRIPTIVE_REPRESENTATION_ITEM('DEPARTMENT','DEV');
#1751=GENERAL_PROPERTY('','DESCRIPTION_1_DE','user defined attribute');
#1752=GENERAL_PROPERTY_ASSOCIATION('user defined attribute','',#1751,#1750);
#1753=DESCRIPTIVE_REPRESENTATION_ITEM('DESCRIPTION_1_DE','-');
#1757=GENERAL_PROPERTY('','DESCRIPTION_1_EN','user defined attribute');
#1758=GENERAL_PROPERTY_ASSOCIATION('user defined attribute','',#1757,#1756);
#1759=DESCRIPTIVE_REPRESENTATION_ITEM('DESCRIPTION_1_EN','-');
#1763=GENERAL_PROPERTY('','DESCRIPTION_2_DE','user defined attribute');
#1764=GENERAL_PROPERTY_ASSOCIATION('user defined attribute','',#1763,#1762);
#1765=DESCRIPTIVE_REPRESENTATION_ITEM('DESCRIPTION_2_DE','-');
#1769=GENERAL_PROPERTY('','DESCRIPTION_2_EN','user defined attribute');
#1770=GENERAL_PROPERTY_ASSOCIATION('user defined attribute','',#1769,#1768);
#1771=DESCRIPTIVE_REPRESENTATION_ITEM('DESCRIPTION_2_EN','-');
#1775=GENERAL_PROPERTY('','DRAWING_NO','user defined attribute');
#1776=GENERAL_PROPERTY_ASSOCIATION('user defined attribute','',#1775,#1774);
#1777=DESCRIPTIVE_REPRESENTATION_ITEM('DRAWING_NO','-');
#1781=GENERAL_PROPERTY('','MC_CHECKTYPE','user defined attribute');
#1782=GENERAL_PROPERTY_ASSOCIATION('user defined attribute','',#1781,#1780);
#1783=DESCRIPTIVE_REPRESENTATION_ITEM('MC_CHECKTYPE','SUT_INT_DE');
#1787=GENERAL_PROPERTY('','COATING','user defined attribute');
#1788=GENERAL_PROPERTY_ASSOCIATION('user defined attribute','',#1787,#1786);
#1789=DESCRIPTIVE_REPRESENTATION_ITEM('COATING','-');
#1793=GENERAL_PROPERTY('','COLORING','user defined attribute');
#1794=GENERAL_PROPERTY_ASSOCIATION('user defined attribute','',#1793,#1792);
#1795=DESCRIPTIVE_REPRESENTATION_ITEM('COLORING','-');
#1799=GENERAL_PROPERTY('','DESC_SEMIFINISHED','user defined attribute');
#1800=GENERAL_PROPERTY_ASSOCIATION('user defined attribute','',#1799,#1798);
#1801=DESCRIPTIVE_REPRESENTATION_ITEM('DESC_SEMIFINISHED','-');
#1805=GENERAL_PROPERTY('','DIMENSION','user defined attribute');
#1806=GENERAL_PROPERTY_ASSOCIATION('user defined attribute','',#1805,#1804);
#1807=DESCRIPTIVE_REPRESENTATION_ITEM('DIMENSION','-');
#1811=GENERAL_PROPERTY('','HARDNESS','user defined attribute');
#1812=GENERAL_PROPERTY_ASSOCIATION('user defined attribute','',#1811,#1810);
#1813=DESCRIPTIVE_REPRESENTATION_ITEM('HARDNESS','-');
#1817=GENERAL_PROPERTY('','MASS','user defined attribute');
#1818=GENERAL_PROPERTY_ASSOCIATION('user defined attribute','',#1817,#1816);
#1819=REAL_REPRESENTATION_ITEM('MASS',3.69E-1);
#1823=GENERAL_PROPERTY('','MATERIAL','user defined attribute');
#1824=GENERAL_PROPERTY_ASSOCIATION('user defined attribute','',#1823,#1822);
#1825=DESCRIPTIVE_REPRESENTATION_ITEM('MATERIAL','Stahl allg.');
#1829=GENERAL_PROPERTY('','PART_NO','user defined attribute');
#1830=GENERAL_PROPERTY_ASSOCIATION('user defined attribute','',#1829,#1828);
#1831=DESCRIPTIVE_REPRESENTATION_ITEM('PART_NO','-');
#1835=GENERAL_PROPERTY('','PART_NO_SEMIFINISHED','user defined attribute');
#1836=GENERAL_PROPERTY_ASSOCIATION('user defined attribute','',#1835,#1834);
#1837=DESCRIPTIVE_REPRESENTATION_ITEM('PART_NO_SEMIFINISHED','-');
#1841=GENERAL_PROPERTY('','STANDARD','user defined attribute');
#1842=GENERAL_PROPERTY_ASSOCIATION('user defined attribute','',#1841,#1840);
#1843=DESCRIPTIVE_REPRESENTATION_ITEM('STANDARD','-');
#1847=GENERAL_PROPERTY('','STANDARD_DIMENSION','user defined attribute');
#1848=GENERAL_PROPERTY_ASSOCIATION('user defined attribute','',#1847,#1846);
#1849=DESCRIPTIVE_REPRESENTATION_ITEM('STANDARD_DIMENSION','DIN EN ISO 14405');
#1853=GENERAL_PROPERTY('','STANDARD_EDGE','user defined attribute');
#1854=GENERAL_PROPERTY_ASSOCIATION('user defined attribute','',#1853,#1852);
#1855=DESCRIPTIVE_REPRESENTATION_ITEM('STANDARD_EDGE','ISO 13715');
#1859=GENERAL_PROPERTY('','STANDARD_INFO_DE','user defined attribute');
#1860=GENERAL_PROPERTY_ASSOCIATION('user defined attribute','',#1859,#1858);
#1861=DESCRIPTIVE_REPRESENTATION_ITEM('STANDARD_INFO_DE','-');
#1865=GENERAL_PROPERTY('','STANDARD_INFO_EN','user defined attribute');
#1866=GENERAL_PROPERTY_ASSOCIATION('user defined attribute','',#1865,#1864);
#1867=DESCRIPTIVE_REPRESENTATION_ITEM('STANDARD_INFO_EN','-');
#1871=GENERAL_PROPERTY('','STANDARD_SURFACE','user defined attribute');
#1872=GENERAL_PROPERTY_ASSOCIATION('user defined attribute','',#1871,#1870);
#1873=DESCRIPTIVE_REPRESENTATION_ITEM('STANDARD_SURFACE','ISO 1302');
#1877=GENERAL_PROPERTY('','STANDARD_TOL_CLASS','user defined attribute');
#1878=GENERAL_PROPERTY_ASSOCIATION('user defined attribute','',#1877,#1876);
#1879=DESCRIPTIVE_REPRESENTATION_ITEM('STANDARD_TOL_CLASS','ISO 2768-mK');
#1883=GENERAL_PROPERTY('','SUPPLIER','user defined attribute');
#1884=GENERAL_PROPERTY_ASSOCIATION('user defined attribute','',#1883,#1882);
#1885=DESCRIPTIVE_REPRESENTATION_ITEM('SUPPLIER','-');
#1889=GENERAL_PROPERTY('','CLASSIFICATION','user defined attribute');
#1890=GENERAL_PROPERTY_ASSOCIATION('user defined attribute','',#1889,#1888);
#1891=DESCRIPTIVE_REPRESENTATION_ITEM('CLASSIFICATION','FERTIGUNG');
#1895=GENERAL_PROPERTY('','CATEGORY','user defined attribute');
#1896=GENERAL_PROPERTY_ASSOCIATION('user defined attribute','',#1895,#1894);
#1897=INTEGER_REPRESENTATION_ITEM('CATEGORY',1);
#1901=GENERAL_PROPERTY('','PROJECT','user defined attribute');
#1902=GENERAL_PROPERTY_ASSOCIATION('user defined attribute','',#1901,#1900);
#1903=DESCRIPTIVE_REPRESENTATION_ITEM('PROJECT','-');
#1907=GENERAL_PROPERTY('','PROJECT_NO','user defined attribute');
#1908=GENERAL_PROPERTY_ASSOCIATION('user defined attribute','',#1907,#1906);
#1909=DESCRIPTIVE_REPRESENTATION_ITEM('PROJECT_NO','-');
#1913=GENERAL_PROPERTY('','ORDER_CODE','user defined attribute');
#1914=GENERAL_PROPERTY_ASSOCIATION('user defined attribute','',#1913,#1912);
#1915=DESCRIPTIVE_REPRESENTATION_ITEM('ORDER_CODE','-');
#1919=GENERAL_PROPERTY('','STANDARD_WELDING','user defined attribute');
#1920=GENERAL_PROPERTY_ASSOCIATION('user defined attribute','',#1919,#1918);
#1921=DESCRIPTIVE_REPRESENTATION_ITEM('STANDARD_WELDING','ISO 9692');
#1925=GENERAL_PROPERTY('','CUSTOMER','user defined attribute');
#1926=GENERAL_PROPERTY_ASSOCIATION('user defined attribute','',#1925,#1924);
#1927=DESCRIPTIVE_REPRESENTATION_ITEM('CUSTOMER','-');
#1931=GENERAL_PROPERTY('','HEAT_TREATMENT','user defined attribute');
#1932=GENERAL_PROPERTY_ASSOCIATION('user defined attribute','',#1931,#1930);
#1933=DESCRIPTIVE_REPRESENTATION_ITEM('HEAT_TREATMENT','-');
#1937=GENERAL_PROPERTY('','PTC_VAL_IMP_PART_STATUS','user defined attribute');
#1938=GENERAL_PROPERTY_ASSOCIATION('user defined attribute','',#1937,#1936);
#1939=DESCRIPTIVE_REPRESENTATION_ITEM('PTC_VAL_IMP_PART_STATUS','OK');
#1943=GENERAL_PROPERTY('','PTC_VAL_IMP_SCORE','user defined attribute');
#1944=GENERAL_PROPERTY_ASSOCIATION('user defined attribute','',#1943,#1942);
#1945=DESCRIPTIVE_REPRESENTATION_ITEM('PTC_VAL_IMP_SCORE','PASS');
#1949=GENERAL_PROPERTY('','CAD_SYSTEM','user defined attribute');
#1950=GENERAL_PROPERTY_ASSOCIATION('user defined attribute','',#1949,#1948);
#1951=DESCRIPTIVE_REPRESENTATION_ITEM('CAD_SYSTEM','SOLIDWORKS_PART');
#1955=GENERAL_PROPERTY('','DEX_MASTER','user defined attribute');
#1956=GENERAL_PROPERTY_ASSOCIATION('user defined attribute','',#1955,#1954);
#1957=DESCRIPTIVE_REPRESENTATION_ITEM('DEX_MASTER','Deckel_Becherglas');
#1961=GENERAL_PROPERTY('','MODEL_VERSION','user defined attribute');
#1962=GENERAL_PROPERTY_ASSOCIATION('user defined attribute','',#1961,#1960);
#1963=DESCRIPTIVE_REPRESENTATION_ITEM('MODEL_VERSION','N/A');
#1967=GENERAL_PROPERTY('','MODEL_DATE','user defined attribute');
#1968=GENERAL_PROPERTY_ASSOCIATION('user defined attribute','',#1967,#1966);
#1969=DESCRIPTIVE_REPRESENTATION_ITEM('MODEL_DATE','06/05/2026 13:27:28');
#1973=GENERAL_PROPERTY('','TIM_STATUS','user defined attribute');
#1974=GENERAL_PROPERTY_ASSOCIATION('user defined attribute','',#1973,#1972);
#1975=DESCRIPTIVE_REPRESENTATION_ITEM('TIM_STATUS','Aktuell');
#1979=GENERAL_PROPERTY('','REF_LINK','user defined attribute');
#1980=GENERAL_PROPERTY_ASSOCIATION('user defined attribute','',#1979,#1978);
#1981=DESCRIPTIVE_REPRESENTATION_ITEM('REF_LINK',
'z:\\PJ1\\PJ_NEU\\Halterung\\Halterung\\Deckel_Becherglas.SLDPRT');
#1985=GENERAL_PROPERTY('','NATIVE_NAME','user defined attribute');
#1986=GENERAL_PROPERTY_ASSOCIATION('user defined attribute','',#1985,#1984);
#1987=DESCRIPTIVE_REPRESENTATION_ITEM('NATIVE_NAME','Deckel_Becherglas');
#1991=GENERAL_PROPERTY('','PTC_MP_VAL_IMP_VOLUME','user defined attribute');
#1992=GENERAL_PROPERTY_ASSOCIATION('user defined attribute','',#1991,#1990);
#1994=DERIVED_UNIT_ELEMENT(#1993,3.E0);
#1995=VOLUME_UNIT((#1994));
#1996=MEASURE_REPRESENTATION_ITEM('PTC_MP_VAL_IMP_VOLUME',VOLUME_MEASURE(
4.110127616186E4),#1995);
#2000=GENERAL_PROPERTY('','PTC_MP_VAL_IMP_AREA','user defined attribute');
#2001=GENERAL_PROPERTY_ASSOCIATION('user defined attribute','',#2000,#1999);
#2003=DERIVED_UNIT_ELEMENT(#2002,2.E0);
#2004=AREA_UNIT((#2003));
#2005=MEASURE_REPRESENTATION_ITEM('PTC_MP_VAL_IMP_AREA',AREA_MEASURE(
2.286423057757E4),#2004);
#2009=GENERAL_PROPERTY('','PTC_MP_VAL_IMP_COGX','user defined attribute');
#2010=GENERAL_PROPERTY_ASSOCIATION('user defined attribute','',#2009,#2008);
#2012=MEASURE_REPRESENTATION_ITEM('PTC_MP_VAL_IMP_COGX',LENGTH_MEASURE(
-1.145986370167E0),#2011);
#2016=GENERAL_PROPERTY('','PTC_MP_VAL_IMP_COGY','user defined attribute');
#2017=GENERAL_PROPERTY_ASSOCIATION('user defined attribute','',#2016,#2015);
#2019=MEASURE_REPRESENTATION_ITEM('PTC_MP_VAL_IMP_COGY',LENGTH_MEASURE(
3.663374809898E0),#2018);
#2023=GENERAL_PROPERTY('','PTC_MP_VAL_IMP_COGZ','user defined attribute');
#2024=GENERAL_PROPERTY_ASSOCIATION('user defined attribute','',#2023,#2022);
#2026=MEASURE_REPRESENTATION_ITEM('PTC_MP_VAL_IMP_COGZ',LENGTH_MEASURE(
1.916862371168E-7),#2025);
#2030=GENERAL_PROPERTY('','PTC_COMMON_NAME','user defined attribute');
#2031=GENERAL_PROPERTY_ASSOCIATION('user defined attribute','',#2030,#2029);
#2032=DESCRIPTIVE_REPRESENTATION_ITEM('PTC_COMMON_NAME',
'deckel_becherglas_v3.prt');
#2036=GENERAL_PROPERTY('','PTC_MASTER_MATERIAL','user defined attribute');
#2037=GENERAL_PROPERTY_ASSOCIATION('user defined attribute','',#2036,#2035);
#2038=DESCRIPTIVE_REPRESENTATION_ITEM('PTC_MASTER_MATERIAL','STAHL_ALLGEMEIN');
#1=COLOUR_RGB('',0.E0,7.450980392157E-1,9.215686274510E-1);
#2=DRAUGHTING_PRE_DEFINED_COLOUR('green');
#3=COLOUR_RGB('',1.1E-2,1.2E-2,1.E0);
#4=COLOUR_RGB('',2.156862745098E-1,0.E0,3.725490196078E-1);
#5=COLOUR_RGB('',4.1E-1,2.61589E-1,1.12848E-1);
#6=COLOUR_RGB('',4.705882352941E-1,3.137254901961E-1,3.333333333333E-1);
#7=COLOUR_RGB('',5.04854E-1,1.5455E-2,1.5455E-2);
#8=COLOUR_RGB('',6.35294E-1,6.86275E-1,7.4902E-1);
#9=COLOUR_RGB('',6.40777E-1,6.40777E-1,6.40777E-1);
#10=COLOUR_RGB('',6.69062E-1,6.69903E-1,6.55217E-1);
#11=COLOUR_RGB('',7.921568627451E-1,8.196078431373E-1,9.333333333333E-1);
#12=COLOUR_RGB('',9.21569E-1,7.05882E-1,4.70588E-1);
#13=DRAUGHTING_PRE_DEFINED_COLOUR('red');
#14=DRAUGHTING_PRE_DEFINED_COLOUR('yellow');
#15=COLOUR_RGB('',1.E0,1.E0,5.3E-1);
#16=COLOUR_RGB('',1.E0,1.E0,9.49E-1);
#17=DRAUGHTING_PRE_DEFINED_COLOUR('white');
#23=CIRCLE('2117',#22,4.29E1);
#32=CIRCLE('2118',#31,4.29E1);
#55=B_SPLINE_CURVE_WITH_KNOTS('1001',3,(#43,#44,#45,#46,#47,#48,#49,#50,#51,#52,
#53,#54),.UNSPECIFIED.,.F.,.F.,(4,1,1,1,1,1,1,1,1,4),(0.E0,2.5E-1,3.75E-1,5.E-1,
6.25E-1,7.5E-1,8.125E-1,8.75E-1,9.375E-1,1.E0),.UNSPECIFIED.);
#76=B_SPLINE_CURVE_WITH_KNOTS('1002',3,(#59,#60,#61,#62,#63,#64,#65,#66,#67,#68,
#69,#70,#71,#72,#73,#74,#75),.UNSPECIFIED.,.F.,.F.,(4,1,1,1,1,1,1,1,1,1,1,1,1,1,
4),(0.E0,1.25E-1,2.5E-1,3.125E-1,3.75E-1,4.375E-1,4.6875E-1,5.E-1,5.3125E-1,
5.625E-1,6.25E-1,6.875E-1,7.5E-1,8.75E-1,1.E0),.UNSPECIFIED.);
#92=B_SPLINE_CURVE_WITH_KNOTS('1000',3,(#80,#81,#82,#83,#84,#85,#86,#87,#88,#89,
#90,#91),.UNSPECIFIED.,.F.,.F.,(4,1,1,1,1,1,1,1,1,4),(0.E0,6.25E-2,1.25E-1,
1.875E-1,2.5E-1,3.75E-1,5.E-1,6.25E-1,7.5E-1,1.E0),.UNSPECIFIED.);
#100=CIRCLE('1200',#99,1.6E0);
#108=CIRCLE('1201',#107,1.6E0);
#116=CIRCLE('1234',#115,1.6E0);
#124=CIRCLE('1235',#123,1.6E0);
#139=CIRCLE('682',#138,4.5E1);
#147=CIRCLE('684',#146,4.5E1);
#155=CIRCLE('2134',#154,4.29E1);
#163=CIRCLE('2135',#162,4.29E1);
#185=CIRCLE('1248',#184,4.5E1);
#193=CIRCLE('1249',#192,4.5E1);
#201=CIRCLE('2290',#200,1.6E0);
#209=CIRCLE('2291',#208,1.6E0);
#217=CIRCLE('2293',#216,1.6E0);
#225=CIRCLE('2294',#224,1.6E0);
#233=CIRCLE('2341',#232,3.5E1);
#241=CIRCLE('2342',#240,6.515794601552E1);
#249=CIRCLE('2346',#248,3.5E0);
#257=CIRCLE('2345',#256,3.5E0);
#265=CIRCLE('2343',#264,6.515794601552E1);
#273=CIRCLE('2344',#272,3.5E1);
#351=CIRCLE('2322',#350,3.5E1);
#359=CIRCLE('2321',#358,6.515794601552E1);
#367=CIRCLE('2320',#366,3.5E1);
#382=CIRCLE('2336',#381,3.E1);
#397=CIRCLE('2246',#396,3.E1);
#405=CIRCLE('2240',#404,3.E1);
#434=CIRCLE('1116',#433,3.5E0);
#442=CIRCLE('1117',#441,3.5E0);
#450=CIRCLE('1126',#449,3.15E0);
#458=CIRCLE('1127',#457,3.15E0);
#493=B_SPLINE_CURVE_WITH_KNOTS('994',3,(#476,#477,#478,#479,#480,#481,#482,#483,
#484,#485,#486,#487,#488,#489,#490,#491,#492),.UNSPECIFIED.,.F.,.F.,(4,1,1,1,1,
1,1,1,1,1,1,1,1,1,4),(0.E0,1.25E-1,2.5E-1,3.125E-1,3.75E-1,4.375E-1,4.6875E-1,
5.E-1,5.3125E-1,5.625E-1,6.25E-1,6.875E-1,7.5E-1,8.75E-1,1.E0),.UNSPECIFIED.);
#514=B_SPLINE_CURVE_WITH_KNOTS('995',3,(#497,#498,#499,#500,#501,#502,#503,#504,
#505,#506,#507,#508,#509,#510,#511,#512,#513),.UNSPECIFIED.,.F.,.F.,(4,1,1,1,1,
1,1,1,1,1,1,1,1,1,4),(0.E0,1.25E-1,2.5E-1,3.125E-1,3.75E-1,4.375E-1,4.6875E-1,
5.E-1,5.3125E-1,5.625E-1,6.25E-1,6.875E-1,7.5E-1,8.75E-1,1.E0),.UNSPECIFIED.);
#522=CIRCLE('1081',#521,3.15E0);
#530=CIRCLE('1082',#529,3.15E0);
#637=EDGE_CURVE('2117',#602,#603,#23,.T.);
#639=EDGE_CURVE('2118',#603,#602,#32,.T.);
#643=EDGE_CURVE('2246',#598,#562,#397,.T.);
#645=EDGE_CURVE('2079',#598,#599,#39,.T.);
#647=EDGE_CURVE('2240',#562,#599,#405,.T.);
#649=EDGE_CURVE('1001',#562,#563,#55,.T.);
#651=EDGE_CURVE('1002',#563,#561,#76,.T.);
#653=EDGE_CURVE('1000',#561,#562,#92,.T.);
#657=EDGE_CURVE('1200',#578,#579,#100,.T.);
#659=EDGE_CURVE('1201',#579,#578,#108,.T.);
#663=EDGE_CURVE('1234',#587,#591,#116,.T.);
#665=EDGE_CURVE('1235',#591,#587,#124,.T.);
#669=ADVANCED_FACE('753',(#642,#656,#662,#668),#636,.T.);
#675=EDGE_CURVE('2134',#606,#607,#155,.T.);
#677=EDGE_CURVE('2136',#606,#602,#131,.T.);
#680=EDGE_CURVE('2137',#607,#603,#551,.T.);
#684=ADVANCED_FACE('2123',(#683),#674,.F.);
#690=EDGE_CURVE('682',#557,#558,#139,.T.);
#692=EDGE_CURVE('684',#558,#557,#147,.T.);
#697=EDGE_CURVE('2135',#607,#606,#163,.T.);
#701=ADVANCED_FACE('762',(#695,#700),#689,.T.);
#707=EDGE_CURVE('2275',#558,#594,#170,.T.);
#709=EDGE_CURVE('1248',#594,#595,#185,.T.);
#711=EDGE_CURVE('2276',#595,#557,#177,.T.);
#716=ADVANCED_FACE('767',(#715),#706,.T.);
#723=EDGE_CURVE('1249',#595,#594,#193,.T.);
#729=ADVANCED_FACE('768',(#728),#721,.T.);
#739=EDGE_CURVE('2290',#581,#583,#201,.T.);
#741=EDGE_CURVE('2291',#583,#581,#209,.T.);
#745=EDGE_CURVE('2293',#586,#590,#217,.T.);
#747=EDGE_CURVE('2294',#590,#586,#225,.T.);
#751=EDGE_CURVE('2357',#626,#631,#308,.T.);
#753=EDGE_CURVE('2341',#626,#627,#233,.T.);
#755=EDGE_CURVE('2342',#627,#611,#241,.T.);
#757=EDGE_CURVE('2346',#609,#611,#249,.T.);
#759=EDGE_CURVE('2345',#611,#609,#257,.T.);
#761=EDGE_CURVE('2343',#611,#629,#265,.T.);
#763=EDGE_CURVE('2344',#629,#631,#273,.T.);
#767=ADVANCED_FACE('832',(#738,#744,#750,#766),#734,.T.);
#774=EDGE_CURVE('1204',#581,#578,#280,.T.);
#777=EDGE_CURVE('1205',#583,#579,#287,.T.);
#781=ADVANCED_FACE('1194',(#780),#772,.F.);
#793=ADVANCED_FACE('1196',(#792),#786,.F.);
#799=EDGE_CURVE('1228',#586,#587,#294,.T.);
#802=EDGE_CURVE('1229',#590,#591,#301,.T.);
#807=ADVANCED_FACE('1220',(#806),#798,.F.);
#819=ADVANCED_FACE('1221',(#818),#812,.F.);
#826=EDGE_CURVE('2352',#631,#619,#315,.T.);
#828=EDGE_CURVE('2350',#619,#623,#343,.T.);
#830=EDGE_CURVE('2348',#599,#623,#412,.T.);
#833=EDGE_CURVE('2349',#622,#598,#389,.T.);
#835=EDGE_CURVE('2351',#622,#615,#374,.T.);
#837=EDGE_CURVE('2353',#626,#615,#336,.T.);
#841=ADVANCED_FACE('2027',(#840),#824,.T.);
#848=EDGE_CURVE('2355',#629,#617,#322,.T.);
#850=EDGE_CURVE('2322',#619,#617,#351,.T.);
#855=ADVANCED_FACE('2329',(#854),#846,.F.);
#862=EDGE_CURVE('2354',#627,#614,#329,.T.);
#864=EDGE_CURVE('2321',#617,#614,#359,.T.);
#870=ADVANCED_FACE('2327',(#869),#860,.F.);
#878=EDGE_CURVE('2320',#614,#615,#367,.T.);
#883=ADVANCED_FACE('2325',(#882),#875,.F.);
#889=EDGE_CURVE('2336',#622,#623,#382,.T.);
#898=ADVANCED_FACE('2318',(#897),#888,.T.);
#911=ADVANCED_FACE('773',(#910),#903,.F.);
#918=EDGE_CURVE('2269',#570,#611,#426,.T.);
#920=EDGE_CURVE('1116',#570,#571,#434,.T.);
#922=EDGE_CURVE('2268',#609,#571,#419,.T.);
#926=ADVANCED_FACE('856',(#925),#916,.F.);
#934=EDGE_CURVE('1117',#571,#570,#442,.T.);
#939=ADVANCED_FACE('854',(#938),#931,.F.);
#949=EDGE_CURVE('1126',#574,#575,#450,.T.);
#951=EDGE_CURVE('1127',#575,#574,#458,.T.);
#955=ADVANCED_FACE('1115',(#948,#954),#944,.T.);
#962=EDGE_CURVE('1129',#566,#575,#472,.T.);
#964=EDGE_CURVE('1081',#566,#567,#522,.T.);
#966=EDGE_CURVE('1128',#574,#567,#465,.T.);
#970=ADVANCED_FACE('763',(#969),#960,.F.);
#978=EDGE_CURVE('1082',#567,#566,#530,.T.);
#983=ADVANCED_FACE('764',(#982),#975,.F.);
#989=EDGE_CURVE('994',#559,#560,#493,.T.);
#991=EDGE_CURVE('995',#560,#559,#514,.T.);
#999=ADVANCED_FACE('993',(#994,#998),#988,.T.);
#1004=ELLIPSE('996',#1003,1.028513285794E1,4.E0);
#1009=EDGE_CURVE('1012',#561,#559,#537,.T.);
#1012=EDGE_CURVE('1013',#563,#560,#544,.T.);
#1017=ADVANCED_FACE('996',(#1016),#1007,.T.);
#1022=ELLIPSE('998',#1021,1.028513285794E1,4.E0);
#1032=ADVANCED_FACE('998',(#1031),#1025,.T.);
#1044=ADVANCED_FACE('2125',(#1043),#1037,.F.);
#1045=CLOSED_SHELL('',(#669,#684,#701,#716,#729,#767,#781,#793,#807,#819,#841,
#855,#870,#883,#898,#911,#926,#939,#955,#970,#983,#999,#1017,#1032,#1044));
#1046=MANIFOLD_SOLID_BREP('',#1045);
#1079=TRIMMED_CURVE('A_PRT_X',#1078,(PARAMETER_VALUE(0.E0)),(PARAMETER_VALUE(
1.E0)),.T.,.UNSPECIFIED.);
#1102=CIRCLE('818',#1101,3.5E0);
#1103=TRIMMED_CURVE('818',#1102,(PARAMETER_VALUE(1.8E2)),(PARAMETER_VALUE
(0.E0)),.F.,.UNSPECIFIED.);
#1107=COMPOSITE_CURVE_SEGMENT(.CONTINUOUS.,.T.,#1103);
#1112=CIRCLE('819',#1111,3.5E0);
#1113=TRIMMED_CURVE('819',#1112,(PARAMETER_VALUE(1.8E2)),(PARAMETER_VALUE
(0.E0)),.F.,.UNSPECIFIED.);
#1117=COMPOSITE_CURVE_SEGMENT(.CONTINUOUS.,.T.,#1113);
#1118=COMPOSITE_CURVE('816',(#1107,#1117),.F.);
#1124=CIRCLE('913',#1123,3.E1);
#1125=TRIMMED_CURVE('913',#1124,(PARAMETER_VALUE(1.8E2)),(PARAMETER_VALUE
(0.E0)),.F.,.UNSPECIFIED.);
#1129=COMPOSITE_CURVE_SEGMENT(.CONTINUOUS.,.T.,#1125);
#1134=CIRCLE('914',#1133,3.E1);
#1135=TRIMMED_CURVE('914',#1134,(PARAMETER_VALUE(1.8E2)),(PARAMETER_VALUE
(0.E0)),.F.,.UNSPECIFIED.);
#1139=COMPOSITE_CURVE_SEGMENT(.CONTINUOUS.,.T.,#1135);
#1140=COMPOSITE_CURVE('912',(#1129,#1139),.F.);
#1145=CIRCLE('1246',#1144,4.5E1);
#1146=TRIMMED_CURVE('1246',#1145,(PARAMETER_VALUE(0.E0)),(PARAMETER_VALUE
(1.8E2)),.T.,.UNSPECIFIED.);
#1150=COMPOSITE_CURVE_SEGMENT(.CONTINUOUS.,.T.,#1146);
#1155=CIRCLE('1247',#1154,4.5E1);
#1156=TRIMMED_CURVE('1247',#1155,(PARAMETER_VALUE(0.E0)),(PARAMETER_VALUE
(1.8E2)),.T.,.UNSPECIFIED.);
#1160=COMPOSITE_CURVE_SEGMENT(.CONTINUOUS.,.T.,#1156);
#1161=COMPOSITE_CURVE('1245',(#1150,#1160),.F.);
#1166=TRIMMED_CURVE('A_1',#1165,(PARAMETER_VALUE(0.E0)),(PARAMETER_VALUE(1.E0)),
.T.,.UNSPECIFIED.);
#1174=TRIMMED_CURVE('A_2',#1173,(PARAMETER_VALUE(0.E0)),(PARAMETER_VALUE(1.E0)),
.T.,.UNSPECIFIED.);
#1182=CIRCLE('2041',#1181,3.E1);
#1183=TRIMMED_CURVE('2041',#1182,(PARAMETER_VALUE(0.E0)),(PARAMETER_VALUE
(1.8E2)),.T.,.UNSPECIFIED.);
#1187=COMPOSITE_CURVE_SEGMENT(.CONTINUOUS.,.T.,#1183);
#1192=CIRCLE('2042',#1191,3.E1);
#1193=TRIMMED_CURVE('2042',#1192,(PARAMETER_VALUE(0.E0)),(PARAMETER_VALUE
(1.8E2)),.T.,.UNSPECIFIED.);
#1197=COMPOSITE_CURVE_SEGMENT(.CONTINUOUS.,.T.,#1193);
#1198=COMPOSITE_CURVE('2040',(#1187,#1197),.F.);
#1203=TRIMMED_CURVE('A_13',#1202,(PARAMETER_VALUE(0.E0)),(PARAMETER_VALUE
(1.E0)),.T.,.UNSPECIFIED.);
#1211=CIRCLE('930',#1210,4.E0);
#1212=TRIMMED_CURVE('930',#1211,(PARAMETER_VALUE(0.E0)),(PARAMETER_VALUE
(1.8E2)),.T.,.UNSPECIFIED.);
#1216=COMPOSITE_CURVE_SEGMENT(.CONTINUOUS.,.T.,#1212);
#1221=CIRCLE('931',#1220,4.E0);
#1222=TRIMMED_CURVE('931',#1221,(PARAMETER_VALUE(0.E0)),(PARAMETER_VALUE
(1.8E2)),.T.,.UNSPECIFIED.);
#1226=COMPOSITE_CURVE_SEGMENT(.CONTINUOUS.,.T.,#1222);
#1227=COMPOSITE_CURVE('928',(#1216,#1226),.F.);
#1232=CIRCLE('932',#1231,3.15E0);
#1233=TRIMMED_CURVE('932',#1232,(PARAMETER_VALUE(1.8E2)),(PARAMETER_VALUE
(0.E0)),.F.,.UNSPECIFIED.);
#1237=COMPOSITE_CURVE_SEGMENT(.CONTINUOUS.,.T.,#1233);
#1242=CIRCLE('933',#1241,3.15E0);
#1243=TRIMMED_CURVE('933',#1242,(PARAMETER_VALUE(1.8E2)),(PARAMETER_VALUE
(0.E0)),.F.,.UNSPECIFIED.);
#1247=COMPOSITE_CURVE_SEGMENT(.CONTINUOUS.,.T.,#1243);
#1248=COMPOSITE_CURVE('929',(#1237,#1247),.F.);
#1253=TRIMMED_CURVE('A_3',#1252,(PARAMETER_VALUE(0.E0)),(PARAMETER_VALUE(1.E0)),
.T.,.UNSPECIFIED.);
#1274=B_SPLINE_CURVE_WITH_KNOTS('985',3,(#1257,#1258,#1259,#1260,#1261,#1262,
#1263,#1264,#1265,#1266,#1267,#1268,#1269,#1270,#1271,#1272,#1273),
.UNSPECIFIED.,.F.,.F.,(4,1,1,1,1,1,1,1,1,1,1,1,1,1,4),(0.E0,1.25E-1,2.5E-1,
3.125E-1,3.75E-1,4.375E-1,4.6875E-1,5.E-1,5.3125E-1,5.625E-1,6.25E-1,6.875E-1,
7.5E-1,8.75E-1,1.E0),.UNSPECIFIED.);
#1278=COMPOSITE_CURVE_SEGMENT(.CONTINUOUS.,.T.,#1274);
#1296=B_SPLINE_CURVE_WITH_KNOTS('986',3,(#1279,#1280,#1281,#1282,#1283,#1284,
#1285,#1286,#1287,#1288,#1289,#1290,#1291,#1292,#1293,#1294,#1295),
.UNSPECIFIED.,.F.,.F.,(4,1,1,1,1,1,1,1,1,1,1,1,1,1,4),(0.E0,1.25E-1,2.5E-1,
3.125E-1,3.75E-1,4.375E-1,4.6875E-1,5.E-1,5.3125E-1,5.625E-1,6.25E-1,6.875E-1,
7.5E-1,8.75E-1,1.E0),.UNSPECIFIED.);
#1300=COMPOSITE_CURVE_SEGMENT(.CONTINUOUS.,.T.,#1296);
#1301=COMPOSITE_CURVE('984',(#1278,#1300),.F.);
#1306=CIRCLE('1027',#1305,3.15E0);
#1307=TRIMMED_CURVE('1027',#1306,(PARAMETER_VALUE(0.E0)),(PARAMETER_VALUE
(1.8E2)),.T.,.UNSPECIFIED.);
#1311=COMPOSITE_CURVE_SEGMENT(.CONTINUOUS.,.T.,#1307);
#1316=CIRCLE('1028',#1315,3.15E0);
#1317=TRIMMED_CURVE('1028',#1316,(PARAMETER_VALUE(0.E0)),(PARAMETER_VALUE
(1.8E2)),.T.,.UNSPECIFIED.);
#1321=COMPOSITE_CURVE_SEGMENT(.CONTINUOUS.,.T.,#1317);
#1322=COMPOSITE_CURVE('1026',(#1311,#1321),.F.);
#1327=CIRCLE('1064',#1326,3.15E0);
#1328=TRIMMED_CURVE('1064',#1327,(PARAMETER_VALUE(0.E0)),(PARAMETER_VALUE
(1.8E2)),.T.,.UNSPECIFIED.);
#1332=COMPOSITE_CURVE_SEGMENT(.CONTINUOUS.,.T.,#1328);
#1337=CIRCLE('1065',#1336,3.15E0);
#1338=TRIMMED_CURVE('1065',#1337,(PARAMETER_VALUE(0.E0)),(PARAMETER_VALUE
(1.8E2)),.T.,.UNSPECIFIED.);
#1342=COMPOSITE_CURVE_SEGMENT(.CONTINUOUS.,.T.,#1338);
#1343=COMPOSITE_CURVE('1063',(#1332,#1342),.F.);
#1348=TRIMMED_CURVE('A_6',#1347,(PARAMETER_VALUE(0.E0)),(PARAMETER_VALUE(1.E0)),
.T.,.UNSPECIFIED.);
#1356=CIRCLE('1107',#1355,3.5E0);
#1357=TRIMMED_CURVE('1107',#1356,(PARAMETER_VALUE(0.E0)),(PARAMETER_VALUE
(1.8E2)),.T.,.UNSPECIFIED.);
#1361=COMPOSITE_CURVE_SEGMENT(.CONTINUOUS.,.T.,#1357);
#1366=CIRCLE('1108',#1365,3.5E0);
#1367=TRIMMED_CURVE('1108',#1366,(PARAMETER_VALUE(0.E0)),(PARAMETER_VALUE
(1.8E2)),.T.,.UNSPECIFIED.);
#1371=COMPOSITE_CURVE_SEGMENT(.CONTINUOUS.,.T.,#1367);
#1372=COMPOSITE_CURVE('1106',(#1361,#1371),.F.);
#1377=CIRCLE('1289',#1376,1.155275171955E2);
#1378=TRIMMED_CURVE('1289',#1377,(PARAMETER_VALUE(0.E0)),(PARAMETER_VALUE
(1.8E2)),.T.,.UNSPECIFIED.);
#1382=COMPOSITE_CURVE_SEGMENT(.CONTINUOUS.,.T.,#1378);
#1387=CIRCLE('1290',#1386,1.155275171955E2);
#1388=TRIMMED_CURVE('1290',#1387,(PARAMETER_VALUE(0.E0)),(PARAMETER_VALUE
(1.8E2)),.T.,.UNSPECIFIED.);
#1392=COMPOSITE_CURVE_SEGMENT(.CONTINUOUS.,.T.,#1388);
#1393=COMPOSITE_CURVE('1288',(#1382,#1392),.F.);
#1398=CIRCLE('1260',#1397,4.5E1);
#1399=TRIMMED_CURVE('1260',#1398,(PARAMETER_VALUE(0.E0)),(PARAMETER_VALUE
(1.8E2)),.T.,.UNSPECIFIED.);
#1403=COMPOSITE_CURVE_SEGMENT(.CONTINUOUS.,.T.,#1399);
#1408=CIRCLE('1261',#1407,4.5E1);
#1409=TRIMMED_CURVE('1261',#1408,(PARAMETER_VALUE(0.E0)),(PARAMETER_VALUE
(1.8E2)),.T.,.UNSPECIFIED.);
#1413=COMPOSITE_CURVE_SEGMENT(.CONTINUOUS.,.T.,#1409);
#1414=COMPOSITE_CURVE('1259',(#1403,#1413),.F.);
#1419=TRIMMED_CURVE('A_10',#1418,(PARAMETER_VALUE(0.E0)),(PARAMETER_VALUE
(1.E0)),.T.,.UNSPECIFIED.);
#1427=TRIMMED_CURVE('2017',#1426,(PARAMETER_VALUE(0.E0)),(PARAMETER_VALUE
(1.E0)),.T.,.UNSPECIFIED.);
#1431=COMPOSITE_CURVE_SEGMENT(.CONTINUOUS.,.T.,#1427);
#1436=CIRCLE('2018',#1435,3.E1);
#1437=TRIMMED_CURVE('2018',#1436,(PARAMETER_VALUE(0.E0)),(PARAMETER_VALUE(
1.131640825124E2)),.T.,.UNSPECIFIED.);
#1441=COMPOSITE_CURVE_SEGMENT(.CONTINUOUS.,.T.,#1437);
#1442=COMPOSITE_CURVE('2015',(#1431,#1441),.F.);
#1447=TRIMMED_CURVE('A_8',#1446,(PARAMETER_VALUE(0.E0)),(PARAMETER_VALUE(1.E0)),
.T.,.UNSPECIFIED.);
#1455=TRIMMED_CURVE('A_9',#1454,(PARAMETER_VALUE(0.E0)),(PARAMETER_VALUE(1.E0)),
.T.,.UNSPECIFIED.);
#1463=CIRCLE('2102',#1462,4.27E1);
#1464=TRIMMED_CURVE('2102',#1463,(PARAMETER_VALUE(1.8E2)),(PARAMETER_VALUE
(0.E0)),.F.,.UNSPECIFIED.);
#1468=COMPOSITE_CURVE_SEGMENT(.CONTINUOUS.,.T.,#1464);
#1473=CIRCLE('2103',#1472,4.27E1);
#1474=TRIMMED_CURVE('2103',#1473,(PARAMETER_VALUE(1.8E2)),(PARAMETER_VALUE
(0.E0)),.F.,.UNSPECIFIED.);
#1478=COMPOSITE_CURVE_SEGMENT(.CONTINUOUS.,.T.,#1474);
#1479=COMPOSITE_CURVE('2100',(#1468,#1478),.F.);
#1484=CIRCLE('2104',#1483,4.29E1);
#1485=TRIMMED_CURVE('2104',#1484,(PARAMETER_VALUE(0.E0)),(PARAMETER_VALUE
(1.8E2)),.T.,.UNSPECIFIED.);
#1489=COMPOSITE_CURVE_SEGMENT(.CONTINUOUS.,.T.,#1485);
#1494=CIRCLE('2105',#1493,4.29E1);
#1495=TRIMMED_CURVE('2105',#1494,(PARAMETER_VALUE(0.E0)),(PARAMETER_VALUE
(1.8E2)),.T.,.UNSPECIFIED.);
#1499=COMPOSITE_CURVE_SEGMENT(.CONTINUOUS.,.T.,#1495);
#1500=COMPOSITE_CURVE('2101',(#1489,#1499),.F.);
#1505=TRIMMED_CURVE('2306',#1504,(PARAMETER_VALUE(0.E0)),(PARAMETER_VALUE
(1.E0)),.T.,.UNSPECIFIED.);
#1509=COMPOSITE_CURVE_SEGMENT(.CONTINUOUS.,.T.,#1505);
#1514=CIRCLE('2307',#1513,3.5E1);
#1515=TRIMMED_CURVE('2307',#1514,(PARAMETER_VALUE(0.E0)),(PARAMETER_VALUE(
7.675317365059E1)),.T.,.UNSPECIFIED.);
#1519=COMPOSITE_CURVE_SEGMENT(.CONTINUOUS.,.T.,#1515);
#1524=CIRCLE('2308',#1523,6.515794601552E1);
#1525=TRIMMED_CURVE('2308',#1524,(PARAMETER_VALUE(0.E0)),(PARAMETER_VALUE(
4.162795568227E1)),.T.,.UNSPECIFIED.);
#1529=COMPOSITE_CURVE_SEGMENT(.CONTINUOUS.,.T.,#1525);
#1534=CIRCLE('2309',#1533,3.5E1);
#1535=TRIMMED_CURVE('2309',#1534,(PARAMETER_VALUE(0.E0)),(PARAMETER_VALUE(
7.675317365059E1)),.T.,.UNSPECIFIED.);
#1539=COMPOSITE_CURVE_SEGMENT(.CONTINUOUS.,.T.,#1535);
#1540=COMPOSITE_CURVE('2305',(#1509,#1519,#1529,#1539),.F.);
#1551=(LENGTH_UNIT()NAMED_UNIT(*)SI_UNIT(.MILLI.,.METRE.));
#1552=(NAMED_UNIT(*)PLANE_ANGLE_UNIT()SI_UNIT($,.RADIAN.));
#1555=(NAMED_UNIT(*)SI_UNIT($,.STERADIAN.)SOLID_ANGLE_UNIT());
#1557=(GEOMETRIC_REPRESENTATION_CONTEXT(3)GLOBAL_UNCERTAINTY_ASSIGNED_CONTEXT((
#1556))GLOBAL_UNIT_ASSIGNED_CONTEXT((#1551,#1554,#1555))REPRESENTATION_CONTEXT(
'ID1','3'));
#1558=ADVANCED_BREP_SHAPE_REPRESENTATION('',(#1046),#1557);
#1559=GEOMETRICALLY_BOUNDED_WIREFRAME_SHAPE_REPRESENTATION('',(#1119),#1557);
#1560=CONSTRUCTIVE_GEOMETRY_REPRESENTATION('supplemental geometry',(#1057,#1062,
#1067,#1071,#1079,#1087,#1092,#1097,#1166,#1174,#1203,#1253,#1348,#1419,#1447,
#1455),#1557);
#1564=AXIS2_PLACEMENT_3D('',#1561,#1562,#1563);
#1565=SHAPE_REPRESENTATION('',(#1564),#1557);
#1576=PRODUCT_DEFINITION('design','',#1575,#1572);
#1577=PRODUCT_DEFINITION_SHAPE('','SHAPE FOR BEAKER_LID.',#1576);
#1578=SHAPE_ASPECT('','solid data associated with BEAKER_LID',#1577,.F.);
#1579=PROPERTY_DEFINITION('',
'shape for solid data with which properties are associated',#1578);
#1580=SHAPE_REPRESENTATION('',(#1046),#1557);
#1581=SHAPE_DEFINITION_REPRESENTATION(#1579,#1580);
#1582=(LENGTH_UNIT()NAMED_UNIT(*)SI_UNIT(.MILLI.,.METRE.));
#1584=(MASS_UNIT()NAMED_UNIT(*)SI_UNIT(.KILO.,.GRAM.));
#1588=PROPERTY_DEFINITION('material_property','density',#1578);
#1589=REPRESENTATION('density',(#1587),#1557);
#1590=PROPERTY_DEFINITION_REPRESENTATION(#1588,#1589);
#1592=PROPERTY_DEFINITION('material property','material name',#1578);
#1593=REPRESENTATION('material name',(#1591),#1557);
#1594=PROPERTY_DEFINITION_REPRESENTATION(#1592,#1593);
#1595=SHAPE_ASPECT('','solid data associated with BEAKER_LID',#1577,.F.);
#1596=PROPERTY_DEFINITION('',
'shape for solid data with which properties are associated',#1595);
#1597=SHAPE_REPRESENTATION('',(#1046),#1557);
#1598=SHAPE_DEFINITION_REPRESENTATION(#1596,#1597);
#1599=(LENGTH_UNIT()NAMED_UNIT(*)SI_UNIT(.MILLI.,.METRE.));
#1603=PROPERTY_DEFINITION('geometric validation property','area of BEAKER_LID',
#1595);
#1604=REPRESENTATION('surface area',(#1602),#1557);
#1605=PROPERTY_DEFINITION_REPRESENTATION(#1603,#1604);
#1606=(LENGTH_UNIT()NAMED_UNIT(*)SI_UNIT(.MILLI.,.METRE.));
#1610=PROPERTY_DEFINITION('geometric validation property',
'volume of BEAKER_LID',#1595);
#1611=REPRESENTATION('volume',(#1609),#1557);
#1612=PROPERTY_DEFINITION_REPRESENTATION(#1610,#1611);
#1614=PROPERTY_DEFINITION('geometric validation property',
'centroid of BEAKER_LID',#1595);
#1615=REPRESENTATION('centroid',(#1613),#1557);
#1616=PROPERTY_DEFINITION_REPRESENTATION(#1614,#1615);
#1617=(LENGTH_UNIT()NAMED_UNIT(*)SI_UNIT(.MILLI.,.METRE.));
#1621=PROPERTY_DEFINITION('geometric validation property','area of BEAKER_LID',
#1577);
#1622=REPRESENTATION('surface area',(#1620),#1557);
#1623=PROPERTY_DEFINITION_REPRESENTATION(#1621,#1622);
#1624=(LENGTH_UNIT()NAMED_UNIT(*)SI_UNIT(.MILLI.,.METRE.));
#1628=PROPERTY_DEFINITION('geometric validation property',
'volume of BEAKER_LID',#1577);
#1629=REPRESENTATION('volume',(#1627),#1557);
#1630=PROPERTY_DEFINITION_REPRESENTATION(#1628,#1629);
#1632=PROPERTY_DEFINITION('geometric validation property',
'centroid of BEAKER_LID',#1577);
#1633=REPRESENTATION('centroid',(#1631),#1557);
#1634=PROPERTY_DEFINITION_REPRESENTATION(#1632,#1633);
#1638=PRODUCT_DEFINITION('design','',#1637,#1572);
#1639=MAKE_FROM_USAGE_OPTION('Assign material STAHL_ALLGEMEIN to BEAKER_LID',
'make from','',#1576,#1638,1,'',#1642);
#1643=(LENGTH_UNIT()NAMED_UNIT(*)SI_UNIT(.MILLI.,.METRE.));
#1645=(MASS_UNIT()NAMED_UNIT(*)SI_UNIT(.KILO.,.GRAM.));
#1649=PROPERTY_DEFINITION('material_property','density',#1638);
#1650=REPRESENTATION('density',(#1648),#1557);
#1651=PROPERTY_DEFINITION_REPRESENTATION(#1649,#1650);
#1652=SHAPE_DEFINITION_REPRESENTATION(#1577,#1565);
#1677=PLANAR_BOX('',3.563475119492E2,3.006682132071E2,#1676);
#1684=PROPERTY_DEFINITION('CAD_APPROVED_BY','user defined attribute',#1638);
#1688=REPRESENTATION('',(#1687),#1557);
#1689=PROPERTY_DEFINITION_REPRESENTATION(#1684,#1688);
#1690=PROPERTY_DEFINITION('CAD_APPROVED_ON','user defined attribute',#1638);
#1694=REPRESENTATION('',(#1693),#1557);
#1695=PROPERTY_DEFINITION_REPRESENTATION(#1690,#1694);
#1696=PROPERTY_DEFINITION('CAD_CHANGE_NO','user defined attribute',#1638);
#1700=REPRESENTATION('',(#1699),#1557);
#1701=PROPERTY_DEFINITION_REPRESENTATION(#1696,#1700);
#1702=PROPERTY_DEFINITION('CAD_CHANGE_TEXT','user defined attribute',#1638);
#1706=REPRESENTATION('',(#1705),#1557);
#1707=PROPERTY_DEFINITION_REPRESENTATION(#1702,#1706);
#1708=PROPERTY_DEFINITION('CAD_CREATED_BY','user defined attribute',#1638);
#1712=REPRESENTATION('',(#1711),#1557);
#1713=PROPERTY_DEFINITION_REPRESENTATION(#1708,#1712);
#1714=PROPERTY_DEFINITION('CAD_CREATED_ON','user defined attribute',#1638);
#1718=REPRESENTATION('',(#1717),#1557);
#1719=PROPERTY_DEFINITION_REPRESENTATION(#1714,#1718);
#1720=PROPERTY_DEFINITION('CAD_LIFECYCLE_STATE','user defined attribute',#1638);
#1724=REPRESENTATION('',(#1723),#1557);
#1725=PROPERTY_DEFINITION_REPRESENTATION(#1720,#1724);
#1726=PROPERTY_DEFINITION('CAD_MODIFIED_BY','user defined attribute',#1638);
#1730=REPRESENTATION('',(#1729),#1557);
#1731=PROPERTY_DEFINITION_REPRESENTATION(#1726,#1730);
#1732=PROPERTY_DEFINITION('CAD_MODIFIED_ON','user defined attribute',#1638);
#1736=REPRESENTATION('',(#1735),#1557);
#1737=PROPERTY_DEFINITION_REPRESENTATION(#1732,#1736);
#1738=PROPERTY_DEFINITION('CAD_REVISION','user defined attribute',#1638);
#1742=REPRESENTATION('',(#1741),#1557);
#1743=PROPERTY_DEFINITION_REPRESENTATION(#1738,#1742);
#1744=PROPERTY_DEFINITION('DEPARTMENT','user defined attribute',#1638);
#1748=REPRESENTATION('',(#1747),#1557);
#1749=PROPERTY_DEFINITION_REPRESENTATION(#1744,#1748);
#1750=PROPERTY_DEFINITION('DESCRIPTION_1_DE','user defined attribute',#1638);
#1754=REPRESENTATION('',(#1753),#1557);
#1755=PROPERTY_DEFINITION_REPRESENTATION(#1750,#1754);
#1756=PROPERTY_DEFINITION('DESCRIPTION_1_EN','user defined attribute',#1638);
#1760=REPRESENTATION('',(#1759),#1557);
#1761=PROPERTY_DEFINITION_REPRESENTATION(#1756,#1760);
#1762=PROPERTY_DEFINITION('DESCRIPTION_2_DE','user defined attribute',#1638);
#1766=REPRESENTATION('',(#1765),#1557);
#1767=PROPERTY_DEFINITION_REPRESENTATION(#1762,#1766);
#1768=PROPERTY_DEFINITION('DESCRIPTION_2_EN','user defined attribute',#1638);
#1772=REPRESENTATION('',(#1771),#1557);
#1773=PROPERTY_DEFINITION_REPRESENTATION(#1768,#1772);
#1774=PROPERTY_DEFINITION('DRAWING_NO','user defined attribute',#1638);
#1778=REPRESENTATION('',(#1777),#1557);
#1779=PROPERTY_DEFINITION_REPRESENTATION(#1774,#1778);
#1780=PROPERTY_DEFINITION('MC_CHECKTYPE','user defined attribute',#1638);
#1784=REPRESENTATION('',(#1783),#1557);
#1785=PROPERTY_DEFINITION_REPRESENTATION(#1780,#1784);
#1786=PROPERTY_DEFINITION('COATING','user defined attribute',#1638);
#1790=REPRESENTATION('',(#1789),#1557);
#1791=PROPERTY_DEFINITION_REPRESENTATION(#1786,#1790);
#1792=PROPERTY_DEFINITION('COLORING','user defined attribute',#1638);
#1796=REPRESENTATION('',(#1795),#1557);
#1797=PROPERTY_DEFINITION_REPRESENTATION(#1792,#1796);
#1798=PROPERTY_DEFINITION('DESC_SEMIFINISHED','user defined attribute',#1638);
#1802=REPRESENTATION('',(#1801),#1557);
#1803=PROPERTY_DEFINITION_REPRESENTATION(#1798,#1802);
#1804=PROPERTY_DEFINITION('DIMENSION','user defined attribute',#1638);
#1808=REPRESENTATION('',(#1807),#1557);
#1809=PROPERTY_DEFINITION_REPRESENTATION(#1804,#1808);
#1810=PROPERTY_DEFINITION('HARDNESS','user defined attribute',#1638);
#1814=REPRESENTATION('',(#1813),#1557);
#1815=PROPERTY_DEFINITION_REPRESENTATION(#1810,#1814);
#1816=PROPERTY_DEFINITION('MASS','user defined attribute',#1638);
#1820=REPRESENTATION('',(#1819),#1557);
#1821=PROPERTY_DEFINITION_REPRESENTATION(#1816,#1820);
#1822=PROPERTY_DEFINITION('MATERIAL','user defined attribute',#1638);
#1826=REPRESENTATION('',(#1825),#1557);
#1827=PROPERTY_DEFINITION_REPRESENTATION(#1822,#1826);
#1828=PROPERTY_DEFINITION('PART_NO','user defined attribute',#1638);
#1832=REPRESENTATION('',(#1831),#1557);
#1833=PROPERTY_DEFINITION_REPRESENTATION(#1828,#1832);
#1834=PROPERTY_DEFINITION('PART_NO_SEMIFINISHED','user defined attribute',
#1638);
#1838=REPRESENTATION('',(#1837),#1557);
#1839=PROPERTY_DEFINITION_REPRESENTATION(#1834,#1838);
#1840=PROPERTY_DEFINITION('STANDARD','user defined attribute',#1638);
#1844=REPRESENTATION('',(#1843),#1557);
#1845=PROPERTY_DEFINITION_REPRESENTATION(#1840,#1844);
#1846=PROPERTY_DEFINITION('STANDARD_DIMENSION','user defined attribute',#1638);
#1850=REPRESENTATION('',(#1849),#1557);
#1851=PROPERTY_DEFINITION_REPRESENTATION(#1846,#1850);
#1852=PROPERTY_DEFINITION('STANDARD_EDGE','user defined attribute',#1638);
#1856=REPRESENTATION('',(#1855),#1557);
#1857=PROPERTY_DEFINITION_REPRESENTATION(#1852,#1856);
#1858=PROPERTY_DEFINITION('STANDARD_INFO_DE','user defined attribute',#1638);
#1862=REPRESENTATION('',(#1861),#1557);
#1863=PROPERTY_DEFINITION_REPRESENTATION(#1858,#1862);
#1864=PROPERTY_DEFINITION('STANDARD_INFO_EN','user defined attribute',#1638);
#1868=REPRESENTATION('',(#1867),#1557);
#1869=PROPERTY_DEFINITION_REPRESENTATION(#1864,#1868);
#1870=PROPERTY_DEFINITION('STANDARD_SURFACE','user defined attribute',#1638);
#1874=REPRESENTATION('',(#1873),#1557);
#1875=PROPERTY_DEFINITION_REPRESENTATION(#1870,#1874);
#1876=PROPERTY_DEFINITION('STANDARD_TOL_CLASS','user defined attribute',#1638);
#1880=REPRESENTATION('',(#1879),#1557);
#1881=PROPERTY_DEFINITION_REPRESENTATION(#1876,#1880);
#1882=PROPERTY_DEFINITION('SUPPLIER','user defined attribute',#1638);
#1886=REPRESENTATION('',(#1885),#1557);
#1887=PROPERTY_DEFINITION_REPRESENTATION(#1882,#1886);
#1888=PROPERTY_DEFINITION('CLASSIFICATION','user defined attribute',#1638);
#1892=REPRESENTATION('',(#1891),#1557);
#1893=PROPERTY_DEFINITION_REPRESENTATION(#1888,#1892);
#1894=PROPERTY_DEFINITION('CATEGORY','user defined attribute',#1638);
#1898=REPRESENTATION('',(#1897),#1557);
#1899=PROPERTY_DEFINITION_REPRESENTATION(#1894,#1898);
#1900=PROPERTY_DEFINITION('PROJECT','user defined attribute',#1638);
#1904=REPRESENTATION('',(#1903),#1557);
#1905=PROPERTY_DEFINITION_REPRESENTATION(#1900,#1904);
#1906=PROPERTY_DEFINITION('PROJECT_NO','user defined attribute',#1638);
#1910=REPRESENTATION('',(#1909),#1557);
#1911=PROPERTY_DEFINITION_REPRESENTATION(#1906,#1910);
#1912=PROPERTY_DEFINITION('ORDER_CODE','user defined attribute',#1638);
#1916=REPRESENTATION('',(#1915),#1557);
#1917=PROPERTY_DEFINITION_REPRESENTATION(#1912,#1916);
#1918=PROPERTY_DEFINITION('STANDARD_WELDING','user defined attribute',#1638);
#1922=REPRESENTATION('',(#1921),#1557);
#1923=PROPERTY_DEFINITION_REPRESENTATION(#1918,#1922);
#1924=PROPERTY_DEFINITION('CUSTOMER','user defined attribute',#1638);
#1928=REPRESENTATION('',(#1927),#1557);
#1929=PROPERTY_DEFINITION_REPRESENTATION(#1924,#1928);
#1930=PROPERTY_DEFINITION('HEAT_TREATMENT','user defined attribute',#1638);
#1934=REPRESENTATION('',(#1933),#1557);
#1935=PROPERTY_DEFINITION_REPRESENTATION(#1930,#1934);
#1936=PROPERTY_DEFINITION('PTC_VAL_IMP_PART_STATUS','user defined attribute',
#1638);
#1940=REPRESENTATION('',(#1939),#1557);
#1941=PROPERTY_DEFINITION_REPRESENTATION(#1936,#1940);
#1942=PROPERTY_DEFINITION('PTC_VAL_IMP_SCORE','user defined attribute',#1638);
#1946=REPRESENTATION('',(#1945),#1557);
#1947=PROPERTY_DEFINITION_REPRESENTATION(#1942,#1946);
#1948=PROPERTY_DEFINITION('CAD_SYSTEM','user defined attribute',#1638);
#1952=REPRESENTATION('',(#1951),#1557);
#1953=PROPERTY_DEFINITION_REPRESENTATION(#1948,#1952);
#1954=PROPERTY_DEFINITION('DEX_MASTER','user defined attribute',#1638);
#1958=REPRESENTATION('',(#1957),#1557);
#1959=PROPERTY_DEFINITION_REPRESENTATION(#1954,#1958);
#1960=PROPERTY_DEFINITION('MODEL_VERSION','user defined attribute',#1638);
#1964=REPRESENTATION('',(#1963),#1557);
#1965=PROPERTY_DEFINITION_REPRESENTATION(#1960,#1964);
#1966=PROPERTY_DEFINITION('MODEL_DATE','user defined attribute',#1638);
#1970=REPRESENTATION('',(#1969),#1557);
#1971=PROPERTY_DEFINITION_REPRESENTATION(#1966,#1970);
#1972=PROPERTY_DEFINITION('TIM_STATUS','user defined attribute',#1638);
#1976=REPRESENTATION('',(#1975),#1557);
#1977=PROPERTY_DEFINITION_REPRESENTATION(#1972,#1976);
#1978=PROPERTY_DEFINITION('REF_LINK','user defined attribute',#1638);
#1982=REPRESENTATION('',(#1981),#1557);
#1983=PROPERTY_DEFINITION_REPRESENTATION(#1978,#1982);
#1984=PROPERTY_DEFINITION('NATIVE_NAME','user defined attribute',#1638);
#1988=REPRESENTATION('',(#1987),#1557);
#1989=PROPERTY_DEFINITION_REPRESENTATION(#1984,#1988);
#1990=PROPERTY_DEFINITION('PTC_MP_VAL_IMP_VOLUME','user defined attribute',
#1638);
#1993=(LENGTH_UNIT()NAMED_UNIT(*)SI_UNIT(.MILLI.,.METRE.));
#1997=REPRESENTATION('',(#1996),#1557);
#1998=PROPERTY_DEFINITION_REPRESENTATION(#1990,#1997);
#1999=PROPERTY_DEFINITION('PTC_MP_VAL_IMP_AREA','user defined attribute',#1638);
#2002=(LENGTH_UNIT()NAMED_UNIT(*)SI_UNIT(.MILLI.,.METRE.));
#2006=REPRESENTATION('',(#2005),#1557);
#2007=PROPERTY_DEFINITION_REPRESENTATION(#1999,#2006);
#2008=PROPERTY_DEFINITION('PTC_MP_VAL_IMP_COGX','user defined attribute',#1638);
#2011=(LENGTH_UNIT()NAMED_UNIT(*)SI_UNIT(.MILLI.,.METRE.));
#2013=REPRESENTATION('',(#2012),#1557);
#2014=PROPERTY_DEFINITION_REPRESENTATION(#2008,#2013);
#2015=PROPERTY_DEFINITION('PTC_MP_VAL_IMP_COGY','user defined attribute',#1638);
#2018=(LENGTH_UNIT()NAMED_UNIT(*)SI_UNIT(.MILLI.,.METRE.));
#2020=REPRESENTATION('',(#2019),#1557);
#2021=PROPERTY_DEFINITION_REPRESENTATION(#2015,#2020);
#2022=PROPERTY_DEFINITION('PTC_MP_VAL_IMP_COGZ','user defined attribute',#1638);
#2025=(LENGTH_UNIT()NAMED_UNIT(*)SI_UNIT(.MILLI.,.METRE.));
#2027=REPRESENTATION('',(#2026),#1557);
#2028=PROPERTY_DEFINITION_REPRESENTATION(#2022,#2027);
#2029=PROPERTY_DEFINITION('PTC_COMMON_NAME','user defined attribute',#1638);
#2033=REPRESENTATION('',(#2032),#1557);
#2034=PROPERTY_DEFINITION_REPRESENTATION(#2029,#2033);
#2035=PROPERTY_DEFINITION('PTC_MASTER_MATERIAL','user defined attribute',#1638);
#2039=REPRESENTATION('',(#2038),#1557);
#2040=PROPERTY_DEFINITION_REPRESENTATION(#2035,#2039);
ENDSEC;
END-ISO-10303-21;
