ISO-10303-21;
HEADER;
FILE_DESCRIPTION((''),'2;1');
FILE_NAME('BEAKER_HOLDER','2026-07-21T16:08:46',('morit'),(''),
'CREO PARAMETRIC BY PTC INC, 2025123','CREO PARAMETRIC BY PTC INC, 2025123','');
FILE_SCHEMA((
'AP242_MANAGED_MODEL_BASED_3D_ENGINEERING_MIM_LF { 1 0 10303 442 1 1 4 }'));
ENDSEC;
DATA;
#19=DIRECTION('',(0.E0,0.E0,1.E0));
#20=VECTOR('',#19,8.E1);
#21=CARTESIAN_POINT('',(5.E1,2.5E1,-4.E1));
#22=LINE('942',#21,#20);
#23=DRAUGHTING_PRE_DEFINED_CURVE_FONT('continuous');
#24=CURVE_STYLE('',#23,POSITIVE_LENGTH_MEASURE(2.E-2),#11);
#25=PRESENTATION_STYLE_ASSIGNMENT((#24));
#26=STYLED_ITEM('',(#25),#22);
#27=DIRECTION('',(0.E0,0.E0,-1.E0));
#28=VECTOR('',#27,8.E1);
#29=CARTESIAN_POINT('',(5.E1,0.E0,4.E1));
#30=LINE('943',#29,#28);
#31=CURVE_STYLE('',#23,POSITIVE_LENGTH_MEASURE(2.E-2),#11);
#32=PRESENTATION_STYLE_ASSIGNMENT((#31));
#33=STYLED_ITEM('',(#32),#30);
#34=CARTESIAN_POINT('',(3.5E1,2.5E1,-4.E1));
#35=DIRECTION('',(0.E0,-1.E0,0.E0));
#36=DIRECTION('',(0.E0,0.E0,-1.E0));
#37=AXIS2_PLACEMENT_3D('',#34,#35,#36);
#39=CURVE_STYLE('',#23,POSITIVE_LENGTH_MEASURE(2.E-2),#11);
#40=PRESENTATION_STYLE_ASSIGNMENT((#39));
#41=STYLED_ITEM('',(#40),#38);
#42=CARTESIAN_POINT('',(3.5E1,2.5E1,-4.E1));
#43=DIRECTION('',(0.E0,-1.E0,0.E0));
#44=DIRECTION('',(0.E0,0.E0,1.E0));
#45=AXIS2_PLACEMENT_3D('',#42,#43,#44);
#47=CURVE_STYLE('',#23,POSITIVE_LENGTH_MEASURE(2.E-2),#11);
#48=PRESENTATION_STYLE_ASSIGNMENT((#47));
#49=STYLED_ITEM('',(#48),#46);
#50=CARTESIAN_POINT('',(-3.5E1,2.5E1,-4.E1));
#51=DIRECTION('',(0.E0,-1.E0,0.E0));
#52=DIRECTION('',(0.E0,0.E0,-1.E0));
#53=AXIS2_PLACEMENT_3D('',#50,#51,#52);
#55=CURVE_STYLE('',#23,POSITIVE_LENGTH_MEASURE(2.E-2),#11);
#56=PRESENTATION_STYLE_ASSIGNMENT((#55));
#57=STYLED_ITEM('',(#56),#54);
#58=CARTESIAN_POINT('',(-3.5E1,2.5E1,-4.E1));
#59=DIRECTION('',(0.E0,-1.E0,0.E0));
#60=DIRECTION('',(0.E0,0.E0,1.E0));
#61=AXIS2_PLACEMENT_3D('',#58,#59,#60);
#63=CURVE_STYLE('',#23,POSITIVE_LENGTH_MEASURE(2.E-2),#11);
#64=PRESENTATION_STYLE_ASSIGNMENT((#63));
#65=STYLED_ITEM('',(#64),#62);
#66=CARTESIAN_POINT('',(-3.5E1,2.5E1,4.E1));
#67=DIRECTION('',(0.E0,-1.E0,0.E0));
#68=DIRECTION('',(0.E0,0.E0,-1.E0));
#69=AXIS2_PLACEMENT_3D('',#66,#67,#68);
#71=CURVE_STYLE('',#23,POSITIVE_LENGTH_MEASURE(2.E-2),#11);
#72=PRESENTATION_STYLE_ASSIGNMENT((#71));
#73=STYLED_ITEM('',(#72),#70);
#74=CARTESIAN_POINT('',(-3.5E1,2.5E1,4.E1));
#75=DIRECTION('',(0.E0,-1.E0,0.E0));
#76=DIRECTION('',(0.E0,0.E0,1.E0));
#77=AXIS2_PLACEMENT_3D('',#74,#75,#76);
#79=CURVE_STYLE('',#23,POSITIVE_LENGTH_MEASURE(2.E-2),#11);
#80=PRESENTATION_STYLE_ASSIGNMENT((#79));
#81=STYLED_ITEM('',(#80),#78);
#82=CARTESIAN_POINT('',(3.5E1,2.5E1,4.E1));
#83=DIRECTION('',(0.E0,-1.E0,0.E0));
#84=DIRECTION('',(0.E0,0.E0,-1.E0));
#85=AXIS2_PLACEMENT_3D('',#82,#83,#84);
#87=CURVE_STYLE('',#23,POSITIVE_LENGTH_MEASURE(2.E-2),#11);
#88=PRESENTATION_STYLE_ASSIGNMENT((#87));
#89=STYLED_ITEM('',(#88),#86);
#90=CARTESIAN_POINT('',(3.5E1,2.5E1,4.E1));
#91=DIRECTION('',(0.E0,-1.E0,0.E0));
#92=DIRECTION('',(0.E0,0.E0,1.E0));
#93=AXIS2_PLACEMENT_3D('',#90,#91,#92);
#95=CURVE_STYLE('',#23,POSITIVE_LENGTH_MEASURE(2.E-2),#11);
#96=PRESENTATION_STYLE_ASSIGNMENT((#95));
#97=STYLED_ITEM('',(#96),#94);
#98=CARTESIAN_POINT('',(0.E0,2.5E1,0.E0));
#99=DIRECTION('',(0.E0,-1.E0,0.E0));
#100=DIRECTION('',(0.E0,0.E0,-1.E0));
#101=AXIS2_PLACEMENT_3D('',#98,#99,#100);
#103=CURVE_STYLE('',#23,POSITIVE_LENGTH_MEASURE(2.E-2),#11);
#104=PRESENTATION_STYLE_ASSIGNMENT((#103));
#105=STYLED_ITEM('',(#104),#102);
#106=CARTESIAN_POINT('',(0.E0,2.5E1,0.E0));
#107=DIRECTION('',(0.E0,-1.E0,0.E0));
#108=DIRECTION('',(0.E0,0.E0,1.E0));
#109=AXIS2_PLACEMENT_3D('',#106,#107,#108);
#111=CURVE_STYLE('',#23,POSITIVE_LENGTH_MEASURE(2.E-2),#11);
#112=PRESENTATION_STYLE_ASSIGNMENT((#111));
#113=STYLED_ITEM('',(#112),#110);
#114=CARTESIAN_POINT('',(4.5E1,2.5E1,-4.E1));
#115=DIRECTION('',(0.E0,-1.E0,0.E0));
#116=DIRECTION('',(0.E0,0.E0,1.E0));
#117=AXIS2_PLACEMENT_3D('',#114,#115,#116);
#119=CURVE_STYLE('',#23,POSITIVE_LENGTH_MEASURE(2.E-2),#11);
#120=PRESENTATION_STYLE_ASSIGNMENT((#119));
#121=STYLED_ITEM('',(#120),#118);
#122=CARTESIAN_POINT('',(4.5E1,2.5E1,-4.E1));
#123=DIRECTION('',(0.E0,-1.E0,0.E0));
#124=DIRECTION('',(0.E0,0.E0,-1.E0));
#125=AXIS2_PLACEMENT_3D('',#122,#123,#124);
#127=CURVE_STYLE('',#23,POSITIVE_LENGTH_MEASURE(2.E-2),#11);
#128=PRESENTATION_STYLE_ASSIGNMENT((#127));
#129=STYLED_ITEM('',(#128),#126);
#130=CARTESIAN_POINT('',(4.5E1,2.5E1,4.E1));
#131=DIRECTION('',(0.E0,-1.E0,0.E0));
#132=DIRECTION('',(0.E0,0.E0,1.E0));
#133=AXIS2_PLACEMENT_3D('',#130,#131,#132);
#135=CURVE_STYLE('',#23,POSITIVE_LENGTH_MEASURE(2.E-2),#11);
#136=PRESENTATION_STYLE_ASSIGNMENT((#135));
#137=STYLED_ITEM('',(#136),#134);
#138=CARTESIAN_POINT('',(4.5E1,2.5E1,4.E1));
#139=DIRECTION('',(0.E0,-1.E0,0.E0));
#140=DIRECTION('',(0.E0,0.E0,-1.E0));
#141=AXIS2_PLACEMENT_3D('',#138,#139,#140);
#143=CURVE_STYLE('',#23,POSITIVE_LENGTH_MEASURE(2.E-2),#11);
#144=PRESENTATION_STYLE_ASSIGNMENT((#143));
#145=STYLED_ITEM('',(#144),#142);
#146=CARTESIAN_POINT('',(-4.5E1,2.5E1,4.E1));
#147=DIRECTION('',(0.E0,-1.E0,0.E0));
#148=DIRECTION('',(0.E0,0.E0,1.E0));
#149=AXIS2_PLACEMENT_3D('',#146,#147,#148);
#151=CURVE_STYLE('',#23,POSITIVE_LENGTH_MEASURE(2.E-2),#11);
#152=PRESENTATION_STYLE_ASSIGNMENT((#151));
#153=STYLED_ITEM('',(#152),#150);
#154=CARTESIAN_POINT('',(-4.5E1,2.5E1,4.E1));
#155=DIRECTION('',(0.E0,-1.E0,0.E0));
#156=DIRECTION('',(0.E0,0.E0,-1.E0));
#157=AXIS2_PLACEMENT_3D('',#154,#155,#156);
#159=CURVE_STYLE('',#23,POSITIVE_LENGTH_MEASURE(2.E-2),#11);
#160=PRESENTATION_STYLE_ASSIGNMENT((#159));
#161=STYLED_ITEM('',(#160),#158);
#162=CARTESIAN_POINT('',(-4.5E1,2.5E1,-4.E1));
#163=DIRECTION('',(0.E0,-1.E0,0.E0));
#164=DIRECTION('',(0.E0,0.E0,1.E0));
#165=AXIS2_PLACEMENT_3D('',#162,#163,#164);
#167=CURVE_STYLE('',#23,POSITIVE_LENGTH_MEASURE(2.E-2),#11);
#168=PRESENTATION_STYLE_ASSIGNMENT((#167));
#169=STYLED_ITEM('',(#168),#166);
#170=CARTESIAN_POINT('',(-4.5E1,2.5E1,-4.E1));
#171=DIRECTION('',(0.E0,-1.E0,0.E0));
#172=DIRECTION('',(0.E0,0.E0,-1.E0));
#173=AXIS2_PLACEMENT_3D('',#170,#171,#172);
#175=CURVE_STYLE('',#23,POSITIVE_LENGTH_MEASURE(2.E-2),#11);
#176=PRESENTATION_STYLE_ASSIGNMENT((#175));
#177=STYLED_ITEM('',(#176),#174);
#178=CARTESIAN_POINT('',(-4.E1,2.5E1,4.E1));
#179=DIRECTION('',(0.E0,1.E0,0.E0));
#180=DIRECTION('',(-1.E0,0.E0,-1.705302565824E-14));
#181=AXIS2_PLACEMENT_3D('',#178,#179,#180);
#183=CURVE_STYLE('',#23,POSITIVE_LENGTH_MEASURE(2.E-2),#11);
#184=PRESENTATION_STYLE_ASSIGNMENT((#183));
#185=STYLED_ITEM('',(#184),#182);
#186=CARTESIAN_POINT('',(-4.E1,2.5E1,-4.E1));
#187=DIRECTION('',(0.E0,1.E0,0.E0));
#188=DIRECTION('',(0.E0,0.E0,-1.E0));
#189=AXIS2_PLACEMENT_3D('',#186,#187,#188);
#191=CURVE_STYLE('',#23,POSITIVE_LENGTH_MEASURE(2.E-2),#11);
#192=PRESENTATION_STYLE_ASSIGNMENT((#191));
#193=STYLED_ITEM('',(#192),#190);
#194=CARTESIAN_POINT('',(4.E1,2.5E1,-4.E1));
#195=DIRECTION('',(0.E0,1.E0,0.E0));
#196=DIRECTION('',(1.E0,0.E0,0.E0));
#197=AXIS2_PLACEMENT_3D('',#194,#195,#196);
#199=CURVE_STYLE('',#23,POSITIVE_LENGTH_MEASURE(2.E-2),#11);
#200=PRESENTATION_STYLE_ASSIGNMENT((#199));
#201=STYLED_ITEM('',(#200),#198);
#202=CARTESIAN_POINT('',(4.E1,2.5E1,4.E1));
#203=DIRECTION('',(0.E0,1.E0,0.E0));
#204=DIRECTION('',(0.E0,0.E0,1.E0));
#205=AXIS2_PLACEMENT_3D('',#202,#203,#204);
#207=CURVE_STYLE('',#23,POSITIVE_LENGTH_MEASURE(2.E-2),#11);
#208=PRESENTATION_STYLE_ASSIGNMENT((#207));
#209=STYLED_ITEM('',(#208),#206);
#210=DIRECTION('',(0.E0,-1.E0,0.E0));
#211=VECTOR('',#210,2.E1);
#212=CARTESIAN_POINT('',(3.5E1,2.5E1,-4.17E1));
#213=LINE('1072',#212,#211);
#214=CURVE_STYLE('',#23,POSITIVE_LENGTH_MEASURE(2.E-2),#11);
#215=PRESENTATION_STYLE_ASSIGNMENT((#214));
#216=STYLED_ITEM('',(#215),#213);
#217=DIRECTION('',(0.E0,-1.E0,0.E0));
#218=VECTOR('',#217,2.E1);
#219=CARTESIAN_POINT('',(3.5E1,2.5E1,-3.83E1));
#220=LINE('1071',#219,#218);
#221=CURVE_STYLE('',#23,POSITIVE_LENGTH_MEASURE(2.E-2),#11);
#222=PRESENTATION_STYLE_ASSIGNMENT((#221));
#223=STYLED_ITEM('',(#222),#220);
#224=CARTESIAN_POINT('',(3.5E1,5.E0,-4.E1));
#225=DIRECTION('',(0.E0,1.E0,0.E0));
#226=DIRECTION('',(0.E0,0.E0,-1.E0));
#227=AXIS2_PLACEMENT_3D('',#224,#225,#226);
#229=CURVE_STYLE('',#23,POSITIVE_LENGTH_MEASURE(2.E-2),#11);
#230=PRESENTATION_STYLE_ASSIGNMENT((#229));
#231=STYLED_ITEM('',(#230),#228);
#232=CARTESIAN_POINT('',(3.5E1,5.E0,-4.E1));
#233=DIRECTION('',(0.E0,1.E0,0.E0));
#234=DIRECTION('',(0.E0,0.E0,1.E0));
#235=AXIS2_PLACEMENT_3D('',#232,#233,#234);
#237=CURVE_STYLE('',#23,POSITIVE_LENGTH_MEASURE(2.E-2),#11);
#238=PRESENTATION_STYLE_ASSIGNMENT((#237));
#239=STYLED_ITEM('',(#238),#236);
#240=CARTESIAN_POINT('',(3.5E1,5.E0,-4.E1));
#241=DIRECTION('',(0.E0,-1.E0,0.E0));
#242=DIRECTION('',(0.E0,0.E0,-1.E0));
#243=AXIS2_PLACEMENT_3D('',#240,#241,#242);
#245=CURVE_STYLE('',#23,POSITIVE_LENGTH_MEASURE(2.E-2),#11);
#246=PRESENTATION_STYLE_ASSIGNMENT((#245));
#247=STYLED_ITEM('',(#246),#244);
#248=CARTESIAN_POINT('',(3.5E1,5.E0,-4.E1));
#249=DIRECTION('',(0.E0,-1.E0,0.E0));
#250=DIRECTION('',(0.E0,0.E0,1.E0));
#251=AXIS2_PLACEMENT_3D('',#248,#249,#250);
#253=CURVE_STYLE('',#23,POSITIVE_LENGTH_MEASURE(2.E-2),#11);
#254=PRESENTATION_STYLE_ASSIGNMENT((#253));
#255=STYLED_ITEM('',(#254),#252);
#256=DIRECTION('',(0.E0,-1.E0,0.E0));
#257=VECTOR('',#256,5.E0);
#258=CARTESIAN_POINT('',(3.5E1,5.E0,-4.4E1));
#259=LINE('1078',#258,#257);
#260=CURVE_STYLE('',#23,POSITIVE_LENGTH_MEASURE(2.E-2),#11);
#261=PRESENTATION_STYLE_ASSIGNMENT((#260));
#262=STYLED_ITEM('',(#261),#259);
#263=DIRECTION('',(0.E0,-1.E0,0.E0));
#264=VECTOR('',#263,5.E0);
#265=CARTESIAN_POINT('',(3.5E1,5.E0,-3.6E1));
#266=LINE('1077',#265,#264);
#267=CURVE_STYLE('',#23,POSITIVE_LENGTH_MEASURE(2.E-2),#11);
#268=PRESENTATION_STYLE_ASSIGNMENT((#267));
#269=STYLED_ITEM('',(#268),#266);
#270=CARTESIAN_POINT('',(4.E1,0.E0,4.E1));
#271=DIRECTION('',(0.E0,-1.E0,0.E0));
#272=DIRECTION('',(1.E0,0.E0,0.E0));
#273=AXIS2_PLACEMENT_3D('',#270,#271,#272);
#275=CURVE_STYLE('',#23,POSITIVE_LENGTH_MEASURE(2.E-2),#11);
#276=PRESENTATION_STYLE_ASSIGNMENT((#275));
#277=STYLED_ITEM('',(#276),#274);
#278=CARTESIAN_POINT('',(4.E1,0.E0,-4.E1));
#279=DIRECTION('',(0.E0,-1.E0,0.E0));
#280=DIRECTION('',(0.E0,0.E0,-1.E0));
#281=AXIS2_PLACEMENT_3D('',#278,#279,#280);
#283=CURVE_STYLE('',#23,POSITIVE_LENGTH_MEASURE(2.E-2),#11);
#284=PRESENTATION_STYLE_ASSIGNMENT((#283));
#285=STYLED_ITEM('',(#284),#282);
#286=CARTESIAN_POINT('',(-4.E1,0.E0,-4.E1));
#287=DIRECTION('',(0.E0,-1.E0,0.E0));
#288=DIRECTION('',(-1.E0,0.E0,3.339550858072E-14));
#289=AXIS2_PLACEMENT_3D('',#286,#287,#288);
#291=CURVE_STYLE('',#23,POSITIVE_LENGTH_MEASURE(2.E-2),#11);
#292=PRESENTATION_STYLE_ASSIGNMENT((#291));
#293=STYLED_ITEM('',(#292),#290);
#294=CARTESIAN_POINT('',(-4.E1,0.E0,4.E1));
#295=DIRECTION('',(0.E0,-1.E0,0.E0));
#296=DIRECTION('',(0.E0,0.E0,1.E0));
#297=AXIS2_PLACEMENT_3D('',#294,#295,#296);
#299=CURVE_STYLE('',#23,POSITIVE_LENGTH_MEASURE(2.E-2),#11);
#300=PRESENTATION_STYLE_ASSIGNMENT((#299));
#301=STYLED_ITEM('',(#300),#298);
#302=CARTESIAN_POINT('',(3.5E1,0.E0,-4.E1));
#303=DIRECTION('',(0.E0,1.E0,0.E0));
#304=DIRECTION('',(0.E0,0.E0,-1.E0));
#305=AXIS2_PLACEMENT_3D('',#302,#303,#304);
#307=CURVE_STYLE('',#23,POSITIVE_LENGTH_MEASURE(2.E-2),#11);
#308=PRESENTATION_STYLE_ASSIGNMENT((#307));
#309=STYLED_ITEM('',(#308),#306);
#310=CARTESIAN_POINT('',(3.5E1,0.E0,-4.E1));
#311=DIRECTION('',(0.E0,1.E0,0.E0));
#312=DIRECTION('',(0.E0,0.E0,1.E0));
#313=AXIS2_PLACEMENT_3D('',#310,#311,#312);
#315=CURVE_STYLE('',#23,POSITIVE_LENGTH_MEASURE(2.E-2),#11);
#316=PRESENTATION_STYLE_ASSIGNMENT((#315));
#317=STYLED_ITEM('',(#316),#314);
#318=CARTESIAN_POINT('',(-3.5E1,0.E0,-4.E1));
#319=DIRECTION('',(0.E0,1.E0,0.E0));
#320=DIRECTION('',(0.E0,0.E0,-1.E0));
#321=AXIS2_PLACEMENT_3D('',#318,#319,#320);
#323=CURVE_STYLE('',#23,POSITIVE_LENGTH_MEASURE(2.E-2),#11);
#324=PRESENTATION_STYLE_ASSIGNMENT((#323));
#325=STYLED_ITEM('',(#324),#322);
#326=CARTESIAN_POINT('',(-3.5E1,0.E0,-4.E1));
#327=DIRECTION('',(0.E0,1.E0,0.E0));
#328=DIRECTION('',(0.E0,0.E0,1.E0));
#329=AXIS2_PLACEMENT_3D('',#326,#327,#328);
#331=CURVE_STYLE('',#23,POSITIVE_LENGTH_MEASURE(2.E-2),#11);
#332=PRESENTATION_STYLE_ASSIGNMENT((#331));
#333=STYLED_ITEM('',(#332),#330);
#334=CARTESIAN_POINT('',(-3.5E1,0.E0,4.E1));
#335=DIRECTION('',(0.E0,1.E0,0.E0));
#336=DIRECTION('',(0.E0,0.E0,-1.E0));
#337=AXIS2_PLACEMENT_3D('',#334,#335,#336);
#339=CURVE_STYLE('',#23,POSITIVE_LENGTH_MEASURE(2.E-2),#11);
#340=PRESENTATION_STYLE_ASSIGNMENT((#339));
#341=STYLED_ITEM('',(#340),#338);
#342=CARTESIAN_POINT('',(-3.5E1,0.E0,4.E1));
#343=DIRECTION('',(0.E0,1.E0,0.E0));
#344=DIRECTION('',(0.E0,0.E0,1.E0));
#345=AXIS2_PLACEMENT_3D('',#342,#343,#344);
#347=CURVE_STYLE('',#23,POSITIVE_LENGTH_MEASURE(2.E-2),#11);
#348=PRESENTATION_STYLE_ASSIGNMENT((#347));
#349=STYLED_ITEM('',(#348),#346);
#350=CARTESIAN_POINT('',(3.5E1,0.E0,4.E1));
#351=DIRECTION('',(0.E0,1.E0,0.E0));
#352=DIRECTION('',(0.E0,0.E0,-1.E0));
#353=AXIS2_PLACEMENT_3D('',#350,#351,#352);
#355=CURVE_STYLE('',#23,POSITIVE_LENGTH_MEASURE(2.E-2),#11);
#356=PRESENTATION_STYLE_ASSIGNMENT((#355));
#357=STYLED_ITEM('',(#356),#354);
#358=CARTESIAN_POINT('',(3.5E1,0.E0,4.E1));
#359=DIRECTION('',(0.E0,1.E0,0.E0));
#360=DIRECTION('',(0.E0,0.E0,1.E0));
#361=AXIS2_PLACEMENT_3D('',#358,#359,#360);
#363=CURVE_STYLE('',#23,POSITIVE_LENGTH_MEASURE(2.E-2),#11);
#364=PRESENTATION_STYLE_ASSIGNMENT((#363));
#365=STYLED_ITEM('',(#364),#362);
#366=CARTESIAN_POINT('',(4.5E1,0.E0,-4.E1));
#367=DIRECTION('',(0.E0,1.E0,0.E0));
#368=DIRECTION('',(0.E0,0.E0,1.E0));
#369=AXIS2_PLACEMENT_3D('',#366,#367,#368);
#371=CURVE_STYLE('',#23,POSITIVE_LENGTH_MEASURE(2.E-2),#11);
#372=PRESENTATION_STYLE_ASSIGNMENT((#371));
#373=STYLED_ITEM('',(#372),#370);
#374=CARTESIAN_POINT('',(4.5E1,0.E0,-4.E1));
#375=DIRECTION('',(0.E0,1.E0,0.E0));
#376=DIRECTION('',(0.E0,0.E0,-1.E0));
#377=AXIS2_PLACEMENT_3D('',#374,#375,#376);
#379=CURVE_STYLE('',#23,POSITIVE_LENGTH_MEASURE(2.E-2),#11);
#380=PRESENTATION_STYLE_ASSIGNMENT((#379));
#381=STYLED_ITEM('',(#380),#378);
#382=CARTESIAN_POINT('',(4.5E1,0.E0,4.E1));
#383=DIRECTION('',(0.E0,1.E0,0.E0));
#384=DIRECTION('',(0.E0,0.E0,1.E0));
#385=AXIS2_PLACEMENT_3D('',#382,#383,#384);
#387=CURVE_STYLE('',#23,POSITIVE_LENGTH_MEASURE(2.E-2),#11);
#388=PRESENTATION_STYLE_ASSIGNMENT((#387));
#389=STYLED_ITEM('',(#388),#386);
#390=CARTESIAN_POINT('',(4.5E1,0.E0,4.E1));
#391=DIRECTION('',(0.E0,1.E0,0.E0));
#392=DIRECTION('',(0.E0,0.E0,-1.E0));
#393=AXIS2_PLACEMENT_3D('',#390,#391,#392);
#395=CURVE_STYLE('',#23,POSITIVE_LENGTH_MEASURE(2.E-2),#11);
#396=PRESENTATION_STYLE_ASSIGNMENT((#395));
#397=STYLED_ITEM('',(#396),#394);
#398=CARTESIAN_POINT('',(-4.5E1,0.E0,4.E1));
#399=DIRECTION('',(0.E0,1.E0,0.E0));
#400=DIRECTION('',(0.E0,0.E0,1.E0));
#401=AXIS2_PLACEMENT_3D('',#398,#399,#400);
#403=CURVE_STYLE('',#23,POSITIVE_LENGTH_MEASURE(2.E-2),#11);
#404=PRESENTATION_STYLE_ASSIGNMENT((#403));
#405=STYLED_ITEM('',(#404),#402);
#406=CARTESIAN_POINT('',(-4.5E1,0.E0,4.E1));
#407=DIRECTION('',(0.E0,1.E0,0.E0));
#408=DIRECTION('',(0.E0,0.E0,-1.E0));
#409=AXIS2_PLACEMENT_3D('',#406,#407,#408);
#411=CURVE_STYLE('',#23,POSITIVE_LENGTH_MEASURE(2.E-2),#11);
#412=PRESENTATION_STYLE_ASSIGNMENT((#411));
#413=STYLED_ITEM('',(#412),#410);
#414=CARTESIAN_POINT('',(-4.5E1,0.E0,-4.E1));
#415=DIRECTION('',(0.E0,1.E0,0.E0));
#416=DIRECTION('',(0.E0,0.E0,1.E0));
#417=AXIS2_PLACEMENT_3D('',#414,#415,#416);
#419=CURVE_STYLE('',#23,POSITIVE_LENGTH_MEASURE(2.E-2),#11);
#420=PRESENTATION_STYLE_ASSIGNMENT((#419));
#421=STYLED_ITEM('',(#420),#418);
#422=CARTESIAN_POINT('',(-4.5E1,0.E0,-4.E1));
#423=DIRECTION('',(0.E0,1.E0,0.E0));
#424=DIRECTION('',(0.E0,0.E0,-1.E0));
#425=AXIS2_PLACEMENT_3D('',#422,#423,#424);
#427=CURVE_STYLE('',#23,POSITIVE_LENGTH_MEASURE(2.E-2),#11);
#428=PRESENTATION_STYLE_ASSIGNMENT((#427));
#429=STYLED_ITEM('',(#428),#426);
#430=CARTESIAN_POINT('',(-1.387778780781E-14,0.E0,0.E0));
#431=DIRECTION('',(0.E0,1.E0,0.E0));
#432=DIRECTION('',(0.E0,0.E0,1.E0));
#433=AXIS2_PLACEMENT_3D('',#430,#431,#432);
#435=CURVE_STYLE('',#23,POSITIVE_LENGTH_MEASURE(2.E-2),#11);
#436=PRESENTATION_STYLE_ASSIGNMENT((#435));
#437=STYLED_ITEM('',(#436),#434);
#438=CARTESIAN_POINT('',(-1.387778780781E-14,0.E0,0.E0));
#439=DIRECTION('',(0.E0,1.E0,0.E0));
#440=DIRECTION('',(0.E0,0.E0,-1.E0));
#441=AXIS2_PLACEMENT_3D('',#438,#439,#440);
#443=CURVE_STYLE('',#23,POSITIVE_LENGTH_MEASURE(2.E-2),#11);
#444=PRESENTATION_STYLE_ASSIGNMENT((#443));
#445=STYLED_ITEM('',(#444),#442);
#446=DIRECTION('',(0.E0,1.E0,0.E0));
#447=VECTOR('',#446,2.5E1);
#448=CARTESIAN_POINT('',(5.E1,0.E0,4.E1));
#449=LINE('952',#448,#447);
#450=CURVE_STYLE('',#23,POSITIVE_LENGTH_MEASURE(2.E-2),#11);
#451=PRESENTATION_STYLE_ASSIGNMENT((#450));
#452=STYLED_ITEM('',(#451),#449);
#453=DIRECTION('',(0.E0,-1.E0,0.E0));
#454=VECTOR('',#453,2.5E1);
#455=CARTESIAN_POINT('',(4.E1,2.5E1,5.E1));
#456=LINE('954',#455,#454);
#457=CURVE_STYLE('',#23,POSITIVE_LENGTH_MEASURE(2.E-2),#11);
#458=PRESENTATION_STYLE_ASSIGNMENT((#457));
#459=STYLED_ITEM('',(#458),#456);
#460=DIRECTION('',(1.E0,0.E0,0.E0));
#461=VECTOR('',#460,8.E1);
#462=CARTESIAN_POINT('',(-4.E1,0.E0,5.E1));
#463=LINE('945',#462,#461);
#464=CURVE_STYLE('',#23,POSITIVE_LENGTH_MEASURE(2.E-2),#11);
#465=PRESENTATION_STYLE_ASSIGNMENT((#464));
#466=STYLED_ITEM('',(#465),#463);
#467=DIRECTION('',(-1.E0,0.E0,0.E0));
#468=VECTOR('',#467,8.E1);
#469=CARTESIAN_POINT('',(4.E1,2.5E1,5.E1));
#470=LINE('940',#469,#468);
#471=CURVE_STYLE('',#23,POSITIVE_LENGTH_MEASURE(2.E-2),#11);
#472=PRESENTATION_STYLE_ASSIGNMENT((#471));
#473=STYLED_ITEM('',(#472),#470);
#474=DIRECTION('',(0.E0,1.E0,0.E0));
#475=VECTOR('',#474,2.5E1);
#476=CARTESIAN_POINT('',(-4.E1,0.E0,5.E1));
#477=LINE('931',#476,#475);
#478=CURVE_STYLE('',#23,POSITIVE_LENGTH_MEASURE(2.E-2),#11);
#479=PRESENTATION_STYLE_ASSIGNMENT((#478));
#480=STYLED_ITEM('',(#479),#477);
#481=DIRECTION('',(0.E0,-1.E0,0.E0));
#482=VECTOR('',#481,2.5E1);
#483=CARTESIAN_POINT('',(-5.E1,2.5E1,4.E1));
#484=LINE('934',#483,#482);
#485=CURVE_STYLE('',#23,POSITIVE_LENGTH_MEASURE(2.E-2),#11);
#486=PRESENTATION_STYLE_ASSIGNMENT((#485));
#487=STYLED_ITEM('',(#486),#484);
#488=DIRECTION('',(0.E0,0.E0,-1.E0));
#489=VECTOR('',#488,8.E1);
#490=CARTESIAN_POINT('',(-5.E1,2.5E1,4.E1));
#491=LINE('937',#490,#489);
#492=CURVE_STYLE('',#23,POSITIVE_LENGTH_MEASURE(2.E-2),#11);
#493=PRESENTATION_STYLE_ASSIGNMENT((#492));
#494=STYLED_ITEM('',(#493),#491);
#495=DIRECTION('',(0.E0,0.E0,1.E0));
#496=VECTOR('',#495,8.E1);
#497=CARTESIAN_POINT('',(-5.E1,0.E0,-4.E1));
#498=LINE('938',#497,#496);
#499=CURVE_STYLE('',#23,POSITIVE_LENGTH_MEASURE(2.E-2),#11);
#500=PRESENTATION_STYLE_ASSIGNMENT((#499));
#501=STYLED_ITEM('',(#500),#498);
#502=DIRECTION('',(0.E0,1.E0,0.E0));
#503=VECTOR('',#502,2.5E1);
#504=CARTESIAN_POINT('',(-5.E1,0.E0,-4.E1));
#505=LINE('932',#504,#503);
#506=CURVE_STYLE('',#23,POSITIVE_LENGTH_MEASURE(2.E-2),#11);
#507=PRESENTATION_STYLE_ASSIGNMENT((#506));
#508=STYLED_ITEM('',(#507),#505);
#509=DIRECTION('',(0.E0,-1.E0,0.E0));
#510=VECTOR('',#509,2.5E1);
#511=CARTESIAN_POINT('',(-4.E1,2.5E1,-5.E1));
#512=LINE('946',#511,#510);
#513=CURVE_STYLE('',#23,POSITIVE_LENGTH_MEASURE(2.E-2),#11);
#514=PRESENTATION_STYLE_ASSIGNMENT((#513));
#515=STYLED_ITEM('',(#514),#512);
#516=DIRECTION('',(-1.E0,0.E0,0.E0));
#517=VECTOR('',#516,8.E1);
#518=CARTESIAN_POINT('',(4.E1,0.E0,-5.E1));
#519=LINE('944',#518,#517);
#520=CURVE_STYLE('',#23,POSITIVE_LENGTH_MEASURE(2.E-2),#11);
#521=PRESENTATION_STYLE_ASSIGNMENT((#520));
#522=STYLED_ITEM('',(#521),#519);
#523=DIRECTION('',(1.E0,0.E0,0.E0));
#524=VECTOR('',#523,8.E1);
#525=CARTESIAN_POINT('',(-4.E1,2.5E1,-5.E1));
#526=LINE('941',#525,#524);
#527=CURVE_STYLE('',#23,POSITIVE_LENGTH_MEASURE(2.E-2),#11);
#528=PRESENTATION_STYLE_ASSIGNMENT((#527));
#529=STYLED_ITEM('',(#528),#526);
#530=DIRECTION('',(0.E0,1.E0,0.E0));
#531=VECTOR('',#530,2.5E1);
#532=CARTESIAN_POINT('',(4.E1,0.E0,-5.E1));
#533=LINE('950',#532,#531);
#534=CURVE_STYLE('',#23,POSITIVE_LENGTH_MEASURE(2.E-2),#11);
#535=PRESENTATION_STYLE_ASSIGNMENT((#534));
#536=STYLED_ITEM('',(#535),#533);
#537=DIRECTION('',(0.E0,-1.E0,0.E0));
#538=VECTOR('',#537,2.5E1);
#539=CARTESIAN_POINT('',(5.E1,2.5E1,-4.E1));
#540=LINE('951',#539,#538);
#541=CURVE_STYLE('',#23,POSITIVE_LENGTH_MEASURE(2.E-2),#11);
#542=PRESENTATION_STYLE_ASSIGNMENT((#541));
#543=STYLED_ITEM('',(#542),#540);
#544=DIRECTION('',(0.E0,-1.E0,0.E0));
#545=VECTOR('',#544,5.E0);
#546=CARTESIAN_POINT('',(-3.5E1,5.E0,-4.4E1));
#547=LINE('1066',#546,#545);
#548=CURVE_STYLE('',#23,POSITIVE_LENGTH_MEASURE(2.E-2),#11);
#549=PRESENTATION_STYLE_ASSIGNMENT((#548));
#550=STYLED_ITEM('',(#549),#547);
#551=DIRECTION('',(0.E0,-1.E0,0.E0));
#552=VECTOR('',#551,5.E0);
#553=CARTESIAN_POINT('',(-3.5E1,5.E0,-3.6E1));
#554=LINE('1065',#553,#552);
#555=CURVE_STYLE('',#23,POSITIVE_LENGTH_MEASURE(2.E-2),#11);
#556=PRESENTATION_STYLE_ASSIGNMENT((#555));
#557=STYLED_ITEM('',(#556),#554);
#558=CARTESIAN_POINT('',(-3.5E1,5.E0,-4.E1));
#559=DIRECTION('',(0.E0,1.E0,0.E0));
#560=DIRECTION('',(0.E0,0.E0,-1.E0));
#561=AXIS2_PLACEMENT_3D('',#558,#559,#560);
#563=CURVE_STYLE('',#23,POSITIVE_LENGTH_MEASURE(2.E-2),#11);
#564=PRESENTATION_STYLE_ASSIGNMENT((#563));
#565=STYLED_ITEM('',(#564),#562);
#566=CARTESIAN_POINT('',(-3.5E1,5.E0,-4.E1));
#567=DIRECTION('',(0.E0,1.E0,0.E0));
#568=DIRECTION('',(0.E0,0.E0,1.E0));
#569=AXIS2_PLACEMENT_3D('',#566,#567,#568);
#571=CURVE_STYLE('',#23,POSITIVE_LENGTH_MEASURE(2.E-2),#11);
#572=PRESENTATION_STYLE_ASSIGNMENT((#571));
#573=STYLED_ITEM('',(#572),#570);
#574=CARTESIAN_POINT('',(-3.5E1,5.E0,-4.E1));
#575=DIRECTION('',(0.E0,-1.E0,0.E0));
#576=DIRECTION('',(0.E0,0.E0,-1.E0));
#577=AXIS2_PLACEMENT_3D('',#574,#575,#576);
#579=CURVE_STYLE('',#23,POSITIVE_LENGTH_MEASURE(2.E-2),#11);
#580=PRESENTATION_STYLE_ASSIGNMENT((#579));
#581=STYLED_ITEM('',(#580),#578);
#582=CARTESIAN_POINT('',(-3.5E1,5.E0,-4.E1));
#583=DIRECTION('',(0.E0,-1.E0,0.E0));
#584=DIRECTION('',(0.E0,0.E0,1.E0));
#585=AXIS2_PLACEMENT_3D('',#582,#583,#584);
#587=CURVE_STYLE('',#23,POSITIVE_LENGTH_MEASURE(2.E-2),#11);
#588=PRESENTATION_STYLE_ASSIGNMENT((#587));
#589=STYLED_ITEM('',(#588),#586);
#590=DIRECTION('',(0.E0,-1.E0,0.E0));
#591=VECTOR('',#590,2.E1);
#592=CARTESIAN_POINT('',(-3.5E1,2.5E1,-4.17E1));
#593=LINE('1060',#592,#591);
#594=CURVE_STYLE('',#23,POSITIVE_LENGTH_MEASURE(2.E-2),#11);
#595=PRESENTATION_STYLE_ASSIGNMENT((#594));
#596=STYLED_ITEM('',(#595),#593);
#597=DIRECTION('',(0.E0,-1.E0,0.E0));
#598=VECTOR('',#597,2.E1);
#599=CARTESIAN_POINT('',(-3.5E1,2.5E1,-3.83E1));
#600=LINE('1059',#599,#598);
#601=CURVE_STYLE('',#23,POSITIVE_LENGTH_MEASURE(2.E-2),#11);
#602=PRESENTATION_STYLE_ASSIGNMENT((#601));
#603=STYLED_ITEM('',(#602),#600);
#604=DIRECTION('',(0.E0,-1.E0,0.E0));
#605=VECTOR('',#604,5.E0);
#606=CARTESIAN_POINT('',(-3.5E1,5.E0,3.6E1));
#607=LINE('1054',#606,#605);
#608=CURVE_STYLE('',#23,POSITIVE_LENGTH_MEASURE(2.E-2),#11);
#609=PRESENTATION_STYLE_ASSIGNMENT((#608));
#610=STYLED_ITEM('',(#609),#607);
#611=DIRECTION('',(0.E0,-1.E0,0.E0));
#612=VECTOR('',#611,5.E0);
#613=CARTESIAN_POINT('',(-3.5E1,5.E0,4.4E1));
#614=LINE('1053',#613,#612);
#615=CURVE_STYLE('',#23,POSITIVE_LENGTH_MEASURE(2.E-2),#11);
#616=PRESENTATION_STYLE_ASSIGNMENT((#615));
#617=STYLED_ITEM('',(#616),#614);
#618=CARTESIAN_POINT('',(-3.5E1,5.E0,4.E1));
#619=DIRECTION('',(0.E0,1.E0,0.E0));
#620=DIRECTION('',(0.E0,0.E0,-1.E0));
#621=AXIS2_PLACEMENT_3D('',#618,#619,#620);
#623=CURVE_STYLE('',#23,POSITIVE_LENGTH_MEASURE(2.E-2),#11);
#624=PRESENTATION_STYLE_ASSIGNMENT((#623));
#625=STYLED_ITEM('',(#624),#622);
#626=CARTESIAN_POINT('',(-3.5E1,5.E0,4.E1));
#627=DIRECTION('',(0.E0,1.E0,0.E0));
#628=DIRECTION('',(0.E0,0.E0,1.E0));
#629=AXIS2_PLACEMENT_3D('',#626,#627,#628);
#631=CURVE_STYLE('',#23,POSITIVE_LENGTH_MEASURE(2.E-2),#11);
#632=PRESENTATION_STYLE_ASSIGNMENT((#631));
#633=STYLED_ITEM('',(#632),#630);
#634=CARTESIAN_POINT('',(-3.5E1,5.E0,4.E1));
#635=DIRECTION('',(0.E0,-1.E0,0.E0));
#636=DIRECTION('',(0.E0,0.E0,-1.E0));
#637=AXIS2_PLACEMENT_3D('',#634,#635,#636);
#639=CURVE_STYLE('',#23,POSITIVE_LENGTH_MEASURE(2.E-2),#11);
#640=PRESENTATION_STYLE_ASSIGNMENT((#639));
#641=STYLED_ITEM('',(#640),#638);
#642=CARTESIAN_POINT('',(-3.5E1,5.E0,4.E1));
#643=DIRECTION('',(0.E0,-1.E0,0.E0));
#644=DIRECTION('',(0.E0,0.E0,1.E0));
#645=AXIS2_PLACEMENT_3D('',#642,#643,#644);
#647=CURVE_STYLE('',#23,POSITIVE_LENGTH_MEASURE(2.E-2),#11);
#648=PRESENTATION_STYLE_ASSIGNMENT((#647));
#649=STYLED_ITEM('',(#648),#646);
#650=DIRECTION('',(0.E0,-1.E0,0.E0));
#651=VECTOR('',#650,2.E1);
#652=CARTESIAN_POINT('',(-3.5E1,2.5E1,3.83E1));
#653=LINE('1048',#652,#651);
#654=CURVE_STYLE('',#23,POSITIVE_LENGTH_MEASURE(2.E-2),#11);
#655=PRESENTATION_STYLE_ASSIGNMENT((#654));
#656=STYLED_ITEM('',(#655),#653);
#657=DIRECTION('',(0.E0,-1.E0,0.E0));
#658=VECTOR('',#657,2.E1);
#659=CARTESIAN_POINT('',(-3.5E1,2.5E1,4.17E1));
#660=LINE('1047',#659,#658);
#661=CURVE_STYLE('',#23,POSITIVE_LENGTH_MEASURE(2.E-2),#11);
#662=PRESENTATION_STYLE_ASSIGNMENT((#661));
#663=STYLED_ITEM('',(#662),#660);
#664=DIRECTION('',(0.E0,-1.E0,0.E0));
#665=VECTOR('',#664,5.E0);
#666=CARTESIAN_POINT('',(3.5E1,5.E0,3.6E1));
#667=LINE('1042',#666,#665);
#668=CURVE_STYLE('',#23,POSITIVE_LENGTH_MEASURE(2.E-2),#11);
#669=PRESENTATION_STYLE_ASSIGNMENT((#668));
#670=STYLED_ITEM('',(#669),#667);
#671=DIRECTION('',(0.E0,-1.E0,0.E0));
#672=VECTOR('',#671,5.E0);
#673=CARTESIAN_POINT('',(3.5E1,5.E0,4.4E1));
#674=LINE('1041',#673,#672);
#675=CURVE_STYLE('',#23,POSITIVE_LENGTH_MEASURE(2.E-2),#11);
#676=PRESENTATION_STYLE_ASSIGNMENT((#675));
#677=STYLED_ITEM('',(#676),#674);
#678=CARTESIAN_POINT('',(3.5E1,5.E0,4.E1));
#679=DIRECTION('',(0.E0,1.E0,0.E0));
#680=DIRECTION('',(0.E0,0.E0,-1.E0));
#681=AXIS2_PLACEMENT_3D('',#678,#679,#680);
#683=CURVE_STYLE('',#23,POSITIVE_LENGTH_MEASURE(2.E-2),#11);
#684=PRESENTATION_STYLE_ASSIGNMENT((#683));
#685=STYLED_ITEM('',(#684),#682);
#686=CARTESIAN_POINT('',(3.5E1,5.E0,4.E1));
#687=DIRECTION('',(0.E0,1.E0,0.E0));
#688=DIRECTION('',(0.E0,0.E0,1.E0));
#689=AXIS2_PLACEMENT_3D('',#686,#687,#688);
#691=CURVE_STYLE('',#23,POSITIVE_LENGTH_MEASURE(2.E-2),#11);
#692=PRESENTATION_STYLE_ASSIGNMENT((#691));
#693=STYLED_ITEM('',(#692),#690);
#694=CARTESIAN_POINT('',(3.5E1,5.E0,4.E1));
#695=DIRECTION('',(0.E0,-1.E0,0.E0));
#696=DIRECTION('',(0.E0,0.E0,-1.E0));
#697=AXIS2_PLACEMENT_3D('',#694,#695,#696);
#699=CURVE_STYLE('',#23,POSITIVE_LENGTH_MEASURE(2.E-2),#11);
#700=PRESENTATION_STYLE_ASSIGNMENT((#699));
#701=STYLED_ITEM('',(#700),#698);
#702=CARTESIAN_POINT('',(3.5E1,5.E0,4.E1));
#703=DIRECTION('',(0.E0,-1.E0,0.E0));
#704=DIRECTION('',(0.E0,0.E0,1.E0));
#705=AXIS2_PLACEMENT_3D('',#702,#703,#704);
#707=CURVE_STYLE('',#23,POSITIVE_LENGTH_MEASURE(2.E-2),#11);
#708=PRESENTATION_STYLE_ASSIGNMENT((#707));
#709=STYLED_ITEM('',(#708),#706);
#710=DIRECTION('',(0.E0,-1.E0,0.E0));
#711=VECTOR('',#710,2.E1);
#712=CARTESIAN_POINT('',(3.5E1,2.5E1,3.83E1));
#713=LINE('966',#712,#711);
#714=CURVE_STYLE('',#23,POSITIVE_LENGTH_MEASURE(2.E-2),#11);
#715=PRESENTATION_STYLE_ASSIGNMENT((#714));
#716=STYLED_ITEM('',(#715),#713);
#717=DIRECTION('',(0.E0,-1.E0,0.E0));
#718=VECTOR('',#717,2.E1);
#719=CARTESIAN_POINT('',(3.5E1,2.5E1,4.17E1));
#720=LINE('965',#719,#718);
#721=CURVE_STYLE('',#23,POSITIVE_LENGTH_MEASURE(2.E-2),#11);
#722=PRESENTATION_STYLE_ASSIGNMENT((#721));
#723=STYLED_ITEM('',(#722),#720);
#724=DIRECTION('',(0.E0,1.E0,0.E0));
#725=VECTOR('',#724,2.335E1);
#726=CARTESIAN_POINT('',(4.5E1,0.E0,-3.83E1));
#727=LINE('1036',#726,#725);
#728=CURVE_STYLE('',#23,POSITIVE_LENGTH_MEASURE(2.E-2),#11);
#729=PRESENTATION_STYLE_ASSIGNMENT((#728));
#730=STYLED_ITEM('',(#729),#727);
#731=DIRECTION('',(0.E0,1.E0,0.E0));
#732=VECTOR('',#731,2.335E1);
#733=CARTESIAN_POINT('',(4.5E1,0.E0,-4.17E1));
#734=LINE('1035',#733,#732);
#735=CURVE_STYLE('',#23,POSITIVE_LENGTH_MEASURE(2.E-2),#11);
#736=PRESENTATION_STYLE_ASSIGNMENT((#735));
#737=STYLED_ITEM('',(#736),#734);
#738=CARTESIAN_POINT('',(4.5E1,2.335E1,-4.E1));
#739=DIRECTION('',(0.E0,-1.E0,0.E0));
#740=DIRECTION('',(0.E0,0.E0,1.E0));
#741=AXIS2_PLACEMENT_3D('',#738,#739,#740);
#743=CURVE_STYLE('',#23,POSITIVE_LENGTH_MEASURE(2.E-2),#11);
#744=PRESENTATION_STYLE_ASSIGNMENT((#743));
#745=STYLED_ITEM('',(#744),#742);
#746=CARTESIAN_POINT('',(4.5E1,2.335E1,-4.E1));
#747=DIRECTION('',(0.E0,-1.E0,0.E0));
#748=DIRECTION('',(0.E0,0.E0,-1.E0));
#749=AXIS2_PLACEMENT_3D('',#746,#747,#748);
#751=CURVE_STYLE('',#23,POSITIVE_LENGTH_MEASURE(2.E-2),#11);
#752=PRESENTATION_STYLE_ASSIGNMENT((#751));
#753=STYLED_ITEM('',(#752),#750);
#754=CARTESIAN_POINT('',(4.5E1,2.335E1,-4.E1));
#755=DIRECTION('',(0.E0,1.E0,0.E0));
#756=DIRECTION('',(0.E0,0.E0,1.E0));
#757=AXIS2_PLACEMENT_3D('',#754,#755,#756);
#759=CURVE_STYLE('',#23,POSITIVE_LENGTH_MEASURE(2.E-2),#11);
#760=PRESENTATION_STYLE_ASSIGNMENT((#759));
#761=STYLED_ITEM('',(#760),#758);
#762=CARTESIAN_POINT('',(4.5E1,2.335E1,-4.E1));
#763=DIRECTION('',(0.E0,1.E0,0.E0));
#764=DIRECTION('',(0.E0,0.E0,-1.E0));
#765=AXIS2_PLACEMENT_3D('',#762,#763,#764);
#767=CURVE_STYLE('',#23,POSITIVE_LENGTH_MEASURE(2.E-2),#11);
#768=PRESENTATION_STYLE_ASSIGNMENT((#767));
#769=STYLED_ITEM('',(#768),#766);
#770=DIRECTION('',(0.E0,1.E0,0.E0));
#771=VECTOR('',#770,1.625E0);
#772=CARTESIAN_POINT('',(4.5E1,2.335E1,-3.665E1));
#773=LINE('976',#772,#771);
#774=CURVE_STYLE('',#23,POSITIVE_LENGTH_MEASURE(2.E-2),#11);
#775=PRESENTATION_STYLE_ASSIGNMENT((#774));
#776=STYLED_ITEM('',(#775),#773);
#777=DIRECTION('',(0.E0,1.E0,0.E0));
#778=VECTOR('',#777,1.625E0);
#779=CARTESIAN_POINT('',(4.5E1,2.335E1,-4.335E1));
#780=LINE('975',#779,#778);
#781=CURVE_STYLE('',#23,POSITIVE_LENGTH_MEASURE(2.E-2),#11);
#782=PRESENTATION_STYLE_ASSIGNMENT((#781));
#783=STYLED_ITEM('',(#782),#780);
#784=CARTESIAN_POINT('',(4.5E1,2.4975E1,-4.E1));
#785=DIRECTION('',(0.E0,-1.E0,0.E0));
#786=DIRECTION('',(0.E0,0.E0,1.E0));
#787=AXIS2_PLACEMENT_3D('',#784,#785,#786);
#789=CURVE_STYLE('',#23,POSITIVE_LENGTH_MEASURE(2.E-2),#11);
#790=PRESENTATION_STYLE_ASSIGNMENT((#789));
#791=STYLED_ITEM('',(#790),#788);
#792=DIRECTION('',(0.E0,7.071067811866E-1,7.071067811865E-1));
#793=VECTOR('',#792,3.535533905933E-2);
#794=CARTESIAN_POINT('',(4.5E1,2.4975E1,-3.665E1));
#795=LINE('972',#794,#793);
#796=CURVE_STYLE('',#23,POSITIVE_LENGTH_MEASURE(2.E-2),#11);
#797=PRESENTATION_STYLE_ASSIGNMENT((#796));
#798=STYLED_ITEM('',(#797),#795);
#799=DIRECTION('',(0.E0,7.071067811867E-1,-7.071067811864E-1));
#800=VECTOR('',#799,3.535533905932E-2);
#801=CARTESIAN_POINT('',(4.5E1,2.4975E1,-4.335E1));
#802=LINE('971',#801,#800);
#803=CURVE_STYLE('',#23,POSITIVE_LENGTH_MEASURE(2.E-2),#11);
#804=PRESENTATION_STYLE_ASSIGNMENT((#803));
#805=STYLED_ITEM('',(#804),#802);
#806=CARTESIAN_POINT('',(4.5E1,2.4975E1,-4.E1));
#807=DIRECTION('',(0.E0,-1.E0,0.E0));
#808=DIRECTION('',(0.E0,0.E0,-1.E0));
#809=AXIS2_PLACEMENT_3D('',#806,#807,#808);
#811=CURVE_STYLE('',#23,POSITIVE_LENGTH_MEASURE(2.E-2),#11);
#812=PRESENTATION_STYLE_ASSIGNMENT((#811));
#813=STYLED_ITEM('',(#812),#810);
#814=DIRECTION('',(0.E0,1.E0,0.E0));
#815=VECTOR('',#814,2.335E1);
#816=CARTESIAN_POINT('',(4.5E1,0.E0,4.17E1));
#817=LINE('1020',#816,#815);
#818=CURVE_STYLE('',#23,POSITIVE_LENGTH_MEASURE(2.E-2),#11);
#819=PRESENTATION_STYLE_ASSIGNMENT((#818));
#820=STYLED_ITEM('',(#819),#817);
#821=DIRECTION('',(0.E0,1.E0,0.E0));
#822=VECTOR('',#821,2.335E1);
#823=CARTESIAN_POINT('',(4.5E1,0.E0,3.83E1));
#824=LINE('1019',#823,#822);
#825=CURVE_STYLE('',#23,POSITIVE_LENGTH_MEASURE(2.E-2),#11);
#826=PRESENTATION_STYLE_ASSIGNMENT((#825));
#827=STYLED_ITEM('',(#826),#824);
#828=CARTESIAN_POINT('',(4.5E1,2.335E1,4.E1));
#829=DIRECTION('',(0.E0,-1.E0,0.E0));
#830=DIRECTION('',(0.E0,0.E0,1.E0));
#831=AXIS2_PLACEMENT_3D('',#828,#829,#830);
#833=CURVE_STYLE('',#23,POSITIVE_LENGTH_MEASURE(2.E-2),#11);
#834=PRESENTATION_STYLE_ASSIGNMENT((#833));
#835=STYLED_ITEM('',(#834),#832);
#836=CARTESIAN_POINT('',(4.5E1,2.335E1,4.E1));
#837=DIRECTION('',(0.E0,-1.E0,0.E0));
#838=DIRECTION('',(0.E0,0.E0,-1.E0));
#839=AXIS2_PLACEMENT_3D('',#836,#837,#838);
#841=CURVE_STYLE('',#23,POSITIVE_LENGTH_MEASURE(2.E-2),#11);
#842=PRESENTATION_STYLE_ASSIGNMENT((#841));
#843=STYLED_ITEM('',(#842),#840);
#844=CARTESIAN_POINT('',(4.5E1,2.335E1,4.E1));
#845=DIRECTION('',(0.E0,1.E0,0.E0));
#846=DIRECTION('',(0.E0,0.E0,1.E0));
#847=AXIS2_PLACEMENT_3D('',#844,#845,#846);
#849=CURVE_STYLE('',#23,POSITIVE_LENGTH_MEASURE(2.E-2),#11);
#850=PRESENTATION_STYLE_ASSIGNMENT((#849));
#851=STYLED_ITEM('',(#850),#848);
#852=CARTESIAN_POINT('',(4.5E1,2.335E1,4.E1));
#853=DIRECTION('',(0.E0,1.E0,0.E0));
#854=DIRECTION('',(0.E0,0.E0,-1.E0));
#855=AXIS2_PLACEMENT_3D('',#852,#853,#854);
#857=CURVE_STYLE('',#23,POSITIVE_LENGTH_MEASURE(2.E-2),#11);
#858=PRESENTATION_STYLE_ASSIGNMENT((#857));
#859=STYLED_ITEM('',(#858),#856);
#860=DIRECTION('',(0.E0,1.E0,0.E0));
#861=VECTOR('',#860,1.625E0);
#862=CARTESIAN_POINT('',(4.5E1,2.335E1,4.335E1));
#863=LINE('1026',#862,#861);
#864=CURVE_STYLE('',#23,POSITIVE_LENGTH_MEASURE(2.E-2),#11);
#865=PRESENTATION_STYLE_ASSIGNMENT((#864));
#866=STYLED_ITEM('',(#865),#863);
#867=DIRECTION('',(0.E0,1.E0,0.E0));
#868=VECTOR('',#867,1.625E0);
#869=CARTESIAN_POINT('',(4.5E1,2.335E1,3.665E1));
#870=LINE('1025',#869,#868);
#871=CURVE_STYLE('',#23,POSITIVE_LENGTH_MEASURE(2.E-2),#11);
#872=PRESENTATION_STYLE_ASSIGNMENT((#871));
#873=STYLED_ITEM('',(#872),#870);
#874=CARTESIAN_POINT('',(4.5E1,2.4975E1,4.E1));
#875=DIRECTION('',(0.E0,-1.E0,0.E0));
#876=DIRECTION('',(0.E0,0.E0,1.E0));
#877=AXIS2_PLACEMENT_3D('',#874,#875,#876);
#879=CURVE_STYLE('',#23,POSITIVE_LENGTH_MEASURE(2.E-2),#11);
#880=PRESENTATION_STYLE_ASSIGNMENT((#879));
#881=STYLED_ITEM('',(#880),#878);
#882=DIRECTION('',(0.E0,7.071067811865E-1,7.071067811866E-1));
#883=VECTOR('',#882,3.535533905933E-2);
#884=CARTESIAN_POINT('',(4.5E1,2.4975E1,4.335E1));
#885=LINE('1030',#884,#883);
#886=CURVE_STYLE('',#23,POSITIVE_LENGTH_MEASURE(2.E-2),#11);
#887=PRESENTATION_STYLE_ASSIGNMENT((#886));
#888=STYLED_ITEM('',(#887),#885);
#889=DIRECTION('',(0.E0,7.071067811867E-1,-7.071067811864E-1));
#890=VECTOR('',#889,3.535533905932E-2);
#891=CARTESIAN_POINT('',(4.5E1,2.4975E1,3.665E1));
#892=LINE('1029',#891,#890);
#893=CURVE_STYLE('',#23,POSITIVE_LENGTH_MEASURE(2.E-2),#11);
#894=PRESENTATION_STYLE_ASSIGNMENT((#893));
#895=STYLED_ITEM('',(#894),#892);
#896=CARTESIAN_POINT('',(4.5E1,2.4975E1,4.E1));
#897=DIRECTION('',(0.E0,-1.E0,0.E0));
#898=DIRECTION('',(0.E0,0.E0,-1.E0));
#899=AXIS2_PLACEMENT_3D('',#896,#897,#898);
#901=CURVE_STYLE('',#23,POSITIVE_LENGTH_MEASURE(2.E-2),#11);
#902=PRESENTATION_STYLE_ASSIGNMENT((#901));
#903=STYLED_ITEM('',(#902),#900);
#904=DIRECTION('',(0.E0,1.E0,0.E0));
#905=VECTOR('',#904,2.335E1);
#906=CARTESIAN_POINT('',(-4.5E1,0.E0,4.17E1));
#907=LINE('1004',#906,#905);
#908=CURVE_STYLE('',#23,POSITIVE_LENGTH_MEASURE(2.E-2),#11);
#909=PRESENTATION_STYLE_ASSIGNMENT((#908));
#910=STYLED_ITEM('',(#909),#907);
#911=DIRECTION('',(0.E0,1.E0,0.E0));
#912=VECTOR('',#911,2.335E1);
#913=CARTESIAN_POINT('',(-4.5E1,0.E0,3.83E1));
#914=LINE('1003',#913,#912);
#915=CURVE_STYLE('',#23,POSITIVE_LENGTH_MEASURE(2.E-2),#11);
#916=PRESENTATION_STYLE_ASSIGNMENT((#915));
#917=STYLED_ITEM('',(#916),#914);
#918=CARTESIAN_POINT('',(-4.5E1,2.335E1,4.E1));
#919=DIRECTION('',(0.E0,-1.E0,0.E0));
#920=DIRECTION('',(0.E0,0.E0,1.E0));
#921=AXIS2_PLACEMENT_3D('',#918,#919,#920);
#923=CURVE_STYLE('',#23,POSITIVE_LENGTH_MEASURE(2.E-2),#11);
#924=PRESENTATION_STYLE_ASSIGNMENT((#923));
#925=STYLED_ITEM('',(#924),#922);
#926=CARTESIAN_POINT('',(-4.5E1,2.335E1,4.E1));
#927=DIRECTION('',(0.E0,-1.E0,0.E0));
#928=DIRECTION('',(0.E0,0.E0,-1.E0));
#929=AXIS2_PLACEMENT_3D('',#926,#927,#928);
#931=CURVE_STYLE('',#23,POSITIVE_LENGTH_MEASURE(2.E-2),#11);
#932=PRESENTATION_STYLE_ASSIGNMENT((#931));
#933=STYLED_ITEM('',(#932),#930);
#934=CARTESIAN_POINT('',(-4.5E1,2.335E1,4.E1));
#935=DIRECTION('',(0.E0,1.E0,0.E0));
#936=DIRECTION('',(0.E0,0.E0,1.E0));
#937=AXIS2_PLACEMENT_3D('',#934,#935,#936);
#939=CURVE_STYLE('',#23,POSITIVE_LENGTH_MEASURE(2.E-2),#11);
#940=PRESENTATION_STYLE_ASSIGNMENT((#939));
#941=STYLED_ITEM('',(#940),#938);
#942=CARTESIAN_POINT('',(-4.5E1,2.335E1,4.E1));
#943=DIRECTION('',(0.E0,1.E0,0.E0));
#944=DIRECTION('',(0.E0,0.E0,-1.E0));
#945=AXIS2_PLACEMENT_3D('',#942,#943,#944);
#947=CURVE_STYLE('',#23,POSITIVE_LENGTH_MEASURE(2.E-2),#11);
#948=PRESENTATION_STYLE_ASSIGNMENT((#947));
#949=STYLED_ITEM('',(#948),#946);
#950=DIRECTION('',(0.E0,1.E0,0.E0));
#951=VECTOR('',#950,1.625E0);
#952=CARTESIAN_POINT('',(-4.5E1,2.335E1,4.335E1));
#953=LINE('1010',#952,#951);
#954=CURVE_STYLE('',#23,POSITIVE_LENGTH_MEASURE(2.E-2),#11);
#955=PRESENTATION_STYLE_ASSIGNMENT((#954));
#956=STYLED_ITEM('',(#955),#953);
#957=DIRECTION('',(0.E0,1.E0,0.E0));
#958=VECTOR('',#957,1.625E0);
#959=CARTESIAN_POINT('',(-4.5E1,2.335E1,3.665E1));
#960=LINE('1009',#959,#958);
#961=CURVE_STYLE('',#23,POSITIVE_LENGTH_MEASURE(2.E-2),#11);
#962=PRESENTATION_STYLE_ASSIGNMENT((#961));
#963=STYLED_ITEM('',(#962),#960);
#964=CARTESIAN_POINT('',(-4.5E1,2.4975E1,4.E1));
#965=DIRECTION('',(0.E0,-1.E0,0.E0));
#966=DIRECTION('',(0.E0,0.E0,1.E0));
#967=AXIS2_PLACEMENT_3D('',#964,#965,#966);
#969=CURVE_STYLE('',#23,POSITIVE_LENGTH_MEASURE(2.E-2),#11);
#970=PRESENTATION_STYLE_ASSIGNMENT((#969));
#971=STYLED_ITEM('',(#970),#968);
#972=DIRECTION('',(0.E0,7.071067811865E-1,7.071067811866E-1));
#973=VECTOR('',#972,3.535533905933E-2);
#974=CARTESIAN_POINT('',(-4.5E1,2.4975E1,4.335E1));
#975=LINE('1014',#974,#973);
#976=CURVE_STYLE('',#23,POSITIVE_LENGTH_MEASURE(2.E-2),#11);
#977=PRESENTATION_STYLE_ASSIGNMENT((#976));
#978=STYLED_ITEM('',(#977),#975);
#979=DIRECTION('',(0.E0,7.071067811867E-1,-7.071067811864E-1));
#980=VECTOR('',#979,3.535533905932E-2);
#981=CARTESIAN_POINT('',(-4.5E1,2.4975E1,3.665E1));
#982=LINE('1013',#981,#980);
#983=CURVE_STYLE('',#23,POSITIVE_LENGTH_MEASURE(2.E-2),#11);
#984=PRESENTATION_STYLE_ASSIGNMENT((#983));
#985=STYLED_ITEM('',(#984),#982);
#986=CARTESIAN_POINT('',(-4.5E1,2.4975E1,4.E1));
#987=DIRECTION('',(0.E0,-1.E0,0.E0));
#988=DIRECTION('',(0.E0,0.E0,-1.E0));
#989=AXIS2_PLACEMENT_3D('',#986,#987,#988);
#991=CURVE_STYLE('',#23,POSITIVE_LENGTH_MEASURE(2.E-2),#11);
#992=PRESENTATION_STYLE_ASSIGNMENT((#991));
#993=STYLED_ITEM('',(#992),#990);
#994=DIRECTION('',(0.E0,1.E0,0.E0));
#995=VECTOR('',#994,2.335E1);
#996=CARTESIAN_POINT('',(-4.5E1,0.E0,-3.83E1));
#997=LINE('988',#996,#995);
#998=CURVE_STYLE('',#23,POSITIVE_LENGTH_MEASURE(2.E-2),#11);
#999=PRESENTATION_STYLE_ASSIGNMENT((#998));
#1000=STYLED_ITEM('',(#999),#997);
#1001=DIRECTION('',(0.E0,1.E0,0.E0));
#1002=VECTOR('',#1001,2.335E1);
#1003=CARTESIAN_POINT('',(-4.5E1,0.E0,-4.17E1));
#1004=LINE('987',#1003,#1002);
#1005=CURVE_STYLE('',#23,POSITIVE_LENGTH_MEASURE(2.E-2),#11);
#1006=PRESENTATION_STYLE_ASSIGNMENT((#1005));
#1007=STYLED_ITEM('',(#1006),#1004);
#1008=CARTESIAN_POINT('',(-4.5E1,2.335E1,-4.E1));
#1009=DIRECTION('',(0.E0,-1.E0,0.E0));
#1010=DIRECTION('',(0.E0,0.E0,1.E0));
#1011=AXIS2_PLACEMENT_3D('',#1008,#1009,#1010);
#1013=CURVE_STYLE('',#23,POSITIVE_LENGTH_MEASURE(2.E-2),#11);
#1014=PRESENTATION_STYLE_ASSIGNMENT((#1013));
#1015=STYLED_ITEM('',(#1014),#1012);
#1016=CARTESIAN_POINT('',(-4.5E1,2.335E1,-4.E1));
#1017=DIRECTION('',(0.E0,-1.E0,0.E0));
#1018=DIRECTION('',(0.E0,0.E0,-1.E0));
#1019=AXIS2_PLACEMENT_3D('',#1016,#1017,#1018);
#1021=CURVE_STYLE('',#23,POSITIVE_LENGTH_MEASURE(2.E-2),#11);
#1022=PRESENTATION_STYLE_ASSIGNMENT((#1021));
#1023=STYLED_ITEM('',(#1022),#1020);
#1024=CARTESIAN_POINT('',(-4.5E1,2.335E1,-4.E1));
#1025=DIRECTION('',(0.E0,1.E0,0.E0));
#1026=DIRECTION('',(0.E0,0.E0,1.E0));
#1027=AXIS2_PLACEMENT_3D('',#1024,#1025,#1026);
#1029=CURVE_STYLE('',#23,POSITIVE_LENGTH_MEASURE(2.E-2),#11);
#1030=PRESENTATION_STYLE_ASSIGNMENT((#1029));
#1031=STYLED_ITEM('',(#1030),#1028);
#1032=CARTESIAN_POINT('',(-4.5E1,2.335E1,-4.E1));
#1033=DIRECTION('',(0.E0,1.E0,0.E0));
#1034=DIRECTION('',(0.E0,0.E0,-1.E0));
#1035=AXIS2_PLACEMENT_3D('',#1032,#1033,#1034);
#1037=CURVE_STYLE('',#23,POSITIVE_LENGTH_MEASURE(2.E-2),#11);
#1038=PRESENTATION_STYLE_ASSIGNMENT((#1037));
#1039=STYLED_ITEM('',(#1038),#1036);
#1040=DIRECTION('',(0.E0,1.E0,0.E0));
#1041=VECTOR('',#1040,1.625E0);
#1042=CARTESIAN_POINT('',(-4.5E1,2.335E1,-3.665E1));
#1043=LINE('994',#1042,#1041);
#1044=CURVE_STYLE('',#23,POSITIVE_LENGTH_MEASURE(2.E-2),#11);
#1045=PRESENTATION_STYLE_ASSIGNMENT((#1044));
#1046=STYLED_ITEM('',(#1045),#1043);
#1047=DIRECTION('',(0.E0,1.E0,0.E0));
#1048=VECTOR('',#1047,1.625E0);
#1049=CARTESIAN_POINT('',(-4.5E1,2.335E1,-4.335E1));
#1050=LINE('993',#1049,#1048);
#1051=CURVE_STYLE('',#23,POSITIVE_LENGTH_MEASURE(2.E-2),#11);
#1052=PRESENTATION_STYLE_ASSIGNMENT((#1051));
#1053=STYLED_ITEM('',(#1052),#1050);
#1054=CARTESIAN_POINT('',(-4.5E1,2.4975E1,-4.E1));
#1055=DIRECTION('',(0.E0,-1.E0,0.E0));
#1056=DIRECTION('',(0.E0,0.E0,1.E0));
#1057=AXIS2_PLACEMENT_3D('',#1054,#1055,#1056);
#1059=CURVE_STYLE('',#23,POSITIVE_LENGTH_MEASURE(2.E-2),#11);
#1060=PRESENTATION_STYLE_ASSIGNMENT((#1059));
#1061=STYLED_ITEM('',(#1060),#1058);
#1062=DIRECTION('',(0.E0,7.071067811866E-1,7.071067811865E-1));
#1063=VECTOR('',#1062,3.535533905933E-2);
#1064=CARTESIAN_POINT('',(-4.5E1,2.4975E1,-3.665E1));
#1065=LINE('998',#1064,#1063);
#1066=CURVE_STYLE('',#23,POSITIVE_LENGTH_MEASURE(2.E-2),#11);
#1067=PRESENTATION_STYLE_ASSIGNMENT((#1066));
#1068=STYLED_ITEM('',(#1067),#1065);
#1069=DIRECTION('',(0.E0,7.071067811867E-1,-7.071067811864E-1));
#1070=VECTOR('',#1069,3.535533905932E-2);
#1071=CARTESIAN_POINT('',(-4.5E1,2.4975E1,-4.335E1));
#1072=LINE('997',#1071,#1070);
#1073=CURVE_STYLE('',#23,POSITIVE_LENGTH_MEASURE(2.E-2),#11);
#1074=PRESENTATION_STYLE_ASSIGNMENT((#1073));
#1075=STYLED_ITEM('',(#1074),#1072);
#1076=CARTESIAN_POINT('',(-4.5E1,2.4975E1,-4.E1));
#1077=DIRECTION('',(0.E0,-1.E0,0.E0));
#1078=DIRECTION('',(0.E0,0.E0,-1.E0));
#1079=AXIS2_PLACEMENT_3D('',#1076,#1077,#1078);
#1081=CURVE_STYLE('',#23,POSITIVE_LENGTH_MEASURE(2.E-2),#11);
#1082=PRESENTATION_STYLE_ASSIGNMENT((#1081));
#1083=STYLED_ITEM('',(#1082),#1080);
#1084=CARTESIAN_POINT('',(0.E0,5.E0,0.E0));
#1085=DIRECTION('',(0.E0,1.E0,0.E0));
#1086=DIRECTION('',(1.E0,0.E0,0.E0));
#1087=AXIS2_PLACEMENT_3D('',#1084,#1085,#1086);
#1089=CURVE_STYLE('',#23,POSITIVE_LENGTH_MEASURE(2.E-2),#11);
#1090=PRESENTATION_STYLE_ASSIGNMENT((#1089));
#1091=STYLED_ITEM('',(#1090),#1088);
#1092=CARTESIAN_POINT('',(0.E0,5.E0,0.E0));
#1093=DIRECTION('',(0.E0,1.E0,0.E0));
#1094=DIRECTION('',(-1.E0,0.E0,0.E0));
#1095=AXIS2_PLACEMENT_3D('',#1092,#1093,#1094);
#1097=CURVE_STYLE('',#23,POSITIVE_LENGTH_MEASURE(2.E-2),#11);
#1098=PRESENTATION_STYLE_ASSIGNMENT((#1097));
#1099=STYLED_ITEM('',(#1098),#1096);
#1100=CARTESIAN_POINT('',(-1.387778780781E-14,5.E0,0.E0));
#1101=DIRECTION('',(0.E0,-1.E0,0.E0));
#1102=DIRECTION('',(0.E0,0.E0,1.E0));
#1103=AXIS2_PLACEMENT_3D('',#1100,#1101,#1102);
#1105=CURVE_STYLE('',#23,POSITIVE_LENGTH_MEASURE(2.E-2),#11);
#1106=PRESENTATION_STYLE_ASSIGNMENT((#1105));
#1107=STYLED_ITEM('',(#1106),#1104);
#1108=CARTESIAN_POINT('',(-1.387778780781E-14,5.E0,0.E0));
#1109=DIRECTION('',(0.E0,-1.E0,0.E0));
#1110=DIRECTION('',(0.E0,0.E0,-1.E0));
#1111=AXIS2_PLACEMENT_3D('',#1108,#1109,#1110);
#1113=CURVE_STYLE('',#23,POSITIVE_LENGTH_MEASURE(2.E-2),#11);
#1114=PRESENTATION_STYLE_ASSIGNMENT((#1113));
#1115=STYLED_ITEM('',(#1114),#1112);
#1116=DIRECTION('',(0.E0,-1.E0,0.E0));
#1117=VECTOR('',#1116,1.85E1);
#1118=CARTESIAN_POINT('',(4.3E1,2.35E1,0.E0));
#1119=LINE('1203',#1118,#1117);
#1120=CURVE_STYLE('',#23,POSITIVE_LENGTH_MEASURE(2.E-2),#11);
#1121=PRESENTATION_STYLE_ASSIGNMENT((#1120));
#1122=STYLED_ITEM('',(#1121),#1119);
#1123=CARTESIAN_POINT('',(0.E0,2.35E1,0.E0));
#1124=DIRECTION('',(0.E0,1.E0,0.E0));
#1125=DIRECTION('',(1.E0,0.E0,0.E0));
#1126=AXIS2_PLACEMENT_3D('',#1123,#1124,#1125);
#1128=CURVE_STYLE('',#23,POSITIVE_LENGTH_MEASURE(2.E-2),#11);
#1129=PRESENTATION_STYLE_ASSIGNMENT((#1128));
#1130=STYLED_ITEM('',(#1129),#1127);
#1131=CARTESIAN_POINT('',(0.E0,2.35E1,0.E0));
#1132=DIRECTION('',(0.E0,1.E0,0.E0));
#1133=DIRECTION('',(0.E0,0.E0,1.E0));
#1134=AXIS2_PLACEMENT_3D('',#1131,#1132,#1133);
#1136=CURVE_STYLE('',#23,POSITIVE_LENGTH_MEASURE(2.E-2),#11);
#1137=PRESENTATION_STYLE_ASSIGNMENT((#1136));
#1138=STYLED_ITEM('',(#1137),#1135);
#1139=CARTESIAN_POINT('',(0.E0,2.35E1,0.E0));
#1140=DIRECTION('',(0.E0,1.E0,0.E0));
#1141=DIRECTION('',(0.E0,0.E0,-1.E0));
#1142=AXIS2_PLACEMENT_3D('',#1139,#1140,#1141);
#1144=CURVE_STYLE('',#23,POSITIVE_LENGTH_MEASURE(2.E-2),#11);
#1145=PRESENTATION_STYLE_ASSIGNMENT((#1144));
#1146=STYLED_ITEM('',(#1145),#1143);
#1147=CARTESIAN_POINT('',(0.E0,2.35E1,0.E0));
#1148=DIRECTION('',(0.E0,1.E0,0.E0));
#1149=DIRECTION('',(-1.E0,0.E0,0.E0));
#1150=AXIS2_PLACEMENT_3D('',#1147,#1148,#1149);
#1152=CURVE_STYLE('',#23,POSITIVE_LENGTH_MEASURE(2.E-2),#11);
#1153=PRESENTATION_STYLE_ASSIGNMENT((#1152));
#1154=STYLED_ITEM('',(#1153),#1151);
#1155=DIRECTION('',(0.E0,7.071067811865E-1,7.071067811865E-1));
#1156=VECTOR('',#1155,2.121320343560E0);
#1157=CARTESIAN_POINT('',(0.E0,2.35E1,4.3E1));
#1158=LINE('1201',#1157,#1156);
#1159=CURVE_STYLE('',#23,POSITIVE_LENGTH_MEASURE(2.E-2),#11);
#1160=PRESENTATION_STYLE_ASSIGNMENT((#1159));
#1161=STYLED_ITEM('',(#1160),#1158);
#1162=DIRECTION('',(0.E0,7.071067811865E-1,-7.071067811865E-1));
#1163=VECTOR('',#1162,2.121320343560E0);
#1164=CARTESIAN_POINT('',(0.E0,2.35E1,-4.3E1));
#1165=LINE('1202',#1164,#1163);
#1166=CURVE_STYLE('',#23,POSITIVE_LENGTH_MEASURE(2.E-2),#11);
#1167=PRESENTATION_STYLE_ASSIGNMENT((#1166));
#1168=STYLED_ITEM('',(#1167),#1165);
#1169=DIRECTION('',(0.E0,-1.E0,0.E0));
#1170=VECTOR('',#1169,1.85E1);
#1171=CARTESIAN_POINT('',(-4.3E1,2.35E1,0.E0));
#1172=LINE('1204',#1171,#1170);
#1173=CURVE_STYLE('',#23,POSITIVE_LENGTH_MEASURE(2.E-2),#11);
#1174=PRESENTATION_STYLE_ASSIGNMENT((#1173));
#1175=STYLED_ITEM('',(#1174),#1172);
#1176=DIRECTION('',(0.E0,-1.E0,0.E0));
#1177=VECTOR('',#1176,5.E0);
#1178=CARTESIAN_POINT('',(-2.061540847191E-14,5.E0,-2.E1));
#1179=LINE('982',#1178,#1177);
#1180=CURVE_STYLE('',#23,POSITIVE_LENGTH_MEASURE(2.E-2),#11);
#1181=PRESENTATION_STYLE_ASSIGNMENT((#1180));
#1182=STYLED_ITEM('',(#1181),#1179);
#1183=DIRECTION('',(0.E0,-1.E0,0.E0));
#1184=VECTOR('',#1183,5.E0);
#1185=CARTESIAN_POINT('',(-1.306048698257E-14,5.E0,2.E1));
#1186=LINE('981',#1185,#1184);
#1187=CURVE_STYLE('',#23,POSITIVE_LENGTH_MEASURE(2.E-2),#11);
#1188=PRESENTATION_STYLE_ASSIGNMENT((#1187));
#1189=STYLED_ITEM('',(#1188),#1186);
#1190=CARTESIAN_POINT('',(-4.E1,0.E0,5.E1));
#1191=CARTESIAN_POINT('',(-4.E1,2.5E1,5.E1));
#1192=VERTEX_POINT('',#1190);
#1193=VERTEX_POINT('',#1191);
#1194=CARTESIAN_POINT('',(-5.E1,0.E0,-4.E1));
#1195=CARTESIAN_POINT('',(-5.E1,2.5E1,-4.E1));
#1196=VERTEX_POINT('',#1194);
#1197=VERTEX_POINT('',#1195);
#1198=CARTESIAN_POINT('',(-5.E1,2.5E1,4.E1));
#1199=VERTEX_POINT('',#1198);
#1200=CARTESIAN_POINT('',(-5.E1,0.E0,4.E1));
#1201=VERTEX_POINT('',#1200);
#1202=CARTESIAN_POINT('',(5.E1,2.5E1,-4.E1));
#1203=CARTESIAN_POINT('',(4.E1,2.5E1,-5.E1));
#1204=VERTEX_POINT('',#1202);
#1205=VERTEX_POINT('',#1203);
#1206=CARTESIAN_POINT('',(-4.E1,2.5E1,-5.E1));
#1207=VERTEX_POINT('',#1206);
#1208=CARTESIAN_POINT('',(4.E1,2.5E1,5.E1));
#1209=VERTEX_POINT('',#1208);
#1210=CARTESIAN_POINT('',(5.E1,2.5E1,4.E1));
#1211=VERTEX_POINT('',#1210);
#1212=CARTESIAN_POINT('',(5.E1,0.E0,4.E1));
#1213=CARTESIAN_POINT('',(5.E1,0.E0,-4.E1));
#1214=VERTEX_POINT('',#1212);
#1215=VERTEX_POINT('',#1213);
#1216=CARTESIAN_POINT('',(4.E1,0.E0,-5.E1));
#1217=CARTESIAN_POINT('',(-4.E1,0.E0,-5.E1));
#1218=VERTEX_POINT('',#1216);
#1219=VERTEX_POINT('',#1217);
#1220=CARTESIAN_POINT('',(4.E1,0.E0,5.E1));
#1221=VERTEX_POINT('',#1220);
#1222=CARTESIAN_POINT('',(0.E0,2.5E1,-4.45E1));
#1223=CARTESIAN_POINT('',(1.090779140799E-14,2.5E1,4.45E1));
#1224=VERTEX_POINT('',#1222);
#1225=VERTEX_POINT('',#1223);
#1226=CARTESIAN_POINT('',(3.5E1,2.5E1,4.17E1));
#1227=CARTESIAN_POINT('',(3.5E1,5.E0,4.17E1));
#1228=VERTEX_POINT('',#1226);
#1229=VERTEX_POINT('',#1227);
#1230=CARTESIAN_POINT('',(3.5E1,2.5E1,3.83E1));
#1231=CARTESIAN_POINT('',(3.5E1,5.E0,3.83E1));
#1232=VERTEX_POINT('',#1230);
#1233=VERTEX_POINT('',#1231);
#1234=CARTESIAN_POINT('',(4.5E1,2.4975E1,-4.335E1));
#1235=CARTESIAN_POINT('',(4.5E1,2.5E1,-4.3375E1));
#1236=VERTEX_POINT('',#1234);
#1237=VERTEX_POINT('',#1235);
#1238=CARTESIAN_POINT('',(4.5E1,2.4975E1,-3.665E1));
#1239=CARTESIAN_POINT('',(4.5E1,2.5E1,-3.6625E1));
#1240=VERTEX_POINT('',#1238);
#1241=VERTEX_POINT('',#1239);
#1242=CARTESIAN_POINT('',(4.5E1,2.335E1,-4.335E1));
#1243=VERTEX_POINT('',#1242);
#1244=CARTESIAN_POINT('',(4.5E1,2.335E1,-3.665E1));
#1245=VERTEX_POINT('',#1244);
#1246=CARTESIAN_POINT('',(-1.306048698257E-14,5.E0,2.E1));
#1247=CARTESIAN_POINT('',(-1.306222623420E-14,0.E0,2.E1));
#1248=VERTEX_POINT('',#1246);
#1249=VERTEX_POINT('',#1247);
#1250=CARTESIAN_POINT('',(-2.061540847191E-14,5.E0,-2.E1));
#1251=CARTESIAN_POINT('',(-2.061540847191E-14,0.E0,-2.E1));
#1252=VERTEX_POINT('',#1250);
#1253=VERTEX_POINT('',#1251);
#1254=CARTESIAN_POINT('',(-4.5E1,0.E0,-4.17E1));
#1255=CARTESIAN_POINT('',(-4.5E1,2.335E1,-4.17E1));
#1256=VERTEX_POINT('',#1254);
#1257=VERTEX_POINT('',#1255);
#1258=CARTESIAN_POINT('',(-4.5E1,0.E0,-3.83E1));
#1259=CARTESIAN_POINT('',(-4.5E1,2.335E1,-3.83E1));
#1260=VERTEX_POINT('',#1258);
#1261=VERTEX_POINT('',#1259);
#1262=CARTESIAN_POINT('',(-4.5E1,2.335E1,-4.335E1));
#1263=CARTESIAN_POINT('',(-4.5E1,2.4975E1,-4.335E1));
#1264=VERTEX_POINT('',#1262);
#1265=VERTEX_POINT('',#1263);
#1266=CARTESIAN_POINT('',(-4.5E1,2.335E1,-3.665E1));
#1267=CARTESIAN_POINT('',(-4.5E1,2.4975E1,-3.665E1));
#1268=VERTEX_POINT('',#1266);
#1269=VERTEX_POINT('',#1267);
#1270=CARTESIAN_POINT('',(-4.5E1,2.5E1,-4.3375E1));
#1271=VERTEX_POINT('',#1270);
#1272=CARTESIAN_POINT('',(-4.5E1,2.5E1,-3.6625E1));
#1273=VERTEX_POINT('',#1272);
#1274=CARTESIAN_POINT('',(-4.5E1,0.E0,3.83E1));
#1275=CARTESIAN_POINT('',(-4.5E1,2.335E1,3.83E1));
#1276=VERTEX_POINT('',#1274);
#1277=VERTEX_POINT('',#1275);
#1278=CARTESIAN_POINT('',(-4.5E1,0.E0,4.17E1));
#1279=CARTESIAN_POINT('',(-4.5E1,2.335E1,4.17E1));
#1280=VERTEX_POINT('',#1278);
#1281=VERTEX_POINT('',#1279);
#1282=CARTESIAN_POINT('',(-4.5E1,2.335E1,3.665E1));
#1283=CARTESIAN_POINT('',(-4.5E1,2.4975E1,3.665E1));
#1284=VERTEX_POINT('',#1282);
#1285=VERTEX_POINT('',#1283);
#1286=CARTESIAN_POINT('',(-4.5E1,2.335E1,4.335E1));
#1287=CARTESIAN_POINT('',(-4.5E1,2.4975E1,4.335E1));
#1288=VERTEX_POINT('',#1286);
#1289=VERTEX_POINT('',#1287);
#1290=CARTESIAN_POINT('',(-4.5E1,2.5E1,3.6625E1));
#1291=VERTEX_POINT('',#1290);
#1292=CARTESIAN_POINT('',(-4.5E1,2.5E1,4.3375E1));
#1293=VERTEX_POINT('',#1292);
#1294=CARTESIAN_POINT('',(4.5E1,0.E0,3.83E1));
#1295=CARTESIAN_POINT('',(4.5E1,2.335E1,3.83E1));
#1296=VERTEX_POINT('',#1294);
#1297=VERTEX_POINT('',#1295);
#1298=CARTESIAN_POINT('',(4.5E1,0.E0,4.17E1));
#1299=CARTESIAN_POINT('',(4.5E1,2.335E1,4.17E1));
#1300=VERTEX_POINT('',#1298);
#1301=VERTEX_POINT('',#1299);
#1302=CARTESIAN_POINT('',(4.5E1,2.335E1,3.665E1));
#1303=CARTESIAN_POINT('',(4.5E1,2.4975E1,3.665E1));
#1304=VERTEX_POINT('',#1302);
#1305=VERTEX_POINT('',#1303);
#1306=CARTESIAN_POINT('',(4.5E1,2.335E1,4.335E1));
#1307=CARTESIAN_POINT('',(4.5E1,2.4975E1,4.335E1));
#1308=VERTEX_POINT('',#1306);
#1309=VERTEX_POINT('',#1307);
#1310=CARTESIAN_POINT('',(4.5E1,2.5E1,3.6625E1));
#1311=VERTEX_POINT('',#1310);
#1312=CARTESIAN_POINT('',(4.5E1,2.5E1,4.3375E1));
#1313=VERTEX_POINT('',#1312);
#1314=CARTESIAN_POINT('',(4.5E1,0.E0,-4.17E1));
#1315=CARTESIAN_POINT('',(4.5E1,2.335E1,-4.17E1));
#1316=VERTEX_POINT('',#1314);
#1317=VERTEX_POINT('',#1315);
#1318=CARTESIAN_POINT('',(4.5E1,0.E0,-3.83E1));
#1319=CARTESIAN_POINT('',(4.5E1,2.335E1,-3.83E1));
#1320=VERTEX_POINT('',#1318);
#1321=VERTEX_POINT('',#1319);
#1322=CARTESIAN_POINT('',(3.5E1,5.E0,4.4E1));
#1323=CARTESIAN_POINT('',(3.5E1,0.E0,4.4E1));
#1324=VERTEX_POINT('',#1322);
#1325=VERTEX_POINT('',#1323);
#1326=CARTESIAN_POINT('',(3.5E1,5.E0,3.6E1));
#1327=CARTESIAN_POINT('',(3.5E1,0.E0,3.6E1));
#1328=VERTEX_POINT('',#1326);
#1329=VERTEX_POINT('',#1327);
#1330=CARTESIAN_POINT('',(-3.5E1,2.5E1,4.17E1));
#1331=CARTESIAN_POINT('',(-3.5E1,5.E0,4.17E1));
#1332=VERTEX_POINT('',#1330);
#1333=VERTEX_POINT('',#1331);
#1334=CARTESIAN_POINT('',(-3.5E1,2.5E1,3.83E1));
#1335=CARTESIAN_POINT('',(-3.5E1,5.E0,3.83E1));
#1336=VERTEX_POINT('',#1334);
#1337=VERTEX_POINT('',#1335);
#1338=CARTESIAN_POINT('',(-3.5E1,5.E0,4.4E1));
#1339=CARTESIAN_POINT('',(-3.5E1,0.E0,4.4E1));
#1340=VERTEX_POINT('',#1338);
#1341=VERTEX_POINT('',#1339);
#1342=CARTESIAN_POINT('',(-3.5E1,5.E0,3.6E1));
#1343=CARTESIAN_POINT('',(-3.5E1,0.E0,3.6E1));
#1344=VERTEX_POINT('',#1342);
#1345=VERTEX_POINT('',#1343);
#1346=CARTESIAN_POINT('',(-3.5E1,2.5E1,-3.83E1));
#1347=CARTESIAN_POINT('',(-3.5E1,5.E0,-3.83E1));
#1348=VERTEX_POINT('',#1346);
#1349=VERTEX_POINT('',#1347);
#1350=CARTESIAN_POINT('',(-3.5E1,2.5E1,-4.17E1));
#1351=CARTESIAN_POINT('',(-3.5E1,5.E0,-4.17E1));
#1352=VERTEX_POINT('',#1350);
#1353=VERTEX_POINT('',#1351);
#1354=CARTESIAN_POINT('',(-3.5E1,5.E0,-3.6E1));
#1355=CARTESIAN_POINT('',(-3.5E1,0.E0,-3.6E1));
#1356=VERTEX_POINT('',#1354);
#1357=VERTEX_POINT('',#1355);
#1358=CARTESIAN_POINT('',(-3.5E1,5.E0,-4.4E1));
#1359=CARTESIAN_POINT('',(-3.5E1,0.E0,-4.4E1));
#1360=VERTEX_POINT('',#1358);
#1361=VERTEX_POINT('',#1359);
#1362=CARTESIAN_POINT('',(3.5E1,2.5E1,-3.83E1));
#1363=CARTESIAN_POINT('',(3.5E1,5.E0,-3.83E1));
#1364=VERTEX_POINT('',#1362);
#1365=VERTEX_POINT('',#1363);
#1366=CARTESIAN_POINT('',(3.5E1,2.5E1,-4.17E1));
#1367=CARTESIAN_POINT('',(3.5E1,5.E0,-4.17E1));
#1368=VERTEX_POINT('',#1366);
#1369=VERTEX_POINT('',#1367);
#1370=CARTESIAN_POINT('',(3.5E1,5.E0,-3.6E1));
#1371=CARTESIAN_POINT('',(3.5E1,0.E0,-3.6E1));
#1372=VERTEX_POINT('',#1370);
#1373=VERTEX_POINT('',#1371);
#1374=CARTESIAN_POINT('',(3.5E1,5.E0,-4.4E1));
#1375=CARTESIAN_POINT('',(3.5E1,0.E0,-4.4E1));
#1376=VERTEX_POINT('',#1374);
#1377=VERTEX_POINT('',#1375);
#1378=CARTESIAN_POINT('',(4.3E1,5.E0,0.E0));
#1379=CARTESIAN_POINT('',(-4.3E1,5.E0,-1.053196247267E-14));
#1380=VERTEX_POINT('',#1378);
#1381=VERTEX_POINT('',#1379);
#1382=CARTESIAN_POINT('',(4.3E1,2.35E1,0.E0));
#1383=CARTESIAN_POINT('',(0.E0,2.35E1,-4.3E1));
#1384=VERTEX_POINT('',#1382);
#1385=VERTEX_POINT('',#1383);
#1386=CARTESIAN_POINT('',(0.E0,2.35E1,4.3E1));
#1387=VERTEX_POINT('',#1386);
#1388=CARTESIAN_POINT('',(-4.3E1,2.35E1,0.E0));
#1389=VERTEX_POINT('',#1388);
#1390=CARTESIAN_POINT('',(5.E1,5.E0,5.E1));
#1391=DIRECTION('',(-1.E0,0.E0,0.E0));
#1392=DIRECTION('',(0.E0,0.E0,1.E0));
#1393=AXIS2_PLACEMENT_3D('',#1390,#1391,#1392);
#1394=PLANE('1083',#1393);
#1396=ORIENTED_EDGE('942',*,*,#1395,.F.);
#1398=ORIENTED_EDGE('951',*,*,#1397,.T.);
#1400=ORIENTED_EDGE('943',*,*,#1399,.F.);
#1402=ORIENTED_EDGE('952',*,*,#1401,.T.);
#1403=EDGE_LOOP('1083',(#1396,#1398,#1400,#1402));
#1404=FACE_OUTER_BOUND('1083',#1403,.F.);
#1406=CARTESIAN_POINT('',(0.E0,2.5E1,0.E0));
#1407=DIRECTION('',(0.E0,-1.E0,0.E0));
#1408=DIRECTION('',(0.E0,0.E0,-1.E0));
#1409=AXIS2_PLACEMENT_3D('',#1406,#1407,#1408);
#1410=PLANE('1088',#1409);
#1412=ORIENTED_EDGE('940',*,*,#1411,.T.);
#1414=ORIENTED_EDGE('933',*,*,#1413,.F.);
#1416=ORIENTED_EDGE('937',*,*,#1415,.T.);
#1418=ORIENTED_EDGE('939',*,*,#1417,.F.);
#1420=ORIENTED_EDGE('941',*,*,#1419,.T.);
#1422=ORIENTED_EDGE('935',*,*,#1421,.F.);
#1423=ORIENTED_EDGE('942',*,*,#1395,.T.);
#1425=ORIENTED_EDGE('948',*,*,#1424,.F.);
#1426=EDGE_LOOP('1088',(#1412,#1414,#1416,#1418,#1420,#1422,#1423,#1425));
#1427=FACE_OUTER_BOUND('1088',#1426,.F.);
#1429=ORIENTED_EDGE('1061',*,*,#1428,.F.);
#1431=ORIENTED_EDGE('1063',*,*,#1430,.F.);
#1432=EDGE_LOOP('1088',(#1429,#1431));
#1433=FACE_BOUND('1088',#1432,.F.);
#1435=ORIENTED_EDGE('1049',*,*,#1434,.F.);
#1437=ORIENTED_EDGE('1051',*,*,#1436,.F.);
#1438=EDGE_LOOP('1088',(#1435,#1437));
#1439=FACE_BOUND('1088',#1438,.F.);
#1441=ORIENTED_EDGE('967',*,*,#1440,.F.);
#1443=ORIENTED_EDGE('969',*,*,#1442,.F.);
#1444=EDGE_LOOP('1088',(#1441,#1443));
#1445=FACE_BOUND('1088',#1444,.F.);
#1447=ORIENTED_EDGE('957',*,*,#1446,.F.);
#1449=ORIENTED_EDGE('958',*,*,#1448,.F.);
#1450=EDGE_LOOP('1088',(#1447,#1449));
#1451=FACE_BOUND('1088',#1450,.F.);
#1453=ORIENTED_EDGE('974',*,*,#1452,.F.);
#1455=ORIENTED_EDGE('973',*,*,#1454,.F.);
#1456=EDGE_LOOP('1088',(#1453,#1455));
#1457=FACE_BOUND('1088',#1456,.F.);
#1459=ORIENTED_EDGE('1034',*,*,#1458,.F.);
#1461=ORIENTED_EDGE('1032',*,*,#1460,.F.);
#1462=EDGE_LOOP('1088',(#1459,#1461));
#1463=FACE_BOUND('1088',#1462,.F.);
#1465=ORIENTED_EDGE('1018',*,*,#1464,.F.);
#1467=ORIENTED_EDGE('1016',*,*,#1466,.F.);
#1468=EDGE_LOOP('1088',(#1465,#1467));
#1469=FACE_BOUND('1088',#1468,.F.);
#1471=ORIENTED_EDGE('1002',*,*,#1470,.F.);
#1473=ORIENTED_EDGE('1000',*,*,#1472,.F.);
#1474=EDGE_LOOP('1088',(#1471,#1473));
#1475=FACE_BOUND('1088',#1474,.F.);
#1477=ORIENTED_EDGE('1073',*,*,#1476,.F.);
#1479=ORIENTED_EDGE('1075',*,*,#1478,.F.);
#1480=EDGE_LOOP('1088',(#1477,#1479));
#1481=FACE_BOUND('1088',#1480,.F.);
#1483=CARTESIAN_POINT('',(3.5E1,0.E0,-4.E1));
#1484=DIRECTION('',(0.E0,-1.E0,0.E0));
#1485=DIRECTION('',(0.E0,0.E0,-1.E0));
#1486=AXIS2_PLACEMENT_3D('',#1483,#1484,#1485);
#1487=CYLINDRICAL_SURFACE('1140',#1486,1.7E0);
#1488=ORIENTED_EDGE('1073',*,*,#1476,.T.);
#1490=ORIENTED_EDGE('1071',*,*,#1489,.T.);
#1492=ORIENTED_EDGE('1074',*,*,#1491,.T.);
#1494=ORIENTED_EDGE('1072',*,*,#1493,.F.);
#1495=EDGE_LOOP('1140',(#1488,#1490,#1492,#1494));
#1496=FACE_OUTER_BOUND('1140',#1495,.F.);
#1498=CARTESIAN_POINT('',(3.5E1,0.E0,-4.E1));
#1499=DIRECTION('',(0.E0,-1.E0,0.E0));
#1500=DIRECTION('',(0.E0,0.E0,-1.E0));
#1501=AXIS2_PLACEMENT_3D('',#1498,#1499,#1500);
#1502=CYLINDRICAL_SURFACE('1141',#1501,1.7E0);
#1503=ORIENTED_EDGE('1075',*,*,#1478,.T.);
#1504=ORIENTED_EDGE('1072',*,*,#1493,.T.);
#1506=ORIENTED_EDGE('1076',*,*,#1505,.T.);
#1507=ORIENTED_EDGE('1071',*,*,#1489,.F.);
#1508=EDGE_LOOP('1141',(#1503,#1504,#1506,#1507));
#1509=FACE_OUTER_BOUND('1141',#1508,.F.);
#1511=CARTESIAN_POINT('',(3.67E1,5.E0,-4.E1));
#1512=DIRECTION('',(0.E0,1.E0,0.E0));
#1513=DIRECTION('',(0.E0,0.E0,1.E0));
#1514=AXIS2_PLACEMENT_3D('',#1511,#1512,#1513);
#1515=PLANE('1142',#1514);
#1517=ORIENTED_EDGE('1079',*,*,#1516,.F.);
#1519=ORIENTED_EDGE('1081',*,*,#1518,.F.);
#1520=EDGE_LOOP('1142',(#1517,#1519));
#1521=FACE_OUTER_BOUND('1142',#1520,.F.);
#1522=ORIENTED_EDGE('1076',*,*,#1505,.F.);
#1523=ORIENTED_EDGE('1074',*,*,#1491,.F.);
#1524=EDGE_LOOP('1142',(#1522,#1523));
#1525=FACE_BOUND('1142',#1524,.F.);
#1527=CARTESIAN_POINT('',(3.5E1,0.E0,-4.E1));
#1528=DIRECTION('',(0.E0,-1.E0,0.E0));
#1529=DIRECTION('',(0.E0,0.E0,-1.E0));
#1530=AXIS2_PLACEMENT_3D('',#1527,#1528,#1529);
#1531=CYLINDRICAL_SURFACE('1143',#1530,4.E0);
#1532=ORIENTED_EDGE('1079',*,*,#1516,.T.);
#1534=ORIENTED_EDGE('1077',*,*,#1533,.T.);
#1536=ORIENTED_EDGE('1080',*,*,#1535,.T.);
#1538=ORIENTED_EDGE('1078',*,*,#1537,.F.);
#1539=EDGE_LOOP('1143',(#1532,#1534,#1536,#1538));
#1540=FACE_OUTER_BOUND('1143',#1539,.F.);
#1542=CARTESIAN_POINT('',(3.5E1,0.E0,-4.E1));
#1543=DIRECTION('',(0.E0,-1.E0,0.E0));
#1544=DIRECTION('',(0.E0,0.E0,-1.E0));
#1545=AXIS2_PLACEMENT_3D('',#1542,#1543,#1544);
#1546=CYLINDRICAL_SURFACE('1144',#1545,4.E0);
#1547=ORIENTED_EDGE('1081',*,*,#1518,.T.);
#1548=ORIENTED_EDGE('1078',*,*,#1537,.T.);
#1550=ORIENTED_EDGE('1082',*,*,#1549,.T.);
#1551=ORIENTED_EDGE('1077',*,*,#1533,.F.);
#1552=EDGE_LOOP('1144',(#1547,#1548,#1550,#1551));
#1553=FACE_OUTER_BOUND('1144',#1552,.F.);
#1555=CARTESIAN_POINT('',(0.E0,0.E0,0.E0));
#1556=DIRECTION('',(0.E0,-1.E0,0.E0));
#1557=DIRECTION('',(0.E0,0.E0,-1.E0));
#1558=AXIS2_PLACEMENT_3D('',#1555,#1556,#1557);
#1559=PLANE('1101',#1558);
#1561=ORIENTED_EDGE('953',*,*,#1560,.F.);
#1562=ORIENTED_EDGE('943',*,*,#1399,.T.);
#1564=ORIENTED_EDGE('949',*,*,#1563,.F.);
#1566=ORIENTED_EDGE('944',*,*,#1565,.T.);
#1568=ORIENTED_EDGE('947',*,*,#1567,.F.);
#1570=ORIENTED_EDGE('938',*,*,#1569,.T.);
#1572=ORIENTED_EDGE('936',*,*,#1571,.F.);
#1574=ORIENTED_EDGE('945',*,*,#1573,.T.);
#1575=EDGE_LOOP('1101',(#1561,#1562,#1564,#1566,#1568,#1570,#1572,#1574));
#1576=FACE_OUTER_BOUND('1101',#1575,.F.);
#1577=ORIENTED_EDGE('1082',*,*,#1549,.F.);
#1578=ORIENTED_EDGE('1080',*,*,#1535,.F.);
#1579=EDGE_LOOP('1101',(#1577,#1578));
#1580=FACE_BOUND('1101',#1579,.F.);
#1582=ORIENTED_EDGE('1070',*,*,#1581,.F.);
#1584=ORIENTED_EDGE('1068',*,*,#1583,.F.);
#1585=EDGE_LOOP('1101',(#1582,#1584));
#1586=FACE_BOUND('1101',#1585,.F.);
#1588=ORIENTED_EDGE('1058',*,*,#1587,.F.);
#1590=ORIENTED_EDGE('1056',*,*,#1589,.F.);
#1591=EDGE_LOOP('1101',(#1588,#1590));
#1592=FACE_BOUND('1101',#1591,.F.);
#1594=ORIENTED_EDGE('1046',*,*,#1593,.F.);
#1596=ORIENTED_EDGE('1044',*,*,#1595,.F.);
#1597=EDGE_LOOP('1101',(#1594,#1596));
#1598=FACE_BOUND('1101',#1597,.F.);
#1600=ORIENTED_EDGE('1037',*,*,#1599,.F.);
#1602=ORIENTED_EDGE('1039',*,*,#1601,.F.);
#1603=EDGE_LOOP('1101',(#1600,#1602));
#1604=FACE_BOUND('1101',#1603,.F.);
#1606=ORIENTED_EDGE('1021',*,*,#1605,.F.);
#1608=ORIENTED_EDGE('1023',*,*,#1607,.F.);
#1609=EDGE_LOOP('1101',(#1606,#1608));
#1610=FACE_BOUND('1101',#1609,.F.);
#1612=ORIENTED_EDGE('1005',*,*,#1611,.F.);
#1614=ORIENTED_EDGE('1007',*,*,#1613,.F.);
#1615=EDGE_LOOP('1101',(#1612,#1614));
#1616=FACE_BOUND('1101',#1615,.F.);
#1618=ORIENTED_EDGE('989',*,*,#1617,.F.);
#1620=ORIENTED_EDGE('991',*,*,#1619,.F.);
#1621=EDGE_LOOP('1101',(#1618,#1620));
#1622=FACE_BOUND('1101',#1621,.F.);
#1624=ORIENTED_EDGE('984',*,*,#1623,.F.);
#1626=ORIENTED_EDGE('986',*,*,#1625,.F.);
#1627=EDGE_LOOP('1101',(#1624,#1626));
#1628=FACE_BOUND('1101',#1627,.F.);
#1630=CARTESIAN_POINT('',(4.E1,0.E0,4.E1));
#1631=DIRECTION('',(0.E0,1.E0,0.E0));
#1632=DIRECTION('',(0.E0,0.E0,1.E0));
#1633=AXIS2_PLACEMENT_3D('',#1630,#1631,#1632);
#1634=CYLINDRICAL_SURFACE('1146',#1633,1.E1);
#1635=ORIENTED_EDGE('948',*,*,#1424,.T.);
#1636=ORIENTED_EDGE('952',*,*,#1401,.F.);
#1637=ORIENTED_EDGE('953',*,*,#1560,.T.);
#1639=ORIENTED_EDGE('954',*,*,#1638,.F.);
#1640=EDGE_LOOP('1146',(#1635,#1636,#1637,#1639));
#1641=FACE_OUTER_BOUND('1146',#1640,.F.);
#1643=CARTESIAN_POINT('',(-5.E1,5.E0,5.E1));
#1644=DIRECTION('',(0.E0,0.E0,-1.E0));
#1645=DIRECTION('',(-1.E0,0.E0,0.E0));
#1646=AXIS2_PLACEMENT_3D('',#1643,#1644,#1645);
#1647=PLANE('1099',#1646);
#1648=ORIENTED_EDGE('954',*,*,#1638,.T.);
#1649=ORIENTED_EDGE('945',*,*,#1573,.F.);
#1651=ORIENTED_EDGE('931',*,*,#1650,.T.);
#1652=ORIENTED_EDGE('940',*,*,#1411,.F.);
#1653=EDGE_LOOP('1099',(#1648,#1649,#1651,#1652));
#1654=FACE_OUTER_BOUND('1099',#1653,.F.);
#1656=CARTESIAN_POINT('',(-4.E1,0.E0,4.E1));
#1657=DIRECTION('',(0.E0,1.E0,0.E0));
#1658=DIRECTION('',(0.E0,0.E0,1.E0));
#1659=AXIS2_PLACEMENT_3D('',#1656,#1657,#1658);
#1660=CYLINDRICAL_SURFACE('1086',#1659,1.E1);
#1661=ORIENTED_EDGE('933',*,*,#1413,.T.);
#1662=ORIENTED_EDGE('931',*,*,#1650,.F.);
#1663=ORIENTED_EDGE('936',*,*,#1571,.T.);
#1665=ORIENTED_EDGE('934',*,*,#1664,.F.);
#1666=EDGE_LOOP('1086',(#1661,#1662,#1663,#1665));
#1667=FACE_OUTER_BOUND('1086',#1666,.F.);
#1669=CARTESIAN_POINT('',(-5.E1,5.E0,5.E1));
#1670=DIRECTION('',(1.E0,0.E0,0.E0));
#1671=DIRECTION('',(0.E0,0.E0,-1.E0));
#1672=AXIS2_PLACEMENT_3D('',#1669,#1670,#1671);
#1673=PLANE('1087',#1672);
#1674=ORIENTED_EDGE('937',*,*,#1415,.F.);
#1675=ORIENTED_EDGE('934',*,*,#1664,.T.);
#1676=ORIENTED_EDGE('938',*,*,#1569,.F.);
#1678=ORIENTED_EDGE('932',*,*,#1677,.T.);
#1679=EDGE_LOOP('1087',(#1674,#1675,#1676,#1678));
#1680=FACE_OUTER_BOUND('1087',#1679,.F.);
#1682=CARTESIAN_POINT('',(-4.E1,0.E0,-4.E1));
#1683=DIRECTION('',(0.E0,1.E0,0.E0));
#1684=DIRECTION('',(0.E0,0.E0,1.E0));
#1685=AXIS2_PLACEMENT_3D('',#1682,#1683,#1684);
#1686=CYLINDRICAL_SURFACE('1147',#1685,1.E1);
#1687=ORIENTED_EDGE('939',*,*,#1417,.T.);
#1688=ORIENTED_EDGE('932',*,*,#1677,.F.);
#1689=ORIENTED_EDGE('947',*,*,#1567,.T.);
#1691=ORIENTED_EDGE('946',*,*,#1690,.F.);
#1692=EDGE_LOOP('1147',(#1687,#1688,#1689,#1691));
#1693=FACE_OUTER_BOUND('1147',#1692,.F.);
#1695=CARTESIAN_POINT('',(-5.E1,5.E0,-5.E1));
#1696=DIRECTION('',(0.E0,0.E0,1.E0));
#1697=DIRECTION('',(1.E0,0.E0,0.E0));
#1698=AXIS2_PLACEMENT_3D('',#1695,#1696,#1697);
#1699=PLANE('1098',#1698);
#1700=ORIENTED_EDGE('946',*,*,#1690,.T.);
#1701=ORIENTED_EDGE('944',*,*,#1565,.F.);
#1703=ORIENTED_EDGE('950',*,*,#1702,.T.);
#1704=ORIENTED_EDGE('941',*,*,#1419,.F.);
#1705=EDGE_LOOP('1098',(#1700,#1701,#1703,#1704));
#1706=FACE_OUTER_BOUND('1098',#1705,.F.);
#1708=CARTESIAN_POINT('',(4.E1,0.E0,-4.E1));
#1709=DIRECTION('',(0.E0,1.E0,0.E0));
#1710=DIRECTION('',(0.E0,0.E0,1.E0));
#1711=AXIS2_PLACEMENT_3D('',#1708,#1709,#1710);
#1712=CYLINDRICAL_SURFACE('1145',#1711,1.E1);
#1713=ORIENTED_EDGE('935',*,*,#1421,.T.);
#1714=ORIENTED_EDGE('950',*,*,#1702,.F.);
#1715=ORIENTED_EDGE('949',*,*,#1563,.T.);
#1716=ORIENTED_EDGE('951',*,*,#1397,.F.);
#1717=EDGE_LOOP('1145',(#1713,#1714,#1715,#1716));
#1718=FACE_OUTER_BOUND('1145',#1717,.F.);
#1720=CARTESIAN_POINT('',(-3.5E1,0.E0,-4.E1));
#1721=DIRECTION('',(0.E0,-1.E0,0.E0));
#1722=DIRECTION('',(0.E0,0.E0,-1.E0));
#1723=AXIS2_PLACEMENT_3D('',#1720,#1721,#1722);
#1724=CYLINDRICAL_SURFACE('1139',#1723,4.E0);
#1726=ORIENTED_EDGE('1069',*,*,#1725,.T.);
#1728=ORIENTED_EDGE('1066',*,*,#1727,.T.);
#1729=ORIENTED_EDGE('1070',*,*,#1581,.T.);
#1731=ORIENTED_EDGE('1065',*,*,#1730,.F.);
#1732=EDGE_LOOP('1139',(#1726,#1728,#1729,#1731));
#1733=FACE_OUTER_BOUND('1139',#1732,.F.);
#1735=CARTESIAN_POINT('',(-3.33E1,5.E0,-4.E1));
#1736=DIRECTION('',(0.E0,1.E0,0.E0));
#1737=DIRECTION('',(0.E0,0.E0,1.E0));
#1738=AXIS2_PLACEMENT_3D('',#1735,#1736,#1737);
#1739=PLANE('1137',#1738);
#1741=ORIENTED_EDGE('1067',*,*,#1740,.F.);
#1742=ORIENTED_EDGE('1069',*,*,#1725,.F.);
#1743=EDGE_LOOP('1137',(#1741,#1742));
#1744=FACE_OUTER_BOUND('1137',#1743,.F.);
#1746=ORIENTED_EDGE('1064',*,*,#1745,.F.);
#1748=ORIENTED_EDGE('1062',*,*,#1747,.F.);
#1749=EDGE_LOOP('1137',(#1746,#1748));
#1750=FACE_BOUND('1137',#1749,.F.);
#1752=CARTESIAN_POINT('',(-3.5E1,0.E0,-4.E1));
#1753=DIRECTION('',(0.E0,-1.E0,0.E0));
#1754=DIRECTION('',(0.E0,0.E0,-1.E0));
#1755=AXIS2_PLACEMENT_3D('',#1752,#1753,#1754);
#1756=CYLINDRICAL_SURFACE('1136',#1755,1.7E0);
#1757=ORIENTED_EDGE('1063',*,*,#1430,.T.);
#1759=ORIENTED_EDGE('1060',*,*,#1758,.T.);
#1760=ORIENTED_EDGE('1064',*,*,#1745,.T.);
#1762=ORIENTED_EDGE('1059',*,*,#1761,.F.);
#1763=EDGE_LOOP('1136',(#1757,#1759,#1760,#1762));
#1764=FACE_OUTER_BOUND('1136',#1763,.F.);
#1766=CARTESIAN_POINT('',(-3.5E1,0.E0,-4.E1));
#1767=DIRECTION('',(0.E0,-1.E0,0.E0));
#1768=DIRECTION('',(0.E0,0.E0,-1.E0));
#1769=AXIS2_PLACEMENT_3D('',#1766,#1767,#1768);
#1770=CYLINDRICAL_SURFACE('1135',#1769,1.7E0);
#1771=ORIENTED_EDGE('1061',*,*,#1428,.T.);
#1772=ORIENTED_EDGE('1059',*,*,#1761,.T.);
#1773=ORIENTED_EDGE('1062',*,*,#1747,.T.);
#1774=ORIENTED_EDGE('1060',*,*,#1758,.F.);
#1775=EDGE_LOOP('1135',(#1771,#1772,#1773,#1774));
#1776=FACE_OUTER_BOUND('1135',#1775,.F.);
#1778=CARTESIAN_POINT('',(-3.5E1,0.E0,-4.E1));
#1779=DIRECTION('',(0.E0,-1.E0,0.E0));
#1780=DIRECTION('',(0.E0,0.E0,-1.E0));
#1781=AXIS2_PLACEMENT_3D('',#1778,#1779,#1780);
#1782=CYLINDRICAL_SURFACE('1138',#1781,4.E0);
#1783=ORIENTED_EDGE('1067',*,*,#1740,.T.);
#1784=ORIENTED_EDGE('1065',*,*,#1730,.T.);
#1785=ORIENTED_EDGE('1068',*,*,#1583,.T.);
#1786=ORIENTED_EDGE('1066',*,*,#1727,.F.);
#1787=EDGE_LOOP('1138',(#1783,#1784,#1785,#1786));
#1788=FACE_OUTER_BOUND('1138',#1787,.F.);
#1790=CARTESIAN_POINT('',(-3.5E1,0.E0,4.E1));
#1791=DIRECTION('',(0.E0,-1.E0,0.E0));
#1792=DIRECTION('',(0.E0,0.E0,-1.E0));
#1793=AXIS2_PLACEMENT_3D('',#1790,#1791,#1792);
#1794=CYLINDRICAL_SURFACE('1134',#1793,4.E0);
#1796=ORIENTED_EDGE('1057',*,*,#1795,.T.);
#1798=ORIENTED_EDGE('1054',*,*,#1797,.T.);
#1799=ORIENTED_EDGE('1058',*,*,#1587,.T.);
#1801=ORIENTED_EDGE('1053',*,*,#1800,.F.);
#1802=EDGE_LOOP('1134',(#1796,#1798,#1799,#1801));
#1803=FACE_OUTER_BOUND('1134',#1802,.F.);
#1805=CARTESIAN_POINT('',(-3.33E1,5.E0,4.E1));
#1806=DIRECTION('',(0.E0,1.E0,0.E0));
#1807=DIRECTION('',(0.E0,0.E0,1.E0));
#1808=AXIS2_PLACEMENT_3D('',#1805,#1806,#1807);
#1809=PLANE('1132',#1808);
#1811=ORIENTED_EDGE('1055',*,*,#1810,.F.);
#1812=ORIENTED_EDGE('1057',*,*,#1795,.F.);
#1813=EDGE_LOOP('1132',(#1811,#1812));
#1814=FACE_OUTER_BOUND('1132',#1813,.F.);
#1816=ORIENTED_EDGE('1052',*,*,#1815,.F.);
#1818=ORIENTED_EDGE('1050',*,*,#1817,.F.);
#1819=EDGE_LOOP('1132',(#1816,#1818));
#1820=FACE_BOUND('1132',#1819,.F.);
#1822=CARTESIAN_POINT('',(-3.5E1,0.E0,4.E1));
#1823=DIRECTION('',(0.E0,-1.E0,0.E0));
#1824=DIRECTION('',(0.E0,0.E0,-1.E0));
#1825=AXIS2_PLACEMENT_3D('',#1822,#1823,#1824);
#1826=CYLINDRICAL_SURFACE('1131',#1825,1.7E0);
#1827=ORIENTED_EDGE('1051',*,*,#1436,.T.);
#1829=ORIENTED_EDGE('1048',*,*,#1828,.T.);
#1830=ORIENTED_EDGE('1052',*,*,#1815,.T.);
#1832=ORIENTED_EDGE('1047',*,*,#1831,.F.);
#1833=EDGE_LOOP('1131',(#1827,#1829,#1830,#1832));
#1834=FACE_OUTER_BOUND('1131',#1833,.F.);
#1836=CARTESIAN_POINT('',(-3.5E1,0.E0,4.E1));
#1837=DIRECTION('',(0.E0,-1.E0,0.E0));
#1838=DIRECTION('',(0.E0,0.E0,-1.E0));
#1839=AXIS2_PLACEMENT_3D('',#1836,#1837,#1838);
#1840=CYLINDRICAL_SURFACE('1130',#1839,1.7E0);
#1841=ORIENTED_EDGE('1049',*,*,#1434,.T.);
#1842=ORIENTED_EDGE('1047',*,*,#1831,.T.);
#1843=ORIENTED_EDGE('1050',*,*,#1817,.T.);
#1844=ORIENTED_EDGE('1048',*,*,#1828,.F.);
#1845=EDGE_LOOP('1130',(#1841,#1842,#1843,#1844));
#1846=FACE_OUTER_BOUND('1130',#1845,.F.);
#1848=CARTESIAN_POINT('',(-3.5E1,0.E0,4.E1));
#1849=DIRECTION('',(0.E0,-1.E0,0.E0));
#1850=DIRECTION('',(0.E0,0.E0,-1.E0));
#1851=AXIS2_PLACEMENT_3D('',#1848,#1849,#1850);
#1852=CYLINDRICAL_SURFACE('1133',#1851,4.E0);
#1853=ORIENTED_EDGE('1055',*,*,#1810,.T.);
#1854=ORIENTED_EDGE('1053',*,*,#1800,.T.);
#1855=ORIENTED_EDGE('1056',*,*,#1589,.T.);
#1856=ORIENTED_EDGE('1054',*,*,#1797,.F.);
#1857=EDGE_LOOP('1133',(#1853,#1854,#1855,#1856));
#1858=FACE_OUTER_BOUND('1133',#1857,.F.);
#1860=CARTESIAN_POINT('',(3.5E1,0.E0,4.E1));
#1861=DIRECTION('',(0.E0,-1.E0,0.E0));
#1862=DIRECTION('',(0.E0,0.E0,-1.E0));
#1863=AXIS2_PLACEMENT_3D('',#1860,#1861,#1862);
#1864=CYLINDRICAL_SURFACE('1129',#1863,4.E0);
#1866=ORIENTED_EDGE('1045',*,*,#1865,.T.);
#1868=ORIENTED_EDGE('1042',*,*,#1867,.T.);
#1869=ORIENTED_EDGE('1046',*,*,#1593,.T.);
#1871=ORIENTED_EDGE('1041',*,*,#1870,.F.);
#1872=EDGE_LOOP('1129',(#1866,#1868,#1869,#1871));
#1873=FACE_OUTER_BOUND('1129',#1872,.F.);
#1875=CARTESIAN_POINT('',(3.67E1,5.E0,4.E1));
#1876=DIRECTION('',(0.E0,1.E0,0.E0));
#1877=DIRECTION('',(0.E0,0.E0,1.E0));
#1878=AXIS2_PLACEMENT_3D('',#1875,#1876,#1877);
#1879=PLANE('1095',#1878);
#1881=ORIENTED_EDGE('1043',*,*,#1880,.F.);
#1882=ORIENTED_EDGE('1045',*,*,#1865,.F.);
#1883=EDGE_LOOP('1095',(#1881,#1882));
#1884=FACE_OUTER_BOUND('1095',#1883,.F.);
#1886=ORIENTED_EDGE('970',*,*,#1885,.F.);
#1888=ORIENTED_EDGE('968',*,*,#1887,.F.);
#1889=EDGE_LOOP('1095',(#1886,#1888));
#1890=FACE_BOUND('1095',#1889,.F.);
#1892=CARTESIAN_POINT('',(3.5E1,0.E0,4.E1));
#1893=DIRECTION('',(0.E0,-1.E0,0.E0));
#1894=DIRECTION('',(0.E0,0.E0,-1.E0));
#1895=AXIS2_PLACEMENT_3D('',#1892,#1893,#1894);
#1896=CYLINDRICAL_SURFACE('1092',#1895,1.7E0);
#1897=ORIENTED_EDGE('969',*,*,#1442,.T.);
#1899=ORIENTED_EDGE('966',*,*,#1898,.T.);
#1900=ORIENTED_EDGE('970',*,*,#1885,.T.);
#1902=ORIENTED_EDGE('965',*,*,#1901,.F.);
#1903=EDGE_LOOP('1092',(#1897,#1899,#1900,#1902));
#1904=FACE_OUTER_BOUND('1092',#1903,.F.);
#1906=CARTESIAN_POINT('',(3.5E1,0.E0,4.E1));
#1907=DIRECTION('',(0.E0,-1.E0,0.E0));
#1908=DIRECTION('',(0.E0,0.E0,-1.E0));
#1909=AXIS2_PLACEMENT_3D('',#1906,#1907,#1908);
#1910=CYLINDRICAL_SURFACE('1091',#1909,1.7E0);
#1911=ORIENTED_EDGE('967',*,*,#1440,.T.);
#1912=ORIENTED_EDGE('965',*,*,#1901,.T.);
#1913=ORIENTED_EDGE('968',*,*,#1887,.T.);
#1914=ORIENTED_EDGE('966',*,*,#1898,.F.);
#1915=EDGE_LOOP('1091',(#1911,#1912,#1913,#1914));
#1916=FACE_OUTER_BOUND('1091',#1915,.F.);
#1918=CARTESIAN_POINT('',(3.5E1,0.E0,4.E1));
#1919=DIRECTION('',(0.E0,-1.E0,0.E0));
#1920=DIRECTION('',(0.E0,0.E0,-1.E0));
#1921=AXIS2_PLACEMENT_3D('',#1918,#1919,#1920);
#1922=CYLINDRICAL_SURFACE('1128',#1921,4.E0);
#1923=ORIENTED_EDGE('1043',*,*,#1880,.T.);
#1924=ORIENTED_EDGE('1041',*,*,#1870,.T.);
#1925=ORIENTED_EDGE('1044',*,*,#1595,.T.);
#1926=ORIENTED_EDGE('1042',*,*,#1867,.F.);
#1927=EDGE_LOOP('1128',(#1923,#1924,#1925,#1926));
#1928=FACE_OUTER_BOUND('1128',#1927,.F.);
#1930=CARTESIAN_POINT('',(4.5E1,2.5E1,-4.E1));
#1931=DIRECTION('',(0.E0,1.E0,0.E0));
#1932=DIRECTION('',(0.E0,0.E0,1.E0));
#1933=AXIS2_PLACEMENT_3D('',#1930,#1931,#1932);
#1934=CYLINDRICAL_SURFACE('1125',#1933,1.7E0);
#1935=ORIENTED_EDGE('1037',*,*,#1599,.T.);
#1937=ORIENTED_EDGE('1035',*,*,#1936,.T.);
#1939=ORIENTED_EDGE('1038',*,*,#1938,.T.);
#1941=ORIENTED_EDGE('1036',*,*,#1940,.F.);
#1942=EDGE_LOOP('1125',(#1935,#1937,#1939,#1941));
#1943=FACE_OUTER_BOUND('1125',#1942,.F.);
#1945=CARTESIAN_POINT('',(4.5E1,2.5E1,-4.E1));
#1946=DIRECTION('',(0.E0,1.E0,0.E0));
#1947=DIRECTION('',(0.E0,0.E0,1.E0));
#1948=AXIS2_PLACEMENT_3D('',#1945,#1946,#1947);
#1949=CYLINDRICAL_SURFACE('1126',#1948,1.7E0);
#1950=ORIENTED_EDGE('1039',*,*,#1601,.T.);
#1951=ORIENTED_EDGE('1036',*,*,#1940,.T.);
#1953=ORIENTED_EDGE('1040',*,*,#1952,.T.);
#1954=ORIENTED_EDGE('1035',*,*,#1936,.F.);
#1955=EDGE_LOOP('1126',(#1950,#1951,#1953,#1954));
#1956=FACE_OUTER_BOUND('1126',#1955,.F.);
#1958=CARTESIAN_POINT('',(4.835E1,2.335E1,-4.E1));
#1959=DIRECTION('',(0.E0,-1.E0,0.E0));
#1960=DIRECTION('',(0.E0,0.E0,-1.E0));
#1961=AXIS2_PLACEMENT_3D('',#1958,#1959,#1960);
#1962=PLANE('1127',#1961);
#1964=ORIENTED_EDGE('977',*,*,#1963,.F.);
#1966=ORIENTED_EDGE('979',*,*,#1965,.F.);
#1967=EDGE_LOOP('1127',(#1964,#1966));
#1968=FACE_OUTER_BOUND('1127',#1967,.F.);
#1969=ORIENTED_EDGE('1040',*,*,#1952,.F.);
#1970=ORIENTED_EDGE('1038',*,*,#1938,.F.);
#1971=EDGE_LOOP('1127',(#1969,#1970));
#1972=FACE_BOUND('1127',#1971,.F.);
#1974=CARTESIAN_POINT('',(4.5E1,2.5E1,-4.E1));
#1975=DIRECTION('',(0.E0,1.E0,0.E0));
#1976=DIRECTION('',(0.E0,0.E0,1.E0));
#1977=AXIS2_PLACEMENT_3D('',#1974,#1975,#1976);
#1978=CYLINDRICAL_SURFACE('1096',#1977,3.35E0);
#1979=ORIENTED_EDGE('977',*,*,#1963,.T.);
#1981=ORIENTED_EDGE('975',*,*,#1980,.T.);
#1983=ORIENTED_EDGE('978',*,*,#1982,.T.);
#1985=ORIENTED_EDGE('976',*,*,#1984,.F.);
#1986=EDGE_LOOP('1096',(#1979,#1981,#1983,#1985));
#1987=FACE_OUTER_BOUND('1096',#1986,.F.);
#1989=CARTESIAN_POINT('',(4.5E1,2.5E1,-4.E1));
#1990=DIRECTION('',(0.E0,1.E0,0.E0));
#1991=DIRECTION('',(0.E0,0.E0,1.E0));
#1992=AXIS2_PLACEMENT_3D('',#1989,#1990,#1991);
#1993=CYLINDRICAL_SURFACE('1097',#1992,3.35E0);
#1994=ORIENTED_EDGE('979',*,*,#1965,.T.);
#1995=ORIENTED_EDGE('976',*,*,#1984,.T.);
#1997=ORIENTED_EDGE('980',*,*,#1996,.T.);
#1998=ORIENTED_EDGE('975',*,*,#1980,.F.);
#1999=EDGE_LOOP('1097',(#1994,#1995,#1997,#1998));
#2000=FACE_OUTER_BOUND('1097',#1999,.F.);
#2002=CARTESIAN_POINT('',(4.5E1,2.49875E1,-4.E1));
#2003=DIRECTION('',(0.E0,1.E0,0.E0));
#2004=DIRECTION('',(0.E0,0.E0,1.E0));
#2005=AXIS2_PLACEMENT_3D('',#2002,#2003,#2004);
#2006=CONICAL_SURFACE('1094',#2005,3.3625E0,4.5E1);
#2007=ORIENTED_EDGE('980',*,*,#1996,.F.);
#2009=ORIENTED_EDGE('972',*,*,#2008,.T.);
#2010=ORIENTED_EDGE('974',*,*,#1452,.T.);
#2012=ORIENTED_EDGE('971',*,*,#2011,.F.);
#2013=EDGE_LOOP('1094',(#2007,#2009,#2010,#2012));
#2014=FACE_OUTER_BOUND('1094',#2013,.F.);
#2016=CARTESIAN_POINT('',(4.5E1,2.49875E1,-4.E1));
#2017=DIRECTION('',(0.E0,1.E0,0.E0));
#2018=DIRECTION('',(0.E0,0.E0,1.E0));
#2019=AXIS2_PLACEMENT_3D('',#2016,#2017,#2018);
#2020=CONICAL_SURFACE('1093',#2019,3.3625E0,4.5E1);
#2021=ORIENTED_EDGE('978',*,*,#1982,.F.);
#2022=ORIENTED_EDGE('971',*,*,#2011,.T.);
#2023=ORIENTED_EDGE('973',*,*,#1454,.T.);
#2024=ORIENTED_EDGE('972',*,*,#2008,.F.);
#2025=EDGE_LOOP('1093',(#2021,#2022,#2023,#2024));
#2026=FACE_OUTER_BOUND('1093',#2025,.F.);
#2028=CARTESIAN_POINT('',(4.5E1,2.5E1,4.E1));
#2029=DIRECTION('',(0.E0,1.E0,0.E0));
#2030=DIRECTION('',(0.E0,0.E0,1.E0));
#2031=AXIS2_PLACEMENT_3D('',#2028,#2029,#2030);
#2032=CYLINDRICAL_SURFACE('1118',#2031,1.7E0);
#2033=ORIENTED_EDGE('1021',*,*,#1605,.T.);
#2035=ORIENTED_EDGE('1019',*,*,#2034,.T.);
#2037=ORIENTED_EDGE('1022',*,*,#2036,.T.);
#2039=ORIENTED_EDGE('1020',*,*,#2038,.F.);
#2040=EDGE_LOOP('1118',(#2033,#2035,#2037,#2039));
#2041=FACE_OUTER_BOUND('1118',#2040,.F.);
#2043=CARTESIAN_POINT('',(4.5E1,2.5E1,4.E1));
#2044=DIRECTION('',(0.E0,1.E0,0.E0));
#2045=DIRECTION('',(0.E0,0.E0,1.E0));
#2046=AXIS2_PLACEMENT_3D('',#2043,#2044,#2045);
#2047=CYLINDRICAL_SURFACE('1119',#2046,1.7E0);
#2048=ORIENTED_EDGE('1023',*,*,#1607,.T.);
#2049=ORIENTED_EDGE('1020',*,*,#2038,.T.);
#2051=ORIENTED_EDGE('1024',*,*,#2050,.T.);
#2052=ORIENTED_EDGE('1019',*,*,#2034,.F.);
#2053=EDGE_LOOP('1119',(#2048,#2049,#2051,#2052));
#2054=FACE_OUTER_BOUND('1119',#2053,.F.);
#2056=CARTESIAN_POINT('',(4.835E1,2.335E1,4.E1));
#2057=DIRECTION('',(0.E0,-1.E0,0.E0));
#2058=DIRECTION('',(0.E0,0.E0,-1.E0));
#2059=AXIS2_PLACEMENT_3D('',#2056,#2057,#2058);
#2060=PLANE('1120',#2059);
#2062=ORIENTED_EDGE('1027',*,*,#2061,.F.);
#2064=ORIENTED_EDGE('1028',*,*,#2063,.F.);
#2065=EDGE_LOOP('1120',(#2062,#2064));
#2066=FACE_OUTER_BOUND('1120',#2065,.F.);
#2067=ORIENTED_EDGE('1024',*,*,#2050,.F.);
#2068=ORIENTED_EDGE('1022',*,*,#2036,.F.);
#2069=EDGE_LOOP('1120',(#2067,#2068));
#2070=FACE_BOUND('1120',#2069,.F.);
#2072=CARTESIAN_POINT('',(4.5E1,2.5E1,4.E1));
#2073=DIRECTION('',(0.E0,1.E0,0.E0));
#2074=DIRECTION('',(0.E0,0.E0,1.E0));
#2075=AXIS2_PLACEMENT_3D('',#2072,#2073,#2074);
#2076=CYLINDRICAL_SURFACE('1121',#2075,3.35E0);
#2077=ORIENTED_EDGE('1027',*,*,#2061,.T.);
#2079=ORIENTED_EDGE('1025',*,*,#2078,.T.);
#2081=ORIENTED_EDGE('1031',*,*,#2080,.T.);
#2083=ORIENTED_EDGE('1026',*,*,#2082,.F.);
#2084=EDGE_LOOP('1121',(#2077,#2079,#2081,#2083));
#2085=FACE_OUTER_BOUND('1121',#2084,.F.);
#2087=CARTESIAN_POINT('',(4.5E1,2.5E1,4.E1));
#2088=DIRECTION('',(0.E0,1.E0,0.E0));
#2089=DIRECTION('',(0.E0,0.E0,1.E0));
#2090=AXIS2_PLACEMENT_3D('',#2087,#2088,#2089);
#2091=CYLINDRICAL_SURFACE('1122',#2090,3.35E0);
#2092=ORIENTED_EDGE('1028',*,*,#2063,.T.);
#2093=ORIENTED_EDGE('1026',*,*,#2082,.T.);
#2095=ORIENTED_EDGE('1033',*,*,#2094,.T.);
#2096=ORIENTED_EDGE('1025',*,*,#2078,.F.);
#2097=EDGE_LOOP('1122',(#2092,#2093,#2095,#2096));
#2098=FACE_OUTER_BOUND('1122',#2097,.F.);
#2100=CARTESIAN_POINT('',(4.5E1,2.49875E1,4.E1));
#2101=DIRECTION('',(0.E0,1.E0,0.E0));
#2102=DIRECTION('',(0.E0,0.E0,1.E0));
#2103=AXIS2_PLACEMENT_3D('',#2100,#2101,#2102);
#2104=CONICAL_SURFACE('1124',#2103,3.3625E0,4.5E1);
#2105=ORIENTED_EDGE('1033',*,*,#2094,.F.);
#2107=ORIENTED_EDGE('1030',*,*,#2106,.T.);
#2108=ORIENTED_EDGE('1034',*,*,#1458,.T.);
#2110=ORIENTED_EDGE('1029',*,*,#2109,.F.);
#2111=EDGE_LOOP('1124',(#2105,#2107,#2108,#2110));
#2112=FACE_OUTER_BOUND('1124',#2111,.F.);
#2114=CARTESIAN_POINT('',(4.5E1,2.49875E1,4.E1));
#2115=DIRECTION('',(0.E0,1.E0,0.E0));
#2116=DIRECTION('',(0.E0,0.E0,1.E0));
#2117=AXIS2_PLACEMENT_3D('',#2114,#2115,#2116);
#2118=CONICAL_SURFACE('1123',#2117,3.3625E0,4.5E1);
#2119=ORIENTED_EDGE('1031',*,*,#2080,.F.);
#2120=ORIENTED_EDGE('1029',*,*,#2109,.T.);
#2121=ORIENTED_EDGE('1032',*,*,#1460,.T.);
#2122=ORIENTED_EDGE('1030',*,*,#2106,.F.);
#2123=EDGE_LOOP('1123',(#2119,#2120,#2121,#2122));
#2124=FACE_OUTER_BOUND('1123',#2123,.F.);
#2126=CARTESIAN_POINT('',(-4.5E1,2.5E1,4.E1));
#2127=DIRECTION('',(0.E0,1.E0,0.E0));
#2128=DIRECTION('',(0.E0,0.E0,1.E0));
#2129=AXIS2_PLACEMENT_3D('',#2126,#2127,#2128);
#2130=CYLINDRICAL_SURFACE('1111',#2129,1.7E0);
#2131=ORIENTED_EDGE('1005',*,*,#1611,.T.);
#2133=ORIENTED_EDGE('1003',*,*,#2132,.T.);
#2135=ORIENTED_EDGE('1006',*,*,#2134,.T.);
#2137=ORIENTED_EDGE('1004',*,*,#2136,.F.);
#2138=EDGE_LOOP('1111',(#2131,#2133,#2135,#2137));
#2139=FACE_OUTER_BOUND('1111',#2138,.F.);
#2141=CARTESIAN_POINT('',(-4.5E1,2.5E1,4.E1));
#2142=DIRECTION('',(0.E0,1.E0,0.E0));
#2143=DIRECTION('',(0.E0,0.E0,1.E0));
#2144=AXIS2_PLACEMENT_3D('',#2141,#2142,#2143);
#2145=CYLINDRICAL_SURFACE('1112',#2144,1.7E0);
#2146=ORIENTED_EDGE('1007',*,*,#1613,.T.);
#2147=ORIENTED_EDGE('1004',*,*,#2136,.T.);
#2149=ORIENTED_EDGE('1008',*,*,#2148,.T.);
#2150=ORIENTED_EDGE('1003',*,*,#2132,.F.);
#2151=EDGE_LOOP('1112',(#2146,#2147,#2149,#2150));
#2152=FACE_OUTER_BOUND('1112',#2151,.F.);
#2154=CARTESIAN_POINT('',(-4.165E1,2.335E1,4.E1));
#2155=DIRECTION('',(0.E0,-1.E0,0.E0));
#2156=DIRECTION('',(0.E0,0.E0,-1.E0));
#2157=AXIS2_PLACEMENT_3D('',#2154,#2155,#2156);
#2158=PLANE('1113',#2157);
#2160=ORIENTED_EDGE('1011',*,*,#2159,.F.);
#2162=ORIENTED_EDGE('1012',*,*,#2161,.F.);
#2163=EDGE_LOOP('1113',(#2160,#2162));
#2164=FACE_OUTER_BOUND('1113',#2163,.F.);
#2165=ORIENTED_EDGE('1008',*,*,#2148,.F.);
#2166=ORIENTED_EDGE('1006',*,*,#2134,.F.);
#2167=EDGE_LOOP('1113',(#2165,#2166));
#2168=FACE_BOUND('1113',#2167,.F.);
#2170=CARTESIAN_POINT('',(-4.5E1,2.5E1,4.E1));
#2171=DIRECTION('',(0.E0,1.E0,0.E0));
#2172=DIRECTION('',(0.E0,0.E0,1.E0));
#2173=AXIS2_PLACEMENT_3D('',#2170,#2171,#2172);
#2174=CYLINDRICAL_SURFACE('1114',#2173,3.35E0);
#2175=ORIENTED_EDGE('1011',*,*,#2159,.T.);
#2177=ORIENTED_EDGE('1009',*,*,#2176,.T.);
#2179=ORIENTED_EDGE('1015',*,*,#2178,.T.);
#2181=ORIENTED_EDGE('1010',*,*,#2180,.F.);
#2182=EDGE_LOOP('1114',(#2175,#2177,#2179,#2181));
#2183=FACE_OUTER_BOUND('1114',#2182,.F.);
#2185=CARTESIAN_POINT('',(-4.5E1,2.5E1,4.E1));
#2186=DIRECTION('',(0.E0,1.E0,0.E0));
#2187=DIRECTION('',(0.E0,0.E0,1.E0));
#2188=AXIS2_PLACEMENT_3D('',#2185,#2186,#2187);
#2189=CYLINDRICAL_SURFACE('1115',#2188,3.35E0);
#2190=ORIENTED_EDGE('1012',*,*,#2161,.T.);
#2191=ORIENTED_EDGE('1010',*,*,#2180,.T.);
#2193=ORIENTED_EDGE('1017',*,*,#2192,.T.);
#2194=ORIENTED_EDGE('1009',*,*,#2176,.F.);
#2195=EDGE_LOOP('1115',(#2190,#2191,#2193,#2194));
#2196=FACE_OUTER_BOUND('1115',#2195,.F.);
#2198=CARTESIAN_POINT('',(-4.5E1,2.49875E1,4.E1));
#2199=DIRECTION('',(0.E0,1.E0,0.E0));
#2200=DIRECTION('',(0.E0,0.E0,1.E0));
#2201=AXIS2_PLACEMENT_3D('',#2198,#2199,#2200);
#2202=CONICAL_SURFACE('1117',#2201,3.3625E0,4.5E1);
#2203=ORIENTED_EDGE('1017',*,*,#2192,.F.);
#2205=ORIENTED_EDGE('1014',*,*,#2204,.T.);
#2206=ORIENTED_EDGE('1018',*,*,#1464,.T.);
#2208=ORIENTED_EDGE('1013',*,*,#2207,.F.);
#2209=EDGE_LOOP('1117',(#2203,#2205,#2206,#2208));
#2210=FACE_OUTER_BOUND('1117',#2209,.F.);
#2212=CARTESIAN_POINT('',(-4.5E1,2.49875E1,4.E1));
#2213=DIRECTION('',(0.E0,1.E0,0.E0));
#2214=DIRECTION('',(0.E0,0.E0,1.E0));
#2215=AXIS2_PLACEMENT_3D('',#2212,#2213,#2214);
#2216=CONICAL_SURFACE('1116',#2215,3.3625E0,4.5E1);
#2217=ORIENTED_EDGE('1015',*,*,#2178,.F.);
#2218=ORIENTED_EDGE('1013',*,*,#2207,.T.);
#2219=ORIENTED_EDGE('1016',*,*,#1466,.T.);
#2220=ORIENTED_EDGE('1014',*,*,#2204,.F.);
#2221=EDGE_LOOP('1116',(#2217,#2218,#2219,#2220));
#2222=FACE_OUTER_BOUND('1116',#2221,.F.);
#2224=CARTESIAN_POINT('',(-4.5E1,2.5E1,-4.E1));
#2225=DIRECTION('',(0.E0,1.E0,0.E0));
#2226=DIRECTION('',(0.E0,0.E0,1.E0));
#2227=AXIS2_PLACEMENT_3D('',#2224,#2225,#2226);
#2228=CYLINDRICAL_SURFACE('1104',#2227,1.7E0);
#2229=ORIENTED_EDGE('989',*,*,#1617,.T.);
#2231=ORIENTED_EDGE('987',*,*,#2230,.T.);
#2233=ORIENTED_EDGE('990',*,*,#2232,.T.);
#2235=ORIENTED_EDGE('988',*,*,#2234,.F.);
#2236=EDGE_LOOP('1104',(#2229,#2231,#2233,#2235));
#2237=FACE_OUTER_BOUND('1104',#2236,.F.);
#2239=CARTESIAN_POINT('',(-4.5E1,2.5E1,-4.E1));
#2240=DIRECTION('',(0.E0,1.E0,0.E0));
#2241=DIRECTION('',(0.E0,0.E0,1.E0));
#2242=AXIS2_PLACEMENT_3D('',#2239,#2240,#2241);
#2243=CYLINDRICAL_SURFACE('1105',#2242,1.7E0);
#2244=ORIENTED_EDGE('991',*,*,#1619,.T.);
#2245=ORIENTED_EDGE('988',*,*,#2234,.T.);
#2247=ORIENTED_EDGE('992',*,*,#2246,.T.);
#2248=ORIENTED_EDGE('987',*,*,#2230,.F.);
#2249=EDGE_LOOP('1105',(#2244,#2245,#2247,#2248));
#2250=FACE_OUTER_BOUND('1105',#2249,.F.);
#2252=CARTESIAN_POINT('',(-4.165E1,2.335E1,-4.E1));
#2253=DIRECTION('',(0.E0,-1.E0,0.E0));
#2254=DIRECTION('',(0.E0,0.E0,-1.E0));
#2255=AXIS2_PLACEMENT_3D('',#2252,#2253,#2254);
#2256=PLANE('1106',#2255);
#2258=ORIENTED_EDGE('995',*,*,#2257,.F.);
#2260=ORIENTED_EDGE('996',*,*,#2259,.F.);
#2261=EDGE_LOOP('1106',(#2258,#2260));
#2262=FACE_OUTER_BOUND('1106',#2261,.F.);
#2263=ORIENTED_EDGE('992',*,*,#2246,.F.);
#2264=ORIENTED_EDGE('990',*,*,#2232,.F.);
#2265=EDGE_LOOP('1106',(#2263,#2264));
#2266=FACE_BOUND('1106',#2265,.F.);
#2268=CARTESIAN_POINT('',(-4.5E1,2.5E1,-4.E1));
#2269=DIRECTION('',(0.E0,1.E0,0.E0));
#2270=DIRECTION('',(0.E0,0.E0,1.E0));
#2271=AXIS2_PLACEMENT_3D('',#2268,#2269,#2270);
#2272=CYLINDRICAL_SURFACE('1107',#2271,3.35E0);
#2273=ORIENTED_EDGE('995',*,*,#2257,.T.);
#2275=ORIENTED_EDGE('993',*,*,#2274,.T.);
#2277=ORIENTED_EDGE('999',*,*,#2276,.T.);
#2279=ORIENTED_EDGE('994',*,*,#2278,.F.);
#2280=EDGE_LOOP('1107',(#2273,#2275,#2277,#2279));
#2281=FACE_OUTER_BOUND('1107',#2280,.F.);
#2283=CARTESIAN_POINT('',(-4.5E1,2.5E1,-4.E1));
#2284=DIRECTION('',(0.E0,1.E0,0.E0));
#2285=DIRECTION('',(0.E0,0.E0,1.E0));
#2286=AXIS2_PLACEMENT_3D('',#2283,#2284,#2285);
#2287=CYLINDRICAL_SURFACE('1108',#2286,3.35E0);
#2288=ORIENTED_EDGE('996',*,*,#2259,.T.);
#2289=ORIENTED_EDGE('994',*,*,#2278,.T.);
#2291=ORIENTED_EDGE('1001',*,*,#2290,.T.);
#2292=ORIENTED_EDGE('993',*,*,#2274,.F.);
#2293=EDGE_LOOP('1108',(#2288,#2289,#2291,#2292));
#2294=FACE_OUTER_BOUND('1108',#2293,.F.);
#2296=CARTESIAN_POINT('',(-4.5E1,2.49875E1,-4.E1));
#2297=DIRECTION('',(0.E0,1.E0,0.E0));
#2298=DIRECTION('',(0.E0,0.E0,1.E0));
#2299=AXIS2_PLACEMENT_3D('',#2296,#2297,#2298);
#2300=CONICAL_SURFACE('1110',#2299,3.3625E0,4.5E1);
#2301=ORIENTED_EDGE('1001',*,*,#2290,.F.);
#2303=ORIENTED_EDGE('998',*,*,#2302,.T.);
#2304=ORIENTED_EDGE('1002',*,*,#1470,.T.);
#2306=ORIENTED_EDGE('997',*,*,#2305,.F.);
#2307=EDGE_LOOP('1110',(#2301,#2303,#2304,#2306));
#2308=FACE_OUTER_BOUND('1110',#2307,.F.);
#2310=CARTESIAN_POINT('',(-4.5E1,2.49875E1,-4.E1));
#2311=DIRECTION('',(0.E0,1.E0,0.E0));
#2312=DIRECTION('',(0.E0,0.E0,1.E0));
#2313=AXIS2_PLACEMENT_3D('',#2310,#2311,#2312);
#2314=CONICAL_SURFACE('1109',#2313,3.3625E0,4.5E1);
#2315=ORIENTED_EDGE('999',*,*,#2276,.F.);
#2316=ORIENTED_EDGE('997',*,*,#2305,.T.);
#2317=ORIENTED_EDGE('1000',*,*,#1472,.T.);
#2318=ORIENTED_EDGE('998',*,*,#2302,.F.);
#2319=EDGE_LOOP('1109',(#2315,#2316,#2317,#2318));
#2320=FACE_OUTER_BOUND('1109',#2319,.F.);
#2322=CARTESIAN_POINT('',(-1.387778780781E-14,5.E0,0.E0));
#2323=DIRECTION('',(0.E0,-1.E0,0.E0));
#2324=DIRECTION('',(0.E0,0.E0,-1.E0));
#2325=AXIS2_PLACEMENT_3D('',#2322,#2323,#2324);
#2326=CYLINDRICAL_SURFACE('1102',#2325,2.E1);
#2328=ORIENTED_EDGE('983',*,*,#2327,.T.);
#2330=ORIENTED_EDGE('981',*,*,#2329,.T.);
#2331=ORIENTED_EDGE('984',*,*,#1623,.T.);
#2333=ORIENTED_EDGE('982',*,*,#2332,.F.);
#2334=EDGE_LOOP('1102',(#2328,#2330,#2331,#2333));
#2335=FACE_OUTER_BOUND('1102',#2334,.F.);
#2337=CARTESIAN_POINT('',(0.E0,5.E0,0.E0));
#2338=DIRECTION('',(0.E0,-1.E0,0.E0));
#2339=DIRECTION('',(0.E0,0.E0,-1.E0));
#2340=AXIS2_PLACEMENT_3D('',#2337,#2338,#2339);
#2341=PLANE('1100',#2340);
#2343=ORIENTED_EDGE('1187',*,*,#2342,.F.);
#2345=ORIENTED_EDGE('1188',*,*,#2344,.F.);
#2346=EDGE_LOOP('1100',(#2343,#2345));
#2347=FACE_OUTER_BOUND('1100',#2346,.F.);
#2349=ORIENTED_EDGE('985',*,*,#2348,.F.);
#2350=ORIENTED_EDGE('983',*,*,#2327,.F.);
#2351=EDGE_LOOP('1100',(#2349,#2350));
#2352=FACE_BOUND('1100',#2351,.F.);
#2354=CARTESIAN_POINT('',(0.E0,2.5E1,0.E0));
#2355=DIRECTION('',(0.E0,1.E0,0.E0));
#2356=DIRECTION('',(1.E0,0.E0,0.E0));
#2357=AXIS2_PLACEMENT_3D('',#2354,#2355,#2356);
#2358=CYLINDRICAL_SURFACE('1189',#2357,4.3E1);
#2360=ORIENTED_EDGE('1195',*,*,#2359,.F.);
#2362=ORIENTED_EDGE('1203',*,*,#2361,.T.);
#2363=ORIENTED_EDGE('1187',*,*,#2342,.T.);
#2365=ORIENTED_EDGE('1204',*,*,#2364,.F.);
#2367=ORIENTED_EDGE('1197',*,*,#2366,.F.);
#2368=EDGE_LOOP('1189',(#2360,#2362,#2363,#2365,#2367));
#2369=FACE_OUTER_BOUND('1189',#2368,.F.);
#2371=CARTESIAN_POINT('',(0.E0,2.425E1,0.E0));
#2372=DIRECTION('',(0.E0,1.E0,0.E0));
#2373=DIRECTION('',(0.E0,0.E0,1.E0));
#2374=AXIS2_PLACEMENT_3D('',#2371,#2372,#2373);
#2375=CONICAL_SURFACE('1084',#2374,4.375E1,4.5E1);
#2376=ORIENTED_EDGE('1195',*,*,#2359,.T.);
#2378=ORIENTED_EDGE('1202',*,*,#2377,.T.);
#2379=ORIENTED_EDGE('957',*,*,#1446,.T.);
#2381=ORIENTED_EDGE('1201',*,*,#2380,.F.);
#2383=ORIENTED_EDGE('1196',*,*,#2382,.T.);
#2384=EDGE_LOOP('1084',(#2376,#2378,#2379,#2381,#2383));
#2385=FACE_OUTER_BOUND('1084',#2384,.F.);
#2387=CARTESIAN_POINT('',(0.E0,2.425E1,0.E0));
#2388=DIRECTION('',(0.E0,1.E0,0.E0));
#2389=DIRECTION('',(0.E0,0.E0,1.E0));
#2390=AXIS2_PLACEMENT_3D('',#2387,#2388,#2389);
#2391=CONICAL_SURFACE('1085',#2390,4.375E1,4.5E1);
#2392=ORIENTED_EDGE('1197',*,*,#2366,.T.);
#2394=ORIENTED_EDGE('1198',*,*,#2393,.T.);
#2395=ORIENTED_EDGE('1201',*,*,#2380,.T.);
#2396=ORIENTED_EDGE('958',*,*,#1448,.T.);
#2397=ORIENTED_EDGE('1202',*,*,#2377,.F.);
#2398=EDGE_LOOP('1085',(#2392,#2394,#2395,#2396,#2397));
#2399=FACE_OUTER_BOUND('1085',#2398,.F.);
#2401=CARTESIAN_POINT('',(0.E0,2.5E1,0.E0));
#2402=DIRECTION('',(0.E0,1.E0,0.E0));
#2403=DIRECTION('',(1.E0,0.E0,0.E0));
#2404=AXIS2_PLACEMENT_3D('',#2401,#2402,#2403);
#2405=CYLINDRICAL_SURFACE('1191',#2404,4.3E1);
#2406=ORIENTED_EDGE('1196',*,*,#2382,.F.);
#2407=ORIENTED_EDGE('1198',*,*,#2393,.F.);
#2408=ORIENTED_EDGE('1204',*,*,#2364,.T.);
#2409=ORIENTED_EDGE('1188',*,*,#2344,.T.);
#2410=ORIENTED_EDGE('1203',*,*,#2361,.F.);
#2411=EDGE_LOOP('1191',(#2406,#2407,#2408,#2409,#2410));
#2412=FACE_OUTER_BOUND('1191',#2411,.F.);
#2414=CARTESIAN_POINT('',(-1.387778780781E-14,5.E0,0.E0));
#2415=DIRECTION('',(0.E0,-1.E0,0.E0));
#2416=DIRECTION('',(0.E0,0.E0,-1.E0));
#2417=AXIS2_PLACEMENT_3D('',#2414,#2415,#2416);
#2418=CYLINDRICAL_SURFACE('1103',#2417,2.E1);
#2419=ORIENTED_EDGE('985',*,*,#2348,.T.);
#2420=ORIENTED_EDGE('982',*,*,#2332,.T.);
#2421=ORIENTED_EDGE('986',*,*,#1625,.T.);
#2422=ORIENTED_EDGE('981',*,*,#2329,.F.);
#2423=EDGE_LOOP('1103',(#2419,#2420,#2421,#2422));
#2424=FACE_OUTER_BOUND('1103',#2423,.F.);
#2428=FILL_AREA_STYLE_COLOUR('',#11);
#2429=FILL_AREA_STYLE('',(#2428));
#2430=SURFACE_STYLE_FILL_AREA(#2429);
#2431=SURFACE_SIDE_STYLE('',(#2430));
#2432=SURFACE_STYLE_USAGE(.BOTH.,#2431);
#2433=PRESENTATION_STYLE_ASSIGNMENT((#2432));
#18=STYLED_ITEM('',(#2433),#2427);
#2434=CARTESIAN_POINT('',(0.E0,0.E0,0.E0));
#2435=DIRECTION('',(1.E0,0.E0,0.E0));
#2436=DIRECTION('',(0.E0,1.E0,0.E0));
#2437=AXIS2_PLACEMENT_3D('',#2434,#2435,#2436);
#2438=PLANE('RIGHT',#2437);
#2439=CARTESIAN_POINT('',(0.E0,0.E0,0.E0));
#2440=DIRECTION('',(0.E0,1.E0,0.E0));
#2441=DIRECTION('',(0.E0,0.E0,1.E0));
#2442=AXIS2_PLACEMENT_3D('',#2439,#2440,#2441);
#2443=PLANE('TOP',#2442);
#2444=CARTESIAN_POINT('',(0.E0,0.E0,0.E0));
#2445=DIRECTION('',(0.E0,0.E0,1.E0));
#2446=DIRECTION('',(1.E0,0.E0,0.E0));
#2447=AXIS2_PLACEMENT_3D('',#2444,#2445,#2446);
#2448=PLANE('FRONT',#2447);
#2449=CARTESIAN_POINT('',(0.E0,0.E0,0.E0));
#2450=DIRECTION('',(0.E0,0.E0,1.E0));
#2451=DIRECTION('',(1.E0,0.E0,0.E0));
#2452=AXIS2_PLACEMENT_3D('PRT_CSYS_DEF',#2449,#2450,#2451);
#2453=CURVE_STYLE('',#23,POSITIVE_LENGTH_MEASURE(2.E-2),#6);
#2454=PRESENTATION_STYLE_ASSIGNMENT((#2453));
#2455=STYLED_ITEM('',(#2454),#2452);
#2456=DIRECTION('',(-1.E0,0.E0,0.E0));
#2457=VECTOR('',#2456,1.E2);
#2458=CARTESIAN_POINT('',(5.E1,0.E0,0.E0));
#2459=LINE('',#2458,#2457);
#2461=CURVE_STYLE('',#23,POSITIVE_LENGTH_MEASURE(2.E-2),#4);
#2462=PRESENTATION_STYLE_ASSIGNMENT((#2461));
#2463=STYLED_ITEM('',(#2462),#2460);
#2464=CARTESIAN_POINT('',(0.E0,0.E0,0.E0));
#2465=DIRECTION('',(0.E0,0.E0,1.E0));
#2466=DIRECTION('',(1.E0,0.E0,0.E0));
#2467=AXIS2_PLACEMENT_3D('',#2464,#2465,#2466);
#2468=PLANE('46',#2467);
#2469=CARTESIAN_POINT('',(0.E0,0.E0,0.E0));
#2470=DIRECTION('',(0.E0,1.E0,0.E0));
#2471=DIRECTION('',(1.E0,0.E0,0.E0));
#2472=AXIS2_PLACEMENT_3D('',#2469,#2470,#2471);
#2473=PLANE('47',#2472);
#2474=CARTESIAN_POINT('',(0.E0,0.E0,0.E0));
#2475=DIRECTION('',(1.E0,0.E0,0.E0));
#2476=DIRECTION('',(0.E0,0.E0,-1.E0));
#2477=AXIS2_PLACEMENT_3D('',#2474,#2475,#2476);
#2478=PLANE('48',#2477);
#2479=CARTESIAN_POINT('',(0.E0,2.5E1,0.E0));
#2480=DIRECTION('',(0.E0,1.E0,0.E0));
#2481=DIRECTION('',(1.E0,0.E0,0.E0));
#2482=AXIS2_PLACEMENT_3D('',#2479,#2480,#2481);
#2485=CURVE_STYLE('',#23,POSITIVE_LENGTH_MEASURE(2.E-2),#1);
#2486=PRESENTATION_STYLE_ASSIGNMENT((#2485));
#2487=STYLED_ITEM('',(#2486),#2484);
#2489=CARTESIAN_POINT('',(0.E0,2.5E1,0.E0));
#2490=DIRECTION('',(0.E0,1.E0,0.E0));
#2491=DIRECTION('',(-1.E0,0.E0,0.E0));
#2492=AXIS2_PLACEMENT_3D('',#2489,#2490,#2491);
#2495=CURVE_STYLE('',#23,POSITIVE_LENGTH_MEASURE(2.E-2),#1);
#2496=PRESENTATION_STYLE_ASSIGNMENT((#2495));
#2497=STYLED_ITEM('',(#2496),#2494);
#2501=DIRECTION('',(0.E0,1.E0,0.E0));
#2502=VECTOR('',#2501,1.85E1);
#2503=CARTESIAN_POINT('',(0.E0,5.E0,0.E0));
#2504=LINE('',#2503,#2502);
#2506=CURVE_STYLE('',#23,POSITIVE_LENGTH_MEASURE(2.E-2),#4);
#2507=PRESENTATION_STYLE_ASSIGNMENT((#2506));
#2508=STYLED_ITEM('',(#2507),#2505);
#2509=PRESENTATION_LAYER_ASSIGNMENT('_26_BEZUGSACHSEN','',(#2460,#2505));
#2510=PRESENTATION_LAYER_ASSIGNMENT('_27_BEZUGSEBENEN','',(#2438,#2443,#2448));
#2511=PRESENTATION_LAYER_ASSIGNMENT('_29_KOORDINATENSYSTEME','',(#2452));
#2512=PRESENTATION_LAYER_ASSIGNMENT('_00_PRT_START_FEATURES','',(#2438,#2443,
#2448,#2452,#2460));
#2513=PRESENTATION_LAYER_ASSIGNMENT('SHELL','',(#18));
#2514=PRESENTATION_LAYER_ASSIGNMENT('.BLACK_HOLE','',(#2468,#2473,#2478,#2499));
#2515=PRESENTATION_LAYER_ASSIGNMENT('_21_KURVEN','',(#2499));
#2516=PRESENTATION_LAYER_ASSIGNMENT('_30_VOLUMEN','',(#2505));
#2517=INVISIBILITY((#2514));
#2520=PLANE_ANGLE_MEASURE_WITH_UNIT(PLANE_ANGLE_MEASURE(1.745329251994E-2),
#2519);
#2521=(CONVERSION_BASED_UNIT('DEGREE',#2520)NAMED_UNIT(*)PLANE_ANGLE_UNIT());
#2523=UNCERTAINTY_MEASURE_WITH_UNIT(LENGTH_MEASURE(1.E-2),#2518,'closure',
'Maximum model space distance between geometric entities at asserted connectivities');
#2500=GEOMETRIC_CURVE_SET('1176',(#2499));
#2528=CARTESIAN_POINT('',(0.E0,0.E0,0.E0));
#2529=DIRECTION('',(0.E0,0.E0,1.E0));
#2530=DIRECTION('',(1.E0,0.E0,0.E0));
#2533=SHAPE_REPRESENTATION_RELATIONSHIP('','',#2532,#2525);
#2534=SHAPE_REPRESENTATION_RELATIONSHIP('','',#2532,#2526);
#2535=CONSTRUCTIVE_GEOMETRY_REPRESENTATION_RELATIONSHIP('','',#2532,#2527);
#2536=MECHANICAL_DESIGN_GEOMETRIC_PRESENTATION_REPRESENTATION('',(#26,#33,#41,
#49,#57,#65,#73,#81,#89,#97,#105,#113,#121,#129,#137,#145,#153,#161,#169,#177,
#185,#193,#201,#209,#216,#223,#231,#239,#247,#255,#262,#269,#277,#285,#293,#301,
#309,#317,#325,#333,#341,#349,#357,#365,#373,#381,#389,#397,#405,#413,#421,#429,
#437,#445,#452,#459,#466,#473,#480,#487,#494,#501,#508,#515,#522,#529,#536,#543,
#550,#557,#565,#573,#581,#589,#596,#603,#610,#617,#625,#633,#641,#649,#656,#663,
#670,#677,#685,#693,#701,#709,#716,#723,#730,#737,#745,#753,#761,#769,#776,#783,
#791,#798,#805,#813,#820,#827,#835,#843,#851,#859,#866,#873,#881,#888,#895,#903,
#910,#917,#925,#933,#941,#949,#956,#963,#971,#978,#985,#993,#1000,#1007,#1015,
#1023,#1031,#1039,#1046,#1053,#1061,#1068,#1075,#1083,#1091,#1099,#1107,#1115,
#1122,#1130,#1138,#1146,#1154,#1161,#1168,#1175,#1182,#1189,#18,#2455,#2463,
#2487,#2497,#2508),#2524);
#2537=APPLICATION_CONTEXT('automotive design');
#2538=APPLICATION_PROTOCOL_DEFINITION('international standard',
'config_control_design',1994,#2537);
#2539=PRODUCT_DEFINITION_CONTEXT('',#2537,'design');
#2540=PRODUCT_CONTEXT('',#2537,'mechanical');
#2541=PRODUCT('BEAKER_HOLDER','BEAKER_HOLDER','NOT SPECIFIED',(#2540));
#2542=PRODUCT_DEFINITION_FORMATION_WITH_SPECIFIED_SOURCE('2','LAST_VERSION',
#2541,.MADE.);
#2550=DERIVED_UNIT_ELEMENT(#2549,-3.E0);
#2552=DERIVED_UNIT_ELEMENT(#2551,1.E0);
#2553=DERIVED_UNIT((#2550,#2552));
#2554=MEASURE_REPRESENTATION_ITEM('density measure',POSITIVE_RATIO_MEASURE(
7.85E-6),#2553);
#2558=DESCRIPTIVE_REPRESENTATION_ITEM('STAHL_ALLGEMEIN','');
#2567=DERIVED_UNIT_ELEMENT(#2566,2.E0);
#2568=AREA_UNIT((#2567));
#2569=MEASURE_REPRESENTATION_ITEM('surface area measure',AREA_MEASURE(
3.503046395108E4),#2568);
#2574=DERIVED_UNIT_ELEMENT(#2573,3.E0);
#2575=VOLUME_UNIT((#2574));
#2576=MEASURE_REPRESENTATION_ITEM('volume measure',VOLUME_MEASURE(
1.222748538441E5),#2575);
#2580=CARTESIAN_POINT('centre point',(-8.882033480860E-12,1.065923911880E1,
-2.475405426662E-14));
#2585=DERIVED_UNIT_ELEMENT(#2584,2.E0);
#2586=AREA_UNIT((#2585));
#2587=MEASURE_REPRESENTATION_ITEM('surface area measure',AREA_MEASURE(
3.503046395108E4),#2586);
#2592=DERIVED_UNIT_ELEMENT(#2591,3.E0);
#2593=VOLUME_UNIT((#2592));
#2594=MEASURE_REPRESENTATION_ITEM('volume measure',VOLUME_MEASURE(
1.222748538441E5),#2593);
#2598=CARTESIAN_POINT('centre point',(-8.882033480860E-12,1.065923911880E1,
-2.475405426662E-14));
#2602=PRODUCT_CONTEXT('',#2537,'mechanical');
#2603=PRODUCT('STAHL_ALLGEMEIN','allgemeiner Stahl','NOT SPECIFIED',(#2602));
#2604=PRODUCT_DEFINITION_FORMATION_WITH_SPECIFIED_SOURCE('','LAST_VERSION',
#2603,.MADE.);
#2607=DIMENSIONAL_EXPONENTS(0.E0,0.E0,0.E0,0.E0,0.E0,0.E0,0.E0);
#2608=NAMED_UNIT(#2607);
#2609=MEASURE_WITH_UNIT(COUNT_MEASURE(1.E0),#2608);
#2611=DERIVED_UNIT_ELEMENT(#2610,-3.E0);
#2613=DERIVED_UNIT_ELEMENT(#2612,1.E0);
#2614=DERIVED_UNIT((#2611,#2613));
#2615=MEASURE_REPRESENTATION_ITEM('density measure',POSITIVE_RATIO_MEASURE(
7.85E-6),#2614);
#2620=DRAUGHTING_MODEL('Default',(#2634,#2636,#2638,#2649,#2650),#2524);
#2621=CARTESIAN_POINT('',(0.E0,0.E0,0.E0));
#2622=DIRECTION('',(0.E0,0.E0,1.E0));
#2623=DIRECTION('',(1.E0,0.E0,0.E0));
#2624=AXIS2_PLACEMENT_3D('',#2621,#2622,#2623);
#2625=REPRESENTATION_MAP(#2624,#2532);
#2626=MAPPED_ITEM('',#2625,#2624);
#2627=PRESENTATION_STYLE_ASSIGNMENT((.NULL.));
#2628=STYLED_ITEM('',(#2627),#2626);
#2629=DRAUGHTING_MODEL('',(#2624,#2626,#2628),#2524);
#2630=MECHANICAL_DESIGN_AND_DRAUGHTING_RELATIONSHIP('','',#2620,#2629);
#2631=CARTESIAN_POINT('',(0.E0,0.E0,0.E0));
#2632=DIRECTION('',(0.E0,0.E0,1.E0));
#2633=DIRECTION('',(1.E0,0.E0,0.E0));
#2634=AXIS2_PLACEMENT_3D('',#2631,#2632,#2633);
#2635=REPRESENTATION_MAP(#2634,#2532);
#2636=MAPPED_ITEM('',#2635,#2634);
#2637=PRESENTATION_STYLE_ASSIGNMENT((.NULL.));
#2638=STYLED_ITEM('',(#2637),#2636);
#2639=CARTESIAN_POINT('',(0.E0,0.E0,0.E0));
#2640=CARTESIAN_POINT('',(-8.259257075174E1,-5.870011853125E1,
3.007544931604E2));
#2641=DIRECTION('',(0.E0,0.E0,1.E0));
#2642=DIRECTION('',(1.E0,0.E0,0.E0));
#2643=AXIS2_PLACEMENT_3D('',#2640,#2641,#2642);
#2645=VIEW_VOLUME(.PARALLEL.,#2639,3.007544931604E2,3.007544931604E2,.T.,0.E0,
.F.,.T.,#2644);
#2646=CARTESIAN_POINT('',(4.104652085457E1,2.056975324128E2,2.381684490023E2));
#2647=DIRECTION('',(-3.894183423087E-1,-7.214918620107E-1,-5.725406952575E-1));
#2648=DIRECTION('',(-9.210609940029E-1,3.050418666329E-1,2.420663234065E-1));
#2649=AXIS2_PLACEMENT_3D('',#2646,#2647,#2648);
#2650=CAMERA_MODEL_D3('DEFAULT',#2649,#2645);
#2652=GENERAL_PROPERTY('','CAD_APPROVED_BY','user defined attribute');
#2653=GENERAL_PROPERTY_ASSOCIATION('user defined attribute','',#2652,#2651);
#2654=DESCRIPTIVE_REPRESENTATION_ITEM('CAD_APPROVED_BY','-');
#2658=GENERAL_PROPERTY('','CAD_APPROVED_ON','user defined attribute');
#2659=GENERAL_PROPERTY_ASSOCIATION('user defined attribute','',#2658,#2657);
#2660=DESCRIPTIVE_REPRESENTATION_ITEM('CAD_APPROVED_ON','jjjj-mm-dd');
#2664=GENERAL_PROPERTY('','CAD_CHANGE_NO','user defined attribute');
#2665=GENERAL_PROPERTY_ASSOCIATION('user defined attribute','',#2664,#2663);
#2666=DESCRIPTIVE_REPRESENTATION_ITEM('CAD_CHANGE_NO','-');
#2670=GENERAL_PROPERTY('','CAD_CHANGE_TEXT','user defined attribute');
#2671=GENERAL_PROPERTY_ASSOCIATION('user defined attribute','',#2670,#2669);
#2672=DESCRIPTIVE_REPRESENTATION_ITEM('CAD_CHANGE_TEXT','-');
#2676=GENERAL_PROPERTY('','CAD_CREATED_BY','user defined attribute');
#2677=GENERAL_PROPERTY_ASSOCIATION('user defined attribute','',#2676,#2675);
#2678=DESCRIPTIVE_REPRESENTATION_ITEM('CAD_CREATED_BY','-');
#2682=GENERAL_PROPERTY('','CAD_CREATED_ON','user defined attribute');
#2683=GENERAL_PROPERTY_ASSOCIATION('user defined attribute','',#2682,#2681);
#2684=DESCRIPTIVE_REPRESENTATION_ITEM('CAD_CREATED_ON','jjjj-mm-dd');
#2688=GENERAL_PROPERTY('','CAD_LIFECYCLE_STATE','user defined attribute');
#2689=GENERAL_PROPERTY_ASSOCIATION('user defined attribute','',#2688,#2687);
#2690=DESCRIPTIVE_REPRESENTATION_ITEM('CAD_LIFECYCLE_STATE','-');
#2694=GENERAL_PROPERTY('','CAD_MODIFIED_BY','user defined attribute');
#2695=GENERAL_PROPERTY_ASSOCIATION('user defined attribute','',#2694,#2693);
#2696=DESCRIPTIVE_REPRESENTATION_ITEM('CAD_MODIFIED_BY','-');
#2700=GENERAL_PROPERTY('','CAD_MODIFIED_ON','user defined attribute');
#2701=GENERAL_PROPERTY_ASSOCIATION('user defined attribute','',#2700,#2699);
#2702=DESCRIPTIVE_REPRESENTATION_ITEM('CAD_MODIFIED_ON','jjjj-mm-dd');
#2706=GENERAL_PROPERTY('','CAD_REVISION','user defined attribute');
#2707=GENERAL_PROPERTY_ASSOCIATION('user defined attribute','',#2706,#2705);
#2708=DESCRIPTIVE_REPRESENTATION_ITEM('CAD_REVISION','-');
#2712=GENERAL_PROPERTY('','DEPARTMENT','user defined attribute');
#2713=GENERAL_PROPERTY_ASSOCIATION('user defined attribute','',#2712,#2711);
#2714=DESCRIPTIVE_REPRESENTATION_ITEM('DEPARTMENT','DEV');
#2718=GENERAL_PROPERTY('','DESCRIPTION_1_DE','user defined attribute');
#2719=GENERAL_PROPERTY_ASSOCIATION('user defined attribute','',#2718,#2717);
#2720=DESCRIPTIVE_REPRESENTATION_ITEM('DESCRIPTION_1_DE','-');
#2724=GENERAL_PROPERTY('','DESCRIPTION_1_EN','user defined attribute');
#2725=GENERAL_PROPERTY_ASSOCIATION('user defined attribute','',#2724,#2723);
#2726=DESCRIPTIVE_REPRESENTATION_ITEM('DESCRIPTION_1_EN','-');
#2730=GENERAL_PROPERTY('','DESCRIPTION_2_DE','user defined attribute');
#2731=GENERAL_PROPERTY_ASSOCIATION('user defined attribute','',#2730,#2729);
#2732=DESCRIPTIVE_REPRESENTATION_ITEM('DESCRIPTION_2_DE','-');
#2736=GENERAL_PROPERTY('','DESCRIPTION_2_EN','user defined attribute');
#2737=GENERAL_PROPERTY_ASSOCIATION('user defined attribute','',#2736,#2735);
#2738=DESCRIPTIVE_REPRESENTATION_ITEM('DESCRIPTION_2_EN','-');
#2742=GENERAL_PROPERTY('','DRAWING_NO','user defined attribute');
#2743=GENERAL_PROPERTY_ASSOCIATION('user defined attribute','',#2742,#2741);
#2744=DESCRIPTIVE_REPRESENTATION_ITEM('DRAWING_NO','-');
#2748=GENERAL_PROPERTY('','MC_CHECKTYPE','user defined attribute');
#2749=GENERAL_PROPERTY_ASSOCIATION('user defined attribute','',#2748,#2747);
#2750=DESCRIPTIVE_REPRESENTATION_ITEM('MC_CHECKTYPE','SUT_INT_DE');
#2754=GENERAL_PROPERTY('','COATING','user defined attribute');
#2755=GENERAL_PROPERTY_ASSOCIATION('user defined attribute','',#2754,#2753);
#2756=DESCRIPTIVE_REPRESENTATION_ITEM('COATING','-');
#2760=GENERAL_PROPERTY('','COLORING','user defined attribute');
#2761=GENERAL_PROPERTY_ASSOCIATION('user defined attribute','',#2760,#2759);
#2762=DESCRIPTIVE_REPRESENTATION_ITEM('COLORING','-');
#2766=GENERAL_PROPERTY('','DESC_SEMIFINISHED','user defined attribute');
#2767=GENERAL_PROPERTY_ASSOCIATION('user defined attribute','',#2766,#2765);
#2768=DESCRIPTIVE_REPRESENTATION_ITEM('DESC_SEMIFINISHED','-');
#2772=GENERAL_PROPERTY('','DIMENSION','user defined attribute');
#2773=GENERAL_PROPERTY_ASSOCIATION('user defined attribute','',#2772,#2771);
#2774=DESCRIPTIVE_REPRESENTATION_ITEM('DIMENSION','-');
#2778=GENERAL_PROPERTY('','HARDNESS','user defined attribute');
#2779=GENERAL_PROPERTY_ASSOCIATION('user defined attribute','',#2778,#2777);
#2780=DESCRIPTIVE_REPRESENTATION_ITEM('HARDNESS','-');
#2784=GENERAL_PROPERTY('','MASS','user defined attribute');
#2785=GENERAL_PROPERTY_ASSOCIATION('user defined attribute','',#2784,#2783);
#2786=REAL_REPRESENTATION_ITEM('MASS',9.59E-1);
#2790=GENERAL_PROPERTY('','MATERIAL','user defined attribute');
#2791=GENERAL_PROPERTY_ASSOCIATION('user defined attribute','',#2790,#2789);
#2792=DESCRIPTIVE_REPRESENTATION_ITEM('MATERIAL','Stahl allg.');
#2796=GENERAL_PROPERTY('','PART_NO','user defined attribute');
#2797=GENERAL_PROPERTY_ASSOCIATION('user defined attribute','',#2796,#2795);
#2798=DESCRIPTIVE_REPRESENTATION_ITEM('PART_NO','-');
#2802=GENERAL_PROPERTY('','PART_NO_SEMIFINISHED','user defined attribute');
#2803=GENERAL_PROPERTY_ASSOCIATION('user defined attribute','',#2802,#2801);
#2804=DESCRIPTIVE_REPRESENTATION_ITEM('PART_NO_SEMIFINISHED','-');
#2808=GENERAL_PROPERTY('','STANDARD','user defined attribute');
#2809=GENERAL_PROPERTY_ASSOCIATION('user defined attribute','',#2808,#2807);
#2810=DESCRIPTIVE_REPRESENTATION_ITEM('STANDARD','-');
#2814=GENERAL_PROPERTY('','STANDARD_DIMENSION','user defined attribute');
#2815=GENERAL_PROPERTY_ASSOCIATION('user defined attribute','',#2814,#2813);
#2816=DESCRIPTIVE_REPRESENTATION_ITEM('STANDARD_DIMENSION','DIN EN ISO 14405');
#2820=GENERAL_PROPERTY('','STANDARD_EDGE','user defined attribute');
#2821=GENERAL_PROPERTY_ASSOCIATION('user defined attribute','',#2820,#2819);
#2822=DESCRIPTIVE_REPRESENTATION_ITEM('STANDARD_EDGE','ISO 13715');
#2826=GENERAL_PROPERTY('','STANDARD_INFO_DE','user defined attribute');
#2827=GENERAL_PROPERTY_ASSOCIATION('user defined attribute','',#2826,#2825);
#2828=DESCRIPTIVE_REPRESENTATION_ITEM('STANDARD_INFO_DE','-');
#2832=GENERAL_PROPERTY('','STANDARD_INFO_EN','user defined attribute');
#2833=GENERAL_PROPERTY_ASSOCIATION('user defined attribute','',#2832,#2831);
#2834=DESCRIPTIVE_REPRESENTATION_ITEM('STANDARD_INFO_EN','-');
#2838=GENERAL_PROPERTY('','STANDARD_SURFACE','user defined attribute');
#2839=GENERAL_PROPERTY_ASSOCIATION('user defined attribute','',#2838,#2837);
#2840=DESCRIPTIVE_REPRESENTATION_ITEM('STANDARD_SURFACE','ISO 1302');
#2844=GENERAL_PROPERTY('','STANDARD_TOL_CLASS','user defined attribute');
#2845=GENERAL_PROPERTY_ASSOCIATION('user defined attribute','',#2844,#2843);
#2846=DESCRIPTIVE_REPRESENTATION_ITEM('STANDARD_TOL_CLASS','ISO 2768-mK');
#2850=GENERAL_PROPERTY('','SUPPLIER','user defined attribute');
#2851=GENERAL_PROPERTY_ASSOCIATION('user defined attribute','',#2850,#2849);
#2852=DESCRIPTIVE_REPRESENTATION_ITEM('SUPPLIER','-');
#2856=GENERAL_PROPERTY('','CLASSIFICATION','user defined attribute');
#2857=GENERAL_PROPERTY_ASSOCIATION('user defined attribute','',#2856,#2855);
#2858=DESCRIPTIVE_REPRESENTATION_ITEM('CLASSIFICATION','FERTIGUNG');
#2862=GENERAL_PROPERTY('','CATEGORY','user defined attribute');
#2863=GENERAL_PROPERTY_ASSOCIATION('user defined attribute','',#2862,#2861);
#2864=INTEGER_REPRESENTATION_ITEM('CATEGORY',1);
#2868=GENERAL_PROPERTY('','PROJECT','user defined attribute');
#2869=GENERAL_PROPERTY_ASSOCIATION('user defined attribute','',#2868,#2867);
#2870=DESCRIPTIVE_REPRESENTATION_ITEM('PROJECT','-');
#2874=GENERAL_PROPERTY('','PROJECT_NO','user defined attribute');
#2875=GENERAL_PROPERTY_ASSOCIATION('user defined attribute','',#2874,#2873);
#2876=DESCRIPTIVE_REPRESENTATION_ITEM('PROJECT_NO','-');
#2880=GENERAL_PROPERTY('','ORDER_CODE','user defined attribute');
#2881=GENERAL_PROPERTY_ASSOCIATION('user defined attribute','',#2880,#2879);
#2882=DESCRIPTIVE_REPRESENTATION_ITEM('ORDER_CODE','-');
#2886=GENERAL_PROPERTY('','STANDARD_WELDING','user defined attribute');
#2887=GENERAL_PROPERTY_ASSOCIATION('user defined attribute','',#2886,#2885);
#2888=DESCRIPTIVE_REPRESENTATION_ITEM('STANDARD_WELDING','ISO 9692');
#2892=GENERAL_PROPERTY('','CUSTOMER','user defined attribute');
#2893=GENERAL_PROPERTY_ASSOCIATION('user defined attribute','',#2892,#2891);
#2894=DESCRIPTIVE_REPRESENTATION_ITEM('CUSTOMER','-');
#2898=GENERAL_PROPERTY('','HEAT_TREATMENT','user defined attribute');
#2899=GENERAL_PROPERTY_ASSOCIATION('user defined attribute','',#2898,#2897);
#2900=DESCRIPTIVE_REPRESENTATION_ITEM('HEAT_TREATMENT','-');
#2904=GENERAL_PROPERTY('','PTC_VAL_IMP_PART_STATUS','user defined attribute');
#2905=GENERAL_PROPERTY_ASSOCIATION('user defined attribute','',#2904,#2903);
#2906=DESCRIPTIVE_REPRESENTATION_ITEM('PTC_VAL_IMP_PART_STATUS','OK');
#2910=GENERAL_PROPERTY('','PTC_MP_VAL_IMP_VOLUME','user defined attribute');
#2911=GENERAL_PROPERTY_ASSOCIATION('user defined attribute','',#2910,#2909);
#2913=DERIVED_UNIT_ELEMENT(#2912,3.E0);
#2914=VOLUME_UNIT((#2913));
#2915=MEASURE_REPRESENTATION_ITEM('PTC_MP_VAL_IMP_VOLUME',VOLUME_MEASURE(
1.247259505506E5),#2914);
#2919=GENERAL_PROPERTY('','PTC_MP_VAL_IMP_AREA','user defined attribute');
#2920=GENERAL_PROPERTY_ASSOCIATION('user defined attribute','',#2919,#2918);
#2922=DERIVED_UNIT_ELEMENT(#2921,2.E0);
#2923=AREA_UNIT((#2922));
#2924=MEASURE_REPRESENTATION_ITEM('PTC_MP_VAL_IMP_AREA',AREA_MEASURE(
3.489445695870E4),#2923);
#2928=GENERAL_PROPERTY('','PTC_MP_VAL_IMP_COGX','user defined attribute');
#2929=GENERAL_PROPERTY_ASSOCIATION('user defined attribute','',#2928,#2927);
#2931=MEASURE_REPRESENTATION_ITEM('PTC_MP_VAL_IMP_COGX',LENGTH_MEASURE(
-1.276848639407E-12),#2930);
#2935=GENERAL_PROPERTY('','PTC_MP_VAL_IMP_COGY','user defined attribute');
#2936=GENERAL_PROPERTY_ASSOCIATION('user defined attribute','',#2935,#2934);
#2938=MEASURE_REPRESENTATION_ITEM('PTC_MP_VAL_IMP_COGY',LENGTH_MEASURE(
1.072736353056E1),#2937);
#2942=GENERAL_PROPERTY('','PTC_MP_VAL_IMP_COGZ','user defined attribute');
#2943=GENERAL_PROPERTY_ASSOCIATION('user defined attribute','',#2942,#2941);
#2945=MEASURE_REPRESENTATION_ITEM('PTC_MP_VAL_IMP_COGZ',LENGTH_MEASURE(
-1.576944780433E-14),#2944);
#2949=GENERAL_PROPERTY('','PTC_VAL_IMP_SCORE','user defined attribute');
#2950=GENERAL_PROPERTY_ASSOCIATION('user defined attribute','',#2949,#2948);
#2951=DESCRIPTIVE_REPRESENTATION_ITEM('PTC_VAL_IMP_SCORE','PASS');
#2955=GENERAL_PROPERTY('','CAD_SYSTEM','user defined attribute');
#2956=GENERAL_PROPERTY_ASSOCIATION('user defined attribute','',#2955,#2954);
#2957=DESCRIPTIVE_REPRESENTATION_ITEM('CAD_SYSTEM','SOLIDWORKS_PART');
#2961=GENERAL_PROPERTY('','DEX_MASTER','user defined attribute');
#2962=GENERAL_PROPERTY_ASSOCIATION('user defined attribute','',#2961,#2960);
#2963=DESCRIPTIVE_REPRESENTATION_ITEM('DEX_MASTER','Halterung_Becherglas');
#2967=GENERAL_PROPERTY('','MODEL_VERSION','user defined attribute');
#2968=GENERAL_PROPERTY_ASSOCIATION('user defined attribute','',#2967,#2966);
#2969=DESCRIPTIVE_REPRESENTATION_ITEM('MODEL_VERSION','N/A');
#2973=GENERAL_PROPERTY('','MODEL_DATE','user defined attribute');
#2974=GENERAL_PROPERTY_ASSOCIATION('user defined attribute','',#2973,#2972);
#2975=DESCRIPTIVE_REPRESENTATION_ITEM('MODEL_DATE','06/05/2026 13:27:28');
#2979=GENERAL_PROPERTY('','TIM_STATUS','user defined attribute');
#2980=GENERAL_PROPERTY_ASSOCIATION('user defined attribute','',#2979,#2978);
#2981=DESCRIPTIVE_REPRESENTATION_ITEM('TIM_STATUS','Aktuell');
#2985=GENERAL_PROPERTY('','REF_LINK','user defined attribute');
#2986=GENERAL_PROPERTY_ASSOCIATION('user defined attribute','',#2985,#2984);
#2987=DESCRIPTIVE_REPRESENTATION_ITEM('REF_LINK',
'Z:\\PJ1\\PJ_NEU\\Halterung\\Halterung\\Halterung_Becherglas.SLDPRT');
#2991=GENERAL_PROPERTY('','NATIVE_NAME','user defined attribute');
#2992=GENERAL_PROPERTY_ASSOCIATION('user defined attribute','',#2991,#2990);
#2993=DESCRIPTIVE_REPRESENTATION_ITEM('NATIVE_NAME','Halterung_Becherglas');
#2997=GENERAL_PROPERTY('','PTC_COMMON_NAME','user defined attribute');
#2998=GENERAL_PROPERTY_ASSOCIATION('user defined attribute','',#2997,#2996);
#2999=DESCRIPTIVE_REPRESENTATION_ITEM('PTC_COMMON_NAME',
'halterung_becherglas.prt');
#3003=GENERAL_PROPERTY('','PTC_MASTER_MATERIAL','user defined attribute');
#3004=GENERAL_PROPERTY_ASSOCIATION('user defined attribute','',#3003,#3002);
#3005=DESCRIPTIVE_REPRESENTATION_ITEM('PTC_MASTER_MATERIAL','STAHL_ALLGEMEIN');
#1=COLOUR_RGB('',0.E0,7.450980392157E-1,9.215686274510E-1);
#2=DRAUGHTING_PRE_DEFINED_COLOUR('green');
#3=COLOUR_RGB('',1.1E-2,1.2E-2,1.E0);
#4=COLOUR_RGB('',2.156862745098E-1,0.E0,3.725490196078E-1);
#5=COLOUR_RGB('',4.1E-1,2.61589E-1,1.12848E-1);
#6=COLOUR_RGB('',4.705882352941E-1,3.137254901961E-1,3.333333333333E-1);
#7=COLOUR_RGB('',5.04854E-1,1.5455E-2,1.5455E-2);
#8=COLOUR_RGB('',6.35294E-1,6.86275E-1,7.4902E-1);
#9=COLOUR_RGB('',6.40777E-1,6.40777E-1,6.40777E-1);
#10=COLOUR_RGB('',6.69062E-1,6.69903E-1,6.55217E-1);
#11=COLOUR_RGB('',7.921568627451E-1,8.196078431373E-1,9.333333333333E-1);
#12=COLOUR_RGB('',9.21569E-1,7.05882E-1,4.70588E-1);
#13=DRAUGHTING_PRE_DEFINED_COLOUR('red');
#14=DRAUGHTING_PRE_DEFINED_COLOUR('yellow');
#15=COLOUR_RGB('',1.E0,1.E0,5.3E-1);
#16=COLOUR_RGB('',1.E0,1.E0,9.49E-1);
#17=DRAUGHTING_PRE_DEFINED_COLOUR('white');
#38=CIRCLE('1073',#37,1.7E0);
#46=CIRCLE('1075',#45,1.7E0);
#54=CIRCLE('1061',#53,1.7E0);
#62=CIRCLE('1063',#61,1.7E0);
#70=CIRCLE('1049',#69,1.7E0);
#78=CIRCLE('1051',#77,1.7E0);
#86=CIRCLE('967',#85,1.7E0);
#94=CIRCLE('969',#93,1.7E0);
#102=CIRCLE('957',#101,4.45E1);
#110=CIRCLE('958',#109,4.45E1);
#118=CIRCLE('974',#117,3.375E0);
#126=CIRCLE('973',#125,3.375E0);
#134=CIRCLE('1034',#133,3.375E0);
#142=CIRCLE('1032',#141,3.375E0);
#150=CIRCLE('1018',#149,3.375E0);
#158=CIRCLE('1016',#157,3.375E0);
#166=CIRCLE('1002',#165,3.375E0);
#174=CIRCLE('1000',#173,3.375E0);
#182=CIRCLE('933',#181,1.E1);
#190=CIRCLE('939',#189,1.E1);
#198=CIRCLE('935',#197,1.E1);
#206=CIRCLE('948',#205,1.E1);
#228=CIRCLE('1076',#227,1.7E0);
#236=CIRCLE('1074',#235,1.7E0);
#244=CIRCLE('1079',#243,4.E0);
#252=CIRCLE('1081',#251,4.E0);
#274=CIRCLE('953',#273,1.E1);
#282=CIRCLE('949',#281,1.E1);
#290=CIRCLE('947',#289,1.E1);
#298=CIRCLE('936',#297,1.E1);
#306=CIRCLE('1082',#305,4.E0);
#314=CIRCLE('1080',#313,4.E0);
#322=CIRCLE('1070',#321,4.E0);
#330=CIRCLE('1068',#329,4.E0);
#338=CIRCLE('1058',#337,4.E0);
#346=CIRCLE('1056',#345,4.E0);
#354=CIRCLE('1046',#353,4.E0);
#362=CIRCLE('1044',#361,4.E0);
#370=CIRCLE('1037',#369,1.7E0);
#378=CIRCLE('1039',#377,1.7E0);
#386=CIRCLE('1021',#385,1.7E0);
#394=CIRCLE('1023',#393,1.7E0);
#402=CIRCLE('1005',#401,1.7E0);
#410=CIRCLE('1007',#409,1.7E0);
#418=CIRCLE('989',#417,1.7E0);
#426=CIRCLE('991',#425,1.7E0);
#434=CIRCLE('984',#433,2.E1);
#442=CIRCLE('986',#441,2.E1);
#562=CIRCLE('1064',#561,1.7E0);
#570=CIRCLE('1062',#569,1.7E0);
#578=CIRCLE('1067',#577,4.E0);
#586=CIRCLE('1069',#585,4.E0);
#622=CIRCLE('1052',#621,1.7E0);
#630=CIRCLE('1050',#629,1.7E0);
#638=CIRCLE('1055',#637,4.E0);
#646=CIRCLE('1057',#645,4.E0);
#682=CIRCLE('970',#681,1.7E0);
#690=CIRCLE('968',#689,1.7E0);
#698=CIRCLE('1043',#697,4.E0);
#706=CIRCLE('1045',#705,4.E0);
#742=CIRCLE('1040',#741,1.7E0);
#750=CIRCLE('1038',#749,1.7E0);
#758=CIRCLE('977',#757,3.35E0);
#766=CIRCLE('979',#765,3.35E0);
#788=CIRCLE('980',#787,3.35E0);
#810=CIRCLE('978',#809,3.35E0);
#832=CIRCLE('1024',#831,1.7E0);
#840=CIRCLE('1022',#839,1.7E0);
#848=CIRCLE('1027',#847,3.35E0);
#856=CIRCLE('1028',#855,3.35E0);
#878=CIRCLE('1033',#877,3.35E0);
#900=CIRCLE('1031',#899,3.35E0);
#922=CIRCLE('1008',#921,1.7E0);
#930=CIRCLE('1006',#929,1.7E0);
#938=CIRCLE('1011',#937,3.35E0);
#946=CIRCLE('1012',#945,3.35E0);
#968=CIRCLE('1017',#967,3.35E0);
#990=CIRCLE('1015',#989,3.35E0);
#1012=CIRCLE('992',#1011,1.7E0);
#1020=CIRCLE('990',#1019,1.7E0);
#1028=CIRCLE('995',#1027,3.35E0);
#1036=CIRCLE('996',#1035,3.35E0);
#1058=CIRCLE('1001',#1057,3.35E0);
#1080=CIRCLE('999',#1079,3.35E0);
#1088=CIRCLE('1187',#1087,4.3E1);
#1096=CIRCLE('1188',#1095,4.3E1);
#1104=CIRCLE('985',#1103,2.E1);
#1112=CIRCLE('983',#1111,2.E1);
#1127=CIRCLE('1195',#1126,4.3E1);
#1135=CIRCLE('1196',#1134,4.3E1);
#1143=CIRCLE('1197',#1142,4.3E1);
#1151=CIRCLE('1198',#1150,4.3E1);
#1395=EDGE_CURVE('942',#1204,#1211,#22,.T.);
#1397=EDGE_CURVE('951',#1204,#1215,#540,.T.);
#1399=EDGE_CURVE('943',#1214,#1215,#30,.T.);
#1401=EDGE_CURVE('952',#1214,#1211,#449,.T.);
#1405=ADVANCED_FACE('1083',(#1404),#1394,.F.);
#1411=EDGE_CURVE('940',#1209,#1193,#470,.T.);
#1413=EDGE_CURVE('933',#1199,#1193,#182,.T.);
#1415=EDGE_CURVE('937',#1199,#1197,#491,.T.);
#1417=EDGE_CURVE('939',#1207,#1197,#190,.T.);
#1419=EDGE_CURVE('941',#1207,#1205,#526,.T.);
#1421=EDGE_CURVE('935',#1204,#1205,#198,.T.);
#1424=EDGE_CURVE('948',#1209,#1211,#206,.T.);
#1428=EDGE_CURVE('1061',#1352,#1348,#54,.T.);
#1430=EDGE_CURVE('1063',#1348,#1352,#62,.T.);
#1434=EDGE_CURVE('1049',#1336,#1332,#70,.T.);
#1436=EDGE_CURVE('1051',#1332,#1336,#78,.T.);
#1440=EDGE_CURVE('967',#1232,#1228,#86,.T.);
#1442=EDGE_CURVE('969',#1228,#1232,#94,.T.);
#1446=EDGE_CURVE('957',#1224,#1225,#102,.T.);
#1448=EDGE_CURVE('958',#1225,#1224,#110,.T.);
#1452=EDGE_CURVE('974',#1241,#1237,#118,.T.);
#1454=EDGE_CURVE('973',#1237,#1241,#126,.T.);
#1458=EDGE_CURVE('1034',#1313,#1311,#134,.T.);
#1460=EDGE_CURVE('1032',#1311,#1313,#142,.T.);
#1464=EDGE_CURVE('1018',#1293,#1291,#150,.T.);
#1466=EDGE_CURVE('1016',#1291,#1293,#158,.T.);
#1470=EDGE_CURVE('1002',#1273,#1271,#166,.T.);
#1472=EDGE_CURVE('1000',#1271,#1273,#174,.T.);
#1476=EDGE_CURVE('1073',#1368,#1364,#38,.T.);
#1478=EDGE_CURVE('1075',#1364,#1368,#46,.T.);
#1482=ADVANCED_FACE('1088',(#1427,#1433,#1439,#1445,#1451,#1457,#1463,#1469,
#1475,#1481),#1410,.F.);
#1489=EDGE_CURVE('1071',#1364,#1365,#220,.T.);
#1491=EDGE_CURVE('1074',#1365,#1369,#236,.T.);
#1493=EDGE_CURVE('1072',#1368,#1369,#213,.T.);
#1497=ADVANCED_FACE('1140',(#1496),#1487,.F.);
#1505=EDGE_CURVE('1076',#1369,#1365,#228,.T.);
#1510=ADVANCED_FACE('1141',(#1509),#1502,.F.);
#1516=EDGE_CURVE('1079',#1376,#1372,#244,.T.);
#1518=EDGE_CURVE('1081',#1372,#1376,#252,.T.);
#1526=ADVANCED_FACE('1142',(#1521,#1525),#1515,.F.);
#1533=EDGE_CURVE('1077',#1372,#1373,#266,.T.);
#1535=EDGE_CURVE('1080',#1373,#1377,#314,.T.);
#1537=EDGE_CURVE('1078',#1376,#1377,#259,.T.);
#1541=ADVANCED_FACE('1143',(#1540),#1531,.F.);
#1549=EDGE_CURVE('1082',#1377,#1373,#306,.T.);
#1554=ADVANCED_FACE('1144',(#1553),#1546,.F.);
#1560=EDGE_CURVE('953',#1214,#1221,#274,.T.);
#1563=EDGE_CURVE('949',#1218,#1215,#282,.T.);
#1565=EDGE_CURVE('944',#1218,#1219,#519,.T.);
#1567=EDGE_CURVE('947',#1196,#1219,#290,.T.);
#1569=EDGE_CURVE('938',#1196,#1201,#498,.T.);
#1571=EDGE_CURVE('936',#1192,#1201,#298,.T.);
#1573=EDGE_CURVE('945',#1192,#1221,#463,.T.);
#1581=EDGE_CURVE('1070',#1361,#1357,#322,.T.);
#1583=EDGE_CURVE('1068',#1357,#1361,#330,.T.);
#1587=EDGE_CURVE('1058',#1345,#1341,#338,.T.);
#1589=EDGE_CURVE('1056',#1341,#1345,#346,.T.);
#1593=EDGE_CURVE('1046',#1329,#1325,#354,.T.);
#1595=EDGE_CURVE('1044',#1325,#1329,#362,.T.);
#1599=EDGE_CURVE('1037',#1320,#1316,#370,.T.);
#1601=EDGE_CURVE('1039',#1316,#1320,#378,.T.);
#1605=EDGE_CURVE('1021',#1300,#1296,#386,.T.);
#1607=EDGE_CURVE('1023',#1296,#1300,#394,.T.);
#1611=EDGE_CURVE('1005',#1280,#1276,#402,.T.);
#1613=EDGE_CURVE('1007',#1276,#1280,#410,.T.);
#1617=EDGE_CURVE('989',#1260,#1256,#418,.T.);
#1619=EDGE_CURVE('991',#1256,#1260,#426,.T.);
#1623=EDGE_CURVE('984',#1249,#1253,#434,.T.);
#1625=EDGE_CURVE('986',#1253,#1249,#442,.T.);
#1629=ADVANCED_FACE('1101',(#1576,#1580,#1586,#1592,#1598,#1604,#1610,#1616,
#1622,#1628),#1559,.T.);
#1638=EDGE_CURVE('954',#1209,#1221,#456,.T.);
#1642=ADVANCED_FACE('1146',(#1641),#1634,.T.);
#1650=EDGE_CURVE('931',#1192,#1193,#477,.T.);
#1655=ADVANCED_FACE('1099',(#1654),#1647,.F.);
#1664=EDGE_CURVE('934',#1199,#1201,#484,.T.);
#1668=ADVANCED_FACE('1086',(#1667),#1660,.T.);
#1677=EDGE_CURVE('932',#1196,#1197,#505,.T.);
#1681=ADVANCED_FACE('1087',(#1680),#1673,.F.);
#1690=EDGE_CURVE('946',#1207,#1219,#512,.T.);
#1694=ADVANCED_FACE('1147',(#1693),#1686,.T.);
#1702=EDGE_CURVE('950',#1218,#1205,#533,.T.);
#1707=ADVANCED_FACE('1098',(#1706),#1699,.F.);
#1719=ADVANCED_FACE('1145',(#1718),#1712,.T.);
#1725=EDGE_CURVE('1069',#1356,#1360,#586,.T.);
#1727=EDGE_CURVE('1066',#1360,#1361,#547,.T.);
#1730=EDGE_CURVE('1065',#1356,#1357,#554,.T.);
#1734=ADVANCED_FACE('1139',(#1733),#1724,.F.);
#1740=EDGE_CURVE('1067',#1360,#1356,#578,.T.);
#1745=EDGE_CURVE('1064',#1353,#1349,#562,.T.);
#1747=EDGE_CURVE('1062',#1349,#1353,#570,.T.);
#1751=ADVANCED_FACE('1137',(#1744,#1750),#1739,.F.);
#1758=EDGE_CURVE('1060',#1352,#1353,#593,.T.);
#1761=EDGE_CURVE('1059',#1348,#1349,#600,.T.);
#1765=ADVANCED_FACE('1136',(#1764),#1756,.F.);
#1777=ADVANCED_FACE('1135',(#1776),#1770,.F.);
#1789=ADVANCED_FACE('1138',(#1788),#1782,.F.);
#1795=EDGE_CURVE('1057',#1340,#1344,#646,.T.);
#1797=EDGE_CURVE('1054',#1344,#1345,#607,.T.);
#1800=EDGE_CURVE('1053',#1340,#1341,#614,.T.);
#1804=ADVANCED_FACE('1134',(#1803),#1794,.F.);
#1810=EDGE_CURVE('1055',#1344,#1340,#638,.T.);
#1815=EDGE_CURVE('1052',#1337,#1333,#622,.T.);
#1817=EDGE_CURVE('1050',#1333,#1337,#630,.T.);
#1821=ADVANCED_FACE('1132',(#1814,#1820),#1809,.F.);
#1828=EDGE_CURVE('1048',#1336,#1337,#653,.T.);
#1831=EDGE_CURVE('1047',#1332,#1333,#660,.T.);
#1835=ADVANCED_FACE('1131',(#1834),#1826,.F.);
#1847=ADVANCED_FACE('1130',(#1846),#1840,.F.);
#1859=ADVANCED_FACE('1133',(#1858),#1852,.F.);
#1865=EDGE_CURVE('1045',#1324,#1328,#706,.T.);
#1867=EDGE_CURVE('1042',#1328,#1329,#667,.T.);
#1870=EDGE_CURVE('1041',#1324,#1325,#674,.T.);
#1874=ADVANCED_FACE('1129',(#1873),#1864,.F.);
#1880=EDGE_CURVE('1043',#1328,#1324,#698,.T.);
#1885=EDGE_CURVE('970',#1233,#1229,#682,.T.);
#1887=EDGE_CURVE('968',#1229,#1233,#690,.T.);
#1891=ADVANCED_FACE('1095',(#1884,#1890),#1879,.F.);
#1898=EDGE_CURVE('966',#1232,#1233,#713,.T.);
#1901=EDGE_CURVE('965',#1228,#1229,#720,.T.);
#1905=ADVANCED_FACE('1092',(#1904),#1896,.F.);
#1917=ADVANCED_FACE('1091',(#1916),#1910,.F.);
#1929=ADVANCED_FACE('1128',(#1928),#1922,.F.);
#1936=EDGE_CURVE('1035',#1316,#1317,#734,.T.);
#1938=EDGE_CURVE('1038',#1317,#1321,#750,.T.);
#1940=EDGE_CURVE('1036',#1320,#1321,#727,.T.);
#1944=ADVANCED_FACE('1125',(#1943),#1934,.F.);
#1952=EDGE_CURVE('1040',#1321,#1317,#742,.T.);
#1957=ADVANCED_FACE('1126',(#1956),#1949,.F.);
#1963=EDGE_CURVE('977',#1245,#1243,#758,.T.);
#1965=EDGE_CURVE('979',#1243,#1245,#766,.T.);
#1973=ADVANCED_FACE('1127',(#1968,#1972),#1962,.F.);
#1980=EDGE_CURVE('975',#1243,#1236,#780,.T.);
#1982=EDGE_CURVE('978',#1236,#1240,#810,.T.);
#1984=EDGE_CURVE('976',#1245,#1240,#773,.T.);
#1988=ADVANCED_FACE('1096',(#1987),#1978,.F.);
#1996=EDGE_CURVE('980',#1240,#1236,#788,.T.);
#2001=ADVANCED_FACE('1097',(#2000),#1993,.F.);
#2008=EDGE_CURVE('972',#1240,#1241,#795,.T.);
#2011=EDGE_CURVE('971',#1236,#1237,#802,.T.);
#2015=ADVANCED_FACE('1094',(#2014),#2006,.F.);
#2027=ADVANCED_FACE('1093',(#2026),#2020,.F.);
#2034=EDGE_CURVE('1019',#1296,#1297,#824,.T.);
#2036=EDGE_CURVE('1022',#1297,#1301,#840,.T.);
#2038=EDGE_CURVE('1020',#1300,#1301,#817,.T.);
#2042=ADVANCED_FACE('1118',(#2041),#2032,.F.);
#2050=EDGE_CURVE('1024',#1301,#1297,#832,.T.);
#2055=ADVANCED_FACE('1119',(#2054),#2047,.F.);
#2061=EDGE_CURVE('1027',#1308,#1304,#848,.T.);
#2063=EDGE_CURVE('1028',#1304,#1308,#856,.T.);
#2071=ADVANCED_FACE('1120',(#2066,#2070),#2060,.F.);
#2078=EDGE_CURVE('1025',#1304,#1305,#870,.T.);
#2080=EDGE_CURVE('1031',#1305,#1309,#900,.T.);
#2082=EDGE_CURVE('1026',#1308,#1309,#863,.T.);
#2086=ADVANCED_FACE('1121',(#2085),#2076,.F.);
#2094=EDGE_CURVE('1033',#1309,#1305,#878,.T.);
#2099=ADVANCED_FACE('1122',(#2098),#2091,.F.);
#2106=EDGE_CURVE('1030',#1309,#1313,#885,.T.);
#2109=EDGE_CURVE('1029',#1305,#1311,#892,.T.);
#2113=ADVANCED_FACE('1124',(#2112),#2104,.F.);
#2125=ADVANCED_FACE('1123',(#2124),#2118,.F.);
#2132=EDGE_CURVE('1003',#1276,#1277,#914,.T.);
#2134=EDGE_CURVE('1006',#1277,#1281,#930,.T.);
#2136=EDGE_CURVE('1004',#1280,#1281,#907,.T.);
#2140=ADVANCED_FACE('1111',(#2139),#2130,.F.);
#2148=EDGE_CURVE('1008',#1281,#1277,#922,.T.);
#2153=ADVANCED_FACE('1112',(#2152),#2145,.F.);
#2159=EDGE_CURVE('1011',#1288,#1284,#938,.T.);
#2161=EDGE_CURVE('1012',#1284,#1288,#946,.T.);
#2169=ADVANCED_FACE('1113',(#2164,#2168),#2158,.F.);
#2176=EDGE_CURVE('1009',#1284,#1285,#960,.T.);
#2178=EDGE_CURVE('1015',#1285,#1289,#990,.T.);
#2180=EDGE_CURVE('1010',#1288,#1289,#953,.T.);
#2184=ADVANCED_FACE('1114',(#2183),#2174,.F.);
#2192=EDGE_CURVE('1017',#1289,#1285,#968,.T.);
#2197=ADVANCED_FACE('1115',(#2196),#2189,.F.);
#2204=EDGE_CURVE('1014',#1289,#1293,#975,.T.);
#2207=EDGE_CURVE('1013',#1285,#1291,#982,.T.);
#2211=ADVANCED_FACE('1117',(#2210),#2202,.F.);
#2223=ADVANCED_FACE('1116',(#2222),#2216,.F.);
#2230=EDGE_CURVE('987',#1256,#1257,#1004,.T.);
#2232=EDGE_CURVE('990',#1257,#1261,#1020,.T.);
#2234=EDGE_CURVE('988',#1260,#1261,#997,.T.);
#2238=ADVANCED_FACE('1104',(#2237),#2228,.F.);
#2246=EDGE_CURVE('992',#1261,#1257,#1012,.T.);
#2251=ADVANCED_FACE('1105',(#2250),#2243,.F.);
#2257=EDGE_CURVE('995',#1268,#1264,#1028,.T.);
#2259=EDGE_CURVE('996',#1264,#1268,#1036,.T.);
#2267=ADVANCED_FACE('1106',(#2262,#2266),#2256,.F.);
#2274=EDGE_CURVE('993',#1264,#1265,#1050,.T.);
#2276=EDGE_CURVE('999',#1265,#1269,#1080,.T.);
#2278=EDGE_CURVE('994',#1268,#1269,#1043,.T.);
#2282=ADVANCED_FACE('1107',(#2281),#2272,.F.);
#2290=EDGE_CURVE('1001',#1269,#1265,#1058,.T.);
#2295=ADVANCED_FACE('1108',(#2294),#2287,.F.);
#2302=EDGE_CURVE('998',#1269,#1273,#1065,.T.);
#2305=EDGE_CURVE('997',#1265,#1271,#1072,.T.);
#2309=ADVANCED_FACE('1110',(#2308),#2300,.F.);
#2321=ADVANCED_FACE('1109',(#2320),#2314,.F.);
#2327=EDGE_CURVE('983',#1252,#1248,#1112,.T.);
#2329=EDGE_CURVE('981',#1248,#1249,#1186,.T.);
#2332=EDGE_CURVE('982',#1252,#1253,#1179,.T.);
#2336=ADVANCED_FACE('1102',(#2335),#2326,.F.);
#2342=EDGE_CURVE('1187',#1380,#1381,#1088,.T.);
#2344=EDGE_CURVE('1188',#1381,#1380,#1096,.T.);
#2348=EDGE_CURVE('985',#1248,#1252,#1104,.T.);
#2353=ADVANCED_FACE('1100',(#2347,#2352),#2341,.F.);
#2359=EDGE_CURVE('1195',#1384,#1385,#1127,.T.);
#2361=EDGE_CURVE('1203',#1384,#1380,#1119,.T.);
#2364=EDGE_CURVE('1204',#1389,#1381,#1172,.T.);
#2366=EDGE_CURVE('1197',#1385,#1389,#1143,.T.);
#2370=ADVANCED_FACE('1189',(#2369),#2358,.F.);
#2377=EDGE_CURVE('1202',#1385,#1224,#1165,.T.);
#2380=EDGE_CURVE('1201',#1387,#1225,#1158,.T.);
#2382=EDGE_CURVE('1196',#1387,#1384,#1135,.T.);
#2386=ADVANCED_FACE('1084',(#2385),#2375,.F.);
#2393=EDGE_CURVE('1198',#1389,#1387,#1151,.T.);
#2400=ADVANCED_FACE('1085',(#2399),#2391,.F.);
#2413=ADVANCED_FACE('1191',(#2412),#2405,.F.);
#2425=ADVANCED_FACE('1103',(#2424),#2418,.F.);
#2426=CLOSED_SHELL('',(#1405,#1482,#1497,#1510,#1526,#1541,#1554,#1629,#1642,
#1655,#1668,#1681,#1694,#1707,#1719,#1734,#1751,#1765,#1777,#1789,#1804,#1821,
#1835,#1847,#1859,#1874,#1891,#1905,#1917,#1929,#1944,#1957,#1973,#1988,#2001,
#2015,#2027,#2042,#2055,#2071,#2086,#2099,#2113,#2125,#2140,#2153,#2169,#2184,
#2197,#2211,#2223,#2238,#2251,#2267,#2282,#2295,#2309,#2321,#2336,#2353,#2370,
#2386,#2400,#2413,#2425));
#2427=MANIFOLD_SOLID_BREP('',#2426);
#2460=TRIMMED_CURVE('A_PRT_X',#2459,(PARAMETER_VALUE(0.E0)),(PARAMETER_VALUE(
1.E0)),.T.,.UNSPECIFIED.);
#2483=CIRCLE('1177',#2482,4.3E1);
#2484=TRIMMED_CURVE('1177',#2483,(PARAMETER_VALUE(0.E0)),(PARAMETER_VALUE
(1.8E2)),.T.,.UNSPECIFIED.);
#2488=COMPOSITE_CURVE_SEGMENT(.CONTINUOUS.,.T.,#2484);
#2493=CIRCLE('1178',#2492,4.3E1);
#2494=TRIMMED_CURVE('1178',#2493,(PARAMETER_VALUE(0.E0)),(PARAMETER_VALUE
(1.8E2)),.T.,.UNSPECIFIED.);
#2498=COMPOSITE_CURVE_SEGMENT(.CONTINUOUS.,.T.,#2494);
#2499=COMPOSITE_CURVE('1176',(#2488,#2498),.F.);
#2505=TRIMMED_CURVE('A_1',#2504,(PARAMETER_VALUE(0.E0)),(PARAMETER_VALUE(1.E0)),
.T.,.UNSPECIFIED.);
#2518=(LENGTH_UNIT()NAMED_UNIT(*)SI_UNIT(.MILLI.,.METRE.));
#2519=(NAMED_UNIT(*)PLANE_ANGLE_UNIT()SI_UNIT($,.RADIAN.));
#2522=(NAMED_UNIT(*)SI_UNIT($,.STERADIAN.)SOLID_ANGLE_UNIT());
#2524=(GEOMETRIC_REPRESENTATION_CONTEXT(3)GLOBAL_UNCERTAINTY_ASSIGNED_CONTEXT((
#2523))GLOBAL_UNIT_ASSIGNED_CONTEXT((#2518,#2521,#2522))REPRESENTATION_CONTEXT(
'ID1','3'));
#2525=ADVANCED_BREP_SHAPE_REPRESENTATION('',(#2427),#2524);
#2526=GEOMETRICALLY_BOUNDED_WIREFRAME_SHAPE_REPRESENTATION('',(#2500),#2524);
#2527=CONSTRUCTIVE_GEOMETRY_REPRESENTATION('supplemental geometry',(#2438,#2443,
#2448,#2452,#2460,#2468,#2473,#2478,#2505),#2524);
#2531=AXIS2_PLACEMENT_3D('',#2528,#2529,#2530);
#2532=SHAPE_REPRESENTATION('',(#2531),#2524);
#2543=PRODUCT_DEFINITION('design','',#2542,#2539);
#2544=PRODUCT_DEFINITION_SHAPE('','SHAPE FOR BEAKER_HOLDER.',#2543);
#2545=SHAPE_ASPECT('','solid data associated with BEAKER_HOLDER',#2544,.F.);
#2546=PROPERTY_DEFINITION('',
'shape for solid data with which properties are associated',#2545);
#2547=SHAPE_REPRESENTATION('',(#2427),#2524);
#2548=SHAPE_DEFINITION_REPRESENTATION(#2546,#2547);
#2549=(LENGTH_UNIT()NAMED_UNIT(*)SI_UNIT(.MILLI.,.METRE.));
#2551=(MASS_UNIT()NAMED_UNIT(*)SI_UNIT(.KILO.,.GRAM.));
#2555=PROPERTY_DEFINITION('material_property','density',#2545);
#2556=REPRESENTATION('density',(#2554),#2524);
#2557=PROPERTY_DEFINITION_REPRESENTATION(#2555,#2556);
#2559=PROPERTY_DEFINITION('material property','material name',#2545);
#2560=REPRESENTATION('material name',(#2558),#2524);
#2561=PROPERTY_DEFINITION_REPRESENTATION(#2559,#2560);
#2562=SHAPE_ASPECT('','solid data associated with BEAKER_HOLDER',#2544,.F.);
#2563=PROPERTY_DEFINITION('',
'shape for solid data with which properties are associated',#2562);
#2564=SHAPE_REPRESENTATION('',(#2427),#2524);
#2565=SHAPE_DEFINITION_REPRESENTATION(#2563,#2564);
#2566=(LENGTH_UNIT()NAMED_UNIT(*)SI_UNIT(.MILLI.,.METRE.));
#2570=PROPERTY_DEFINITION('geometric validation property',
'area of BEAKER_HOLDER',#2562);
#2571=REPRESENTATION('surface area',(#2569),#2524);
#2572=PROPERTY_DEFINITION_REPRESENTATION(#2570,#2571);
#2573=(LENGTH_UNIT()NAMED_UNIT(*)SI_UNIT(.MILLI.,.METRE.));
#2577=PROPERTY_DEFINITION('geometric validation property',
'volume of BEAKER_HOLDER',#2562);
#2578=REPRESENTATION('volume',(#2576),#2524);
#2579=PROPERTY_DEFINITION_REPRESENTATION(#2577,#2578);
#2581=PROPERTY_DEFINITION('geometric validation property',
'centroid of BEAKER_HOLDER',#2562);
#2582=REPRESENTATION('centroid',(#2580),#2524);
#2583=PROPERTY_DEFINITION_REPRESENTATION(#2581,#2582);
#2584=(LENGTH_UNIT()NAMED_UNIT(*)SI_UNIT(.MILLI.,.METRE.));
#2588=PROPERTY_DEFINITION('geometric validation property',
'area of BEAKER_HOLDER',#2544);
#2589=REPRESENTATION('surface area',(#2587),#2524);
#2590=PROPERTY_DEFINITION_REPRESENTATION(#2588,#2589);
#2591=(LENGTH_UNIT()NAMED_UNIT(*)SI_UNIT(.MILLI.,.METRE.));
#2595=PROPERTY_DEFINITION('geometric validation property',
'volume of BEAKER_HOLDER',#2544);
#2596=REPRESENTATION('volume',(#2594),#2524);
#2597=PROPERTY_DEFINITION_REPRESENTATION(#2595,#2596);
#2599=PROPERTY_DEFINITION('geometric validation property',
'centroid of BEAKER_HOLDER',#2544);
#2600=REPRESENTATION('centroid',(#2598),#2524);
#2601=PROPERTY_DEFINITION_REPRESENTATION(#2599,#2600);
#2605=PRODUCT_DEFINITION('design','',#2604,#2539);
#2606=MAKE_FROM_USAGE_OPTION('Assign material STAHL_ALLGEMEIN to BEAKER_HOLDER',
'make from','',#2543,#2605,1,'',#2609);
#2610=(LENGTH_UNIT()NAMED_UNIT(*)SI_UNIT(.MILLI.,.METRE.));
#2612=(MASS_UNIT()NAMED_UNIT(*)SI_UNIT(.KILO.,.GRAM.));
#2616=PROPERTY_DEFINITION('material_property','density',#2605);
#2617=REPRESENTATION('density',(#2615),#2524);
#2618=PROPERTY_DEFINITION_REPRESENTATION(#2616,#2617);
#2619=SHAPE_DEFINITION_REPRESENTATION(#2544,#2532);
#2644=PLANAR_BOX('',1.575590948377E2,1.329404862693E2,#2643);
#2651=PROPERTY_DEFINITION('CAD_APPROVED_BY','user defined attribute',#2605);
#2655=REPRESENTATION('',(#2654),#2524);
#2656=PROPERTY_DEFINITION_REPRESENTATION(#2651,#2655);
#2657=PROPERTY_DEFINITION('CAD_APPROVED_ON','user defined attribute',#2605);
#2661=REPRESENTATION('',(#2660),#2524);
#2662=PROPERTY_DEFINITION_REPRESENTATION(#2657,#2661);
#2663=PROPERTY_DEFINITION('CAD_CHANGE_NO','user defined attribute',#2605);
#2667=REPRESENTATION('',(#2666),#2524);
#2668=PROPERTY_DEFINITION_REPRESENTATION(#2663,#2667);
#2669=PROPERTY_DEFINITION('CAD_CHANGE_TEXT','user defined attribute',#2605);
#2673=REPRESENTATION('',(#2672),#2524);
#2674=PROPERTY_DEFINITION_REPRESENTATION(#2669,#2673);
#2675=PROPERTY_DEFINITION('CAD_CREATED_BY','user defined attribute',#2605);
#2679=REPRESENTATION('',(#2678),#2524);
#2680=PROPERTY_DEFINITION_REPRESENTATION(#2675,#2679);
#2681=PROPERTY_DEFINITION('CAD_CREATED_ON','user defined attribute',#2605);
#2685=REPRESENTATION('',(#2684),#2524);
#2686=PROPERTY_DEFINITION_REPRESENTATION(#2681,#2685);
#2687=PROPERTY_DEFINITION('CAD_LIFECYCLE_STATE','user defined attribute',#2605);
#2691=REPRESENTATION('',(#2690),#2524);
#2692=PROPERTY_DEFINITION_REPRESENTATION(#2687,#2691);
#2693=PROPERTY_DEFINITION('CAD_MODIFIED_BY','user defined attribute',#2605);
#2697=REPRESENTATION('',(#2696),#2524);
#2698=PROPERTY_DEFINITION_REPRESENTATION(#2693,#2697);
#2699=PROPERTY_DEFINITION('CAD_MODIFIED_ON','user defined attribute',#2605);
#2703=REPRESENTATION('',(#2702),#2524);
#2704=PROPERTY_DEFINITION_REPRESENTATION(#2699,#2703);
#2705=PROPERTY_DEFINITION('CAD_REVISION','user defined attribute',#2605);
#2709=REPRESENTATION('',(#2708),#2524);
#2710=PROPERTY_DEFINITION_REPRESENTATION(#2705,#2709);
#2711=PROPERTY_DEFINITION('DEPARTMENT','user defined attribute',#2605);
#2715=REPRESENTATION('',(#2714),#2524);
#2716=PROPERTY_DEFINITION_REPRESENTATION(#2711,#2715);
#2717=PROPERTY_DEFINITION('DESCRIPTION_1_DE','user defined attribute',#2605);
#2721=REPRESENTATION('',(#2720),#2524);
#2722=PROPERTY_DEFINITION_REPRESENTATION(#2717,#2721);
#2723=PROPERTY_DEFINITION('DESCRIPTION_1_EN','user defined attribute',#2605);
#2727=REPRESENTATION('',(#2726),#2524);
#2728=PROPERTY_DEFINITION_REPRESENTATION(#2723,#2727);
#2729=PROPERTY_DEFINITION('DESCRIPTION_2_DE','user defined attribute',#2605);
#2733=REPRESENTATION('',(#2732),#2524);
#2734=PROPERTY_DEFINITION_REPRESENTATION(#2729,#2733);
#2735=PROPERTY_DEFINITION('DESCRIPTION_2_EN','user defined attribute',#2605);
#2739=REPRESENTATION('',(#2738),#2524);
#2740=PROPERTY_DEFINITION_REPRESENTATION(#2735,#2739);
#2741=PROPERTY_DEFINITION('DRAWING_NO','user defined attribute',#2605);
#2745=REPRESENTATION('',(#2744),#2524);
#2746=PROPERTY_DEFINITION_REPRESENTATION(#2741,#2745);
#2747=PROPERTY_DEFINITION('MC_CHECKTYPE','user defined attribute',#2605);
#2751=REPRESENTATION('',(#2750),#2524);
#2752=PROPERTY_DEFINITION_REPRESENTATION(#2747,#2751);
#2753=PROPERTY_DEFINITION('COATING','user defined attribute',#2605);
#2757=REPRESENTATION('',(#2756),#2524);
#2758=PROPERTY_DEFINITION_REPRESENTATION(#2753,#2757);
#2759=PROPERTY_DEFINITION('COLORING','user defined attribute',#2605);
#2763=REPRESENTATION('',(#2762),#2524);
#2764=PROPERTY_DEFINITION_REPRESENTATION(#2759,#2763);
#2765=PROPERTY_DEFINITION('DESC_SEMIFINISHED','user defined attribute',#2605);
#2769=REPRESENTATION('',(#2768),#2524);
#2770=PROPERTY_DEFINITION_REPRESENTATION(#2765,#2769);
#2771=PROPERTY_DEFINITION('DIMENSION','user defined attribute',#2605);
#2775=REPRESENTATION('',(#2774),#2524);
#2776=PROPERTY_DEFINITION_REPRESENTATION(#2771,#2775);
#2777=PROPERTY_DEFINITION('HARDNESS','user defined attribute',#2605);
#2781=REPRESENTATION('',(#2780),#2524);
#2782=PROPERTY_DEFINITION_REPRESENTATION(#2777,#2781);
#2783=PROPERTY_DEFINITION('MASS','user defined attribute',#2605);
#2787=REPRESENTATION('',(#2786),#2524);
#2788=PROPERTY_DEFINITION_REPRESENTATION(#2783,#2787);
#2789=PROPERTY_DEFINITION('MATERIAL','user defined attribute',#2605);
#2793=REPRESENTATION('',(#2792),#2524);
#2794=PROPERTY_DEFINITION_REPRESENTATION(#2789,#2793);
#2795=PROPERTY_DEFINITION('PART_NO','user defined attribute',#2605);
#2799=REPRESENTATION('',(#2798),#2524);
#2800=PROPERTY_DEFINITION_REPRESENTATION(#2795,#2799);
#2801=PROPERTY_DEFINITION('PART_NO_SEMIFINISHED','user defined attribute',
#2605);
#2805=REPRESENTATION('',(#2804),#2524);
#2806=PROPERTY_DEFINITION_REPRESENTATION(#2801,#2805);
#2807=PROPERTY_DEFINITION('STANDARD','user defined attribute',#2605);
#2811=REPRESENTATION('',(#2810),#2524);
#2812=PROPERTY_DEFINITION_REPRESENTATION(#2807,#2811);
#2813=PROPERTY_DEFINITION('STANDARD_DIMENSION','user defined attribute',#2605);
#2817=REPRESENTATION('',(#2816),#2524);
#2818=PROPERTY_DEFINITION_REPRESENTATION(#2813,#2817);
#2819=PROPERTY_DEFINITION('STANDARD_EDGE','user defined attribute',#2605);
#2823=REPRESENTATION('',(#2822),#2524);
#2824=PROPERTY_DEFINITION_REPRESENTATION(#2819,#2823);
#2825=PROPERTY_DEFINITION('STANDARD_INFO_DE','user defined attribute',#2605);
#2829=REPRESENTATION('',(#2828),#2524);
#2830=PROPERTY_DEFINITION_REPRESENTATION(#2825,#2829);
#2831=PROPERTY_DEFINITION('STANDARD_INFO_EN','user defined attribute',#2605);
#2835=REPRESENTATION('',(#2834),#2524);
#2836=PROPERTY_DEFINITION_REPRESENTATION(#2831,#2835);
#2837=PROPERTY_DEFINITION('STANDARD_SURFACE','user defined attribute',#2605);
#2841=REPRESENTATION('',(#2840),#2524);
#2842=PROPERTY_DEFINITION_REPRESENTATION(#2837,#2841);
#2843=PROPERTY_DEFINITION('STANDARD_TOL_CLASS','user defined attribute',#2605);
#2847=REPRESENTATION('',(#2846),#2524);
#2848=PROPERTY_DEFINITION_REPRESENTATION(#2843,#2847);
#2849=PROPERTY_DEFINITION('SUPPLIER','user defined attribute',#2605);
#2853=REPRESENTATION('',(#2852),#2524);
#2854=PROPERTY_DEFINITION_REPRESENTATION(#2849,#2853);
#2855=PROPERTY_DEFINITION('CLASSIFICATION','user defined attribute',#2605);
#2859=REPRESENTATION('',(#2858),#2524);
#2860=PROPERTY_DEFINITION_REPRESENTATION(#2855,#2859);
#2861=PROPERTY_DEFINITION('CATEGORY','user defined attribute',#2605);
#2865=REPRESENTATION('',(#2864),#2524);
#2866=PROPERTY_DEFINITION_REPRESENTATION(#2861,#2865);
#2867=PROPERTY_DEFINITION('PROJECT','user defined attribute',#2605);
#2871=REPRESENTATION('',(#2870),#2524);
#2872=PROPERTY_DEFINITION_REPRESENTATION(#2867,#2871);
#2873=PROPERTY_DEFINITION('PROJECT_NO','user defined attribute',#2605);
#2877=REPRESENTATION('',(#2876),#2524);
#2878=PROPERTY_DEFINITION_REPRESENTATION(#2873,#2877);
#2879=PROPERTY_DEFINITION('ORDER_CODE','user defined attribute',#2605);
#2883=REPRESENTATION('',(#2882),#2524);
#2884=PROPERTY_DEFINITION_REPRESENTATION(#2879,#2883);
#2885=PROPERTY_DEFINITION('STANDARD_WELDING','user defined attribute',#2605);
#2889=REPRESENTATION('',(#2888),#2524);
#2890=PROPERTY_DEFINITION_REPRESENTATION(#2885,#2889);
#2891=PROPERTY_DEFINITION('CUSTOMER','user defined attribute',#2605);
#2895=REPRESENTATION('',(#2894),#2524);
#2896=PROPERTY_DEFINITION_REPRESENTATION(#2891,#2895);
#2897=PROPERTY_DEFINITION('HEAT_TREATMENT','user defined attribute',#2605);
#2901=REPRESENTATION('',(#2900),#2524);
#2902=PROPERTY_DEFINITION_REPRESENTATION(#2897,#2901);
#2903=PROPERTY_DEFINITION('PTC_VAL_IMP_PART_STATUS','user defined attribute',
#2605);
#2907=REPRESENTATION('',(#2906),#2524);
#2908=PROPERTY_DEFINITION_REPRESENTATION(#2903,#2907);
#2909=PROPERTY_DEFINITION('PTC_MP_VAL_IMP_VOLUME','user defined attribute',
#2605);
#2912=(LENGTH_UNIT()NAMED_UNIT(*)SI_UNIT(.MILLI.,.METRE.));
#2916=REPRESENTATION('',(#2915),#2524);
#2917=PROPERTY_DEFINITION_REPRESENTATION(#2909,#2916);
#2918=PROPERTY_DEFINITION('PTC_MP_VAL_IMP_AREA','user defined attribute',#2605);
#2921=(LENGTH_UNIT()NAMED_UNIT(*)SI_UNIT(.MILLI.,.METRE.));
#2925=REPRESENTATION('',(#2924),#2524);
#2926=PROPERTY_DEFINITION_REPRESENTATION(#2918,#2925);
#2927=PROPERTY_DEFINITION('PTC_MP_VAL_IMP_COGX','user defined attribute',#2605);
#2930=(LENGTH_UNIT()NAMED_UNIT(*)SI_UNIT(.MILLI.,.METRE.));
#2932=REPRESENTATION('',(#2931),#2524);
#2933=PROPERTY_DEFINITION_REPRESENTATION(#2927,#2932);
#2934=PROPERTY_DEFINITION('PTC_MP_VAL_IMP_COGY','user defined attribute',#2605);
#2937=(LENGTH_UNIT()NAMED_UNIT(*)SI_UNIT(.MILLI.,.METRE.));
#2939=REPRESENTATION('',(#2938),#2524);
#2940=PROPERTY_DEFINITION_REPRESENTATION(#2934,#2939);
#2941=PROPERTY_DEFINITION('PTC_MP_VAL_IMP_COGZ','user defined attribute',#2605);
#2944=(LENGTH_UNIT()NAMED_UNIT(*)SI_UNIT(.MILLI.,.METRE.));
#2946=REPRESENTATION('',(#2945),#2524);
#2947=PROPERTY_DEFINITION_REPRESENTATION(#2941,#2946);
#2948=PROPERTY_DEFINITION('PTC_VAL_IMP_SCORE','user defined attribute',#2605);
#2952=REPRESENTATION('',(#2951),#2524);
#2953=PROPERTY_DEFINITION_REPRESENTATION(#2948,#2952);
#2954=PROPERTY_DEFINITION('CAD_SYSTEM','user defined attribute',#2605);
#2958=REPRESENTATION('',(#2957),#2524);
#2959=PROPERTY_DEFINITION_REPRESENTATION(#2954,#2958);
#2960=PROPERTY_DEFINITION('DEX_MASTER','user defined attribute',#2605);
#2964=REPRESENTATION('',(#2963),#2524);
#2965=PROPERTY_DEFINITION_REPRESENTATION(#2960,#2964);
#2966=PROPERTY_DEFINITION('MODEL_VERSION','user defined attribute',#2605);
#2970=REPRESENTATION('',(#2969),#2524);
#2971=PROPERTY_DEFINITION_REPRESENTATION(#2966,#2970);
#2972=PROPERTY_DEFINITION('MODEL_DATE','user defined attribute',#2605);
#2976=REPRESENTATION('',(#2975),#2524);
#2977=PROPERTY_DEFINITION_REPRESENTATION(#2972,#2976);
#2978=PROPERTY_DEFINITION('TIM_STATUS','user defined attribute',#2605);
#2982=REPRESENTATION('',(#2981),#2524);
#2983=PROPERTY_DEFINITION_REPRESENTATION(#2978,#2982);
#2984=PROPERTY_DEFINITION('REF_LINK','user defined attribute',#2605);
#2988=REPRESENTATION('',(#2987),#2524);
#2989=PROPERTY_DEFINITION_REPRESENTATION(#2984,#2988);
#2990=PROPERTY_DEFINITION('NATIVE_NAME','user defined attribute',#2605);
#2994=REPRESENTATION('',(#2993),#2524);
#2995=PROPERTY_DEFINITION_REPRESENTATION(#2990,#2994);
#2996=PROPERTY_DEFINITION('PTC_COMMON_NAME','user defined attribute',#2605);
#3000=REPRESENTATION('',(#2999),#2524);
#3001=PROPERTY_DEFINITION_REPRESENTATION(#2996,#3000);
#3002=PROPERTY_DEFINITION('PTC_MASTER_MATERIAL','user defined attribute',#2605);
#3006=REPRESENTATION('',(#3005),#2524);
#3007=PROPERTY_DEFINITION_REPRESENTATION(#3002,#3006);
ENDSEC;
END-ISO-10303-21;
