ISO-10303-21;
HEADER;
FILE_DESCRIPTION((''),'2;1');
FILE_NAME('CABLE_CLAMP_2','2026-07-22T08:42:39',('morit'),(''),
'CREO PARAMETRIC BY PTC INC, 2025123','CREO PARAMETRIC BY PTC INC, 2025123','');
FILE_SCHEMA((
'AP242_MANAGED_MODEL_BASED_3D_ENGINEERING_MIM_LF { 1 0 10303 442 1 1 4 }'));
ENDSEC;
DATA;
#17=DIRECTION('',(1.E0,0.E0,0.E0));
#18=VECTOR('',#17,5.75E0);
#19=CARTESIAN_POINT('',(1.75E0,-5.E0,0.E0));
#20=LINE('66',#19,#18);
#21=DIRECTION('',(0.E0,0.E0,-1.E0));
#22=VECTOR('',#21,8.E0);
#23=CARTESIAN_POINT('',(7.5E0,-5.E0,0.E0));
#24=LINE('67',#23,#22);
#25=DIRECTION('',(-1.E0,0.E0,0.E0));
#26=VECTOR('',#25,1.5E1);
#27=CARTESIAN_POINT('',(7.5E0,-5.E0,-8.E0));
#28=LINE('68',#27,#26);
#29=DIRECTION('',(0.E0,0.E0,1.E0));
#30=VECTOR('',#29,8.E0);
#31=CARTESIAN_POINT('',(-7.5E0,-5.E0,-8.E0));
#32=LINE('69',#31,#30);
#33=DIRECTION('',(1.E0,0.E0,0.E0));
#34=VECTOR('',#33,5.75E0);
#35=CARTESIAN_POINT('',(-7.5E0,-5.E0,0.E0));
#36=LINE('70',#35,#34);
#37=CARTESIAN_POINT('',(0.E0,-5.E0,0.E0));
#38=DIRECTION('',(0.E0,-1.E0,0.E0));
#39=DIRECTION('',(-1.E0,0.E0,0.E0));
#40=AXIS2_PLACEMENT_3D('',#37,#38,#39);
#42=DIRECTION('',(0.E0,1.E0,0.E0));
#43=VECTOR('',#42,1.E1);
#44=CARTESIAN_POINT('',(1.75E0,-5.E0,0.E0));
#45=LINE('80',#44,#43);
#46=CARTESIAN_POINT('',(4.E0,0.E0,0.E0));
#47=DIRECTION('',(0.E0,0.E0,-1.E0));
#48=DIRECTION('',(1.E0,0.E0,0.E0));
#49=AXIS2_PLACEMENT_3D('',#46,#47,#48);
#51=CARTESIAN_POINT('',(4.E0,0.E0,0.E0));
#52=DIRECTION('',(0.E0,0.E0,-1.E0));
#53=DIRECTION('',(-1.E0,0.E0,0.E0));
#54=AXIS2_PLACEMENT_3D('',#51,#52,#53);
#56=DIRECTION('',(0.E0,1.E0,0.E0));
#57=VECTOR('',#56,1.E1);
#58=CARTESIAN_POINT('',(-1.75E0,-5.E0,0.E0));
#59=LINE('90',#58,#57);
#60=DIRECTION('',(0.E0,1.E0,0.E0));
#61=VECTOR('',#60,1.E1);
#62=CARTESIAN_POINT('',(-7.5E0,-5.E0,0.E0));
#63=LINE('88',#62,#61);
#64=CARTESIAN_POINT('',(-4.E0,0.E0,0.E0));
#65=DIRECTION('',(0.E0,0.E0,1.E0));
#66=DIRECTION('',(-1.E0,0.E0,0.E0));
#67=AXIS2_PLACEMENT_3D('',#64,#65,#66);
#69=CARTESIAN_POINT('',(-4.E0,0.E0,0.E0));
#70=DIRECTION('',(0.E0,0.E0,1.E0));
#71=DIRECTION('',(1.E0,0.E0,0.E0));
#72=AXIS2_PLACEMENT_3D('',#69,#70,#71);
#74=DIRECTION('',(0.E0,1.E0,0.E0));
#75=VECTOR('',#74,1.E1);
#76=CARTESIAN_POINT('',(-7.5E0,-5.E0,-8.E0));
#77=LINE('86',#76,#75);
#78=DIRECTION('',(0.E0,1.E0,0.E0));
#79=VECTOR('',#78,1.E1);
#80=CARTESIAN_POINT('',(7.5E0,-5.E0,-8.E0));
#81=LINE('84',#80,#79);
#82=DIRECTION('',(8.660254037844E-1,5.E-1,0.E0));
#83=VECTOR('',#82,3.290896534381E0);
#84=CARTESIAN_POINT('',(1.15E0,1.645448267190E0,-8.E0));
#85=LINE('283',#84,#83);
#86=DIRECTION('',(8.660254037844E-1,-5.E-1,0.E0));
#87=VECTOR('',#86,3.290896534381E0);
#88=CARTESIAN_POINT('',(4.E0,3.290896534381E0,-8.E0));
#89=LINE('284',#88,#87);
#90=DIRECTION('',(0.E0,-1.E0,0.E0));
#91=VECTOR('',#90,3.290896534381E0);
#92=CARTESIAN_POINT('',(6.85E0,1.645448267190E0,-8.E0));
#93=LINE('285',#92,#91);
#94=DIRECTION('',(-8.660254037844E-1,-5.E-1,0.E0));
#95=VECTOR('',#94,3.290896534381E0);
#96=CARTESIAN_POINT('',(6.85E0,-1.645448267190E0,-8.E0));
#97=LINE('286',#96,#95);
#98=DIRECTION('',(-8.660254037844E-1,5.E-1,0.E0));
#99=VECTOR('',#98,3.290896534381E0);
#100=CARTESIAN_POINT('',(4.E0,-3.290896534381E0,-8.E0));
#101=LINE('287',#100,#99);
#102=DIRECTION('',(0.E0,1.E0,0.E0));
#103=VECTOR('',#102,3.290896534381E0);
#104=CARTESIAN_POINT('',(1.15E0,-1.645448267190E0,-8.E0));
#105=LINE('288',#104,#103);
#106=DIRECTION('',(-8.660254037844E-1,5.E-1,0.E0));
#107=VECTOR('',#106,3.290896534381E0);
#108=CARTESIAN_POINT('',(-1.15E0,1.645448267190E0,-8.E0));
#109=LINE('344',#108,#107);
#110=DIRECTION('',(0.E0,1.E0,0.E0));
#111=VECTOR('',#110,3.290896534381E0);
#112=CARTESIAN_POINT('',(-1.15E0,-1.645448267190E0,-8.E0));
#113=LINE('349',#112,#111);
#114=DIRECTION('',(8.660254037844E-1,5.E-1,0.E0));
#115=VECTOR('',#114,3.290896534381E0);
#116=CARTESIAN_POINT('',(-4.E0,-3.290896534381E0,-8.E0));
#117=LINE('348',#116,#115);
#118=DIRECTION('',(8.660254037844E-1,-5.E-1,0.E0));
#119=VECTOR('',#118,3.290896534381E0);
#120=CARTESIAN_POINT('',(-6.85E0,-1.645448267190E0,-8.E0));
#121=LINE('347',#120,#119);
#122=DIRECTION('',(0.E0,-1.E0,0.E0));
#123=VECTOR('',#122,3.290896534381E0);
#124=CARTESIAN_POINT('',(-6.85E0,1.645448267190E0,-8.E0));
#125=LINE('346',#124,#123);
#126=DIRECTION('',(-8.660254037844E-1,-5.E-1,0.E0));
#127=VECTOR('',#126,3.290896534381E0);
#128=CARTESIAN_POINT('',(-4.E0,3.290896534381E0,-8.E0));
#129=LINE('345',#128,#127);
#130=DIRECTION('',(0.E0,1.E0,0.E0));
#131=VECTOR('',#130,1.E1);
#132=CARTESIAN_POINT('',(7.5E0,-5.E0,0.E0));
#133=LINE('82',#132,#131);
#134=DIRECTION('',(1.E0,0.E0,0.E0));
#135=VECTOR('',#134,5.75E0);
#136=CARTESIAN_POINT('',(1.75E0,5.E0,0.E0));
#137=LINE('73',#136,#135);
#138=CARTESIAN_POINT('',(0.E0,5.E0,0.E0));
#139=DIRECTION('',(0.E0,-1.E0,0.E0));
#140=DIRECTION('',(-1.E0,0.E0,0.E0));
#141=AXIS2_PLACEMENT_3D('',#138,#139,#140);
#143=DIRECTION('',(1.E0,0.E0,0.E0));
#144=VECTOR('',#143,5.75E0);
#145=CARTESIAN_POINT('',(-7.5E0,5.E0,0.E0));
#146=LINE('77',#145,#144);
#147=DIRECTION('',(0.E0,0.E0,1.E0));
#148=VECTOR('',#147,8.E0);
#149=CARTESIAN_POINT('',(-7.5E0,5.E0,-8.E0));
#150=LINE('76',#149,#148);
#151=DIRECTION('',(-1.E0,0.E0,0.E0));
#152=VECTOR('',#151,1.5E1);
#153=CARTESIAN_POINT('',(7.5E0,5.E0,-8.E0));
#154=LINE('75',#153,#152);
#155=DIRECTION('',(0.E0,0.E0,-1.E0));
#156=VECTOR('',#155,8.E0);
#157=CARTESIAN_POINT('',(7.5E0,5.E0,0.E0));
#158=LINE('74',#157,#156);
#159=DIRECTION('',(0.E0,0.E0,1.E0));
#160=VECTOR('',#159,3.E0);
#161=CARTESIAN_POINT('',(1.15E0,1.645448267190E0,-8.E0));
#162=LINE('293',#161,#160);
#163=DIRECTION('',(0.E0,0.E0,1.E0));
#164=VECTOR('',#163,3.E0);
#165=CARTESIAN_POINT('',(1.15E0,-1.645448267190E0,-8.E0));
#166=LINE('298',#165,#164);
#167=DIRECTION('',(0.E0,0.E0,1.E0));
#168=VECTOR('',#167,3.E0);
#169=CARTESIAN_POINT('',(4.E0,-3.290896534381E0,-8.E0));
#170=LINE('297',#169,#168);
#171=DIRECTION('',(0.E0,0.E0,1.E0));
#172=VECTOR('',#171,3.E0);
#173=CARTESIAN_POINT('',(6.85E0,-1.645448267190E0,-8.E0));
#174=LINE('296',#173,#172);
#175=DIRECTION('',(0.E0,0.E0,1.E0));
#176=VECTOR('',#175,3.E0);
#177=CARTESIAN_POINT('',(6.85E0,1.645448267190E0,-8.E0));
#178=LINE('295',#177,#176);
#179=DIRECTION('',(0.E0,0.E0,1.E0));
#180=VECTOR('',#179,3.E0);
#181=CARTESIAN_POINT('',(4.E0,3.290896534381E0,-8.E0));
#182=LINE('294',#181,#180);
#183=DIRECTION('',(8.660254037844E-1,5.E-1,0.E0));
#184=VECTOR('',#183,3.290896534381E0);
#185=CARTESIAN_POINT('',(1.15E0,1.645448267190E0,-5.E0));
#186=LINE('265',#185,#184);
#187=DIRECTION('',(0.E0,1.E0,0.E0));
#188=VECTOR('',#187,3.290896534381E0);
#189=CARTESIAN_POINT('',(1.15E0,-1.645448267190E0,-5.E0));
#190=LINE('270',#189,#188);
#191=DIRECTION('',(-8.660254037844E-1,5.E-1,0.E0));
#192=VECTOR('',#191,3.290896534381E0);
#193=CARTESIAN_POINT('',(4.E0,-3.290896534381E0,-5.E0));
#194=LINE('269',#193,#192);
#195=DIRECTION('',(-8.660254037844E-1,-5.E-1,0.E0));
#196=VECTOR('',#195,3.290896534381E0);
#197=CARTESIAN_POINT('',(6.85E0,-1.645448267190E0,-5.E0));
#198=LINE('268',#197,#196);
#199=DIRECTION('',(0.E0,-1.E0,0.E0));
#200=VECTOR('',#199,3.290896534381E0);
#201=CARTESIAN_POINT('',(6.85E0,1.645448267190E0,-5.E0));
#202=LINE('267',#201,#200);
#203=DIRECTION('',(8.660254037844E-1,-5.E-1,0.E0));
#204=VECTOR('',#203,3.290896534381E0);
#205=CARTESIAN_POINT('',(4.E0,3.290896534381E0,-5.E0));
#206=LINE('266',#205,#204);
#207=CARTESIAN_POINT('',(4.E0,0.E0,-5.E0));
#208=DIRECTION('',(0.E0,0.E0,-1.E0));
#209=DIRECTION('',(1.E0,0.E0,0.E0));
#210=AXIS2_PLACEMENT_3D('',#207,#208,#209);
#212=CARTESIAN_POINT('',(4.E0,0.E0,-5.E0));
#213=DIRECTION('',(0.E0,0.E0,-1.E0));
#214=DIRECTION('',(-1.E0,0.E0,0.E0));
#215=AXIS2_PLACEMENT_3D('',#212,#213,#214);
#217=DIRECTION('',(0.E0,0.E0,-1.E0));
#218=VECTOR('',#217,5.E0);
#219=CARTESIAN_POINT('',(2.3E0,0.E0,0.E0));
#220=LINE('292',#219,#218);
#221=DIRECTION('',(0.E0,0.E0,-1.E0));
#222=VECTOR('',#221,5.E0);
#223=CARTESIAN_POINT('',(5.7E0,0.E0,0.E0));
#224=LINE('291',#223,#222);
#225=DIRECTION('',(0.E0,0.E0,1.E0));
#226=VECTOR('',#225,3.E0);
#227=CARTESIAN_POINT('',(-1.15E0,1.645448267190E0,-8.E0));
#228=LINE('338',#227,#226);
#229=DIRECTION('',(0.E0,0.E0,1.E0));
#230=VECTOR('',#229,3.E0);
#231=CARTESIAN_POINT('',(-1.15E0,-1.645448267190E0,-8.E0));
#232=LINE('343',#231,#230);
#233=DIRECTION('',(-8.660254037844E-1,5.E-1,0.E0));
#234=VECTOR('',#233,3.290896534381E0);
#235=CARTESIAN_POINT('',(-1.15E0,1.645448267190E0,-5.E0));
#236=LINE('326',#235,#234);
#237=DIRECTION('',(-8.660254037844E-1,-5.E-1,0.E0));
#238=VECTOR('',#237,3.290896534381E0);
#239=CARTESIAN_POINT('',(-4.E0,3.290896534381E0,-5.E0));
#240=LINE('327',#239,#238);
#241=DIRECTION('',(0.E0,-1.E0,0.E0));
#242=VECTOR('',#241,3.290896534381E0);
#243=CARTESIAN_POINT('',(-6.85E0,1.645448267190E0,-5.E0));
#244=LINE('328',#243,#242);
#245=DIRECTION('',(8.660254037844E-1,-5.E-1,0.E0));
#246=VECTOR('',#245,3.290896534381E0);
#247=CARTESIAN_POINT('',(-6.85E0,-1.645448267190E0,-5.E0));
#248=LINE('329',#247,#246);
#249=DIRECTION('',(8.660254037844E-1,5.E-1,0.E0));
#250=VECTOR('',#249,3.290896534381E0);
#251=CARTESIAN_POINT('',(-4.E0,-3.290896534381E0,-5.E0));
#252=LINE('330',#251,#250);
#253=DIRECTION('',(0.E0,1.E0,0.E0));
#254=VECTOR('',#253,3.290896534381E0);
#255=CARTESIAN_POINT('',(-1.15E0,-1.645448267190E0,-5.E0));
#256=LINE('331',#255,#254);
#257=DIRECTION('',(0.E0,0.E0,1.E0));
#258=VECTOR('',#257,3.E0);
#259=CARTESIAN_POINT('',(-4.E0,3.290896534381E0,-8.E0));
#260=LINE('339',#259,#258);
#261=DIRECTION('',(0.E0,0.E0,1.E0));
#262=VECTOR('',#261,3.E0);
#263=CARTESIAN_POINT('',(-6.85E0,1.645448267190E0,-8.E0));
#264=LINE('340',#263,#262);
#265=DIRECTION('',(0.E0,0.E0,1.E0));
#266=VECTOR('',#265,3.E0);
#267=CARTESIAN_POINT('',(-6.85E0,-1.645448267190E0,-8.E0));
#268=LINE('341',#267,#266);
#269=DIRECTION('',(0.E0,0.E0,1.E0));
#270=VECTOR('',#269,3.E0);
#271=CARTESIAN_POINT('',(-4.E0,-3.290896534381E0,-8.E0));
#272=LINE('342',#271,#270);
#273=CARTESIAN_POINT('',(-4.E0,0.E0,-5.E0));
#274=DIRECTION('',(0.E0,0.E0,1.E0));
#275=DIRECTION('',(-1.E0,0.E0,0.E0));
#276=AXIS2_PLACEMENT_3D('',#273,#274,#275);
#278=CARTESIAN_POINT('',(-4.E0,0.E0,-5.E0));
#279=DIRECTION('',(0.E0,0.E0,1.E0));
#280=DIRECTION('',(1.E0,0.E0,0.E0));
#281=AXIS2_PLACEMENT_3D('',#278,#279,#280);
#283=DIRECTION('',(0.E0,0.E0,-1.E0));
#284=VECTOR('',#283,5.E0);
#285=CARTESIAN_POINT('',(-5.7E0,0.E0,0.E0));
#286=LINE('352',#285,#284);
#287=DIRECTION('',(0.E0,0.E0,-1.E0));
#288=VECTOR('',#287,5.E0);
#289=CARTESIAN_POINT('',(-2.3E0,0.E0,0.E0));
#290=LINE('353',#289,#288);
#291=CARTESIAN_POINT('',(1.75E0,-5.E0,0.E0));
#292=CARTESIAN_POINT('',(7.5E0,-5.E0,0.E0));
#293=VERTEX_POINT('',#291);
#294=VERTEX_POINT('',#292);
#295=CARTESIAN_POINT('',(7.5E0,-5.E0,-8.E0));
#296=VERTEX_POINT('',#295);
#297=CARTESIAN_POINT('',(-7.5E0,-5.E0,-8.E0));
#298=VERTEX_POINT('',#297);
#299=CARTESIAN_POINT('',(-7.5E0,-5.E0,0.E0));
#300=VERTEX_POINT('',#299);
#301=CARTESIAN_POINT('',(-1.75E0,-5.E0,0.E0));
#302=VERTEX_POINT('',#301);
#303=CARTESIAN_POINT('',(1.75E0,5.E0,0.E0));
#304=CARTESIAN_POINT('',(7.5E0,5.E0,0.E0));
#305=VERTEX_POINT('',#303);
#306=VERTEX_POINT('',#304);
#307=CARTESIAN_POINT('',(7.5E0,5.E0,-8.E0));
#308=VERTEX_POINT('',#307);
#309=CARTESIAN_POINT('',(-7.5E0,5.E0,-8.E0));
#310=VERTEX_POINT('',#309);
#311=CARTESIAN_POINT('',(-7.5E0,5.E0,0.E0));
#312=VERTEX_POINT('',#311);
#313=CARTESIAN_POINT('',(-1.75E0,5.E0,0.E0));
#314=VERTEX_POINT('',#313);
#315=CARTESIAN_POINT('',(5.7E0,0.E0,0.E0));
#316=CARTESIAN_POINT('',(2.3E0,0.E0,0.E0));
#317=VERTEX_POINT('',#315);
#318=VERTEX_POINT('',#316);
#319=CARTESIAN_POINT('',(-5.7E0,0.E0,0.E0));
#320=CARTESIAN_POINT('',(-2.3E0,0.E0,0.E0));
#321=VERTEX_POINT('',#319);
#322=VERTEX_POINT('',#320);
#323=CARTESIAN_POINT('',(1.15E0,1.645448267190E0,-5.E0));
#324=CARTESIAN_POINT('',(4.E0,3.290896534381E0,-5.E0));
#325=VERTEX_POINT('',#323);
#326=VERTEX_POINT('',#324);
#327=CARTESIAN_POINT('',(6.85E0,1.645448267190E0,-5.E0));
#328=VERTEX_POINT('',#327);
#329=CARTESIAN_POINT('',(6.85E0,-1.645448267190E0,-5.E0));
#330=VERTEX_POINT('',#329);
#331=CARTESIAN_POINT('',(4.E0,-3.290896534381E0,-5.E0));
#332=VERTEX_POINT('',#331);
#333=CARTESIAN_POINT('',(1.15E0,-1.645448267190E0,-5.E0));
#334=VERTEX_POINT('',#333);
#335=CARTESIAN_POINT('',(1.15E0,1.645448267190E0,-8.E0));
#336=CARTESIAN_POINT('',(4.E0,3.290896534381E0,-8.E0));
#337=VERTEX_POINT('',#335);
#338=VERTEX_POINT('',#336);
#339=CARTESIAN_POINT('',(6.85E0,1.645448267190E0,-8.E0));
#340=VERTEX_POINT('',#339);
#341=CARTESIAN_POINT('',(6.85E0,-1.645448267190E0,-8.E0));
#342=VERTEX_POINT('',#341);
#343=CARTESIAN_POINT('',(4.E0,-3.290896534381E0,-8.E0));
#344=VERTEX_POINT('',#343);
#345=CARTESIAN_POINT('',(1.15E0,-1.645448267190E0,-8.E0));
#346=VERTEX_POINT('',#345);
#347=CARTESIAN_POINT('',(5.7E0,0.E0,-5.E0));
#348=CARTESIAN_POINT('',(2.3E0,0.E0,-5.E0));
#349=VERTEX_POINT('',#347);
#350=VERTEX_POINT('',#348);
#351=CARTESIAN_POINT('',(-1.15E0,1.645448267190E0,-5.E0));
#352=CARTESIAN_POINT('',(-4.E0,3.290896534381E0,-5.E0));
#353=VERTEX_POINT('',#351);
#354=VERTEX_POINT('',#352);
#355=CARTESIAN_POINT('',(-6.85E0,1.645448267190E0,-5.E0));
#356=VERTEX_POINT('',#355);
#357=CARTESIAN_POINT('',(-6.85E0,-1.645448267190E0,-5.E0));
#358=VERTEX_POINT('',#357);
#359=CARTESIAN_POINT('',(-4.E0,-3.290896534381E0,-5.E0));
#360=VERTEX_POINT('',#359);
#361=CARTESIAN_POINT('',(-1.15E0,-1.645448267190E0,-5.E0));
#362=VERTEX_POINT('',#361);
#363=CARTESIAN_POINT('',(-1.15E0,1.645448267190E0,-8.E0));
#364=VERTEX_POINT('',#363);
#365=CARTESIAN_POINT('',(-4.E0,3.290896534381E0,-8.E0));
#366=VERTEX_POINT('',#365);
#367=CARTESIAN_POINT('',(-6.85E0,1.645448267190E0,-8.E0));
#368=VERTEX_POINT('',#367);
#369=CARTESIAN_POINT('',(-6.85E0,-1.645448267190E0,-8.E0));
#370=VERTEX_POINT('',#369);
#371=CARTESIAN_POINT('',(-4.E0,-3.290896534381E0,-8.E0));
#372=VERTEX_POINT('',#371);
#373=CARTESIAN_POINT('',(-1.15E0,-1.645448267190E0,-8.E0));
#374=VERTEX_POINT('',#373);
#375=CARTESIAN_POINT('',(-5.7E0,0.E0,-5.E0));
#376=CARTESIAN_POINT('',(-2.3E0,0.E0,-5.E0));
#377=VERTEX_POINT('',#375);
#378=VERTEX_POINT('',#376);
#379=CARTESIAN_POINT('',(0.E0,-5.E0,0.E0));
#380=DIRECTION('',(0.E0,1.E0,0.E0));
#381=DIRECTION('',(1.E0,0.E0,0.E0));
#382=AXIS2_PLACEMENT_3D('',#379,#380,#381);
#383=PLANE('65',#382);
#385=ORIENTED_EDGE('66',*,*,#384,.T.);
#387=ORIENTED_EDGE('67',*,*,#386,.T.);
#389=ORIENTED_EDGE('68',*,*,#388,.T.);
#391=ORIENTED_EDGE('69',*,*,#390,.T.);
#393=ORIENTED_EDGE('70',*,*,#392,.T.);
#395=ORIENTED_EDGE('71',*,*,#394,.T.);
#396=EDGE_LOOP('65',(#385,#387,#389,#391,#393,#395));
#397=FACE_OUTER_BOUND('65',#396,.F.);
#399=CARTESIAN_POINT('',(1.75E0,-5.E0,0.E0));
#400=DIRECTION('',(0.E0,0.E0,1.E0));
#401=DIRECTION('',(1.E0,0.E0,0.E0));
#402=AXIS2_PLACEMENT_3D('',#399,#400,#401);
#403=PLANE('79',#402);
#404=ORIENTED_EDGE('66',*,*,#384,.F.);
#406=ORIENTED_EDGE('80',*,*,#405,.T.);
#408=ORIENTED_EDGE('73',*,*,#407,.T.);
#410=ORIENTED_EDGE('82',*,*,#409,.F.);
#411=EDGE_LOOP('79',(#404,#406,#408,#410));
#412=FACE_OUTER_BOUND('79',#411,.F.);
#414=ORIENTED_EDGE('154',*,*,#413,.F.);
#416=ORIENTED_EDGE('155',*,*,#415,.F.);
#417=EDGE_LOOP('79',(#414,#416));
#418=FACE_BOUND('79',#417,.F.);
#420=CARTESIAN_POINT('',(0.E0,-5.E0,0.E0));
#421=DIRECTION('',(0.E0,1.E0,0.E0));
#422=DIRECTION('',(1.E0,0.E0,0.E0));
#423=AXIS2_PLACEMENT_3D('',#420,#421,#422);
#424=CYLINDRICAL_SURFACE('89',#423,1.75E0);
#425=ORIENTED_EDGE('71',*,*,#394,.F.);
#427=ORIENTED_EDGE('90',*,*,#426,.T.);
#429=ORIENTED_EDGE('78',*,*,#428,.T.);
#430=ORIENTED_EDGE('80',*,*,#405,.F.);
#431=EDGE_LOOP('89',(#425,#427,#429,#430));
#432=FACE_OUTER_BOUND('89',#431,.F.);
#434=CARTESIAN_POINT('',(-7.5E0,-5.E0,0.E0));
#435=DIRECTION('',(0.E0,0.E0,1.E0));
#436=DIRECTION('',(1.E0,0.E0,0.E0));
#437=AXIS2_PLACEMENT_3D('',#434,#435,#436);
#438=PLANE('87',#437);
#439=ORIENTED_EDGE('70',*,*,#392,.F.);
#441=ORIENTED_EDGE('88',*,*,#440,.T.);
#443=ORIENTED_EDGE('77',*,*,#442,.T.);
#444=ORIENTED_EDGE('90',*,*,#426,.F.);
#445=EDGE_LOOP('87',(#439,#441,#443,#444));
#446=FACE_OUTER_BOUND('87',#445,.F.);
#448=ORIENTED_EDGE('230',*,*,#447,.T.);
#450=ORIENTED_EDGE('231',*,*,#449,.T.);
#451=EDGE_LOOP('87',(#448,#450));
#452=FACE_BOUND('87',#451,.F.);
#454=CARTESIAN_POINT('',(-7.5E0,-5.E0,-8.E0));
#455=DIRECTION('',(-1.E0,0.E0,0.E0));
#456=DIRECTION('',(0.E0,0.E0,1.E0));
#457=AXIS2_PLACEMENT_3D('',#454,#455,#456);
#458=PLANE('85',#457);
#459=ORIENTED_EDGE('69',*,*,#390,.F.);
#461=ORIENTED_EDGE('86',*,*,#460,.T.);
#463=ORIENTED_EDGE('76',*,*,#462,.T.);
#464=ORIENTED_EDGE('88',*,*,#440,.F.);
#465=EDGE_LOOP('85',(#459,#461,#463,#464));
#466=FACE_OUTER_BOUND('85',#465,.F.);
#468=CARTESIAN_POINT('',(7.5E0,-5.E0,-8.E0));
#469=DIRECTION('',(0.E0,0.E0,-1.E0));
#470=DIRECTION('',(-1.E0,0.E0,0.E0));
#471=AXIS2_PLACEMENT_3D('',#468,#469,#470);
#472=PLANE('83',#471);
#473=ORIENTED_EDGE('68',*,*,#388,.F.);
#475=ORIENTED_EDGE('84',*,*,#474,.T.);
#477=ORIENTED_EDGE('75',*,*,#476,.T.);
#478=ORIENTED_EDGE('86',*,*,#460,.F.);
#479=EDGE_LOOP('83',(#473,#475,#477,#478));
#480=FACE_OUTER_BOUND('83',#479,.F.);
#482=ORIENTED_EDGE('283',*,*,#481,.T.);
#484=ORIENTED_EDGE('284',*,*,#483,.T.);
#486=ORIENTED_EDGE('285',*,*,#485,.T.);
#488=ORIENTED_EDGE('286',*,*,#487,.T.);
#490=ORIENTED_EDGE('287',*,*,#489,.T.);
#492=ORIENTED_EDGE('288',*,*,#491,.T.);
#493=EDGE_LOOP('83',(#482,#484,#486,#488,#490,#492));
#494=FACE_BOUND('83',#493,.F.);
#496=ORIENTED_EDGE('344',*,*,#495,.F.);
#498=ORIENTED_EDGE('349',*,*,#497,.F.);
#500=ORIENTED_EDGE('348',*,*,#499,.F.);
#502=ORIENTED_EDGE('347',*,*,#501,.F.);
#504=ORIENTED_EDGE('346',*,*,#503,.F.);
#506=ORIENTED_EDGE('345',*,*,#505,.F.);
#507=EDGE_LOOP('83',(#496,#498,#500,#502,#504,#506));
#508=FACE_BOUND('83',#507,.F.);
#510=CARTESIAN_POINT('',(7.5E0,-5.E0,0.E0));
#511=DIRECTION('',(1.E0,0.E0,0.E0));
#512=DIRECTION('',(0.E0,0.E0,-1.E0));
#513=AXIS2_PLACEMENT_3D('',#510,#511,#512);
#514=PLANE('81',#513);
#515=ORIENTED_EDGE('67',*,*,#386,.F.);
#516=ORIENTED_EDGE('82',*,*,#409,.T.);
#518=ORIENTED_EDGE('74',*,*,#517,.T.);
#519=ORIENTED_EDGE('84',*,*,#474,.F.);
#520=EDGE_LOOP('81',(#515,#516,#518,#519));
#521=FACE_OUTER_BOUND('81',#520,.F.);
#523=CARTESIAN_POINT('',(0.E0,5.E0,0.E0));
#524=DIRECTION('',(0.E0,1.E0,0.E0));
#525=DIRECTION('',(1.E0,0.E0,0.E0));
#526=AXIS2_PLACEMENT_3D('',#523,#524,#525);
#527=PLANE('72',#526);
#528=ORIENTED_EDGE('73',*,*,#407,.F.);
#529=ORIENTED_EDGE('78',*,*,#428,.F.);
#530=ORIENTED_EDGE('77',*,*,#442,.F.);
#531=ORIENTED_EDGE('76',*,*,#462,.F.);
#532=ORIENTED_EDGE('75',*,*,#476,.F.);
#533=ORIENTED_EDGE('74',*,*,#517,.F.);
#534=EDGE_LOOP('72',(#528,#529,#530,#531,#532,#533));
#535=FACE_OUTER_BOUND('72',#534,.F.);
#537=CARTESIAN_POINT('',(1.15E0,1.645448267190E0,-8.E0));
#538=DIRECTION('',(-5.E-1,8.660254037844E-1,0.E0));
#539=DIRECTION('',(8.660254037844E-1,5.E-1,0.E0));
#540=AXIS2_PLACEMENT_3D('',#537,#538,#539);
#541=PLANE('271',#540);
#542=ORIENTED_EDGE('283',*,*,#481,.F.);
#544=ORIENTED_EDGE('293',*,*,#543,.T.);
#546=ORIENTED_EDGE('265',*,*,#545,.T.);
#548=ORIENTED_EDGE('294',*,*,#547,.F.);
#549=EDGE_LOOP('271',(#542,#544,#546,#548));
#550=FACE_OUTER_BOUND('271',#549,.F.);
#552=CARTESIAN_POINT('',(1.15E0,-1.645448267190E0,-8.E0));
#553=DIRECTION('',(-1.E0,0.E0,0.E0));
#554=DIRECTION('',(0.E0,1.E0,0.E0));
#555=AXIS2_PLACEMENT_3D('',#552,#553,#554);
#556=PLANE('281',#555);
#557=ORIENTED_EDGE('288',*,*,#491,.F.);
#559=ORIENTED_EDGE('298',*,*,#558,.T.);
#561=ORIENTED_EDGE('270',*,*,#560,.T.);
#562=ORIENTED_EDGE('293',*,*,#543,.F.);
#563=EDGE_LOOP('281',(#557,#559,#561,#562));
#564=FACE_OUTER_BOUND('281',#563,.F.);
#566=CARTESIAN_POINT('',(4.E0,-3.290896534381E0,-8.E0));
#567=DIRECTION('',(-5.E-1,-8.660254037844E-1,0.E0));
#568=DIRECTION('',(-8.660254037844E-1,5.E-1,0.E0));
#569=AXIS2_PLACEMENT_3D('',#566,#567,#568);
#570=PLANE('279',#569);
#571=ORIENTED_EDGE('287',*,*,#489,.F.);
#573=ORIENTED_EDGE('297',*,*,#572,.T.);
#575=ORIENTED_EDGE('269',*,*,#574,.T.);
#576=ORIENTED_EDGE('298',*,*,#558,.F.);
#577=EDGE_LOOP('279',(#571,#573,#575,#576));
#578=FACE_OUTER_BOUND('279',#577,.F.);
#580=CARTESIAN_POINT('',(6.85E0,-1.645448267190E0,-8.E0));
#581=DIRECTION('',(5.E-1,-8.660254037844E-1,0.E0));
#582=DIRECTION('',(-8.660254037844E-1,-5.E-1,0.E0));
#583=AXIS2_PLACEMENT_3D('',#580,#581,#582);
#584=PLANE('277',#583);
#585=ORIENTED_EDGE('286',*,*,#487,.F.);
#587=ORIENTED_EDGE('296',*,*,#586,.T.);
#589=ORIENTED_EDGE('268',*,*,#588,.T.);
#590=ORIENTED_EDGE('297',*,*,#572,.F.);
#591=EDGE_LOOP('277',(#585,#587,#589,#590));
#592=FACE_OUTER_BOUND('277',#591,.F.);
#594=CARTESIAN_POINT('',(6.85E0,1.645448267190E0,-8.E0));
#595=DIRECTION('',(1.E0,0.E0,0.E0));
#596=DIRECTION('',(0.E0,-1.E0,0.E0));
#597=AXIS2_PLACEMENT_3D('',#594,#595,#596);
#598=PLANE('275',#597);
#599=ORIENTED_EDGE('285',*,*,#485,.F.);
#601=ORIENTED_EDGE('295',*,*,#600,.T.);
#603=ORIENTED_EDGE('267',*,*,#602,.T.);
#604=ORIENTED_EDGE('296',*,*,#586,.F.);
#605=EDGE_LOOP('275',(#599,#601,#603,#604));
#606=FACE_OUTER_BOUND('275',#605,.F.);
#608=CARTESIAN_POINT('',(4.E0,3.290896534381E0,-8.E0));
#609=DIRECTION('',(5.E-1,8.660254037844E-1,0.E0));
#610=DIRECTION('',(8.660254037844E-1,-5.E-1,0.E0));
#611=AXIS2_PLACEMENT_3D('',#608,#609,#610);
#612=PLANE('273',#611);
#613=ORIENTED_EDGE('284',*,*,#483,.F.);
#614=ORIENTED_EDGE('294',*,*,#547,.T.);
#616=ORIENTED_EDGE('266',*,*,#615,.T.);
#617=ORIENTED_EDGE('295',*,*,#600,.F.);
#618=EDGE_LOOP('273',(#613,#614,#616,#617));
#619=FACE_OUTER_BOUND('273',#618,.F.);
#621=CARTESIAN_POINT('',(0.E0,-5.E0,-5.E0));
#622=DIRECTION('',(0.E0,0.E0,-1.E0));
#623=DIRECTION('',(-1.E0,0.E0,0.E0));
#624=AXIS2_PLACEMENT_3D('',#621,#622,#623);
#625=PLANE('264',#624);
#626=ORIENTED_EDGE('265',*,*,#545,.F.);
#627=ORIENTED_EDGE('270',*,*,#560,.F.);
#628=ORIENTED_EDGE('269',*,*,#574,.F.);
#629=ORIENTED_EDGE('268',*,*,#588,.F.);
#630=ORIENTED_EDGE('267',*,*,#602,.F.);
#631=ORIENTED_EDGE('266',*,*,#615,.F.);
#632=EDGE_LOOP('264',(#626,#627,#628,#629,#630,#631));
#633=FACE_OUTER_BOUND('264',#632,.F.);
#635=ORIENTED_EDGE('289',*,*,#634,.T.);
#637=ORIENTED_EDGE('290',*,*,#636,.T.);
#638=EDGE_LOOP('264',(#635,#637));
#639=FACE_BOUND('264',#638,.F.);
#641=CARTESIAN_POINT('',(4.E0,0.E0,1.24E0));
#642=DIRECTION('',(0.E0,0.E0,-1.E0));
#643=DIRECTION('',(1.E0,0.E0,0.E0));
#644=AXIS2_PLACEMENT_3D('',#641,#642,#643);
#645=CYLINDRICAL_SURFACE('118',#644,1.7E0);
#646=ORIENTED_EDGE('289',*,*,#634,.F.);
#648=ORIENTED_EDGE('291',*,*,#647,.F.);
#649=ORIENTED_EDGE('154',*,*,#413,.T.);
#651=ORIENTED_EDGE('292',*,*,#650,.T.);
#652=EDGE_LOOP('118',(#646,#648,#649,#651));
#653=FACE_OUTER_BOUND('118',#652,.F.);
#655=CARTESIAN_POINT('',(4.E0,0.E0,1.24E0));
#656=DIRECTION('',(0.E0,0.E0,-1.E0));
#657=DIRECTION('',(1.E0,0.E0,0.E0));
#658=AXIS2_PLACEMENT_3D('',#655,#656,#657);
#659=CYLINDRICAL_SURFACE('144',#658,1.7E0);
#660=ORIENTED_EDGE('290',*,*,#636,.F.);
#661=ORIENTED_EDGE('292',*,*,#650,.F.);
#662=ORIENTED_EDGE('155',*,*,#415,.T.);
#663=ORIENTED_EDGE('291',*,*,#647,.T.);
#664=EDGE_LOOP('144',(#660,#661,#662,#663));
#665=FACE_OUTER_BOUND('144',#664,.F.);
#667=CARTESIAN_POINT('',(-1.15E0,1.645448267190E0,-8.E0));
#668=DIRECTION('',(-5.E-1,-8.660254037844E-1,0.E0));
#669=DIRECTION('',(-8.660254037844E-1,5.E-1,0.E0));
#670=AXIS2_PLACEMENT_3D('',#667,#668,#669);
#671=PLANE('314',#670);
#673=ORIENTED_EDGE('338',*,*,#672,.F.);
#674=ORIENTED_EDGE('344',*,*,#495,.T.);
#676=ORIENTED_EDGE('339',*,*,#675,.T.);
#678=ORIENTED_EDGE('326',*,*,#677,.F.);
#679=EDGE_LOOP('314',(#673,#674,#676,#678));
#680=FACE_OUTER_BOUND('314',#679,.F.);
#682=CARTESIAN_POINT('',(-1.15E0,-1.645448267190E0,-8.E0));
#683=DIRECTION('',(-1.E0,0.E0,0.E0));
#684=DIRECTION('',(0.E0,1.E0,0.E0));
#685=AXIS2_PLACEMENT_3D('',#682,#683,#684);
#686=PLANE('319',#685);
#687=ORIENTED_EDGE('338',*,*,#672,.T.);
#689=ORIENTED_EDGE('331',*,*,#688,.F.);
#691=ORIENTED_EDGE('343',*,*,#690,.F.);
#692=ORIENTED_EDGE('349',*,*,#497,.T.);
#693=EDGE_LOOP('319',(#687,#689,#691,#692));
#694=FACE_OUTER_BOUND('319',#693,.F.);
#696=CARTESIAN_POINT('',(0.E0,-5.E0,-5.E0));
#697=DIRECTION('',(0.E0,0.E0,1.E0));
#698=DIRECTION('',(1.E0,0.E0,0.E0));
#699=AXIS2_PLACEMENT_3D('',#696,#697,#698);
#700=PLANE('313',#699);
#701=ORIENTED_EDGE('326',*,*,#677,.T.);
#703=ORIENTED_EDGE('327',*,*,#702,.T.);
#705=ORIENTED_EDGE('328',*,*,#704,.T.);
#707=ORIENTED_EDGE('329',*,*,#706,.T.);
#709=ORIENTED_EDGE('330',*,*,#708,.T.);
#710=ORIENTED_EDGE('331',*,*,#688,.T.);
#711=EDGE_LOOP('313',(#701,#703,#705,#707,#709,#710));
#712=FACE_OUTER_BOUND('313',#711,.F.);
#714=ORIENTED_EDGE('350',*,*,#713,.F.);
#716=ORIENTED_EDGE('351',*,*,#715,.F.);
#717=EDGE_LOOP('313',(#714,#716));
#718=FACE_BOUND('313',#717,.F.);
#720=CARTESIAN_POINT('',(-4.E0,3.290896534381E0,-8.E0));
#721=DIRECTION('',(5.E-1,-8.660254037844E-1,0.E0));
#722=DIRECTION('',(-8.660254037844E-1,-5.E-1,0.E0));
#723=AXIS2_PLACEMENT_3D('',#720,#721,#722);
#724=PLANE('315',#723);
#725=ORIENTED_EDGE('339',*,*,#675,.F.);
#726=ORIENTED_EDGE('345',*,*,#505,.T.);
#728=ORIENTED_EDGE('340',*,*,#727,.T.);
#729=ORIENTED_EDGE('327',*,*,#702,.F.);
#730=EDGE_LOOP('315',(#725,#726,#728,#729));
#731=FACE_OUTER_BOUND('315',#730,.F.);
#733=CARTESIAN_POINT('',(-6.85E0,1.645448267190E0,-8.E0));
#734=DIRECTION('',(1.E0,0.E0,0.E0));
#735=DIRECTION('',(0.E0,-1.E0,0.E0));
#736=AXIS2_PLACEMENT_3D('',#733,#734,#735);
#737=PLANE('316',#736);
#738=ORIENTED_EDGE('340',*,*,#727,.F.);
#739=ORIENTED_EDGE('346',*,*,#503,.T.);
#741=ORIENTED_EDGE('341',*,*,#740,.T.);
#742=ORIENTED_EDGE('328',*,*,#704,.F.);
#743=EDGE_LOOP('316',(#738,#739,#741,#742));
#744=FACE_OUTER_BOUND('316',#743,.F.);
#746=CARTESIAN_POINT('',(-6.85E0,-1.645448267190E0,-8.E0));
#747=DIRECTION('',(5.E-1,8.660254037844E-1,0.E0));
#748=DIRECTION('',(8.660254037844E-1,-5.E-1,0.E0));
#749=AXIS2_PLACEMENT_3D('',#746,#747,#748);
#750=PLANE('317',#749);
#751=ORIENTED_EDGE('341',*,*,#740,.F.);
#752=ORIENTED_EDGE('347',*,*,#501,.T.);
#754=ORIENTED_EDGE('342',*,*,#753,.T.);
#755=ORIENTED_EDGE('329',*,*,#706,.F.);
#756=EDGE_LOOP('317',(#751,#752,#754,#755));
#757=FACE_OUTER_BOUND('317',#756,.F.);
#759=CARTESIAN_POINT('',(-4.E0,-3.290896534381E0,-8.E0));
#760=DIRECTION('',(-5.E-1,8.660254037844E-1,0.E0));
#761=DIRECTION('',(8.660254037844E-1,5.E-1,0.E0));
#762=AXIS2_PLACEMENT_3D('',#759,#760,#761);
#763=PLANE('318',#762);
#764=ORIENTED_EDGE('342',*,*,#753,.F.);
#765=ORIENTED_EDGE('348',*,*,#499,.T.);
#766=ORIENTED_EDGE('343',*,*,#690,.T.);
#767=ORIENTED_EDGE('330',*,*,#708,.F.);
#768=EDGE_LOOP('318',(#764,#765,#766,#767));
#769=FACE_OUTER_BOUND('318',#768,.F.);
#771=CARTESIAN_POINT('',(-4.E0,0.E0,1.24E0));
#772=DIRECTION('',(0.E0,0.E0,1.E0));
#773=DIRECTION('',(-1.E0,0.E0,0.E0));
#774=AXIS2_PLACEMENT_3D('',#771,#772,#773);
#775=CYLINDRICAL_SURFACE('174',#774,1.7E0);
#776=ORIENTED_EDGE('350',*,*,#713,.T.);
#778=ORIENTED_EDGE('353',*,*,#777,.F.);
#779=ORIENTED_EDGE('230',*,*,#447,.F.);
#781=ORIENTED_EDGE('352',*,*,#780,.T.);
#782=EDGE_LOOP('174',(#776,#778,#779,#781));
#783=FACE_OUTER_BOUND('174',#782,.F.);
#785=CARTESIAN_POINT('',(-4.E0,0.E0,1.24E0));
#786=DIRECTION('',(0.E0,0.E0,1.E0));
#787=DIRECTION('',(-1.E0,0.E0,0.E0));
#788=AXIS2_PLACEMENT_3D('',#785,#786,#787);
#789=CYLINDRICAL_SURFACE('182',#788,1.7E0);
#790=ORIENTED_EDGE('351',*,*,#715,.T.);
#791=ORIENTED_EDGE('352',*,*,#780,.F.);
#792=ORIENTED_EDGE('231',*,*,#449,.F.);
#793=ORIENTED_EDGE('353',*,*,#777,.T.);
#794=EDGE_LOOP('182',(#790,#791,#792,#793));
#795=FACE_OUTER_BOUND('182',#794,.F.);
#799=CARTESIAN_POINT('',(0.E0,0.E0,0.E0));
#800=DIRECTION('',(1.E0,0.E0,0.E0));
#801=DIRECTION('',(0.E0,1.E0,0.E0));
#802=AXIS2_PLACEMENT_3D('',#799,#800,#801);
#803=PLANE('RECHTS',#802);
#804=CARTESIAN_POINT('',(0.E0,0.E0,0.E0));
#805=DIRECTION('',(0.E0,1.E0,0.E0));
#806=DIRECTION('',(0.E0,0.E0,1.E0));
#807=AXIS2_PLACEMENT_3D('',#804,#805,#806);
#808=PLANE('OBEN',#807);
#809=CARTESIAN_POINT('',(0.E0,0.E0,0.E0));
#810=DIRECTION('',(0.E0,0.E0,1.E0));
#811=DIRECTION('',(1.E0,0.E0,0.E0));
#812=AXIS2_PLACEMENT_3D('',#809,#810,#811);
#813=PLANE('VORNE',#812);
#814=CARTESIAN_POINT('',(0.E0,0.E0,0.E0));
#815=DIRECTION('',(0.E0,0.E0,1.E0));
#816=DIRECTION('',(1.E0,0.E0,0.E0));
#817=AXIS2_PLACEMENT_3D('PRT_CSYS_DEF',#814,#815,#816);
#818=DRAUGHTING_PRE_DEFINED_CURVE_FONT('continuous');
#819=CURVE_STYLE('',#818,POSITIVE_LENGTH_MEASURE(2.E-2),#6);
#820=PRESENTATION_STYLE_ASSIGNMENT((#819));
#821=STYLED_ITEM('',(#820),#817);
#822=DIRECTION('',(-1.E0,0.E0,0.E0));
#823=VECTOR('',#822,1.5E1);
#824=CARTESIAN_POINT('',(7.5E0,0.E0,0.E0));
#825=LINE('',#824,#823);
#827=CURVE_STYLE('',#818,POSITIVE_LENGTH_MEASURE(2.E-2),#4);
#828=PRESENTATION_STYLE_ASSIGNMENT((#827));
#829=STYLED_ITEM('',(#828),#826);
#830=DIRECTION('',(1.E0,0.E0,0.E0));
#831=VECTOR('',#830,5.75E0);
#832=CARTESIAN_POINT('',(1.75E0,0.E0,0.E0));
#833=LINE('',#832,#831);
#835=CURVE_STYLE('',#818,POSITIVE_LENGTH_MEASURE(2.E-2),#1);
#836=PRESENTATION_STYLE_ASSIGNMENT((#835));
#837=STYLED_ITEM('',(#836),#834);
#839=DIRECTION('',(0.E0,0.E0,-1.E0));
#840=VECTOR('',#839,8.E0);
#841=CARTESIAN_POINT('',(7.5E0,0.E0,0.E0));
#842=LINE('',#841,#840);
#844=CURVE_STYLE('',#818,POSITIVE_LENGTH_MEASURE(2.E-2),#1);
#845=PRESENTATION_STYLE_ASSIGNMENT((#844));
#846=STYLED_ITEM('',(#845),#843);
#848=DIRECTION('',(-1.E0,0.E0,0.E0));
#849=VECTOR('',#848,1.5E1);
#850=CARTESIAN_POINT('',(7.5E0,0.E0,-8.E0));
#851=LINE('',#850,#849);
#853=CURVE_STYLE('',#818,POSITIVE_LENGTH_MEASURE(2.E-2),#1);
#854=PRESENTATION_STYLE_ASSIGNMENT((#853));
#855=STYLED_ITEM('',(#854),#852);
#857=DIRECTION('',(0.E0,0.E0,1.E0));
#858=VECTOR('',#857,8.E0);
#859=CARTESIAN_POINT('',(-7.5E0,0.E0,-8.E0));
#860=LINE('',#859,#858);
#862=CURVE_STYLE('',#818,POSITIVE_LENGTH_MEASURE(2.E-2),#1);
#863=PRESENTATION_STYLE_ASSIGNMENT((#862));
#864=STYLED_ITEM('',(#863),#861);
#866=DIRECTION('',(1.E0,0.E0,0.E0));
#867=VECTOR('',#866,5.75E0);
#868=CARTESIAN_POINT('',(-7.5E0,0.E0,0.E0));
#869=LINE('',#868,#867);
#871=CURVE_STYLE('',#818,POSITIVE_LENGTH_MEASURE(2.E-2),#1);
#872=PRESENTATION_STYLE_ASSIGNMENT((#871));
#873=STYLED_ITEM('',(#872),#870);
#875=CARTESIAN_POINT('',(0.E0,0.E0,0.E0));
#876=DIRECTION('',(0.E0,-1.E0,0.E0));
#877=DIRECTION('',(-1.E0,0.E0,0.E0));
#878=AXIS2_PLACEMENT_3D('',#875,#876,#877);
#881=CURVE_STYLE('',#818,POSITIVE_LENGTH_MEASURE(2.E-2),#1);
#882=PRESENTATION_STYLE_ASSIGNMENT((#881));
#883=STYLED_ITEM('',(#882),#880);
#887=DIRECTION('',(0.E0,0.E0,-1.E0));
#888=VECTOR('',#887,5.E0);
#889=CARTESIAN_POINT('',(4.E0,0.E0,0.E0));
#890=LINE('',#889,#888);
#892=CURVE_STYLE('',#818,POSITIVE_LENGTH_MEASURE(2.E-2),#4);
#893=PRESENTATION_STYLE_ASSIGNMENT((#892));
#894=STYLED_ITEM('',(#893),#891);
#897=GENERAL_PROPERTY('','GEWINDESERIE','user defined attribute');
#898=GENERAL_PROPERTY_ASSOCIATION('user defined attribute','',#897,#896);
#899=DESCRIPTIVE_REPRESENTATION_ITEM('GEWINDESERIE','ISO');
#902=PLANE_ANGLE_MEASURE_WITH_UNIT(PLANE_ANGLE_MEASURE(1.745329251994E-2),#901);
#903=(CONVERSION_BASED_UNIT('DEGREE',#902)NAMED_UNIT(*)PLANE_ANGLE_UNIT());
#905=UNCERTAINTY_MEASURE_WITH_UNIT(LENGTH_MEASURE(1.E-2),#900,'closure',
'Maximum model space distance between geometric entities at asserted connectivities');
#913=GENERAL_PROPERTY('','SCHRAUBEN_GROESSE','user defined attribute');
#914=GENERAL_PROPERTY_ASSOCIATION('user defined attribute','',#913,#912);
#915=DESCRIPTIVE_REPRESENTATION_ITEM('SCHRAUBEN_GROESSE','M3x.5');
#922=GENERAL_PROPERTY('','BOHR_DURCHM','user defined attribute');
#923=GENERAL_PROPERTY_ASSOCIATION('user defined attribute','',#922,#921);
#925=MEASURE_REPRESENTATION_ITEM('BOHR_DURCHM',LENGTH_MEASURE(3.4E0),#924);
#932=GENERAL_PROPERTY('','KLASSE','user defined attribute');
#933=GENERAL_PROPERTY_ASSOCIATION('user defined attribute','',#932,#931);
#934=DESCRIPTIVE_REPRESENTATION_ITEM('KLASSE','H');
#941=GENERAL_PROPERTY('','METRISCH','user defined attribute');
#942=GENERAL_PROPERTY_ASSOCIATION('user defined attribute','',#941,#940);
#943=DESCRIPTIVE_REPRESENTATION_ITEM('METRISCH','JA');
#948=DIRECTION('',(0.E0,0.E0,1.E0));
#949=VECTOR('',#948,5.E0);
#950=CARTESIAN_POINT('',(-4.E0,0.E0,-5.E0));
#951=LINE('',#950,#949);
#953=CURVE_STYLE('',#818,POSITIVE_LENGTH_MEASURE(2.E-2),#4);
#954=PRESENTATION_STYLE_ASSIGNMENT((#953));
#955=STYLED_ITEM('',(#954),#952);
#958=GENERAL_PROPERTY('','GEWINDESERIE','user defined attribute');
#959=GENERAL_PROPERTY_ASSOCIATION('user defined attribute','',#958,#957);
#960=DESCRIPTIVE_REPRESENTATION_ITEM('GEWINDESERIE','ISO');
#967=GENERAL_PROPERTY('','SCHRAUBEN_GROESSE','user defined attribute');
#968=GENERAL_PROPERTY_ASSOCIATION('user defined attribute','',#967,#966);
#969=DESCRIPTIVE_REPRESENTATION_ITEM('SCHRAUBEN_GROESSE','M3x.5');
#976=GENERAL_PROPERTY('','BOHR_DURCHM','user defined attribute');
#977=GENERAL_PROPERTY_ASSOCIATION('user defined attribute','',#976,#975);
#979=MEASURE_REPRESENTATION_ITEM('BOHR_DURCHM',LENGTH_MEASURE(3.4E0),#978);
#986=GENERAL_PROPERTY('','KLASSE','user defined attribute');
#987=GENERAL_PROPERTY_ASSOCIATION('user defined attribute','',#986,#985);
#988=DESCRIPTIVE_REPRESENTATION_ITEM('KLASSE','H');
#995=GENERAL_PROPERTY('','METRISCH','user defined attribute');
#996=GENERAL_PROPERTY_ASSOCIATION('user defined attribute','',#995,#994);
#997=DESCRIPTIVE_REPRESENTATION_ITEM('METRISCH','JA');
#1002=DIRECTION('',(8.660254037844E-1,5.E-1,0.E0));
#1003=VECTOR('',#1002,3.290896534381E0);
#1004=CARTESIAN_POINT('',(1.15E0,1.645448267190E0,-8.E0));
#1005=LINE('',#1004,#1003);
#1007=CURVE_STYLE('',#818,POSITIVE_LENGTH_MEASURE(2.E-2),#1);
#1008=PRESENTATION_STYLE_ASSIGNMENT((#1007));
#1009=STYLED_ITEM('',(#1008),#1006);
#1011=DIRECTION('',(8.660254037844E-1,-5.E-1,0.E0));
#1012=VECTOR('',#1011,3.290896534381E0);
#1013=CARTESIAN_POINT('',(4.E0,3.290896534381E0,-8.E0));
#1014=LINE('',#1013,#1012);
#1016=CURVE_STYLE('',#818,POSITIVE_LENGTH_MEASURE(2.E-2),#1);
#1017=PRESENTATION_STYLE_ASSIGNMENT((#1016));
#1018=STYLED_ITEM('',(#1017),#1015);
#1020=DIRECTION('',(0.E0,-1.E0,0.E0));
#1021=VECTOR('',#1020,3.290896534381E0);
#1022=CARTESIAN_POINT('',(6.85E0,1.645448267190E0,-8.E0));
#1023=LINE('',#1022,#1021);
#1025=CURVE_STYLE('',#818,POSITIVE_LENGTH_MEASURE(2.E-2),#1);
#1026=PRESENTATION_STYLE_ASSIGNMENT((#1025));
#1027=STYLED_ITEM('',(#1026),#1024);
#1029=DIRECTION('',(-8.660254037844E-1,-5.E-1,0.E0));
#1030=VECTOR('',#1029,3.290896534381E0);
#1031=CARTESIAN_POINT('',(6.85E0,-1.645448267190E0,-8.E0));
#1032=LINE('',#1031,#1030);
#1034=CURVE_STYLE('',#818,POSITIVE_LENGTH_MEASURE(2.E-2),#1);
#1035=PRESENTATION_STYLE_ASSIGNMENT((#1034));
#1036=STYLED_ITEM('',(#1035),#1033);
#1038=DIRECTION('',(-8.660254037844E-1,5.E-1,0.E0));
#1039=VECTOR('',#1038,3.290896534381E0);
#1040=CARTESIAN_POINT('',(4.E0,-3.290896534381E0,-8.E0));
#1041=LINE('',#1040,#1039);
#1043=CURVE_STYLE('',#818,POSITIVE_LENGTH_MEASURE(2.E-2),#1);
#1044=PRESENTATION_STYLE_ASSIGNMENT((#1043));
#1045=STYLED_ITEM('',(#1044),#1042);
#1047=DIRECTION('',(0.E0,1.E0,0.E0));
#1048=VECTOR('',#1047,3.290896534381E0);
#1049=CARTESIAN_POINT('',(1.15E0,-1.645448267190E0,-8.E0));
#1050=LINE('',#1049,#1048);
#1052=CURVE_STYLE('',#818,POSITIVE_LENGTH_MEASURE(2.E-2),#1);
#1053=PRESENTATION_STYLE_ASSIGNMENT((#1052));
#1054=STYLED_ITEM('',(#1053),#1051);
#1057=PRESENTATION_LAYER_ASSIGNMENT('_26_BEZUGSACHSEN','',(#826,#891,#952));
#1058=PRESENTATION_LAYER_ASSIGNMENT('_27_BEZUGSEBENEN','',(#803,#808,#813));
#1059=PRESENTATION_LAYER_ASSIGNMENT('_29_KOORDINATENSYSTEME','',(#817));
#1060=PRESENTATION_LAYER_ASSIGNMENT('_00_PRT_START_FEATURES','',(#803,#808,#813,
#817,#826));
#1061=PRESENTATION_LAYER_ASSIGNMENT('_21_KURVEN','',(#885,#1056));
#1062=PRESENTATION_LAYER_ASSIGNMENT('.BLACK_HOLE','',(#885,#1056,#1181));
#1063=PRESENTATION_LAYER_ASSIGNMENT('_30_VOLUMEN','',(#891));
#1064=PRESENTATION_LAYER_ASSIGNMENT('_34_BOHRUNGEN','',(#891,#952));
#1065=INVISIBILITY((#1062));
#1068=PLANE_ANGLE_MEASURE_WITH_UNIT(PLANE_ANGLE_MEASURE(1.745329251994E-2),
#1067);
#1069=(CONVERSION_BASED_UNIT('DEGREE',#1068)NAMED_UNIT(*)PLANE_ANGLE_UNIT());
#1071=UNCERTAINTY_MEASURE_WITH_UNIT(LENGTH_MEASURE(1.E-2),#1066,'closure',
'Maximum model space distance between geometric entities at asserted connectivities');
#886=GEOMETRIC_CURVE_SET('54',(#885,#1056));
#1076=CARTESIAN_POINT('',(0.E0,0.E0,0.E0));
#1077=DIRECTION('',(0.E0,0.E0,1.E0));
#1078=DIRECTION('',(1.E0,0.E0,0.E0));
#1081=SHAPE_REPRESENTATION_RELATIONSHIP('','',#1080,#1073);
#1082=SHAPE_REPRESENTATION_RELATIONSHIP('','',#1080,#1074);
#1083=CONSTRUCTIVE_GEOMETRY_REPRESENTATION_RELATIONSHIP('','',#1080,#1075);
#1084=MECHANICAL_DESIGN_GEOMETRIC_PRESENTATION_REPRESENTATION('',(#821,#829,
#837,#846,#855,#864,#873,#883,#894,#955,#1009,#1018,#1027,#1036,#1045,#1054),
#1072);
#1085=APPLICATION_CONTEXT('automotive design');
#1086=APPLICATION_PROTOCOL_DEFINITION('international standard',
'config_control_design',1994,#1085);
#1087=PRODUCT_DEFINITION_CONTEXT('',#1085,'design');
#1088=PRODUCT_CONTEXT('',#1085,'mechanical');
#1089=PRODUCT('CABLE_CLAMP_2','CABLE_CLAMP_2','NOT SPECIFIED',(#1088));
#1090=PRODUCT_DEFINITION_FORMATION_WITH_SPECIFIED_SOURCE('6','LAST_VERSION',
#1089,.MADE.);
#1098=DERIVED_UNIT_ELEMENT(#1097,-3.E0);
#1100=DERIVED_UNIT_ELEMENT(#1099,1.E0);
#1101=DERIVED_UNIT((#1098,#1100));
#1102=MEASURE_REPRESENTATION_ITEM('density measure',POSITIVE_RATIO_MEASURE(
7.85E-6),#1101);
#1106=DESCRIPTIVE_REPRESENTATION_ITEM('STAHL_ALLGEMEIN','');
#1115=DERIVED_UNIT_ELEMENT(#1114,2.E0);
#1116=AREA_UNIT((#1115));
#1117=MEASURE_REPRESENTATION_ITEM('surface area measure',AREA_MEASURE(
8.993263583205E2),#1116);
#1122=DERIVED_UNIT_ELEMENT(#1121,3.E0);
#1123=VOLUME_UNIT((#1122));
#1124=MEASURE_REPRESENTATION_ITEM('volume measure',VOLUME_MEASURE(
8.922793437227E2),#1123);
#1128=CARTESIAN_POINT('centre point',(2.187054925830E-7,4.137186519567E-7,
-3.855229206289E0));
#1133=DERIVED_UNIT_ELEMENT(#1132,2.E0);
#1134=AREA_UNIT((#1133));
#1135=MEASURE_REPRESENTATION_ITEM('surface area measure',AREA_MEASURE(
8.993263583205E2),#1134);
#1140=DERIVED_UNIT_ELEMENT(#1139,3.E0);
#1141=VOLUME_UNIT((#1140));
#1142=MEASURE_REPRESENTATION_ITEM('volume measure',VOLUME_MEASURE(
8.922793437227E2),#1141);
#1146=CARTESIAN_POINT('centre point',(2.187054925830E-7,4.137186519567E-7,
-3.855229206289E0));
#1150=PRODUCT_CONTEXT('',#1085,'mechanical');
#1151=PRODUCT('STAHL_ALLGEMEIN','allgemeiner Stahl','NOT SPECIFIED',(#1150));
#1152=PRODUCT_DEFINITION_FORMATION_WITH_SPECIFIED_SOURCE('','LAST_VERSION',
#1151,.MADE.);
#1155=DIMENSIONAL_EXPONENTS(0.E0,0.E0,0.E0,0.E0,0.E0,0.E0,0.E0);
#1156=NAMED_UNIT(#1155);
#1157=MEASURE_WITH_UNIT(COUNT_MEASURE(1.E0),#1156);
#1159=DERIVED_UNIT_ELEMENT(#1158,-3.E0);
#1161=DERIVED_UNIT_ELEMENT(#1160,1.E0);
#1162=DERIVED_UNIT((#1159,#1161));
#1163=MEASURE_REPRESENTATION_ITEM('density measure',POSITIVE_RATIO_MEASURE(
7.85E-6),#1162);
#1168=CARTESIAN_POINT('',(0.E0,0.E0,0.E0));
#1169=DIRECTION('',(0.E0,0.E0,1.E0));
#1170=DIRECTION('',(1.E0,0.E0,0.E0));
#1171=AXIS2_PLACEMENT_3D('',#1168,#1169,#1170);
#1172=REPRESENTATION_MAP(#1171,#1080);
#1173=MAPPED_ITEM('',#1172,#1171);
#1174=PRESENTATION_STYLE_ASSIGNMENT((.NULL.));
#1175=STYLED_ITEM('',(#1174),#1173);
#1176=DRAUGHTING_MODEL('',(#1171,#1173,#1175,#1183),#1072);
#1177=CARTESIAN_POINT('',(0.E0,0.E0,-4.E0));
#1178=DIRECTION('',(0.E0,0.E0,0.E0));
#1179=DIRECTION('',(1.E0,0.E0,0.E0));
#1180=AXIS2_PLACEMENT_3D('',#1177,#1178,#1179);
#1181=PLANE('current',#1180);
#1182=PRESENTATION_STYLE_ASSIGNMENT((.NULL.));
#1183=ANNOTATION_PLANE('',(#1182),#1181,(#3377,#5574));
#1184=CARTESIAN_POINT('',(4.580810284749E2,3.556990926353E2,
-3.478817234281E-11));
#1185=CARTESIAN_POINT('',(4.580810284749E2,3.582220117538E2,
-3.478817234281E-11));
#1186=CARTESIAN_POINT('',(4.585874868520E2,3.582220117538E2,
-3.478817234281E-11));
#1187=CARTESIAN_POINT('',(4.591877348769E2,3.564306452136E2,
-3.478817234281E-11));
#1188=CARTESIAN_POINT('',(4.592252545499E2,3.563181004967E2,
-3.478817234281E-11));
#1189=CARTESIAN_POINT('',(4.592627694556E2,3.562149285470E2,
-3.478817234281E-11));
#1190=CARTESIAN_POINT('',(4.592909068266E2,3.561305212012E2,
-3.478817234281E-11));
#1191=CARTESIAN_POINT('',(4.593096618957E2,3.560648689245E2,
-3.478817234281E-11));
#1192=CARTESIAN_POINT('',(4.593190394303E2,3.561023838301E2,
-3.478817234281E-11));
#1193=CARTESIAN_POINT('',(4.593377992668E2,3.561398987357E2,
-3.478817234281E-11));
#1194=CARTESIAN_POINT('',(4.593471768014E2,3.561867959433E2,
-3.478817234281E-11));
#1195=CARTESIAN_POINT('',(4.593659366379E2,3.562336883835E2,
-3.478817234281E-11));
#1196=CARTESIAN_POINT('',(4.593846917070E2,3.562805808237E2,
-3.478817234281E-11));
#1197=CARTESIAN_POINT('',(4.594034515435E2,3.563368555658E2,
-3.478817234281E-11));
#1198=CARTESIAN_POINT('',(4.594222113801E2,3.564025078425E2,
-3.478817234281E-11));
#1199=CARTESIAN_POINT('',(4.594503439837E2,3.564681601192E2,
-3.478817234281E-11));
#1200=CARTESIAN_POINT('',(4.600599743106E2,3.582220117538E2,
-3.478817234281E-11));
#1201=CARTESIAN_POINT('',(4.605195402475E2,3.582220117538E2,
-3.478817234281E-11));
#1202=CARTESIAN_POINT('',(4.605195402475E2,3.556990926353E2,
-3.478817234281E-11));
#1203=CARTESIAN_POINT('',(4.601818989457E2,3.556990926353E2,
-3.478817234281E-11));
#1204=CARTESIAN_POINT('',(4.601818989457E2,3.578093430244E2,
-3.478817234281E-11));
#1205=CARTESIAN_POINT('',(4.594315889146E2,3.556990926353E2,
-3.478817234281E-11));
#1206=CARTESIAN_POINT('',(4.591408424367E2,3.556990926353E2,
-3.478817234281E-11));
#1207=CARTESIAN_POINT('',(4.584186673930E2,3.578374803955E2,
-3.478817234281E-11));
#1208=CARTESIAN_POINT('',(4.584186673930E2,3.556990926353E2,
-3.478817234281E-11));
#1209=CARTESIAN_POINT('',(4.580810284749E2,3.556990926353E2,
-3.478817234281E-11));
#1211=CARTESIAN_POINT('',(4.609228314423E2,3.563649929369E2,
-3.478817234281E-11));
#1212=CARTESIAN_POINT('',(4.612323353730E2,3.564025078425E2,
-3.478817234281E-11));
#1213=CARTESIAN_POINT('',(4.612417152913E2,3.563368555658E2,
-3.478817234281E-11));
#1214=CARTESIAN_POINT('',(4.612604727441E2,3.562805808237E2,
-3.478817234281E-11));
#1215=CARTESIAN_POINT('',(4.612792301969E2,3.562243108489E2,
-3.478817234281E-11));
#1216=CARTESIAN_POINT('',(4.612979876497E2,3.561774136413E2,
-3.478817234281E-11));
#1217=CARTESIAN_POINT('',(4.613261250208E2,3.561305212012E2,
-3.478817234281E-11));
#1218=CARTESIAN_POINT('',(4.613448824736E2,3.560930062955E2,
-3.478817234281E-11));
#1219=CARTESIAN_POINT('',(4.613730198447E2,3.560554913899E2,
-3.478817234281E-11));
#1220=CARTESIAN_POINT('',(4.614011548320E2,3.560273540188E2,
-3.478817234281E-11));
#1221=CARTESIAN_POINT('',(4.614668071088E2,3.559710792767E2,
-3.478817234281E-11));
#1222=CARTESIAN_POINT('',(4.615418393037E2,3.559429419056E2,
-3.478817234281E-11));
#1223=CARTESIAN_POINT('',(4.616262490332E2,3.559148045345E2,
-3.478817234281E-11));
#1224=CARTESIAN_POINT('',(4.617200386810E2,3.559148045345E2,
-3.478817234281E-11));
#1225=CARTESIAN_POINT('',(4.617669311212E2,3.559148045345E2,
-3.478817234281E-11));
#1226=CARTESIAN_POINT('',(4.618232058634E2,3.559241868365E2,
-3.478817234281E-11));
#1227=CARTESIAN_POINT('',(4.618701006872E2,3.559335643710E2,
-3.478817234281E-11));
#1228=CARTESIAN_POINT('',(4.619169955111E2,3.559523242076E2,
-3.478817234281E-11));
#1229=CARTESIAN_POINT('',(4.619638879513E2,3.559710792767E2,
-3.478817234281E-11));
#1230=CARTESIAN_POINT('',(4.620107827752E2,3.559992166478E2,
-3.478817234281E-11));
#1231=CARTESIAN_POINT('',(4.620483000646E2,3.560273540188E2,
-3.478817234281E-11));
#1232=CARTESIAN_POINT('',(4.620858149702E2,3.560648689245E2,
-3.478817234281E-11));
#1233=CARTESIAN_POINT('',(4.621233298758E2,3.561023838301E2,
-3.478817234281E-11));
#1234=CARTESIAN_POINT('',(4.621514672469E2,3.561398987357E2,
-3.478817234281E-11));
#1235=CARTESIAN_POINT('',(4.621702246997E2,3.561867959433E2,
-3.478817234281E-11));
#1236=CARTESIAN_POINT('',(4.621983620708E2,3.562336883835E2,
-3.478817234281E-11));
#1237=CARTESIAN_POINT('',(4.622077396053E2,3.562805808237E2,
-3.478817234281E-11));
#1238=CARTESIAN_POINT('',(4.622264970581E2,3.563274780313E2,
-3.478817234281E-11));
#1239=CARTESIAN_POINT('',(4.622264970581E2,3.563837527734E2,
-3.478817234281E-11));
#1240=CARTESIAN_POINT('',(4.622358769764E2,3.564400227482E2,
-3.478817234281E-11));
#1241=CARTESIAN_POINT('',(4.622264970581E2,3.564869199558E2,
-3.478817234281E-11));
#1242=CARTESIAN_POINT('',(4.622264970581E2,3.565431899305E2,
-3.478817234281E-11));
#1243=CARTESIAN_POINT('',(4.622077396053E2,3.565900871381E2,
-3.478817234281E-11));
#1244=CARTESIAN_POINT('',(4.621983620708E2,3.566369795783E2,
-3.478817234281E-11));
#1245=CARTESIAN_POINT('',(4.621796046180E2,3.566744944839E2,
-3.478817234281E-11));
#1246=CARTESIAN_POINT('',(4.621514672469E2,3.567120141570E2,
-3.478817234281E-11));
#1247=CARTESIAN_POINT('',(4.621233298758E2,3.567589065971E2,
-3.478817234281E-11));
#1248=CARTESIAN_POINT('',(4.620951925047E2,3.567870439682E2,
-3.478817234281E-11));
#1249=CARTESIAN_POINT('',(4.620576775991E2,3.568245588738E2,
-3.478817234281E-11));
#1250=CARTESIAN_POINT('',(4.620201626935E2,3.568526962449E2,
-3.478817234281E-11));
#1251=CARTESIAN_POINT('',(4.619826477878E2,3.568714513140E2,
-3.478817234281E-11));
#1252=CARTESIAN_POINT('',(4.619357529640E2,3.568902111505E2,
-3.478817234281E-11));
#1253=CARTESIAN_POINT('',(4.618888581401E2,3.569089709871E2,
-3.478817234281E-11));
#1254=CARTESIAN_POINT('',(4.618419633162E2,3.569183485216E2,
-3.478817234281E-11));
#1255=CARTESIAN_POINT('',(4.617950684923E2,3.569277260562E2,
-3.478817234281E-11));
#1256=CARTESIAN_POINT('',(4.617387961338E2,3.569277260562E2,
-3.478817234281E-11));
#1257=CARTESIAN_POINT('',(4.616919013099E2,3.569277260562E2,
-3.478817234281E-11));
#1258=CARTESIAN_POINT('',(4.616450064861E2,3.569183485216E2,
-3.478817234281E-11));
#1259=CARTESIAN_POINT('',(4.615887341276E2,3.569089709871E2,
-3.478817234281E-11));
#1260=CARTESIAN_POINT('',(4.615230818509E2,3.568995886851E2,
-3.478817234281E-11));
#1261=CARTESIAN_POINT('',(4.615605967565E2,3.571715800939E2,
-3.478817234281E-11));
#1262=CARTESIAN_POINT('',(4.615887341276E2,3.571621977919E2,
-3.478817234281E-11));
#1263=CARTESIAN_POINT('',(4.616074915804E2,3.571621977919E2,
-3.478817234281E-11));
#1264=CARTESIAN_POINT('',(4.617012788445E2,3.571715800939E2,
-3.478817234281E-11));
#1265=CARTESIAN_POINT('',(4.617950684923E2,3.571903351630E2,
-3.478817234281E-11));
#1266=CARTESIAN_POINT('',(4.618794782218E2,3.572184725341E2,
-3.478817234281E-11));
#1267=CARTESIAN_POINT('',(4.619638879513E2,3.572653649743E2,
-3.478817234281E-11));
#1268=CARTESIAN_POINT('',(4.620014052407E2,3.572935023453E2,
-3.478817234281E-11));
#1269=CARTESIAN_POINT('',(4.620295402280E2,3.573216397164E2,
-3.478817234281E-11));
#1270=CARTESIAN_POINT('',(4.620576775991E2,3.573591546220E2,
-3.478817234281E-11));
#1271=CARTESIAN_POINT('',(4.620764350519E2,3.573966695277E2,
-3.478817234281E-11));
#1272=CARTESIAN_POINT('',(4.620951925047E2,3.574341844333E2,
-3.478817234281E-11));
#1273=CARTESIAN_POINT('',(4.621045724230E2,3.574810816409E2,
-3.478817234281E-11));
#1274=CARTESIAN_POINT('',(4.621139523413E2,3.575279740811E2,
-3.478817234281E-11));
#1275=CARTESIAN_POINT('',(4.621233298758E2,3.575842488232E2,
-3.478817234281E-11));
#1276=CARTESIAN_POINT('',(4.621139523413E2,3.576592786345E2,
-3.478817234281E-11));
#1277=CARTESIAN_POINT('',(4.620858149702E2,3.577343132132E2,
-3.478817234281E-11));
#1278=CARTESIAN_POINT('',(4.620576775991E2,3.577999654899E2,
-3.478817234281E-11));
#1279=CARTESIAN_POINT('',(4.620014052407E2,3.578656177666E2,
-3.478817234281E-11));
#1280=CARTESIAN_POINT('',(4.619451304985E2,3.579125102068E2,
-3.478817234281E-11));
#1281=CARTESIAN_POINT('',(4.618701006872E2,3.579500251124E2,
-3.478817234281E-11));
#1282=CARTESIAN_POINT('',(4.617950684923E2,3.579687849489E2,
-3.478817234281E-11));
#1283=CARTESIAN_POINT('',(4.617106587628E2,3.579781624835E2,
-3.478817234281E-11));
#1284=CARTESIAN_POINT('',(4.616262490332E2,3.579687849489E2,
-3.478817234281E-11));
#1285=CARTESIAN_POINT('',(4.615418393037E2,3.579406475778E2,
-3.478817234281E-11));
#1286=CARTESIAN_POINT('',(4.614761870270E2,3.579125102068E2,
-3.478817234281E-11));
#1287=CARTESIAN_POINT('',(4.614105347503E2,3.578562354646E2,
-3.478817234281E-11));
#1288=CARTESIAN_POINT('',(4.613823973792E2,3.578280980935E2,
-3.478817234281E-11));
#1289=CARTESIAN_POINT('',(4.613542600082E2,3.577905831879E2,
-3.478817234281E-11));
#1290=CARTESIAN_POINT('',(4.613355025553E2,3.577530682823E2,
-3.478817234281E-11));
#1291=CARTESIAN_POINT('',(4.613073675680E2,3.577155533766E2,
-3.478817234281E-11));
#1292=CARTESIAN_POINT('',(4.612979876497E2,3.576686609365E2,
-3.478817234281E-11));
#1293=CARTESIAN_POINT('',(4.612792301969E2,3.576217637289E2,
-3.478817234281E-11));
#1294=CARTESIAN_POINT('',(4.612698502786E2,3.575654889867E2,
-3.478817234281E-11));
#1295=CARTESIAN_POINT('',(4.612604727441E2,3.575185965465E2,
-3.478817234281E-11));
#1296=CARTESIAN_POINT('',(4.609509688134E2,3.575748712887E2,
-3.478817234281E-11));
#1297=CARTESIAN_POINT('',(4.609603487316E2,3.576499010999E2,
-3.478817234281E-11));
#1298=CARTESIAN_POINT('',(4.609791061845E2,3.577155533766E2,
-3.478817234281E-11));
#1299=CARTESIAN_POINT('',(4.610072411718E2,3.577812056533E2,
-3.478817234281E-11));
#1300=CARTESIAN_POINT('',(4.610353785429E2,3.578468579300E2,
-3.478817234281E-11));
#1301=CARTESIAN_POINT('',(4.610728934485E2,3.579031326722E2,
-3.478817234281E-11));
#1302=CARTESIAN_POINT('',(4.611104107379E2,3.579594026469E2,
-3.478817234281E-11));
#1303=CARTESIAN_POINT('',(4.611573031780E2,3.580062998545E2,
-3.478817234281E-11));
#1304=CARTESIAN_POINT('',(4.612041980019E2,3.580531922947E2,
-3.478817234281E-11));
#1305=CARTESIAN_POINT('',(4.612510928258E2,3.580907072003E2,
-3.478817234281E-11));
#1306=CARTESIAN_POINT('',(4.613073675680E2,3.581282268734E2,
-3.478817234281E-11));
#1307=CARTESIAN_POINT('',(4.613636399264E2,3.581563594770E2,
-3.478817234281E-11));
#1308=CARTESIAN_POINT('',(4.614292922031E2,3.581844968481E2,
-3.478817234281E-11));
#1309=CARTESIAN_POINT('',(4.614855645616E2,3.582032566847E2,
-3.478817234281E-11));
#1310=CARTESIAN_POINT('',(4.615512168383E2,3.582126342192E2,
-3.478817234281E-11));
#1311=CARTESIAN_POINT('',(4.616262490332E2,3.582220117538E2,
-3.478817234281E-11));
#1312=CARTESIAN_POINT('',(4.617012788445E2,3.582313940557E2,
-3.478817234281E-11));
#1313=CARTESIAN_POINT('',(4.617950684923E2,3.582220117538E2,
-3.478817234281E-11));
#1314=CARTESIAN_POINT('',(4.618982356746E2,3.582032566847E2,
-3.478817234281E-11));
#1315=CARTESIAN_POINT('',(4.619826477878E2,3.581751193136E2,
-3.478817234281E-11));
#1316=CARTESIAN_POINT('',(4.620764350519E2,3.581376044079E2,
-3.478817234281E-11));
#1317=CARTESIAN_POINT('',(4.621514672469E2,3.580907072003E2,
-3.478817234281E-11));
#1318=CARTESIAN_POINT('',(4.622264970581E2,3.580344372256E2,
-3.478817234281E-11));
#1319=CARTESIAN_POINT('',(4.622827718003E2,3.579687849489E2,
-3.478817234281E-11));
#1320=CARTESIAN_POINT('',(4.623390441587E2,3.578937503702E2,
-3.478817234281E-11));
#1321=CARTESIAN_POINT('',(4.623765590644E2,3.578187205590E2,
-3.478817234281E-11));
#1322=CARTESIAN_POINT('',(4.624046964354E2,3.577436907477E2,
-3.478817234281E-11));
#1323=CARTESIAN_POINT('',(4.624234538883E2,3.576592786345E2,
-3.478817234281E-11));
#1324=CARTESIAN_POINT('',(4.624328338065E2,3.575748712887E2,
-3.478817234281E-11));
#1325=CARTESIAN_POINT('',(4.624234538883E2,3.574998367100E2,
-3.478817234281E-11));
#1326=CARTESIAN_POINT('',(4.624046964354E2,3.574154293642E2,
-3.478817234281E-11));
#1327=CARTESIAN_POINT('',(4.623765590644E2,3.573497770875E2,
-3.478817234281E-11));
#1328=CARTESIAN_POINT('',(4.623390441587E2,3.572747472762E2,
-3.478817234281E-11));
#1329=CARTESIAN_POINT('',(4.622921493348E2,3.572184725341E2,
-3.478817234281E-11));
#1330=CARTESIAN_POINT('',(4.622358769764E2,3.571621977919E2,
-3.478817234281E-11));
#1331=CARTESIAN_POINT('',(4.621608447814E2,3.571059278172E2,
-3.478817234281E-11));
#1332=CARTESIAN_POINT('',(4.620858149702E2,3.570684081441E2,
-3.478817234281E-11));
#1333=CARTESIAN_POINT('',(4.621327097941E2,3.570496530750E2,
-3.478817234281E-11));
#1334=CARTESIAN_POINT('',(4.621889821525E2,3.570308932385E2,
-3.478817234281E-11));
#1335=CARTESIAN_POINT('',(4.622358769764E2,3.570121381694E2,
-3.478817234281E-11));
#1336=CARTESIAN_POINT('',(4.622827718003E2,3.569840007983E2,
-3.478817234281E-11));
#1337=CARTESIAN_POINT('',(4.623202867059E2,3.569558634273E2,
-3.478817234281E-11));
#1338=CARTESIAN_POINT('',(4.623578016115E2,3.569277260562E2,
-3.478817234281E-11));
#1339=CARTESIAN_POINT('',(4.623953189009E2,3.568902111505E2,
-3.478817234281E-11));
#1340=CARTESIAN_POINT('',(4.624328338065E2,3.568526962449E2,
-3.478817234281E-11));
#1341=CARTESIAN_POINT('',(4.624609711776E2,3.568151813393E2,
-3.478817234281E-11));
#1342=CARTESIAN_POINT('',(4.624891061650E2,3.567682841317E2,
-3.478817234281E-11));
#1343=CARTESIAN_POINT('',(4.625078636178E2,3.567213916915E2,
-3.478817234281E-11));
#1344=CARTESIAN_POINT('',(4.625266234543E2,3.566744944839E2,
-3.478817234281E-11));
#1345=CARTESIAN_POINT('',(4.625453809071E2,3.566182245092E2,
-3.478817234281E-11));
#1346=CARTESIAN_POINT('',(4.625547584417E2,3.565619497670E2,
-3.478817234281E-11));
#1347=CARTESIAN_POINT('',(4.625547584417E2,3.565056750249E2,
-3.478817234281E-11));
#1348=CARTESIAN_POINT('',(4.625641383599E2,3.564494050501E2,
-3.478817234281E-11));
#1349=CARTESIAN_POINT('',(4.625547584417E2,3.563649929369E2,
-3.478817234281E-11));
#1350=CARTESIAN_POINT('',(4.625453809071E2,3.562899631257E2,
-3.478817234281E-11));
#1351=CARTESIAN_POINT('',(4.625266234543E2,3.562149285470E2,
-3.478817234281E-11));
#1352=CARTESIAN_POINT('',(4.624984860832E2,3.561398987357E2,
-3.478817234281E-11));
#1353=CARTESIAN_POINT('',(4.624703487121E2,3.560742464590E2,
-3.478817234281E-11));
#1354=CARTESIAN_POINT('',(4.624234538883E2,3.560085941823E2,
-3.478817234281E-11));
#1355=CARTESIAN_POINT('',(4.623765590644E2,3.559429419056E2,
-3.478817234281E-11));
#1356=CARTESIAN_POINT('',(4.623202867059E2,3.558866719309E2,
-3.478817234281E-11));
#1357=CARTESIAN_POINT('',(4.622546344292E2,3.558303971887E2,
-3.478817234281E-11));
#1358=CARTESIAN_POINT('',(4.621889821525E2,3.557834999811E2,
-3.478817234281E-11));
#1359=CARTESIAN_POINT('',(4.621233298758E2,3.557459850755E2,
-3.478817234281E-11));
#1360=CARTESIAN_POINT('',(4.620483000646E2,3.557178477044E2,
-3.478817234281E-11));
#1361=CARTESIAN_POINT('',(4.619732678696E2,3.556990926353E2,
-3.478817234281E-11));
#1362=CARTESIAN_POINT('',(4.618888581401E2,3.556803327988E2,
-3.478817234281E-11));
#1363=CARTESIAN_POINT('',(4.618044484105E2,3.556709552642E2,
-3.478817234281E-11));
#1364=CARTESIAN_POINT('',(4.617106587628E2,3.556615777297E2,
-3.478817234281E-11));
#1365=CARTESIAN_POINT('',(4.616356289515E2,3.556709552642E2,
-3.478817234281E-11));
#1366=CARTESIAN_POINT('',(4.615605967565E2,3.556803327988E2,
-3.478817234281E-11));
#1367=CARTESIAN_POINT('',(4.614855645616E2,3.556897151008E2,
-3.478817234281E-11));
#1368=CARTESIAN_POINT('',(4.614105347503E2,3.557084701699E2,
-3.478817234281E-11));
#1369=CARTESIAN_POINT('',(4.613448824736E2,3.557366075409E2,
-3.478817234281E-11));
#1370=CARTESIAN_POINT('',(4.612792301969E2,3.557647449120E2,
-3.478817234281E-11));
#1371=CARTESIAN_POINT('',(4.612229554547E2,3.558022598176E2,
-3.478817234281E-11));
#1372=CARTESIAN_POINT('',(4.611666830963E2,3.558491522578E2,
-3.478817234281E-11));
#1373=CARTESIAN_POINT('',(4.611197882724E2,3.55905427E2,-3.478817234281E-11));
#1374=CARTESIAN_POINT('',(4.610728934485E2,3.559617017421E2,
-3.478817234281E-11));
#1375=CARTESIAN_POINT('',(4.610260010083E2,3.560179764843E2,
-3.478817234281E-11));
#1376=CARTESIAN_POINT('',(4.609978636373E2,3.560742464590E2,
-3.478817234281E-11));
#1377=CARTESIAN_POINT('',(4.609697262662E2,3.561398987357E2,
-3.478817234281E-11));
#1378=CARTESIAN_POINT('',(4.609415888951E2,3.562149285470E2,
-3.478817234281E-11));
#1379=CARTESIAN_POINT('',(4.609322113606E2,3.562805808237E2,
-3.478817234281E-11));
#1380=CARTESIAN_POINT('',(4.609228314423E2,3.563649929369E2,
-3.478817234281E-11));
#1382=CARTESIAN_POINT('',(4.627423377372E2,3.556990926353E2,
-3.478817234281E-11));
#1383=CARTESIAN_POINT('',(4.633894805860E2,3.566369795783E2,
-3.478817234281E-11));
#1384=CARTESIAN_POINT('',(4.627798526429E2,3.575279740811E2,
-3.478817234281E-11));
#1385=CARTESIAN_POINT('',(4.631456289320E2,3.575279740811E2,
-3.478817234281E-11));
#1386=CARTESIAN_POINT('',(4.634457529445E2,3.570777904461E2,
-3.478817234281E-11));
#1387=CARTESIAN_POINT('',(4.634832702338E2,3.570215157040E2,
-3.478817234281E-11));
#1388=CARTESIAN_POINT('',(4.635207851394E2,3.569746232638E2,
-3.478817234281E-11));
#1389=CARTESIAN_POINT('',(4.635489225105E2,3.569277260562E2,
-3.478817234281E-11));
#1390=CARTESIAN_POINT('',(4.635676799633E2,3.568808336160E2,
-3.478817234281E-11));
#1391=CARTESIAN_POINT('',(4.636051948689E2,3.569464858927E2,
-3.478817234281E-11));
#1392=CARTESIAN_POINT('',(4.636427097746E2,3.570027558674E2,
-3.478817234281E-11));
#1393=CARTESIAN_POINT('',(4.636802270639E2,3.570496530750E2,
-3.478817234281E-11));
#1394=CARTESIAN_POINT('',(4.637177419695E2,3.570965455152E2,
-3.478817234281E-11));
#1395=CARTESIAN_POINT('',(4.640178659820E2,3.575279740811E2,
-3.478817234281E-11));
#1396=CARTESIAN_POINT('',(4.643930221894E2,3.575279740811E2,
-3.478817234281E-11));
#1397=CARTESIAN_POINT('',(4.637646367934E2,3.566276020437E2,
-3.478817234281E-11));
#1398=CARTESIAN_POINT('',(4.644211595605E2,3.556990926353E2,
-3.478817234281E-11));
#1399=CARTESIAN_POINT('',(4.640460033531E2,3.556990926353E2,
-3.478817234281E-11));
#1400=CARTESIAN_POINT('',(4.636708471457E2,3.562430659180E2,
-3.478817234281E-11));
#1401=CARTESIAN_POINT('',(4.635864374161E2,3.563837527734E2,
-3.478817234281E-11));
#1402=CARTESIAN_POINT('',(4.631174915609E2,3.556990926353E2,
-3.478817234281E-11));
#1403=CARTESIAN_POINT('',(4.627423377372E2,3.556990926353E2,
-3.478817234281E-11));
#1405=CARTESIAN_POINT('',(4.647963133842E2,3.556990926353E2,
-3.478817234281E-11));
#1406=CARTESIAN_POINT('',(4.647963133842E2,3.560461090879E2,
-3.478817234281E-11));
#1407=CARTESIAN_POINT('',(4.651433322205E2,3.560461090879E2,
-3.478817234281E-11));
#1408=CARTESIAN_POINT('',(4.651433322205E2,3.556990926353E2,
-3.478817234281E-11));
#1409=CARTESIAN_POINT('',(4.647963133842E2,3.556990926353E2,
-3.478817234281E-11));
#1411=CARTESIAN_POINT('',(4.656122780757E2,3.563649929369E2,
-3.478817234281E-11));
#1412=CARTESIAN_POINT('',(4.659405394593E2,3.563931303080E2,
-3.478817234281E-11));
#1413=CARTESIAN_POINT('',(4.659499169938E2,3.563274780313E2,
-3.478817234281E-11));
#1414=CARTESIAN_POINT('',(4.659592969121E2,3.562805808237E2,
-3.478817234281E-11));
#1415=CARTESIAN_POINT('',(4.659780543649E2,3.562243108489E2,
-3.478817234281E-11));
#1416=CARTESIAN_POINT('',(4.659968118177E2,3.561774136413E2,
-3.478817234281E-11));
#1417=CARTESIAN_POINT('',(4.660155692705E2,3.561398987357E2,
-3.478817234281E-11));
#1418=CARTESIAN_POINT('',(4.660437066416E2,3.561023838301E2,
-3.478817234281E-11));
#1419=CARTESIAN_POINT('',(4.660718440127E2,3.560648689245E2,
-3.478817234281E-11));
#1420=CARTESIAN_POINT('',(4.66099979E2,3.560273540188E2,-3.478817234281E-11));
#1421=CARTESIAN_POINT('',(4.661374962894E2,3.559992166478E2,
-3.478817234281E-11));
#1422=CARTESIAN_POINT('',(4.661656312767E2,3.559804568112E2,
-3.478817234281E-11));
#1423=CARTESIAN_POINT('',(4.662031485661E2,3.559617017421E2,
-3.478817234281E-11));
#1424=CARTESIAN_POINT('',(4.662406634717E2,3.559429419056E2,
-3.478817234281E-11));
#1425=CARTESIAN_POINT('',(4.662875582956E2,3.559241868365E2,
-3.478817234281E-11));
#1426=CARTESIAN_POINT('',(4.663250732012E2,3.559148045345E2,
-3.478817234281E-11));
#1427=CARTESIAN_POINT('',(4.663719680251E2,3.559148045345E2,
-3.478817234281E-11));
#1428=CARTESIAN_POINT('',(4.664188628490E2,3.559148045345E2,
-3.478817234281E-11));
#1429=CARTESIAN_POINT('',(4.664751352074E2,3.559148045345E2,
-3.478817234281E-11));
#1430=CARTESIAN_POINT('',(4.665314099496E2,3.559241868365E2,
-3.478817234281E-11));
#1431=CARTESIAN_POINT('',(4.665783023898E2,3.559335643710E2,
-3.478817234281E-11));
#1432=CARTESIAN_POINT('',(4.666251972137E2,3.559523242076E2,
-3.478817234281E-11));
#1433=CARTESIAN_POINT('',(4.666720920376E2,3.559804568112E2,
-3.478817234281E-11));
#1434=CARTESIAN_POINT('',(4.667189868615E2,3.560085941823E2,
-3.478817234281E-11));
#1435=CARTESIAN_POINT('',(4.667565017671E2,3.560367315534E2,
-3.478817234281E-11));
#1436=CARTESIAN_POINT('',(4.667940190564E2,3.560836287610E2,
-3.478817234281E-11));
#1437=CARTESIAN_POINT('',(4.668315339621E2,3.561211436666E2,
-3.478817234281E-11));
#1438=CARTESIAN_POINT('',(4.668596713331E2,3.561680361068E2,
-3.478817234281E-11));
#1439=CARTESIAN_POINT('',(4.668878063205E2,3.562243108489E2,
-3.478817234281E-11));
#1440=CARTESIAN_POINT('',(4.669159436916E2,3.562805808237E2,
-3.478817234281E-11));
#1441=CARTESIAN_POINT('',(4.669253236098E2,3.563368555658E2,
-3.478817234281E-11));
#1442=CARTESIAN_POINT('',(4.669440810626E2,3.563931303080E2,
-3.478817234281E-11));
#1443=CARTESIAN_POINT('',(4.669440810626E2,3.564587825847E2,
-3.478817234281E-11));
#1444=CARTESIAN_POINT('',(4.669534585972E2,3.565244348614E2,
-3.478817234281E-11));
#1445=CARTESIAN_POINT('',(4.669440810626E2,3.565900871381E2,
-3.478817234281E-11));
#1446=CARTESIAN_POINT('',(4.669440810626E2,3.566557394148E2,
-3.478817234281E-11));
#1447=CARTESIAN_POINT('',(4.669253236098E2,3.567120141570E2,
-3.478817234281E-11));
#1448=CARTESIAN_POINT('',(4.669159436916E2,3.567682841317E2,
-3.478817234281E-11));
#1449=CARTESIAN_POINT('',(4.668878063205E2,3.568151813393E2,
-3.478817234281E-11));
#1450=CARTESIAN_POINT('',(4.668690488677E2,3.568620737795E2,
-3.478817234281E-11));
#1451=CARTESIAN_POINT('',(4.668409114966E2,3.569089709871E2,
-3.478817234281E-11));
#1452=CARTESIAN_POINT('',(4.668033965910E2,3.569464858927E2,
-3.478817234281E-11));
#1453=CARTESIAN_POINT('',(4.667658816853E2,3.569840007983E2,
-3.478817234281E-11));
#1454=CARTESIAN_POINT('',(4.667283667797E2,3.570121381694E2,
-3.478817234281E-11));
#1455=CARTESIAN_POINT('',(4.666814719558E2,3.570402755405E2,
-3.478817234281E-11));
#1456=CARTESIAN_POINT('',(4.666345771319E2,3.570590306096E2,
-3.478817234281E-11));
#1457=CARTESIAN_POINT('',(4.665876823080E2,3.570777904461E2,
-3.478817234281E-11));
#1458=CARTESIAN_POINT('',(4.665314099496E2,3.570871679807E2,
-3.478817234281E-11));
#1459=CARTESIAN_POINT('',(4.664751352074E2,3.570965455152E2,
-3.478817234281E-11));
#1460=CARTESIAN_POINT('',(4.664094829307E2,3.571059278172E2,
-3.478817234281E-11));
#1461=CARTESIAN_POINT('',(4.663344531195E2,3.570965455152E2,
-3.478817234281E-11));
#1462=CARTESIAN_POINT('',(4.662688008428E2,3.570871679807E2,
-3.478817234281E-11));
#1463=CARTESIAN_POINT('',(4.662031485661E2,3.570590306096E2,
-3.478817234281E-11));
#1464=CARTESIAN_POINT('',(4.661374962894E2,3.570308932385E2,
-3.478817234281E-11));
#1465=CARTESIAN_POINT('',(4.660812215472E2,3.569933783329E2,
-3.478817234281E-11));
#1466=CARTESIAN_POINT('',(4.660343267233E2,3.569558634273E2,
-3.478817234281E-11));
#1467=CARTESIAN_POINT('',(4.659874342831E2,3.569089709871E2,
-3.478817234281E-11));
#1468=CARTESIAN_POINT('',(4.659592969121E2,3.568620737795E2,
-3.478817234281E-11));
#1469=CARTESIAN_POINT('',(4.656685504342E2,3.568995886851E2,
-3.478817234281E-11));
#1470=CARTESIAN_POINT('',(4.659124020882E2,3.581938791501E2,
-3.478817234281E-11));
#1471=CARTESIAN_POINT('',(4.671597953456E2,3.581938791501E2,
-3.478817234281E-11));
#1472=CARTESIAN_POINT('',(4.671597953456E2,3.579031326722E2,
-3.478817234281E-11));
#1473=CARTESIAN_POINT('',(4.661468738239E2,3.579031326722E2,
-3.478817234281E-11));
#1474=CARTESIAN_POINT('',(4.660155692705E2,3.572184725341E2,
-3.478817234281E-11));
#1475=CARTESIAN_POINT('',(4.660718440127E2,3.572559874397E2,
-3.478817234281E-11));
#1476=CARTESIAN_POINT('',(4.661374962894E2,3.572841248108E2,
-3.478817234281E-11));
#1477=CARTESIAN_POINT('',(4.661937686478E2,3.573122621819E2,
-3.478817234281E-11));
#1478=CARTESIAN_POINT('',(4.662500433900E2,3.573310172510E2,
-3.478817234281E-11));
#1479=CARTESIAN_POINT('',(4.663063157484E2,3.573497770875E2,
-3.478817234281E-11));
#1480=CARTESIAN_POINT('',(4.663719680251E2,3.573591546220E2,
-3.478817234281E-11));
#1481=CARTESIAN_POINT('',(4.664282403836E2,3.573685321566E2,
-3.478817234281E-11));
#1482=CARTESIAN_POINT('',(4.664938926603E2,3.573779144586E2,
-3.478817234281E-11));
#1483=CARTESIAN_POINT('',(4.665783023898E2,3.573685321566E2,
-3.478817234281E-11));
#1484=CARTESIAN_POINT('',(4.666533345847E2,3.573591546220E2,
-3.478817234281E-11));
#1485=CARTESIAN_POINT('',(4.667283667797E2,3.573403995529E2,
-3.478817234281E-11));
#1486=CARTESIAN_POINT('',(4.667940190564E2,3.573122621819E2,
-3.478817234281E-11));
#1487=CARTESIAN_POINT('',(4.668690488677E2,3.572841248108E2,
-3.478817234281E-11));
#1488=CARTESIAN_POINT('',(4.669347011444E2,3.572466099052E2,
-3.478817234281E-11));
#1489=CARTESIAN_POINT('',(4.669909735028E2,3.571997126975E2,
-3.478817234281E-11));
#1490=CARTESIAN_POINT('',(4.670472482450E2,3.571434427228E2,
-3.478817234281E-11));
#1491=CARTESIAN_POINT('',(4.671035206034E2,3.570871679807E2,
-3.478817234281E-11));
#1492=CARTESIAN_POINT('',(4.671504154273E2,3.570215157040E2,
-3.478817234281E-11));
#1493=CARTESIAN_POINT('',(4.671879303329E2,3.569558634273E2,
-3.478817234281E-11));
#1494=CARTESIAN_POINT('',(4.672160677040E2,3.568808336160E2,
-3.478817234281E-11));
#1495=CARTESIAN_POINT('',(4.672442050751E2,3.568057990373E2,
-3.478817234281E-11));
#1496=CARTESIAN_POINT('',(4.672629625279E2,3.567307692261E2,
-3.478817234281E-11));
#1497=CARTESIAN_POINT('',(4.672723424462E2,3.566463618803E2,
-3.478817234281E-11));
#1498=CARTESIAN_POINT('',(4.672817199807E2,3.565525722325E2,
-3.478817234281E-11));
#1499=CARTESIAN_POINT('',(4.672723424462E2,3.564681601192E2,
-3.478817234281E-11));
#1500=CARTESIAN_POINT('',(4.672629625279E2,3.563931303080E2,
-3.478817234281E-11));
#1501=CARTESIAN_POINT('',(4.672535826096E2,3.563087181948E2,
-3.478817234281E-11));
#1502=CARTESIAN_POINT('',(4.672254476223E2,3.562336883835E2,
-3.478817234281E-11));
#1503=CARTESIAN_POINT('',(4.671973102512E2,3.561680361068E2,
-3.478817234281E-11));
#1504=CARTESIAN_POINT('',(4.671691728801E2,3.560930062955E2,
-3.478817234281E-11));
#1505=CARTESIAN_POINT('',(4.671222780562E2,3.560273540188E2,
-3.478817234281E-11));
#1506=CARTESIAN_POINT('',(4.670753856161E2,3.559617017421E2,
-3.478817234281E-11));
#1507=CARTESIAN_POINT('',(4.670191108739E2,3.558960494654E2,
-3.478817234281E-11));
#1508=CARTESIAN_POINT('',(4.669440810626E2,3.558303971887E2,
-3.478817234281E-11));
#1509=CARTESIAN_POINT('',(4.668690488677E2,3.557741224466E2,
-3.478817234281E-11));
#1510=CARTESIAN_POINT('',(4.667940190564E2,3.557366075409E2,
-3.478817234281E-11));
#1511=CARTESIAN_POINT('',(4.667096069432E2,3.556990926353E2,
-3.478817234281E-11));
#1512=CARTESIAN_POINT('',(4.666158196791E2,3.556897151008E2,
-3.478817234281E-11));
#1513=CARTESIAN_POINT('',(4.665220300313E2,3.556709552642E2,
-3.478817234281E-11));
#1514=CARTESIAN_POINT('',(4.664188628490E2,3.556615777297E2,
-3.478817234281E-11));
#1515=CARTESIAN_POINT('',(4.663344531195E2,3.556709552642E2,
-3.478817234281E-11));
#1516=CARTESIAN_POINT('',(4.662500433900E2,3.556803327988E2,
-3.478817234281E-11));
#1517=CARTESIAN_POINT('',(4.661750111950E2,3.556897151008E2,
-3.478817234281E-11));
#1518=CARTESIAN_POINT('',(4.661093589183E2,3.557084701699E2,
-3.478817234281E-11));
#1519=CARTESIAN_POINT('',(4.660343267233E2,3.557366075409E2,
-3.478817234281E-11));
#1520=CARTESIAN_POINT('',(4.659686744466E2,3.557647449120E2,
-3.478817234281E-11));
#1521=CARTESIAN_POINT('',(4.659124020882E2,3.558022598176E2,
-3.478817234281E-11));
#1522=CARTESIAN_POINT('',(4.658561297297E2,3.558491522578E2,
-3.478817234281E-11));
#1523=CARTESIAN_POINT('',(4.657998549876E2,3.558960494654E2,
-3.478817234281E-11));
#1524=CARTESIAN_POINT('',(4.657623400820E2,3.559523242076E2,
-3.478817234281E-11));
#1525=CARTESIAN_POINT('',(4.657154452581E2,3.560085941823E2,
-3.478817234281E-11));
#1526=CARTESIAN_POINT('',(4.656873078870E2,3.560742464590E2,
-3.478817234281E-11));
#1527=CARTESIAN_POINT('',(4.656591728996E2,3.561398987357E2,
-3.478817234281E-11));
#1528=CARTESIAN_POINT('',(4.656310355285E2,3.562055510124E2,
-3.478817234281E-11));
#1529=CARTESIAN_POINT('',(4.656216556103E2,3.562805808237E2,
-3.478817234281E-11));
#1530=CARTESIAN_POINT('',(4.656122780757E2,3.563649929369E2,
-3.478817234281E-11));
#1532=CARTESIAN_POINT('',(4.687166901500E2,3.556990926353E2,
-3.478817234281E-11));
#1533=CARTESIAN_POINT('',(4.687166901500E2,3.582220117538E2,
-3.478817234281E-11));
#1534=CARTESIAN_POINT('',(4.690543314518E2,3.582220117538E2,
-3.478817234281E-11));
#1535=CARTESIAN_POINT('',(4.690543314518E2,3.556990926353E2,
-3.478817234281E-11));
#1536=CARTESIAN_POINT('',(4.687166901500E2,3.556990926353E2,
-3.478817234281E-11));
#1538=CARTESIAN_POINT('',(4.695326548415E2,3.565150573268E2,
-3.478817234281E-11));
#1539=CARTESIAN_POINT('',(4.698515363068E2,3.565431899305E2,
-3.478817234281E-11));
#1540=CARTESIAN_POINT('',(4.698609162250E2,3.564494050501E2,
-3.478817234281E-11));
#1541=CARTESIAN_POINT('',(4.698796736779E2,3.563649929369E2,
-3.478817234281E-11));
#1542=CARTESIAN_POINT('',(4.699171885835E2,3.562899631257E2,
-3.478817234281E-11));
#1543=CARTESIAN_POINT('',(4.699547034891E2,3.562243108489E2,
-3.478817234281E-11));
#1544=CARTESIAN_POINT('',(4.699922207784E2,3.561680361068E2,
-3.478817234281E-11));
#1545=CARTESIAN_POINT('',(4.700578730552E2,3.561211436666E2,
-3.478817234281E-11));
#1546=CARTESIAN_POINT('',(4.701235253319E2,3.560742464590E2,
-3.478817234281E-11));
#1547=CARTESIAN_POINT('',(4.701985551431E2,3.560273540188E2,
-3.478817234281E-11));
#1548=CARTESIAN_POINT('',(4.702923447909E2,3.559992166478E2,
-3.478817234281E-11));
#1549=CARTESIAN_POINT('',(4.703861344387E2,3.559804568112E2,
-3.478817234281E-11));
#1550=CARTESIAN_POINT('',(4.704799217027E2,3.559617017421E2,
-3.478817234281E-11));
#1551=CARTESIAN_POINT('',(4.705830888851E2,3.559617017421E2,
-3.478817234281E-11));
#1552=CARTESIAN_POINT('',(4.706768785329E2,3.559617017421E2,
-3.478817234281E-11));
#1553=CARTESIAN_POINT('',(4.707612882624E2,3.559710792767E2,
-3.478817234281E-11));
#1554=CARTESIAN_POINT('',(4.708456979919E2,3.559898391132E2,
-3.478817234281E-11));
#1555=CARTESIAN_POINT('',(4.709207301869E2,3.560179764843E2,
-3.478817234281E-11));
#1556=CARTESIAN_POINT('',(4.709863824636E2,3.560461090879E2,
-3.478817234281E-11));
#1557=CARTESIAN_POINT('',(4.710426548220E2,3.560836287610E2,
-3.478817234281E-11));
#1558=CARTESIAN_POINT('',(4.710989295642E2,3.561211436666E2,
-3.478817234281E-11));
#1559=CARTESIAN_POINT('',(4.711364444698E2,3.561680361068E2,
-3.478817234281E-11));
#1560=CARTESIAN_POINT('',(4.711645818409E2,3.562243108489E2,
-3.478817234281E-11));
#1561=CARTESIAN_POINT('',(4.711927168282E2,3.562712032891E2,
-3.478817234281E-11));
#1562=CARTESIAN_POINT('',(4.712020967465E2,3.563274780313E2,
-3.478817234281E-11));
#1563=CARTESIAN_POINT('',(4.712114766648E2,3.563837527734E2,
-3.478817234281E-11));
#1564=CARTESIAN_POINT('',(4.712020967465E2,3.564400227482E2,
-3.478817234281E-11));
#1565=CARTESIAN_POINT('',(4.711927168282E2,3.564962974903E2,
-3.478817234281E-11));
#1566=CARTESIAN_POINT('',(4.711645818409E2,3.565431899305E2,
-3.478817234281E-11));
#1567=CARTESIAN_POINT('',(4.711364444698E2,3.565900871381E2,
-3.478817234281E-11));
#1568=CARTESIAN_POINT('',(4.710989295642E2,3.566369795783E2,
-3.478817234281E-11));
#1569=CARTESIAN_POINT('',(4.710426548220E2,3.566744944839E2,
-3.478817234281E-11));
#1570=CARTESIAN_POINT('',(4.709863824636E2,3.567026318550E2,
-3.478817234281E-11));
#1571=CARTESIAN_POINT('',(4.709113502686E2,3.567401467606E2,
-3.478817234281E-11));
#1572=CARTESIAN_POINT('',(4.708832152812E2,3.567495290626E2,
-3.478817234281E-11));
#1573=CARTESIAN_POINT('',(4.708456979919E2,3.567589065971E2,
-3.478817234281E-11));
#1574=CARTESIAN_POINT('',(4.707988055517E2,3.567776664337E2,
-3.478817234281E-11));
#1575=CARTESIAN_POINT('',(4.707519107278E2,3.567870439682E2,
-3.478817234281E-11));
#1576=CARTESIAN_POINT('',(4.706862584511E2,3.568057990373E2,
-3.478817234281E-11));
#1577=CARTESIAN_POINT('',(4.706206061744E2,3.568245588738E2,
-3.478817234281E-11));
#1578=CARTESIAN_POINT('',(4.705455739795E2,3.568433187104E2,
-3.478817234281E-11));
#1579=CARTESIAN_POINT('',(4.704611642499E2,3.568620737795E2,
-3.478817234281E-11));
#1580=CARTESIAN_POINT('',(4.703767545204E2,3.568808336160E2,
-3.478817234281E-11));
#1581=CARTESIAN_POINT('',(4.703017223254E2,3.568995886851E2,
-3.478817234281E-11));
#1582=CARTESIAN_POINT('',(4.702360700487E2,3.569183485216E2,
-3.478817234281E-11));
#1583=CARTESIAN_POINT('',(4.701704177720E2,3.569464858927E2,
-3.478817234281E-11));
#1584=CARTESIAN_POINT('',(4.701141454136E2,3.569652409618E2,
-3.478817234281E-11));
#1585=CARTESIAN_POINT('',(4.700578730552E2,3.569840007983E2,
-3.478817234281E-11));
#1586=CARTESIAN_POINT('',(4.700109782313E2,3.570027558674E2,
-3.478817234281E-11));
#1587=CARTESIAN_POINT('',(4.699734609419E2,3.570215157040E2,
-3.478817234281E-11));
#1588=CARTESIAN_POINT('',(4.698890512124E2,3.570684081441E2,
-3.478817234281E-11));
#1589=CARTESIAN_POINT('',(4.698233989357E2,3.571246828863E2,
-3.478817234281E-11));
#1590=CARTESIAN_POINT('',(4.697577466590E2,3.571903351630E2,
-3.478817234281E-11));
#1591=CARTESIAN_POINT('',(4.697108542188E2,3.572559874397E2,
-3.478817234281E-11));
#1592=CARTESIAN_POINT('',(4.696733369295E2,3.573216397164E2,
-3.478817234281E-11));
#1593=CARTESIAN_POINT('',(4.696452019421E2,3.574060518296E2,
-3.478817234281E-11));
#1594=CARTESIAN_POINT('',(4.696264421056E2,3.574810816409E2,
-3.478817234281E-11));
#1595=CARTESIAN_POINT('',(4.696264421056E2,3.575654889867E2,
-3.478817234281E-11));
#1596=CARTESIAN_POINT('',(4.696264421056E2,3.576592786345E2,
-3.478817234281E-11));
#1597=CARTESIAN_POINT('',(4.696452019421E2,3.577530682823E2,
-3.478817234281E-11));
#1598=CARTESIAN_POINT('',(4.696827168477E2,3.578374803955E2,
-3.478817234281E-11));
#1599=CARTESIAN_POINT('',(4.697296116716E2,3.579218877413E2,
-3.478817234281E-11));
#1600=CARTESIAN_POINT('',(4.697858840301E2,3.580062998545E2,
-3.478817234281E-11));
#1601=CARTESIAN_POINT('',(4.698609162250E2,3.580719521312E2,
-3.478817234281E-11));
#1602=CARTESIAN_POINT('',(4.699453259546E2,3.581282268734E2,
-3.478817234281E-11));
#1603=CARTESIAN_POINT('',(4.700484931369E2,3.581751193136E2,
-3.478817234281E-11));
#1604=CARTESIAN_POINT('',(4.701516603192E2,3.582126342192E2,
-3.478817234281E-11));
#1605=CARTESIAN_POINT('',(4.702642074198E2,3.582407715903E2,
-3.478817234281E-11));
#1606=CARTESIAN_POINT('',(4.703861344387E2,3.582595314268E2,
-3.478817234281E-11));
#1607=CARTESIAN_POINT('',(4.705080590738E2,3.582689089614E2,
-3.478817234281E-11));
#1608=CARTESIAN_POINT('',(4.706393636272E2,3.582595314268E2,
-3.478817234281E-11));
#1609=CARTESIAN_POINT('',(4.707706681806E2,3.582407715903E2,
-3.478817234281E-11));
#1610=CARTESIAN_POINT('',(4.708925928158E2,3.582126342192E2,
-3.478817234281E-11));
#1611=CARTESIAN_POINT('',(4.709957623818E2,3.581751193136E2,
-3.478817234281E-11));
#1612=CARTESIAN_POINT('',(4.710989295642E2,3.581282268734E2,
-3.478817234281E-11));
#1613=CARTESIAN_POINT('',(4.711833392937E2,3.580625745967E2,
-3.478817234281E-11));
#1614=CARTESIAN_POINT('',(4.712677490232E2,3.579875400180E2,
-3.478817234281E-11));
#1615=CARTESIAN_POINT('',(4.713240213817E2,3.579125102068E2,
-3.478817234281E-11));
#1616=CARTESIAN_POINT('',(4.713802961238E2,3.578187205590E2,
-3.478817234281E-11));
#1617=CARTESIAN_POINT('',(4.714178110294E2,3.577249309112E2,
-3.478817234281E-11));
#1618=CARTESIAN_POINT('',(4.714365684822E2,3.576217637289E2,
-3.478817234281E-11));
#1619=CARTESIAN_POINT('',(4.714553259351E2,3.575185965465E2,
-3.478817234281E-11));
#1620=CARTESIAN_POINT('',(4.711364444698E2,3.574904591754E2,
-3.478817234281E-11));
#1621=CARTESIAN_POINT('',(4.711270645515E2,3.575467339176E2,
-3.478817234281E-11));
#1622=CARTESIAN_POINT('',(4.711083070987E2,3.575936263578E2,
-3.478817234281E-11));
#1623=CARTESIAN_POINT('',(4.710989295642E2,3.576499010999E2,
-3.478817234281E-11));
#1624=CARTESIAN_POINT('',(4.710707921931E2,3.576967935401E2,
-3.478817234281E-11));
#1625=CARTESIAN_POINT('',(4.710520347403E2,3.577343132132E2,
-3.478817234281E-11));
#1626=CARTESIAN_POINT('',(4.710238973692E2,3.577718281188E2,
-3.478817234281E-11));
#1627=CARTESIAN_POINT('',(4.709957623818E2,3.578093430244E2,
-3.478817234281E-11));
#1628=CARTESIAN_POINT('',(4.709582450925E2,3.578468579300E2,
-3.478817234281E-11));
#1629=CARTESIAN_POINT('',(4.709207301869E2,3.578749953011E2,
-3.478817234281E-11));
#1630=CARTESIAN_POINT('',(4.708738353630E2,3.578937503702E2,
-3.478817234281E-11));
#1631=CARTESIAN_POINT('',(4.708269405391E2,3.579125102068E2,
-3.478817234281E-11));
#1632=CARTESIAN_POINT('',(4.707706681806E2,3.579312700433E2,
-3.478817234281E-11));
#1633=CARTESIAN_POINT('',(4.707143934385E2,3.579500251124E2,
-3.478817234281E-11));
#1634=CARTESIAN_POINT('',(4.706581210801E2,3.579594026469E2,
-3.478817234281E-11));
#1635=CARTESIAN_POINT('',(4.705924688033E2,3.579594026469E2,
-3.478817234281E-11));
#1636=CARTESIAN_POINT('',(4.705174366084E2,3.579687849489E2,
-3.478817234281E-11));
#1637=CARTESIAN_POINT('',(4.704424067971E2,3.579594026469E2,
-3.478817234281E-11));
#1638=CARTESIAN_POINT('',(4.703767545204E2,3.579594026469E2,
-3.478817234281E-11));
#1639=CARTESIAN_POINT('',(4.703204821620E2,3.579500251124E2,
-3.478817234281E-11));
#1640=CARTESIAN_POINT('',(4.702548298853E2,3.579406475778E2,
-3.478817234281E-11));
#1641=CARTESIAN_POINT('',(4.702079350614E2,3.579218877413E2,
-3.478817234281E-11));
#1642=CARTESIAN_POINT('',(4.701610402375E2,3.579031326722E2,
-3.478817234281E-11));
#1643=CARTESIAN_POINT('',(4.701141454136E2,3.578749953011E2,
-3.478817234281E-11));
#1644=CARTESIAN_POINT('',(4.700766305080E2,3.578562354646E2,
-3.478817234281E-11));
#1645=CARTESIAN_POINT('',(4.700484931369E2,3.578280980935E2,
-3.478817234281E-11));
#1646=CARTESIAN_POINT('',(4.700203557658E2,3.577999654899E2,
-3.478817234281E-11));
#1647=CARTESIAN_POINT('',(4.699922207784E2,3.577624458168E2,
-3.478817234281E-11));
#1648=CARTESIAN_POINT('',(4.699734609419E2,3.577343132132E2,
-3.478817234281E-11));
#1649=CARTESIAN_POINT('',(4.699640834074E2,3.576967935401E2,
-3.478817234281E-11));
#1650=CARTESIAN_POINT('',(4.699453259546E2,3.576592786345E2,
-3.478817234281E-11));
#1651=CARTESIAN_POINT('',(4.699453259546E2,3.576217637289E2,
-3.478817234281E-11));
#1652=CARTESIAN_POINT('',(4.699453259546E2,3.575842488232E2,
-3.478817234281E-11));
#1653=CARTESIAN_POINT('',(4.699453259546E2,3.575185965465E2,
-3.478817234281E-11));
#1654=CARTESIAN_POINT('',(4.699640834074E2,3.574623218044E2,
-3.478817234281E-11));
#1655=CARTESIAN_POINT('',(4.699922207784E2,3.574154293642E2,
-3.478817234281E-11));
#1656=CARTESIAN_POINT('',(4.700391132186E2,3.573685321566E2,
-3.478817234281E-11));
#1657=CARTESIAN_POINT('',(4.700672505897E2,3.573403995529E2,
-3.478817234281E-11));
#1658=CARTESIAN_POINT('',(4.701047654953E2,3.573216397164E2,
-3.478817234281E-11));
#1659=CARTESIAN_POINT('',(4.701516603192E2,3.573028846473E2,
-3.478817234281E-11));
#1660=CARTESIAN_POINT('',(4.702079350614E2,3.572747472762E2,
-3.478817234281E-11));
#1661=CARTESIAN_POINT('',(4.702829648726E2,3.572559874397E2,
-3.478817234281E-11));
#1662=CARTESIAN_POINT('',(4.703579970676E2,3.572278500686E2,
-3.478817234281E-11));
#1663=CARTESIAN_POINT('',(4.704424067971E2,3.572090949995E2,
-3.478817234281E-11));
#1664=CARTESIAN_POINT('',(4.705361964449E2,3.571809576284E2,
-3.478817234281E-11));
#1665=CARTESIAN_POINT('',(4.706393636272E2,3.571621977919E2,
-3.478817234281E-11));
#1666=CARTESIAN_POINT('',(4.707237733568E2,3.571434427228E2,
-3.478817234281E-11));
#1667=CARTESIAN_POINT('',(4.708081830863E2,3.571153053517E2,
-3.478817234281E-11));
#1668=CARTESIAN_POINT('',(4.708832152812E2,3.570965455152E2,
-3.478817234281E-11));
#1669=CARTESIAN_POINT('',(4.709488675579E2,3.570777904461E2,
-3.478817234281E-11));
#1670=CARTESIAN_POINT('',(4.710051399164E2,3.570590306096E2,
-3.478817234281E-11));
#1671=CARTESIAN_POINT('',(4.710520347403E2,3.570402755405E2,
-3.478817234281E-11));
#1672=CARTESIAN_POINT('',(4.710989295642E2,3.570215157040E2,
-3.478817234281E-11));
#1673=CARTESIAN_POINT('',(4.712020967465E2,3.569746232638E2,
-3.478817234281E-11));
#1674=CARTESIAN_POINT('',(4.712865064760E2,3.569089709871E2,
-3.478817234281E-11));
#1675=CARTESIAN_POINT('',(4.713615386710E2,3.568433187104E2,
-3.478817234281E-11));
#1676=CARTESIAN_POINT('',(4.714178110294E2,3.567682841317E2,
-3.478817234281E-11));
#1677=CARTESIAN_POINT('',(4.714647058533E2,3.566838767859E2,
-3.478817234281E-11));
#1678=CARTESIAN_POINT('',(4.715022207590E2,3.565994646727E2,
-3.478817234281E-11));
#1679=CARTESIAN_POINT('',(4.715209782118E2,3.565056750249E2,
-3.478817234281E-11));
#1680=CARTESIAN_POINT('',(4.715303581300E2,3.564118853771E2,
-3.478817234281E-11));
#1681=CARTESIAN_POINT('',(4.715209782118E2,3.563087181948E2,
-3.478817234281E-11));
#1682=CARTESIAN_POINT('',(4.714928432244E2,3.562149285470E2,
-3.478817234281E-11));
#1683=CARTESIAN_POINT('',(4.714647058533E2,3.561211436666E2,
-3.478817234281E-11));
#1684=CARTESIAN_POINT('',(4.714084334949E2,3.560273540188E2,
-3.478817234281E-11));
#1685=CARTESIAN_POINT('',(4.713521587527E2,3.559523242076E2,
-3.478817234281E-11));
#1686=CARTESIAN_POINT('',(4.712677490232E2,3.558772896289E2,
-3.478817234281E-11));
#1687=CARTESIAN_POINT('',(4.711833392937E2,3.558116373522E2,
-3.478817234281E-11));
#1688=CARTESIAN_POINT('',(4.710801721114E2,3.557553673775E2,
-3.478817234281E-11));
#1689=CARTESIAN_POINT('',(4.709676250108E2,3.557084701699E2,
-3.478817234281E-11));
#1690=CARTESIAN_POINT('',(4.708550779102E2,3.556897151008E2,
-3.478817234281E-11));
#1691=CARTESIAN_POINT('',(4.707331532750E2,3.556709552642E2,
-3.478817234281E-11));
#1692=CARTESIAN_POINT('',(4.706018487216E2,3.556615777297E2,
-3.478817234281E-11));
#1693=CARTESIAN_POINT('',(4.705174366084E2,3.556709552642E2,
-3.478817234281E-11));
#1694=CARTESIAN_POINT('',(4.704330268789E2,3.556709552642E2,
-3.478817234281E-11));
#1695=CARTESIAN_POINT('',(4.703579970676E2,3.556803327988E2,
-3.478817234281E-11));
#1696=CARTESIAN_POINT('',(4.702829648726E2,3.556897151008E2,
-3.478817234281E-11));
#1697=CARTESIAN_POINT('',(4.702173125959E2,3.556990926353E2,
-3.478817234281E-11));
#1698=CARTESIAN_POINT('',(4.701516603192E2,3.557178477044E2,
-3.478817234281E-11));
#1699=CARTESIAN_POINT('',(4.700860080425E2,3.557366075409E2,
-3.478817234281E-11));
#1700=CARTESIAN_POINT('',(4.700297356841E2,3.557553673775E2,
-3.478817234281E-11));
#1701=CARTESIAN_POINT('',(4.699171885835E2,3.558116373522E2,
-3.478817234281E-11));
#1702=CARTESIAN_POINT('',(4.698233989357E2,3.558772896289E2,
-3.478817234281E-11));
#1703=CARTESIAN_POINT('',(4.697389892062E2,3.559617017421E2,
-3.478817234281E-11));
#1704=CARTESIAN_POINT('',(4.696639593949E2,3.560554913899E2,
-3.478817234281E-11));
#1705=CARTESIAN_POINT('',(4.696076846528E2,3.561586585722E2,
-3.478817234281E-11));
#1706=CARTESIAN_POINT('',(4.695701697471E2,3.562712032891E2,
-3.478817234281E-11));
#1707=CARTESIAN_POINT('',(4.695420323761E2,3.563837527734E2,
-3.478817234281E-11));
#1708=CARTESIAN_POINT('',(4.695326548415E2,3.565150573268E2,
-3.478817234281E-11));
#1710=CARTESIAN_POINT('',(4.718773769664E2,3.569277260562E2,
-3.478817234281E-11));
#1711=CARTESIAN_POINT('',(4.718773769664E2,3.570777904461E2,
-3.478817234281E-11));
#1712=CARTESIAN_POINT('',(4.718961344192E2,3.572278500686E2,
-3.478817234281E-11));
#1713=CARTESIAN_POINT('',(4.719242717903E2,3.573591546220E2,
-3.478817234281E-11));
#1714=CARTESIAN_POINT('',(4.719524091613E2,3.574904591754E2,
-3.478817234281E-11));
#1715=CARTESIAN_POINT('',(4.720086815198E2,3.576030086598E2,
-3.478817234281E-11));
#1716=CARTESIAN_POINT('',(4.720649538782E2,3.577155533766E2,
-3.478817234281E-11));
#1717=CARTESIAN_POINT('',(4.721306061549E2,3.578187205590E2,
-3.478817234281E-11));
#1718=CARTESIAN_POINT('',(4.722056383499E2,3.579125102068E2,
-3.478817234281E-11));
#1719=CARTESIAN_POINT('',(4.722994279977E2,3.579969223200E2,
-3.478817234281E-11));
#1720=CARTESIAN_POINT('',(4.723932152617E2,3.580625745967E2,
-3.478817234281E-11));
#1721=CARTESIAN_POINT('',(4.724870049095E2,3.581282268734E2,
-3.478817234281E-11));
#1722=CARTESIAN_POINT('',(4.725995520101E2,3.581751193136E2,
-3.478817234281E-11));
#1723=CARTESIAN_POINT('',(4.727120991107E2,3.582126342192E2,
-3.478817234281E-11));
#1724=CARTESIAN_POINT('',(4.728246438276E2,3.582407715903E2,
-3.478817234281E-11));
#1725=CARTESIAN_POINT('',(4.729465708465E2,3.582595314268E2,
-3.478817234281E-11));
#1726=CARTESIAN_POINT('',(4.730778753999E2,3.582689089614E2,
-3.478817234281E-11));
#1727=CARTESIAN_POINT('',(4.731622851294E2,3.582595314268E2,
-3.478817234281E-11));
#1728=CARTESIAN_POINT('',(4.732466948589E2,3.582501491248E2,
-3.478817234281E-11));
#1729=CARTESIAN_POINT('',(4.733311045884E2,3.582407715903E2,
-3.478817234281E-11));
#1730=CARTESIAN_POINT('',(4.734155143180E2,3.582220117538E2,
-3.478817234281E-11));
#1731=CARTESIAN_POINT('',(4.734905465129E2,3.582032566847E2,
-3.478817234281E-11));
#1732=CARTESIAN_POINT('',(4.735655763242E2,3.581751193136E2,
-3.478817234281E-11));
#1733=CARTESIAN_POINT('',(4.736406085191E2,3.581376044079E2,
-3.478817234281E-11));
#1734=CARTESIAN_POINT('',(4.737062607959E2,3.581000895023E2,
-3.478817234281E-11));
#1735=CARTESIAN_POINT('',(4.737812929908E2,3.580531922947E2,
-3.478817234281E-11));
#1736=CARTESIAN_POINT('',(4.738375653493E2,3.580062998545E2,
-3.478817234281E-11));
#1737=CARTESIAN_POINT('',(4.739032176260E2,3.579500251124E2,
-3.478817234281E-11));
#1738=CARTESIAN_POINT('',(4.739594899844E2,3.578937503702E2,
-3.478817234281E-11));
#1739=CARTESIAN_POINT('',(4.740063848083E2,3.578374803955E2,
-3.478817234281E-11));
#1740=CARTESIAN_POINT('',(4.740532796322E2,3.577718281188E2,
-3.478817234281E-11));
#1741=CARTESIAN_POINT('',(4.741001744561E2,3.577061758421E2,
-3.478817234281E-11));
#1742=CARTESIAN_POINT('',(4.741376893617E2,3.576311412634E2,
-3.478817234281E-11));
#1743=CARTESIAN_POINT('',(4.741752042673E2,3.575561114522E2,
-3.478817234281E-11));
#1744=CARTESIAN_POINT('',(4.742033416384E2,3.574810816409E2,
-3.478817234281E-11));
#1745=CARTESIAN_POINT('',(4.742220990912E2,3.573966695277E2,
-3.478817234281E-11));
#1746=CARTESIAN_POINT('',(4.742502364623E2,3.573122621819E2,
-3.478817234281E-11));
#1747=CARTESIAN_POINT('',(4.742596163806E2,3.572278500686E2,
-3.478817234281E-11));
#1748=CARTESIAN_POINT('',(4.742783738334E2,3.571434427228E2,
-3.478817234281E-11));
#1749=CARTESIAN_POINT('',(4.742783738334E2,3.570496530750E2,
-3.478817234281E-11));
#1750=CARTESIAN_POINT('',(4.742877513679E2,3.569558634273E2,
-3.478817234281E-11));
#1751=CARTESIAN_POINT('',(4.742783738334E2,3.568620737795E2,
-3.478817234281E-11));
#1752=CARTESIAN_POINT('',(4.742689939151E2,3.567682841317E2,
-3.478817234281E-11));
#1753=CARTESIAN_POINT('',(4.742596163806E2,3.566838767859E2,
-3.478817234281E-11));
#1754=CARTESIAN_POINT('',(4.742408565440E2,3.565900871381E2,
-3.478817234281E-11));
#1755=CARTESIAN_POINT('',(4.742220990912E2,3.565056750249E2,
-3.478817234281E-11));
#1756=CARTESIAN_POINT('',(4.741939641039E2,3.564306452136E2,
-3.478817234281E-11));
#1757=CARTESIAN_POINT('',(4.741658267328E2,3.563462331004E2,
-3.478817234281E-11));
#1758=CARTESIAN_POINT('',(4.741283118272E2,3.562712032891E2,
-3.478817234281E-11));
#1759=CARTESIAN_POINT('',(4.740907945378E2,3.561961734779E2,
-3.478817234281E-11));
#1760=CARTESIAN_POINT('',(4.740438997139E2,3.561305212012E2,
-3.478817234281E-11));
#1761=CARTESIAN_POINT('',(4.739970072738E2,3.560648689245E2,
-3.478817234281E-11));
#1762=CARTESIAN_POINT('',(4.739407325316E2,3.560085941823E2,
-3.478817234281E-11));
#1763=CARTESIAN_POINT('',(4.738844601732E2,3.559523242076E2,
-3.478817234281E-11));
#1764=CARTESIAN_POINT('',(4.738281854310E2,3.558960494654E2,
-3.478817234281E-11));
#1765=CARTESIAN_POINT('',(4.737625331543E2,3.558491522578E2,
-3.478817234281E-11));
#1766=CARTESIAN_POINT('',(4.736875033430E2,3.558116373522E2,
-3.478817234281E-11));
#1767=CARTESIAN_POINT('',(4.736218510663E2,3.557741224466E2,
-3.478817234281E-11));
#1768=CARTESIAN_POINT('',(4.735468188714E2,3.557459850755E2,
-3.478817234281E-11));
#1769=CARTESIAN_POINT('',(4.734717890601E2,3.557178477044E2,
-3.478817234281E-11));
#1770=CARTESIAN_POINT('',(4.733967568651E2,3.556990926353E2,
-3.478817234281E-11));
#1771=CARTESIAN_POINT('',(4.733217270539E2,3.556897151008E2,
-3.478817234281E-11));
#1772=CARTESIAN_POINT('',(4.732373173244E2,3.556803327988E2,
-3.478817234281E-11));
#1773=CARTESIAN_POINT('',(4.731622851294E2,3.556709552642E2,
-3.478817234281E-11));
#1774=CARTESIAN_POINT('',(4.730778753999E2,3.556615777297E2,
-3.478817234281E-11));
#1775=CARTESIAN_POINT('',(4.729934656704E2,3.556709552642E2,
-3.478817234281E-11));
#1776=CARTESIAN_POINT('',(4.729090559408E2,3.556803327988E2,
-3.478817234281E-11));
#1777=CARTESIAN_POINT('',(4.728246438276E2,3.556897151008E2,
-3.478817234281E-11));
#1778=CARTESIAN_POINT('',(4.727402340981E2,3.556990926353E2,
-3.478817234281E-11));
#1779=CARTESIAN_POINT('',(4.726652042868E2,3.557272300064E2,
-3.478817234281E-11));
#1780=CARTESIAN_POINT('',(4.725901720919E2,3.557553673775E2,
-3.478817234281E-11));
#1781=CARTESIAN_POINT('',(4.725151422806E2,3.557928822831E2,
-3.478817234281E-11));
#1782=CARTESIAN_POINT('',(4.724401100856E2,3.558303971887E2,
-3.478817234281E-11));
#1783=CARTESIAN_POINT('',(4.723744578089E2,3.558772896289E2,
-3.478817234281E-11));
#1784=CARTESIAN_POINT('',(4.723088055322E2,3.559241868365E2,
-3.478817234281E-11));
#1785=CARTESIAN_POINT('',(4.722525331738E2,3.559710792767E2,
-3.478817234281E-11));
#1786=CARTESIAN_POINT('',(4.721962584316E2,3.560367315534E2,
-3.478817234281E-11));
#1787=CARTESIAN_POINT('',(4.721493659915E2,3.560930062955E2,
-3.478817234281E-11));
#1788=CARTESIAN_POINT('',(4.721024711676E2,3.561586585722E2,
-3.478817234281E-11));
#1789=CARTESIAN_POINT('',(4.720555763437E2,3.562243108489E2,
-3.478817234281E-11));
#1790=CARTESIAN_POINT('',(4.720180614380E2,3.562993406602E2,
-3.478817234281E-11));
#1791=CARTESIAN_POINT('',(4.719805441487E2,3.563743704715E2,
-3.478817234281E-11));
#1792=CARTESIAN_POINT('',(4.719524091613E2,3.564494050501E2,
-3.478817234281E-11));
#1793=CARTESIAN_POINT('',(4.719336493248E2,3.565244348614E2,
-3.478817234281E-11));
#1794=CARTESIAN_POINT('',(4.719055143374E2,3.565994646727E2,
-3.478817234281E-11));
#1795=CARTESIAN_POINT('',(4.718961344192E2,3.566838767859E2,
-3.478817234281E-11));
#1796=CARTESIAN_POINT('',(4.718773769664E2,3.567589065971E2,
-3.478817234281E-11));
#1797=CARTESIAN_POINT('',(4.718773769664E2,3.568433187104E2,
-3.478817234281E-11));
#1798=CARTESIAN_POINT('',(4.718773769664E2,3.569277260562E2,
-3.478817234281E-11));
#1800=CARTESIAN_POINT('',(4.722243958027E2,3.569277260562E2,
-3.478817234281E-11));
#1801=CARTESIAN_POINT('',(4.722243958027E2,3.568151813393E2,
-3.478817234281E-11));
#1802=CARTESIAN_POINT('',(4.722337757210E2,3.567120141570E2,
-3.478817234281E-11));
#1803=CARTESIAN_POINT('',(4.722525331738E2,3.566088422072E2,
-3.478817234281E-11));
#1804=CARTESIAN_POINT('',(4.722806681612E2,3.565244348614E2,
-3.478817234281E-11));
#1805=CARTESIAN_POINT('',(4.723181854505E2,3.564400227482E2,
-3.478817234281E-11));
#1806=CARTESIAN_POINT('',(4.723557003561E2,3.563556154024E2,
-3.478817234281E-11));
#1807=CARTESIAN_POINT('',(4.724025951800E2,3.562805808237E2,
-3.478817234281E-11));
#1808=CARTESIAN_POINT('',(4.724682474567E2,3.562149285470E2,
-3.478817234281E-11));
#1809=CARTESIAN_POINT('',(4.725245198152E2,3.561586585722E2,
-3.478817234281E-11));
#1810=CARTESIAN_POINT('',(4.725901720919E2,3.561023838301E2,
-3.478817234281E-11));
#1811=CARTESIAN_POINT('',(4.726652042868E2,3.560554913899E2,
-3.478817234281E-11));
#1812=CARTESIAN_POINT('',(4.727402340981E2,3.560179764843E2,
-3.478817234281E-11));
#1813=CARTESIAN_POINT('',(4.728152662931E2,3.559898391132E2,
-3.478817234281E-11));
#1814=CARTESIAN_POINT('',(4.728996760226E2,3.559710792767E2,
-3.478817234281E-11));
#1815=CARTESIAN_POINT('',(4.729840857521E2,3.559617017421E2,
-3.478817234281E-11));
#1816=CARTESIAN_POINT('',(4.730778753999E2,3.559617017421E2,
-3.478817234281E-11));
#1817=CARTESIAN_POINT('',(4.731716650477E2,3.559617017421E2,
-3.478817234281E-11));
#1818=CARTESIAN_POINT('',(4.732560747772E2,3.559710792767E2,
-3.478817234281E-11));
#1819=CARTESIAN_POINT('',(4.733404845067E2,3.559898391132E2,
-3.478817234281E-11));
#1820=CARTESIAN_POINT('',(4.734155143180E2,3.560179764843E2,
-3.478817234281E-11));
#1821=CARTESIAN_POINT('',(4.734905465129E2,3.560554913899E2,
-3.478817234281E-11));
#1822=CARTESIAN_POINT('',(4.735655763242E2,3.561023838301E2,
-3.478817234281E-11));
#1823=CARTESIAN_POINT('',(4.736312286009E2,3.561586585722E2,
-3.478817234281E-11));
#1824=CARTESIAN_POINT('',(4.736968808776E2,3.562149285470E2,
-3.478817234281E-11));
#1825=CARTESIAN_POINT('',(4.737531556197E2,3.562899631257E2,
-3.478817234281E-11));
#1826=CARTESIAN_POINT('',(4.738000504436E2,3.563649929369E2,
-3.478817234281E-11));
#1827=CARTESIAN_POINT('',(4.738375653493E2,3.564494050501E2,
-3.478817234281E-11));
#1828=CARTESIAN_POINT('',(4.738750802549E2,3.565338123959E2,
-3.478817234281E-11));
#1829=CARTESIAN_POINT('',(4.739032176260E2,3.566276020437E2,
-3.478817234281E-11));
#1830=CARTESIAN_POINT('',(4.739219750788E2,3.567307692261E2,
-3.478817234281E-11));
#1831=CARTESIAN_POINT('',(4.739313549970E2,3.568433187104E2,
-3.478817234281E-11));
#1832=CARTESIAN_POINT('',(4.739407325316E2,3.569558634273E2,
-3.478817234281E-11));
#1833=CARTESIAN_POINT('',(4.739313549970E2,3.571059278172E2,
-3.478817234281E-11));
#1834=CARTESIAN_POINT('',(4.739125975442E2,3.572466099052E2,
-3.478817234281E-11));
#1835=CARTESIAN_POINT('',(4.738750802549E2,3.573685321566E2,
-3.478817234281E-11));
#1836=CARTESIAN_POINT('',(4.738281854310E2,3.574904591754E2,
-3.478817234281E-11));
#1837=CARTESIAN_POINT('',(4.737719130726E2,3.575936263578E2,
-3.478817234281E-11));
#1838=CARTESIAN_POINT('',(4.737062607959E2,3.576874160056E2,
-3.478817234281E-11));
#1839=CARTESIAN_POINT('',(4.736218510663E2,3.577718281188E2,
-3.478817234281E-11));
#1840=CARTESIAN_POINT('',(4.735280614186E2,3.578374803955E2,
-3.478817234281E-11));
#1841=CARTESIAN_POINT('',(4.734248942362E2,3.578937503702E2,
-3.478817234281E-11));
#1842=CARTESIAN_POINT('',(4.733217270539E2,3.579312700433E2,
-3.478817234281E-11));
#1843=CARTESIAN_POINT('',(4.731998000350E2,3.579594026469E2,
-3.478817234281E-11));
#1844=CARTESIAN_POINT('',(4.730778753999E2,3.579687849489E2,
-3.478817234281E-11));
#1845=CARTESIAN_POINT('',(4.729934656704E2,3.579594026469E2,
-3.478817234281E-11));
#1846=CARTESIAN_POINT('',(4.729090559408E2,3.579500251124E2,
-3.478817234281E-11));
#1847=CARTESIAN_POINT('',(4.728340237459E2,3.579312700433E2,
-3.478817234281E-11));
#1848=CARTESIAN_POINT('',(4.727496140164E2,3.579031326722E2,
-3.478817234281E-11));
#1849=CARTESIAN_POINT('',(4.726745818214E2,3.578749953011E2,
-3.478817234281E-11));
#1850=CARTESIAN_POINT('',(4.726089295447E2,3.578280980935E2,
-3.478817234281E-11));
#1851=CARTESIAN_POINT('',(4.725432772680E2,3.577812056533E2,
-3.478817234281E-11));
#1852=CARTESIAN_POINT('',(4.724776249913E2,3.577249309112E2,
-3.478817234281E-11));
#1853=CARTESIAN_POINT('',(4.724119727146E2,3.576592786345E2,
-3.478817234281E-11));
#1854=CARTESIAN_POINT('',(4.723650802744E2,3.575842488232E2,
-3.478817234281E-11));
#1855=CARTESIAN_POINT('',(4.723181854505E2,3.574998367100E2,
-3.478817234281E-11));
#1856=CARTESIAN_POINT('',(4.722806681612E2,3.574060518296E2,
-3.478817234281E-11));
#1857=CARTESIAN_POINT('',(4.722525331738E2,3.573028846473E2,
-3.478817234281E-11));
#1858=CARTESIAN_POINT('',(4.722337757210E2,3.571809576284E2,
-3.478817234281E-11));
#1859=CARTESIAN_POINT('',(4.722243958027E2,3.570590306096E2,
-3.478817234281E-11));
#1860=CARTESIAN_POINT('',(4.722243958027E2,3.569277260562E2,
-3.478817234281E-11));
#1862=CARTESIAN_POINT('',(4.755445245436E2,3.564587825847E2,
-3.478817234281E-11));
#1863=CARTESIAN_POINT('',(4.755445245436E2,3.567682841317E2,
-3.478817234281E-11));
#1864=CARTESIAN_POINT('',(4.765011713231E2,3.567682841317E2,
-3.478817234281E-11));
#1865=CARTESIAN_POINT('',(4.765011713231E2,3.564587825847E2,
-3.478817234281E-11));
#1866=CARTESIAN_POINT('',(4.755445245436E2,3.564587825847E2,
-3.478817234281E-11));
#1868=CARTESIAN_POINT('',(4.778611092974E2,3.556990926353E2,
-3.478817234281E-11));
#1869=CARTESIAN_POINT('',(4.778611092974E2,3.582220117538E2,
-3.478817234281E-11));
#1870=CARTESIAN_POINT('',(4.781987505992E2,3.582220117538E2,
-3.478817234281E-11));
#1871=CARTESIAN_POINT('',(4.781987505992E2,3.571903351630E2,
-3.478817234281E-11));
#1872=CARTESIAN_POINT('',(4.795024162150E2,3.571903351630E2,
-3.478817234281E-11));
#1873=CARTESIAN_POINT('',(4.795024162150E2,3.582220117538E2,
-3.478817234281E-11));
#1874=CARTESIAN_POINT('',(4.798400551331E2,3.582220117538E2,
-3.478817234281E-11));
#1875=CARTESIAN_POINT('',(4.798400551331E2,3.556990926353E2,
-3.478817234281E-11));
#1876=CARTESIAN_POINT('',(4.795024162150E2,3.556990926353E2,
-3.478817234281E-11));
#1877=CARTESIAN_POINT('',(4.795024162150E2,3.568902111505E2,
-3.478817234281E-11));
#1878=CARTESIAN_POINT('',(4.781987505992E2,3.568902111505E2,
-3.478817234281E-11));
#1879=CARTESIAN_POINT('',(4.781987505992E2,3.556990926353E2,
-3.478817234281E-11));
#1880=CARTESIAN_POINT('',(4.778611092974E2,3.556990926353E2,
-3.478817234281E-11));
#1882=CARTESIAN_POINT('',(4.813781936765E2,3.556990926353E2,
-3.478817234281E-11));
#1883=CARTESIAN_POINT('',(4.813781936765E2,3.582220117538E2,
-3.478817234281E-11));
#1884=CARTESIAN_POINT('',(4.822410520001E2,3.582220117538E2,
-3.478817234281E-11));
#1885=CARTESIAN_POINT('',(4.823067042768E2,3.582126342192E2,
-3.478817234281E-11));
#1886=CARTESIAN_POINT('',(4.823723565535E2,3.582126342192E2,
-3.478817234281E-11));
#1887=CARTESIAN_POINT('',(4.824380088302E2,3.582126342192E2,
-3.478817234281E-11));
#1888=CARTESIAN_POINT('',(4.824942823805E2,3.582126342192E2,
-3.478817234281E-11));
#1889=CARTESIAN_POINT('',(4.825505547390E2,3.582032566847E2,
-3.478817234281E-11));
#1890=CARTESIAN_POINT('',(4.825974495628E2,3.581938791501E2,
-3.478817234281E-11));
#1891=CARTESIAN_POINT('',(4.826443443867E2,3.581938791501E2,
-3.478817234281E-11));
#1892=CARTESIAN_POINT('',(4.826818592924E2,3.581844968481E2,
-3.478817234281E-11));
#1893=CARTESIAN_POINT('',(4.827850276666E2,3.581469819425E2,
-3.478817234281E-11));
#1894=CARTESIAN_POINT('',(4.828788161225E2,3.581094670369E2,
-3.478817234281E-11));
#1895=CARTESIAN_POINT('',(4.829726057703E2,3.580625745967E2,
-3.478817234281E-11));
#1896=CARTESIAN_POINT('',(4.830476367734E2,3.579969223200E2,
-3.478817234281E-11));
#1897=CARTESIAN_POINT('',(4.831414252293E2,3.579125102068E2,
-3.478817234281E-11));
#1898=CARTESIAN_POINT('',(4.832258349588E2,3.578093430244E2,
-3.478817234281E-11));
#1899=CARTESIAN_POINT('',(4.832914872355E2,3.576967935401E2,
-3.478817234281E-11));
#1900=CARTESIAN_POINT('',(4.833477607858E2,3.575654889867E2,
-3.478817234281E-11));
#1901=CARTESIAN_POINT('',(4.833946556097E2,3.574341844333E2,
-3.478817234281E-11));
#1902=CARTESIAN_POINT('',(4.834227917889E2,3.572841248108E2,
-3.478817234281E-11));
#1903=CARTESIAN_POINT('',(4.834415492417E2,3.571340604208E2,
-3.478817234281E-11));
#1904=CARTESIAN_POINT('',(4.834509291600E2,3.569652409618E2,
-3.478817234281E-11));
#1905=CARTESIAN_POINT('',(4.834415492417E2,3.568339364084E2,
-3.478817234281E-11));
#1906=CARTESIAN_POINT('',(4.834321705153E2,3.567026318550E2,
-3.478817234281E-11));
#1907=CARTESIAN_POINT('',(4.834134130625E2,3.565713273016E2,
-3.478817234281E-11));
#1908=CARTESIAN_POINT('',(4.833758969650E2,3.564587825847E2,
-3.478817234281E-11));
#1909=CARTESIAN_POINT('',(4.833477607858E2,3.563556154024E2,
-3.478817234281E-11));
#1910=CARTESIAN_POINT('',(4.833008659619E2,3.562618257546E2,
-3.478817234281E-11));
#1911=CARTESIAN_POINT('',(4.832539723299E2,3.561680361068E2,
-3.478817234281E-11));
#1912=CARTESIAN_POINT('',(4.832070775060E2,3.560930062955E2,
-3.478817234281E-11));
#1913=CARTESIAN_POINT('',(4.831508039557E2,3.560273540188E2,
-3.478817234281E-11));
#1914=CARTESIAN_POINT('',(4.831039091318E2,3.559617017421E2,
-3.478817234281E-11));
#1915=CARTESIAN_POINT('',(4.830382580470E2,3.55905427E2,-3.478817234281E-11));
#1916=CARTESIAN_POINT('',(4.829819844967E2,3.558679120943E2,
-3.478817234281E-11));
#1917=CARTESIAN_POINT('',(4.829163322200E2,3.558210196542E2,
-3.478817234281E-11));
#1918=CARTESIAN_POINT('',(4.828413012169E2,3.557928822831E2,
-3.478817234281E-11));
#1919=CARTESIAN_POINT('',(4.827662702137E2,3.557647449120E2,
-3.478817234281E-11));
#1920=CARTESIAN_POINT('',(4.826818592924E2,3.557366075409E2,
-3.478817234281E-11));
#1921=CARTESIAN_POINT('',(4.825880708364E2,3.557178477044E2,
-3.478817234281E-11));
#1922=CARTESIAN_POINT('',(4.824942823805E2,3.557084701699E2,
-3.478817234281E-11));
#1923=CARTESIAN_POINT('',(4.823911140063E2,3.556990926353E2,
-3.478817234281E-11));
#1924=CARTESIAN_POINT('',(4.822785669057E2,3.556990926353E2,
-3.478817234281E-11));
#1925=CARTESIAN_POINT('',(4.813781936765E2,3.556990926353E2,
-3.478817234281E-11));
#1927=CARTESIAN_POINT('',(4.817158337865E2,3.559992166478E2,
-3.478817234281E-11));
#1928=CARTESIAN_POINT('',(4.822410520001E2,3.559992166478E2,
-3.478817234281E-11));
#1929=CARTESIAN_POINT('',(4.823629778271E2,3.559992166478E2,
-3.478817234281E-11));
#1930=CARTESIAN_POINT('',(4.824661450094E2,3.560085941823E2,
-3.478817234281E-11));
#1931=CARTESIAN_POINT('',(4.825505547390E2,3.560179764843E2,
-3.478817234281E-11));
#1932=CARTESIAN_POINT('',(4.826255857421E2,3.560367315534E2,
-3.478817234281E-11));
#1933=CARTESIAN_POINT('',(4.826912380188E2,3.560648689245E2,
-3.478817234281E-11));
#1934=CARTESIAN_POINT('',(4.827568902955E2,3.560930062955E2,
-3.478817234281E-11));
#1935=CARTESIAN_POINT('',(4.828037851194E2,3.561305212012E2,
-3.478817234281E-11));
#1936=CARTESIAN_POINT('',(4.828506799433E2,3.561680361068E2,
-3.478817234281E-11));
#1937=CARTESIAN_POINT('',(4.829069534936E2,3.562336883835E2,
-3.478817234281E-11));
#1938=CARTESIAN_POINT('',(4.829538471256E2,3.563087181948E2,
-3.478817234281E-11));
#1939=CARTESIAN_POINT('',(4.830007419495E2,3.563931303080E2,
-3.478817234281E-11));
#1940=CARTESIAN_POINT('',(4.830382580470E2,3.564869199558E2,
-3.478817234281E-11));
#1941=CARTESIAN_POINT('',(4.830663942262E2,3.565994646727E2,
-3.478817234281E-11));
#1942=CARTESIAN_POINT('',(4.830851516790E2,3.567120141570E2,
-3.478817234281E-11));
#1943=CARTESIAN_POINT('',(4.830945304054E2,3.568339364084E2,
-3.478817234281E-11));
#1944=CARTESIAN_POINT('',(4.831039091318E2,3.569746232638E2,
-3.478817234281E-11));
#1945=CARTESIAN_POINT('',(4.830945304054E2,3.570684081441E2,
-3.478817234281E-11));
#1946=CARTESIAN_POINT('',(4.830945304054E2,3.571621977919E2,
-3.478817234281E-11));
#1947=CARTESIAN_POINT('',(4.830851516790E2,3.572466099052E2,
-3.478817234281E-11));
#1948=CARTESIAN_POINT('',(4.830663942262E2,3.573216397164E2,
-3.478817234281E-11));
#1949=CARTESIAN_POINT('',(4.830476367734E2,3.573966695277E2,
-3.478817234281E-11));
#1950=CARTESIAN_POINT('',(4.830288781287E2,3.574623218044E2,
-3.478817234281E-11));
#1951=CARTESIAN_POINT('',(4.830007419495E2,3.575279740811E2,
-3.478817234281E-11));
#1952=CARTESIAN_POINT('',(4.829726057703E2,3.575842488232E2,
-3.478817234281E-11));
#1953=CARTESIAN_POINT('',(4.829350896728E2,3.576311412634E2,
-3.478817234281E-11));
#1954=CARTESIAN_POINT('',(4.829069534936E2,3.576780384710E2,
-3.478817234281E-11));
#1955=CARTESIAN_POINT('',(4.828694373961E2,3.577249309112E2,
-3.478817234281E-11));
#1956=CARTESIAN_POINT('',(4.828319212986E2,3.577624458168E2,
-3.478817234281E-11));
#1957=CARTESIAN_POINT('',(4.827944063930E2,3.577905831879E2,
-3.478817234281E-11));
#1958=CARTESIAN_POINT('',(4.827475115691E2,3.578187205590E2,
-3.478817234281E-11));
#1959=CARTESIAN_POINT('',(4.827006179370E2,3.578468579300E2,
-3.478817234281E-11));
#1960=CARTESIAN_POINT('',(4.826631018396E2,3.578656177666E2,
-3.478817234281E-11));
#1961=CARTESIAN_POINT('',(4.826255857421E2,3.578749953011E2,
-3.478817234281E-11));
#1962=CARTESIAN_POINT('',(4.825880708364E2,3.578843728357E2,
-3.478817234281E-11));
#1963=CARTESIAN_POINT('',(4.825411760125E2,3.578937503702E2,
-3.478817234281E-11));
#1964=CARTESIAN_POINT('',(4.824849024622E2,3.579031326722E2,
-3.478817234281E-11));
#1965=CARTESIAN_POINT('',(4.824286301038E2,3.579125102068E2,
-3.478817234281E-11));
#1966=CARTESIAN_POINT('',(4.823723565535E2,3.579125102068E2,
-3.478817234281E-11));
#1967=CARTESIAN_POINT('',(4.823067042768E2,3.579125102068E2,
-3.478817234281E-11));
#1968=CARTESIAN_POINT('',(4.822316732737E2,3.579218877413E2,
-3.478817234281E-11));
#1969=CARTESIAN_POINT('',(4.817158337865E2,3.579218877413E2,
-3.478817234281E-11));
#1970=CARTESIAN_POINT('',(4.817158337865E2,3.559992166478E2,
-3.478817234281E-11));
#1972=CARTESIAN_POINT('',(4.839198738234E2,3.556990926353E2,
-3.478817234281E-11));
#1973=CARTESIAN_POINT('',(4.839198738234E2,3.582220117538E2,
-3.478817234281E-11));
#1974=CARTESIAN_POINT('',(4.850359613355E2,3.582220117538E2,
-3.478817234281E-11));
#1975=CARTESIAN_POINT('',(4.851109923386E2,3.582126342192E2,
-3.478817234281E-11));
#1976=CARTESIAN_POINT('',(4.851860233417E2,3.582126342192E2,
-3.478817234281E-11));
#1977=CARTESIAN_POINT('',(4.852610543448E2,3.582032566847E2,
-3.478817234281E-11));
#1978=CARTESIAN_POINT('',(4.853267066215E2,3.582032566847E2,
-3.478817234281E-11));
#1979=CARTESIAN_POINT('',(4.853829801718E2,3.581938791501E2,
-3.478817234281E-11));
#1980=CARTESIAN_POINT('',(4.854392537221E2,3.581751193136E2,
-3.478817234281E-11));
#1981=CARTESIAN_POINT('',(4.854955272724E2,3.581657417790E2,
-3.478817234281E-11));
#1982=CARTESIAN_POINT('',(4.855424209045E2,3.581469819425E2,
-3.478817234281E-11));
#1983=CARTESIAN_POINT('',(4.856268318258E2,3.581094670369E2,
-3.478817234281E-11));
#1984=CARTESIAN_POINT('',(4.856924841025E2,3.580531922947E2,
-3.478817234281E-11));
#1985=CARTESIAN_POINT('',(4.857581363792E2,3.579875400180E2,
-3.478817234281E-11));
#1986=CARTESIAN_POINT('',(4.858144087377E2,3.579125102068E2,
-3.478817234281E-11));
#1987=CARTESIAN_POINT('',(4.858613035616E2,3.578187205590E2,
-3.478817234281E-11));
#1988=CARTESIAN_POINT('',(4.858988196591E2,3.577249309112E2,
-3.478817234281E-11));
#1989=CARTESIAN_POINT('',(4.859175771119E2,3.576311412634E2,
-3.478817234281E-11));
#1990=CARTESIAN_POINT('',(4.859269558383E2,3.575279740811E2,
-3.478817234281E-11));
#1991=CARTESIAN_POINT('',(4.859175771119E2,3.574623218044E2,
-3.478817234281E-11));
#1992=CARTESIAN_POINT('',(4.859081983855E2,3.573966695277E2,
-3.478817234281E-11));
#1993=CARTESIAN_POINT('',(4.858988196591E2,3.573403995529E2,
-3.478817234281E-11));
#1994=CARTESIAN_POINT('',(4.858800610144E2,3.572747472762E2,
-3.478817234281E-11));
#1995=CARTESIAN_POINT('',(4.858519248352E2,3.572278500686E2,
-3.478817234281E-11));
#1996=CARTESIAN_POINT('',(4.858237886559E2,3.571715800939E2,
-3.478817234281E-11));
#1997=CARTESIAN_POINT('',(4.857862725585E2,3.571246828863E2,
-3.478817234281E-11));
#1998=CARTESIAN_POINT('',(4.857487564610E2,3.570777904461E2,
-3.478817234281E-11));
#1999=CARTESIAN_POINT('',(4.857018628289E2,3.570308932385E2,
-3.478817234281E-11));
#2000=CARTESIAN_POINT('',(4.856549680051E2,3.569933783329E2,
-3.478817234281E-11));
#2001=CARTESIAN_POINT('',(4.855986944548E2,3.569558634273E2,
-3.478817234281E-11));
#2002=CARTESIAN_POINT('',(4.855330421781E2,3.569183485216E2,
-3.478817234281E-11));
#2003=CARTESIAN_POINT('',(4.854580111749E2,3.568995886851E2,
-3.478817234281E-11));
#2004=CARTESIAN_POINT('',(4.853829801718E2,3.568714513140E2,
-3.478817234281E-11));
#2005=CARTESIAN_POINT('',(4.853079491687E2,3.568526962449E2,
-3.478817234281E-11));
#2006=CARTESIAN_POINT('',(4.852141607128E2,3.568433187104E2,
-3.478817234281E-11));
#2007=CARTESIAN_POINT('',(4.852798129895E2,3.568057990373E2,
-3.478817234281E-11));
#2008=CARTESIAN_POINT('',(4.853360853479E2,3.567776664337E2,
-3.478817234281E-11));
#2009=CARTESIAN_POINT('',(4.853829801718E2,3.567401467606E2,
-3.478817234281E-11));
#2010=CARTESIAN_POINT('',(4.854204962693E2,3.567120141570E2,
-3.478817234281E-11));
#2011=CARTESIAN_POINT('',(4.854861485460E2,3.566463618803E2,
-3.478817234281E-11));
#2012=CARTESIAN_POINT('',(4.855611795491E2,3.565619497670E2,
-3.478817234281E-11));
#2013=CARTESIAN_POINT('',(4.856268318258E2,3.564775376538E2,
-3.478817234281E-11));
#2014=CARTESIAN_POINT('',(4.856924841025E2,3.563743704715E2,
-3.478817234281E-11));
#2015=CARTESIAN_POINT('',(4.861239126684E2,3.556990926353E2,
-3.478817234281E-11));
#2016=CARTESIAN_POINT('',(4.857112415554E2,3.556990926353E2,
-3.478817234281E-11));
#2017=CARTESIAN_POINT('',(4.853829801718E2,3.562149285470E2,
-3.478817234281E-11));
#2018=CARTESIAN_POINT('',(4.853079491687E2,3.563274780313E2,
-3.478817234281E-11));
#2019=CARTESIAN_POINT('',(4.852516756184E2,3.564212676791E2,
-3.478817234281E-11));
#2020=CARTESIAN_POINT('',(4.851954020681E2,3.564962974903E2,
-3.478817234281E-11));
#2021=CARTESIAN_POINT('',(4.851391285178E2,3.565619497670E2,
-3.478817234281E-11));
#2022=CARTESIAN_POINT('',(4.850922348858E2,3.566182245092E2,
-3.478817234281E-11));
#2023=CARTESIAN_POINT('',(4.850547187883E2,3.566651169494E2,
-3.478817234281E-11));
#2024=CARTESIAN_POINT('',(4.850078251563E2,3.567026318550E2,
-3.478817234281E-11));
#2025=CARTESIAN_POINT('',(4.849703090588E2,3.567307692261E2,
-3.478817234281E-11));
#2026=CARTESIAN_POINT('',(4.848952780557E2,3.567682841317E2,
-3.478817234281E-11));
#2027=CARTESIAN_POINT('',(4.848202470526E2,3.567964215028E2,
-3.478817234281E-11));
#2028=CARTESIAN_POINT('',(4.847921096815E2,3.568057990373E2,
-3.478817234281E-11));
#2029=CARTESIAN_POINT('',(4.847452160494E2,3.568057990373E2,
-3.478817234281E-11));
#2030=CARTESIAN_POINT('',(4.846983212256E2,3.568057990373E2,
-3.478817234281E-11));
#2031=CARTESIAN_POINT('',(4.846326689488E2,3.568151813393E2,
-3.478817234281E-11));
#2032=CARTESIAN_POINT('',(4.842575127414E2,3.568151813393E2,
-3.478817234281E-11));
#2033=CARTESIAN_POINT('',(4.842575127414E2,3.556990926353E2,
-3.478817234281E-11));
#2034=CARTESIAN_POINT('',(4.839198738234E2,3.556990926353E2,
-3.478817234281E-11));
#2036=CARTESIAN_POINT('',(4.842575127414E2,3.571153053517E2,
-3.478817234281E-11));
#2037=CARTESIAN_POINT('',(4.849609303324E2,3.571153053517E2,
-3.478817234281E-11));
#2038=CARTESIAN_POINT('',(4.850734774330E2,3.571153053517E2,
-3.478817234281E-11));
#2039=CARTESIAN_POINT('',(4.851672658889E2,3.571246828863E2,
-3.478817234281E-11));
#2040=CARTESIAN_POINT('',(4.852516756184E2,3.571340604208E2,
-3.478817234281E-11));
#2041=CARTESIAN_POINT('',(4.853173278951E2,3.571528202574E2,
-3.478817234281E-11));
#2042=CARTESIAN_POINT('',(4.853736014454E2,3.571809576284E2,
-3.478817234281E-11));
#2043=CARTESIAN_POINT('',(4.854298749957E2,3.572184725341E2,
-3.478817234281E-11));
#2044=CARTESIAN_POINT('',(4.854767686278E2,3.572559874397E2,
-3.478817234281E-11));
#2045=CARTESIAN_POINT('',(4.855142847252E2,3.573028846473E2,
-3.478817234281E-11));
#2046=CARTESIAN_POINT('',(4.855424209045E2,3.573591546220E2,
-3.478817234281E-11));
#2047=CARTESIAN_POINT('',(4.855611795491E2,3.574154293642E2,
-3.478817234281E-11));
#2048=CARTESIAN_POINT('',(4.855705582755E2,3.574717041063E2,
-3.478817234281E-11));
#2049=CARTESIAN_POINT('',(4.855799370019E2,3.575279740811E2,
-3.478817234281E-11));
#2050=CARTESIAN_POINT('',(4.855705582755E2,3.575748712887E2,
-3.478817234281E-11));
#2051=CARTESIAN_POINT('',(4.855705582755E2,3.576123861943E2,
-3.478817234281E-11));
#2052=CARTESIAN_POINT('',(4.855611795491E2,3.576592786345E2,
-3.478817234281E-11));
#2053=CARTESIAN_POINT('',(4.855424209045E2,3.576967935401E2,
-3.478817234281E-11));
#2054=CARTESIAN_POINT('',(4.855236634516E2,3.577249309112E2,
-3.478817234281E-11));
#2055=CARTESIAN_POINT('',(4.855049059988E2,3.577624458168E2,
-3.478817234281E-11));
#2056=CARTESIAN_POINT('',(4.854767686278E2,3.577905831879E2,
-3.478817234281E-11));
#2057=CARTESIAN_POINT('',(4.854486324485E2,3.578187205590E2,
-3.478817234281E-11));
#2058=CARTESIAN_POINT('',(4.854111163510E2,3.578468579300E2,
-3.478817234281E-11));
#2059=CARTESIAN_POINT('',(4.853736014454E2,3.578749953011E2,
-3.478817234281E-11));
#2060=CARTESIAN_POINT('',(4.853360853479E2,3.578937503702E2,
-3.478817234281E-11));
#2061=CARTESIAN_POINT('',(4.852798129895E2,3.579031326722E2,
-3.478817234281E-11));
#2062=CARTESIAN_POINT('',(4.852329181656E2,3.579218877413E2,
-3.478817234281E-11));
#2063=CARTESIAN_POINT('',(4.851766446153E2,3.579312700433E2,
-3.478817234281E-11));
#2064=CARTESIAN_POINT('',(4.851109923386E2,3.579312700433E2,
-3.478817234281E-11));
#2065=CARTESIAN_POINT('',(4.850453400619E2,3.579406475778E2,
-3.478817234281E-11));
#2066=CARTESIAN_POINT('',(4.842575127414E2,3.579406475778E2,
-3.478817234281E-11));
#2067=CARTESIAN_POINT('',(4.842575127414E2,3.571153053517E2,
-3.478817234281E-11));
#2069=CARTESIAN_POINT('',(4.864990688758E2,3.556990926353E2,
-3.478817234281E-11));
#2070=CARTESIAN_POINT('',(4.864990688758E2,3.582220117538E2,
-3.478817234281E-11));
#2071=CARTESIAN_POINT('',(4.868367089857E2,3.582220117538E2,
-3.478817234281E-11));
#2072=CARTESIAN_POINT('',(4.868367089857E2,3.556990926353E2,
-3.478817234281E-11));
#2073=CARTESIAN_POINT('',(4.864990688758E2,3.556990926353E2,
-3.478817234281E-11));
#2075=CARTESIAN_POINT('',(4.874088208314E2,3.556990926353E2,
-3.478817234281E-11));
#2076=CARTESIAN_POINT('',(4.874088208314E2,3.582220117538E2,
-3.478817234281E-11));
#2077=CARTESIAN_POINT('',(4.877464609414E2,3.582220117538E2,
-3.478817234281E-11));
#2078=CARTESIAN_POINT('',(4.877464609414E2,3.559992166478E2,
-3.478817234281E-11));
#2079=CARTESIAN_POINT('',(4.889938530069E2,3.559992166478E2,
-3.478817234281E-11));
#2080=CARTESIAN_POINT('',(4.889938530069E2,3.556990926353E2,
-3.478817234281E-11));
#2081=CARTESIAN_POINT('',(4.874088208314E2,3.556990926353E2,
-3.478817234281E-11));
#2083=CARTESIAN_POINT('',(4.893690092143E2,3.556990926353E2,
-3.478817234281E-11));
#2084=CARTESIAN_POINT('',(4.893690092143E2,3.582220117538E2,
-3.478817234281E-11));
#2085=CARTESIAN_POINT('',(4.897066493242E2,3.582220117538E2,
-3.478817234281E-11));
#2086=CARTESIAN_POINT('',(4.897066493242E2,3.559992166478E2,
-3.478817234281E-11));
#2087=CARTESIAN_POINT('',(4.909540413898E2,3.559992166478E2,
-3.478817234281E-11));
#2088=CARTESIAN_POINT('',(4.909540413898E2,3.556990926353E2,
-3.478817234281E-11));
#2089=CARTESIAN_POINT('',(4.893690092143E2,3.556990926353E2,
-3.478817234281E-11));
#2091=CARTESIAN_POINT('',(4.531383526529E2,3.522148355864E2,
-3.478817234281E-11));
#2092=CARTESIAN_POINT('',(4.531383526529E2,3.519147115739E2,
-3.478817234281E-11));
#2093=CARTESIAN_POINT('',(4.514689083642E2,3.519147115739E2,
-3.478817234281E-11));
#2094=CARTESIAN_POINT('',(4.514689083642E2,3.519616040141E2,
-3.478817234281E-11));
#2095=CARTESIAN_POINT('',(4.514689083642E2,3.520178787563E2,
-3.478817234281E-11));
#2096=CARTESIAN_POINT('',(4.514876682007E2,3.520741487310E2,
-3.478817234281E-11));
#2097=CARTESIAN_POINT('',(4.514970457353E2,3.521210459386E2,
-3.478817234281E-11));
#2098=CARTESIAN_POINT('',(4.515345606409E2,3.522148355864E2,
-3.478817234281E-11));
#2099=CARTESIAN_POINT('',(4.515814578485E2,3.522992429322E2,
-3.478817234281E-11));
#2100=CARTESIAN_POINT('',(4.516377278232E2,3.523742727434E2,
-3.478817234281E-11));
#2101=CARTESIAN_POINT('',(4.517033800999E2,3.524586848567E2,
-3.478817234281E-11));
#2102=CARTESIAN_POINT('',(4.517784146786E2,3.525430969699E2,
-3.478817234281E-11));
#2103=CARTESIAN_POINT('',(4.518722043264E2,3.526368818503E2,
-3.478817234281E-11));
#2104=CARTESIAN_POINT('',(4.519847490433E2,3.527400538E2,-3.478817234281E-11));
#2105=CARTESIAN_POINT('',(4.521066760621E2,3.528432209823E2,
-3.478817234281E-11));
#2106=CARTESIAN_POINT('',(4.522098432445E2,3.529276283281E2,
-3.478817234281E-11));
#2107=CARTESIAN_POINT('',(4.523036328922E2,3.530026629068E2,
-3.478817234281E-11));
#2108=CARTESIAN_POINT('',(4.523786627035E2,3.530776927181E2,
-3.478817234281E-11));
#2109=CARTESIAN_POINT('',(4.524536925148E2,3.531433449948E2,
-3.478817234281E-11));
#2110=CARTESIAN_POINT('',(4.525193447915E2,3.532089972715E2,
-3.478817234281E-11));
#2111=CARTESIAN_POINT('',(4.525849970682E2,3.532746495482E2,
-3.478817234281E-11));
#2112=CARTESIAN_POINT('',(4.526318942758E2,3.533309195229E2,
-3.478817234281E-11));
#2113=CARTESIAN_POINT('',(4.526694091814E2,3.533778167305E2,
-3.478817234281E-11));
#2114=CARTESIAN_POINT('',(4.527069240870E2,3.534247091707E2,
-3.478817234281E-11));
#2115=CARTESIAN_POINT('',(4.527350614581E2,3.534716063783E2,
-3.478817234281E-11));
#2116=CARTESIAN_POINT('',(4.527631988292E2,3.535278763530E2,
-3.478817234281E-11));
#2117=CARTESIAN_POINT('',(4.527819538983E2,3.535747735607E2,
-3.478817234281E-11));
#2118=CARTESIAN_POINT('',(4.528007137348E2,3.536122884663E2,
-3.478817234281E-11));
#2119=CARTESIAN_POINT('',(4.528194688039E2,3.536591809065E2,
-3.478817234281E-11));
#2120=CARTESIAN_POINT('',(4.528194688039E2,3.537060781141E2,
-3.478817234281E-11));
#2121=CARTESIAN_POINT('',(4.528288511059E2,3.537529705542E2,
-3.478817234281E-11));
#2122=CARTESIAN_POINT('',(4.528194688039E2,3.537998677618E2,
-3.478817234281E-11));
#2123=CARTESIAN_POINT('',(4.528194688039E2,3.538373826675E2,
-3.478817234281E-11));
#2124=CARTESIAN_POINT('',(4.528007137348E2,3.538842751076E2,
-3.478817234281E-11));
#2125=CARTESIAN_POINT('',(4.527913314328E2,3.539217900133E2,
-3.478817234281E-11));
#2126=CARTESIAN_POINT('',(4.527725763637E2,3.539593096863E2,
-3.478817234281E-11));
#2127=CARTESIAN_POINT('',(4.527444389927E2,3.539968245920E2,
-3.478817234281E-11));
#2128=CARTESIAN_POINT('',(4.527163016216E2,3.540343394976E2,
-3.478817234281E-11));
#2129=CARTESIAN_POINT('',(4.526881642505E2,3.540624768687E2,
-3.478817234281E-11));
#2130=CARTESIAN_POINT('',(4.526506493449E2,3.540906142397E2,
-3.478817234281E-11));
#2131=CARTESIAN_POINT('',(4.526131344392E2,3.541187468434E2,
-3.478817234281E-11));
#2132=CARTESIAN_POINT('',(4.525756195336E2,3.541375066799E2,
-3.478817234281E-11));
#2133=CARTESIAN_POINT('',(4.525381046280E2,3.541562665164E2,
-3.478817234281E-11));
#2134=CARTESIAN_POINT('',(4.524912074204E2,3.541750215855E2,
-3.478817234281E-11));
#2135=CARTESIAN_POINT('',(4.524443149802E2,3.541843991201E2,
-3.478817234281E-11));
#2136=CARTESIAN_POINT('',(4.523880402381E2,3.541843991201E2,
-3.478817234281E-11));
#2137=CARTESIAN_POINT('',(4.523411477979E2,3.541937814221E2,
-3.478817234281E-11));
#2138=CARTESIAN_POINT('',(4.522848730557E2,3.541843991201E2,
-3.478817234281E-11));
#2139=CARTESIAN_POINT('',(4.522285983136E2,3.541843991201E2,
-3.478817234281E-11));
#2140=CARTESIAN_POINT('',(4.521817058734E2,3.541656440510E2,
-3.478817234281E-11));
#2141=CARTESIAN_POINT('',(4.521348086658E2,3.541562665164E2,
-3.478817234281E-11));
#2142=CARTESIAN_POINT('',(4.520879162256E2,3.541375066799E2,
-3.478817234281E-11));
#2143=CARTESIAN_POINT('',(4.520410237854E2,3.541093693088E2,
-3.478817234281E-11));
#2144=CARTESIAN_POINT('',(4.520035088798E2,3.540812319378E2,
-3.478817234281E-11));
#2145=CARTESIAN_POINT('',(4.519659892067E2,3.540530945667E2,
-3.478817234281E-11));
#2146=CARTESIAN_POINT('',(4.519378566031E2,3.540155796611E2,
-3.478817234281E-11));
#2147=CARTESIAN_POINT('',(4.519097192320E2,3.539780647554E2,
-3.478817234281E-11));
#2148=CARTESIAN_POINT('',(4.518815818609E2,3.539311723153E2,
-3.478817234281E-11));
#2149=CARTESIAN_POINT('',(4.518628220244E2,3.538936574096E2,
-3.478817234281E-11));
#2150=CARTESIAN_POINT('',(4.518534444899E2,3.538373826675E2,
-3.478817234281E-11));
#2151=CARTESIAN_POINT('',(4.518440669553E2,3.537904854599E2,
-3.478817234281E-11));
#2152=CARTESIAN_POINT('',(4.518346846533E2,3.537342154851E2,
-3.478817234281E-11));
#2153=CARTESIAN_POINT('',(4.518346846533E2,3.536779407430E2,
-3.478817234281E-11));
#2154=CARTESIAN_POINT('',(4.515251831063E2,3.537154556486E2,
-3.478817234281E-11));
#2155=CARTESIAN_POINT('',(4.515345606409E2,3.537998677618E2,
-3.478817234281E-11));
#2156=CARTESIAN_POINT('',(4.515439429429E2,3.538748975731E2,
-3.478817234281E-11));
#2157=CARTESIAN_POINT('',(4.515720755465E2,3.539593096863E2,
-3.478817234281E-11));
#2158=CARTESIAN_POINT('',(4.516002129176E2,3.540249619630E2,
-3.478817234281E-11));
#2159=CARTESIAN_POINT('',(4.516283502887E2,3.540906142397E2,
-3.478817234281E-11));
#2160=CARTESIAN_POINT('',(4.516752474963E2,3.541468842145E2,
-3.478817234281E-11));
#2161=CARTESIAN_POINT('',(4.517127624019E2,3.542031589566E2,
-3.478817234281E-11));
#2162=CARTESIAN_POINT('',(4.517690323766E2,3.542594336988E2,
-3.478817234281E-11));
#2163=CARTESIAN_POINT('',(4.518253071188E2,3.542969486044E2,
-3.478817234281E-11));
#2164=CARTESIAN_POINT('',(4.518815818609E2,3.543344635100E2,
-3.478817234281E-11));
#2165=CARTESIAN_POINT('',(4.519472341376E2,3.543719784157E2,
-3.478817234281E-11));
#2166=CARTESIAN_POINT('',(4.520222639489E2,3.544001157867E2,
-3.478817234281E-11));
#2167=CARTESIAN_POINT('',(4.520972937602E2,3.544188756233E2,
-3.478817234281E-11));
#2168=CARTESIAN_POINT('',(4.521723283388E2,3.544282531578E2,
-3.478817234281E-11));
#2169=CARTESIAN_POINT('',(4.522567356846E2,3.544376306924E2,
-3.478817234281E-11));
#2170=CARTESIAN_POINT('',(4.523411477979E2,3.544470082269E2,
-3.478817234281E-11));
#2171=CARTESIAN_POINT('',(4.524349374457E2,3.544376306924E2,
-3.478817234281E-11));
#2172=CARTESIAN_POINT('',(4.525193447915E2,3.544282531578E2,
-3.478817234281E-11));
#2173=CARTESIAN_POINT('',(4.525943746027E2,3.544188756233E2,
-3.478817234281E-11));
#2174=CARTESIAN_POINT('',(4.526694091814E2,3.543907382522E2,
-3.478817234281E-11));
#2175=CARTESIAN_POINT('',(4.527444389927E2,3.543626008811E2,
-3.478817234281E-11));
#2176=CARTESIAN_POINT('',(4.528100912694E2,3.543250859755E2,
-3.478817234281E-11));
#2177=CARTESIAN_POINT('',(4.528663660115E2,3.542875710699E2,
-3.478817234281E-11));
#2178=CARTESIAN_POINT('',(4.529226359862E2,3.542406738623E2,
-3.478817234281E-11));
#2179=CARTESIAN_POINT('',(4.529695331938E2,3.541937814221E2,
-3.478817234281E-11));
#2180=CARTESIAN_POINT('',(4.530164256340E2,3.541375066799E2,
-3.478817234281E-11));
#2181=CARTESIAN_POINT('',(4.530539405397E2,3.540812319378E2,
-3.478817234281E-11));
#2182=CARTESIAN_POINT('',(4.530820779107E2,3.540155796611E2,
-3.478817234281E-11));
#2183=CARTESIAN_POINT('',(4.531008377473E2,3.539499273844E2,
-3.478817234281E-11));
#2184=CARTESIAN_POINT('',(4.531195928164E2,3.538842751076E2,
-3.478817234281E-11));
#2185=CARTESIAN_POINT('',(4.531289751183E2,3.538186228309E2,
-3.478817234281E-11));
#2186=CARTESIAN_POINT('',(4.531383526529E2,3.537435930197E2,
-3.478817234281E-11));
#2187=CARTESIAN_POINT('',(4.531289751183E2,3.536685632084E2,
-3.478817234281E-11));
#2188=CARTESIAN_POINT('',(4.531195928164E2,3.535935286298E2,
-3.478817234281E-11));
#2189=CARTESIAN_POINT('',(4.531008377473E2,3.535184988185E2,
-3.478817234281E-11));
#2190=CARTESIAN_POINT('',(4.530727003762E2,3.534434690072E2,
-3.478817234281E-11));
#2191=CARTESIAN_POINT('',(4.530351854706E2,3.533684391960E2,
-3.478817234281E-11));
#2192=CARTESIAN_POINT('',(4.529882882629E2,3.532934046173E2,
-3.478817234281E-11));
#2193=CARTESIAN_POINT('',(4.529320182882E2,3.532183748060E2,
-3.478817234281E-11));
#2194=CARTESIAN_POINT('',(4.528663660115E2,3.531433449948E2,
-3.478817234281E-11));
#2195=CARTESIAN_POINT('',(4.528288511059E2,3.530964477872E2,
-3.478817234281E-11));
#2196=CARTESIAN_POINT('',(4.527819538983E2,3.530495553470E2,
-3.478817234281E-11));
#2197=CARTESIAN_POINT('',(4.527256791561E2,3.530026629068E2,
-3.478817234281E-11));
#2198=CARTESIAN_POINT('',(4.526694091814E2,3.529463881647E2,
-3.478817234281E-11));
#2199=CARTESIAN_POINT('',(4.526131344392E2,3.528901134225E2,
-3.478817234281E-11));
#2200=CARTESIAN_POINT('',(4.525381046280E2,3.528244611458E2,
-3.478817234281E-11));
#2201=CARTESIAN_POINT('',(4.524630700493E2,3.527681864037E2,
-3.478817234281E-11));
#2202=CARTESIAN_POINT('',(4.523880402381E2,3.526931565924E2,
-3.478817234281E-11));
#2203=CARTESIAN_POINT('',(4.523223879613E2,3.526368818503E2,
-3.478817234281E-11));
#2204=CARTESIAN_POINT('',(4.522567356846E2,3.525899894101E2,
-3.478817234281E-11));
#2205=CARTESIAN_POINT('',(4.522004609425E2,3.525430969699E2,
-3.478817234281E-11));
#2206=CARTESIAN_POINT('',(4.521535685023E2,3.524961997623E2,
-3.478817234281E-11));
#2207=CARTESIAN_POINT('',(4.521160535967E2,3.524586848567E2,
-3.478817234281E-11));
#2208=CARTESIAN_POINT('',(4.520785386911E2,3.524305474856E2,
-3.478817234281E-11));
#2209=CARTESIAN_POINT('',(4.520504013200E2,3.524024101145E2,
-3.478817234281E-11));
#2210=CARTESIAN_POINT('',(4.520222639489E2,3.523742727434E2,
-3.478817234281E-11));
#2211=CARTESIAN_POINT('',(4.519472341376E2,3.522898653976E2,
-3.478817234281E-11));
#2212=CARTESIAN_POINT('',(4.518909593955E2,3.522148355864E2,
-3.478817234281E-11));
#2213=CARTESIAN_POINT('',(4.531383526529E2,3.522148355864E2,
-3.478817234281E-11));
#2215=CARTESIAN_POINT('',(4.536354334955E2,3.519147115739E2,
-3.478817234281E-11));
#2216=CARTESIAN_POINT('',(4.536354334955E2,3.522617280265E2,
-3.478817234281E-11));
#2217=CARTESIAN_POINT('',(4.539824547155E2,3.522617280265E2,
-3.478817234281E-11));
#2218=CARTESIAN_POINT('',(4.539824547155E2,3.519147115739E2,
-3.478817234281E-11));
#2219=CARTESIAN_POINT('',(4.536354334955E2,3.519147115739E2,
-3.478817234281E-11));
#2221=CARTESIAN_POINT('',(4.544513981870E2,3.525806118755E2,
-3.478817234281E-11));
#2222=CARTESIAN_POINT('',(4.547796595705E2,3.526087492466E2,
-3.478817234281E-11));
#2223=CARTESIAN_POINT('',(4.547890371051E2,3.525430969699E2,
-3.478817234281E-11));
#2224=CARTESIAN_POINT('',(4.547984146396E2,3.524961997623E2,
-3.478817234281E-11));
#2225=CARTESIAN_POINT('',(4.548171744761E2,3.524399250201E2,
-3.478817234281E-11));
#2226=CARTESIAN_POINT('',(4.548359295452E2,3.523930325800E2,
-3.478817234281E-11));
#2227=CARTESIAN_POINT('',(4.548546893818E2,3.523555176743E2,
-3.478817234281E-11));
#2228=CARTESIAN_POINT('',(4.548828267528E2,3.523180027687E2,
-3.478817234281E-11));
#2229=CARTESIAN_POINT('',(4.549109641239E2,3.522804878631E2,
-3.478817234281E-11));
#2230=CARTESIAN_POINT('',(4.549391014950E2,3.522429681900E2,
-3.478817234281E-11));
#2231=CARTESIAN_POINT('',(4.549766164006E2,3.522148355864E2,
-3.478817234281E-11));
#2232=CARTESIAN_POINT('',(4.550047537717E2,3.521960757498E2,
-3.478817234281E-11));
#2233=CARTESIAN_POINT('',(4.550422686773E2,3.521773159133E2,
-3.478817234281E-11));
#2234=CARTESIAN_POINT('',(4.550797835830E2,3.521585608442E2,
-3.478817234281E-11));
#2235=CARTESIAN_POINT('',(4.551266760231E2,3.521398010077E2,
-3.478817234281E-11));
#2236=CARTESIAN_POINT('',(4.551641909288E2,3.521304234731E2,
-3.478817234281E-11));
#2237=CARTESIAN_POINT('',(4.552110881364E2,3.521304234731E2,
-3.478817234281E-11));
#2238=CARTESIAN_POINT('',(4.552579805766E2,3.521304234731E2,
-3.478817234281E-11));
#2239=CARTESIAN_POINT('',(4.553142553187E2,3.521304234731E2,
-3.478817234281E-11));
#2240=CARTESIAN_POINT('',(4.553705300609E2,3.521398010077E2,
-3.478817234281E-11));
#2241=CARTESIAN_POINT('',(4.554174225010E2,3.521491833097E2,
-3.478817234281E-11));
#2242=CARTESIAN_POINT('',(4.554643197086E2,3.521679383788E2,
-3.478817234281E-11));
#2243=CARTESIAN_POINT('',(4.555112121488E2,3.521960757498E2,
-3.478817234281E-11));
#2244=CARTESIAN_POINT('',(4.555581045890E2,3.522242131209E2,
-3.478817234281E-11));
#2245=CARTESIAN_POINT('',(4.555956194946E2,3.522523504920E2,
-3.478817234281E-11));
#2246=CARTESIAN_POINT('',(4.556331391677E2,3.522992429322E2,
-3.478817234281E-11));
#2247=CARTESIAN_POINT('',(4.556706540733E2,3.523367578378E2,
-3.478817234281E-11));
#2248=CARTESIAN_POINT('',(4.556987914444E2,3.523836550454E2,
-3.478817234281E-11));
#2249=CARTESIAN_POINT('',(4.557269240480E2,3.524399250201E2,
-3.478817234281E-11));
#2250=CARTESIAN_POINT('',(4.557550614191E2,3.524961997623E2,
-3.478817234281E-11));
#2251=CARTESIAN_POINT('',(4.557644437211E2,3.525524745044E2,
-3.478817234281E-11));
#2252=CARTESIAN_POINT('',(4.557831987902E2,3.526087492466E2,
-3.478817234281E-11));
#2253=CARTESIAN_POINT('',(4.557831987902E2,3.526744015233E2,
-3.478817234281E-11));
#2254=CARTESIAN_POINT('',(4.557925763247E2,3.527400538E2,-3.478817234281E-11));
#2255=CARTESIAN_POINT('',(4.557831987902E2,3.528057060767E2,
-3.478817234281E-11));
#2256=CARTESIAN_POINT('',(4.557831987902E2,3.528713583534E2,
-3.478817234281E-11));
#2257=CARTESIAN_POINT('',(4.557644437211E2,3.529276283281E2,
-3.478817234281E-11));
#2258=CARTESIAN_POINT('',(4.557550614191E2,3.529839030703E2,
-3.478817234281E-11));
#2259=CARTESIAN_POINT('',(4.557269240480E2,3.530307955105E2,
-3.478817234281E-11));
#2260=CARTESIAN_POINT('',(4.557081689789E2,3.530776927181E2,
-3.478817234281E-11));
#2261=CARTESIAN_POINT('',(4.556800316079E2,3.531245851583E2,
-3.478817234281E-11));
#2262=CARTESIAN_POINT('',(4.556425167022E2,3.531621000639E2,
-3.478817234281E-11));
#2263=CARTESIAN_POINT('',(4.556050017966E2,3.531996197369E2,
-3.478817234281E-11));
#2264=CARTESIAN_POINT('',(4.555674868910E2,3.532277523406E2,
-3.478817234281E-11));
#2265=CARTESIAN_POINT('',(4.555205896834E2,3.532558897117E2,
-3.478817234281E-11));
#2266=CARTESIAN_POINT('',(4.554736972432E2,3.532746495482E2,
-3.478817234281E-11));
#2267=CARTESIAN_POINT('',(4.554268000356E2,3.532934046173E2,
-3.478817234281E-11));
#2268=CARTESIAN_POINT('',(4.553705300609E2,3.533027869193E2,
-3.478817234281E-11));
#2269=CARTESIAN_POINT('',(4.553142553187E2,3.533121644538E2,
-3.478817234281E-11));
#2270=CARTESIAN_POINT('',(4.552486030420E2,3.533215419884E2,
-3.478817234281E-11));
#2271=CARTESIAN_POINT('',(4.551735732307E2,3.533121644538E2,
-3.478817234281E-11));
#2272=CARTESIAN_POINT('',(4.551079209540E2,3.533027869193E2,
-3.478817234281E-11));
#2273=CARTESIAN_POINT('',(4.550422686773E2,3.532746495482E2,
-3.478817234281E-11));
#2274=CARTESIAN_POINT('',(4.549766164006E2,3.532465121771E2,
-3.478817234281E-11));
#2275=CARTESIAN_POINT('',(4.549203416585E2,3.532089972715E2,
-3.478817234281E-11));
#2276=CARTESIAN_POINT('',(4.548734492183E2,3.531714823659E2,
-3.478817234281E-11));
#2277=CARTESIAN_POINT('',(4.548265520107E2,3.531245851583E2,
-3.478817234281E-11));
#2278=CARTESIAN_POINT('',(4.547984146396E2,3.530776927181E2,
-3.478817234281E-11));
#2279=CARTESIAN_POINT('',(4.545076681617E2,3.531152076237E2,
-3.478817234281E-11));
#2280=CARTESIAN_POINT('',(4.547515221994E2,3.544094933213E2,
-3.478817234281E-11));
#2281=CARTESIAN_POINT('',(4.559989154568E2,3.544094933213E2,
-3.478817234281E-11));
#2282=CARTESIAN_POINT('',(4.559989154568E2,3.541187468434E2,
-3.478817234281E-11));
#2283=CARTESIAN_POINT('',(4.549859939352E2,3.541187468434E2,
-3.478817234281E-11));
#2284=CARTESIAN_POINT('',(4.548546893818E2,3.534340914727E2,
-3.478817234281E-11));
#2285=CARTESIAN_POINT('',(4.549109641239E2,3.534716063783E2,
-3.478817234281E-11));
#2286=CARTESIAN_POINT('',(4.549766164006E2,3.534997437494E2,
-3.478817234281E-11));
#2287=CARTESIAN_POINT('',(4.550328863754E2,3.535278763530E2,
-3.478817234281E-11));
#2288=CARTESIAN_POINT('',(4.550891611175E2,3.535466361896E2,
-3.478817234281E-11));
#2289=CARTESIAN_POINT('',(4.551454358597E2,3.535653960261E2,
-3.478817234281E-11));
#2290=CARTESIAN_POINT('',(4.552110881364E2,3.535747735607E2,
-3.478817234281E-11));
#2291=CARTESIAN_POINT('',(4.552673628785E2,3.535841510952E2,
-3.478817234281E-11));
#2292=CARTESIAN_POINT('',(4.553330151552E2,3.535935286298E2,
-3.478817234281E-11));
#2293=CARTESIAN_POINT('',(4.554174225010E2,3.535841510952E2,
-3.478817234281E-11));
#2294=CARTESIAN_POINT('',(4.554924523123E2,3.535747735607E2,
-3.478817234281E-11));
#2295=CARTESIAN_POINT('',(4.555674868910E2,3.535560137241E2,
-3.478817234281E-11));
#2296=CARTESIAN_POINT('',(4.556331391677E2,3.535278763530E2,
-3.478817234281E-11));
#2297=CARTESIAN_POINT('',(4.557081689789E2,3.534997437494E2,
-3.478817234281E-11));
#2298=CARTESIAN_POINT('',(4.557738212556E2,3.534622240763E2,
-3.478817234281E-11));
#2299=CARTESIAN_POINT('',(4.558300959978E2,3.534153316362E2,
-3.478817234281E-11));
#2300=CARTESIAN_POINT('',(4.558863659725E2,3.533590568940E2,
-3.478817234281E-11));
#2301=CARTESIAN_POINT('',(4.559426407147E2,3.533027869193E2,
-3.478817234281E-11));
#2302=CARTESIAN_POINT('',(4.559895331549E2,3.532371346426E2,
-3.478817234281E-11));
#2303=CARTESIAN_POINT('',(4.560270528279E2,3.531714823659E2,
-3.478817234281E-11));
#2304=CARTESIAN_POINT('',(4.560551854316E2,3.530964477872E2,
-3.478817234281E-11));
#2305=CARTESIAN_POINT('',(4.560833228026E2,3.530214179759E2,
-3.478817234281E-11));
#2306=CARTESIAN_POINT('',(4.561020826392E2,3.529463881647E2,
-3.478817234281E-11));
#2307=CARTESIAN_POINT('',(4.561114601737E2,3.528619760514E2,
-3.478817234281E-11));
#2308=CARTESIAN_POINT('',(4.561208377083E2,3.527681864037E2,
-3.478817234281E-11));
#2309=CARTESIAN_POINT('',(4.561114601737E2,3.526837790579E2,
-3.478817234281E-11));
#2310=CARTESIAN_POINT('',(4.561020826392E2,3.526087492466E2,
-3.478817234281E-11));
#2311=CARTESIAN_POINT('',(4.560927051046E2,3.525243371334E2,
-3.478817234281E-11));
#2312=CARTESIAN_POINT('',(4.560645677335E2,3.524493073221E2,
-3.478817234281E-11));
#2313=CARTESIAN_POINT('',(4.560364303625E2,3.523836550454E2,
-3.478817234281E-11));
#2314=CARTESIAN_POINT('',(4.560082929914E2,3.523086204667E2,
-3.478817234281E-11));
#2315=CARTESIAN_POINT('',(4.559614005512E2,3.522429681900E2,
-3.478817234281E-11));
#2316=CARTESIAN_POINT('',(4.559145033436E2,3.521773159133E2,
-3.478817234281E-11));
#2317=CARTESIAN_POINT('',(4.558582286014E2,3.521116636366E2,
-3.478817234281E-11));
#2318=CARTESIAN_POINT('',(4.557831987902E2,3.520460161273E2,
-3.478817234281E-11));
#2319=CARTESIAN_POINT('',(4.557081689789E2,3.519897413852E2,
-3.478817234281E-11));
#2320=CARTESIAN_POINT('',(4.556331391677E2,3.519522264796E2,
-3.478817234281E-11));
#2321=CARTESIAN_POINT('',(4.555487270545E2,3.519147115739E2,
-3.478817234281E-11));
#2322=CARTESIAN_POINT('',(4.554549374067E2,3.519053292719E2,
-3.478817234281E-11));
#2323=CARTESIAN_POINT('',(4.553611477589E2,3.518865742028E2,
-3.478817234281E-11));
#2324=CARTESIAN_POINT('',(4.552579805766E2,3.518771919009E2,
-3.478817234281E-11));
#2325=CARTESIAN_POINT('',(4.551735732307E2,3.518865742028E2,
-3.478817234281E-11));
#2326=CARTESIAN_POINT('',(4.550891611175E2,3.518959517374E2,
-3.478817234281E-11));
#2327=CARTESIAN_POINT('',(4.550141313063E2,3.519053292719E2,
-3.478817234281E-11));
#2328=CARTESIAN_POINT('',(4.549484790296E2,3.519240891085E2,
-3.478817234281E-11));
#2329=CARTESIAN_POINT('',(4.548734492183E2,3.519522264796E2,
-3.478817234281E-11));
#2330=CARTESIAN_POINT('',(4.548077969416E2,3.519803638506E2,
-3.478817234281E-11));
#2331=CARTESIAN_POINT('',(4.547515221994E2,3.520178787563E2,
-3.478817234281E-11));
#2332=CARTESIAN_POINT('',(4.546952474573E2,3.520647711964E2,
-3.478817234281E-11));
#2333=CARTESIAN_POINT('',(4.546389727151E2,3.521116636366E2,
-3.478817234281E-11));
#2334=CARTESIAN_POINT('',(4.546014578095E2,3.521679383788E2,
-3.478817234281E-11));
#2335=CARTESIAN_POINT('',(4.545545653693E2,3.522242131209E2,
-3.478817234281E-11));
#2336=CARTESIAN_POINT('',(4.545264279982E2,3.522898653976E2,
-3.478817234281E-11));
#2337=CARTESIAN_POINT('',(4.544982906272E2,3.523555176743E2,
-3.478817234281E-11));
#2338=CARTESIAN_POINT('',(4.544701532561E2,3.524211699510E2,
-3.478817234281E-11));
#2339=CARTESIAN_POINT('',(4.544607757215E2,3.524961997623E2,
-3.478817234281E-11));
#2340=CARTESIAN_POINT('',(4.544513981870E2,3.525806118755E2,
-3.478817234281E-11));
#2342=CARTESIAN_POINT('',(4.575182953556E2,3.519147115739E2,
-3.478817234281E-11));
#2343=CARTESIAN_POINT('',(4.575182953556E2,3.544376306924E2,
-3.478817234281E-11));
#2344=CARTESIAN_POINT('',(4.583811524873E2,3.544376306924E2,
-3.478817234281E-11));
#2345=CARTESIAN_POINT('',(4.584468047640E2,3.544282531578E2,
-3.478817234281E-11));
#2346=CARTESIAN_POINT('',(4.585124570407E2,3.544282531578E2,
-3.478817234281E-11));
#2347=CARTESIAN_POINT('',(4.585781093174E2,3.544282531578E2,
-3.478817234281E-11));
#2348=CARTESIAN_POINT('',(4.586343840596E2,3.544282531578E2,
-3.478817234281E-11));
#2349=CARTESIAN_POINT('',(4.586906540343E2,3.544188756233E2,
-3.478817234281E-11));
#2350=CARTESIAN_POINT('',(4.587375512419E2,3.544094933213E2,
-3.478817234281E-11));
#2351=CARTESIAN_POINT('',(4.587844436821E2,3.544094933213E2,
-3.478817234281E-11));
#2352=CARTESIAN_POINT('',(4.588219585877E2,3.544001157867E2,
-3.478817234281E-11));
#2353=CARTESIAN_POINT('',(4.589251305375E2,3.543626008811E2,
-3.478817234281E-11));
#2354=CARTESIAN_POINT('',(4.590189154178E2,3.543250859755E2,
-3.478817234281E-11));
#2355=CARTESIAN_POINT('',(4.591127050656E2,3.542781887679E2,
-3.478817234281E-11));
#2356=CARTESIAN_POINT('',(4.591877348769E2,3.542125364912E2,
-3.478817234281E-11));
#2357=CARTESIAN_POINT('',(4.592815245247E2,3.541281291454E2,
-3.478817234281E-11));
#2358=CARTESIAN_POINT('',(4.593659366379E2,3.540249619630E2,
-3.478817234281E-11));
#2359=CARTESIAN_POINT('',(4.594315889146E2,3.539124124787E2,
-3.478817234281E-11));
#2360=CARTESIAN_POINT('',(4.594878636568E2,3.537811079253E2,
-3.478817234281E-11));
#2361=CARTESIAN_POINT('',(4.595347560969E2,3.536498033719E2,
-3.478817234281E-11));
#2362=CARTESIAN_POINT('',(4.595628934680E2,3.534997437494E2,
-3.478817234281E-11));
#2363=CARTESIAN_POINT('',(4.595816485371E2,3.533496793595E2,
-3.478817234281E-11));
#2364=CARTESIAN_POINT('',(4.595910308391E2,3.531808599004E2,
-3.478817234281E-11));
#2365=CARTESIAN_POINT('',(4.595816485371E2,3.530495553470E2,
-3.478817234281E-11));
#2366=CARTESIAN_POINT('',(4.595722710026E2,3.529182507936E2,
-3.478817234281E-11));
#2367=CARTESIAN_POINT('',(4.595535159335E2,3.527869462402E2,
-3.478817234281E-11));
#2368=CARTESIAN_POINT('',(4.595159962604E2,3.526744015233E2,
-3.478817234281E-11));
#2369=CARTESIAN_POINT('',(4.594878636568E2,3.525712295735E2,
-3.478817234281E-11));
#2370=CARTESIAN_POINT('',(4.594409664492E2,3.524774446932E2,
-3.478817234281E-11));
#2371=CARTESIAN_POINT('',(4.593940740090E2,3.523836550454E2,
-3.478817234281E-11));
#2372=CARTESIAN_POINT('',(4.593471768014E2,3.523086204667E2,
-3.478817234281E-11));
#2373=CARTESIAN_POINT('',(4.592909068266E2,3.522429681900E2,
-3.478817234281E-11));
#2374=CARTESIAN_POINT('',(4.592440096190E2,3.521773159133E2,
-3.478817234281E-11));
#2375=CARTESIAN_POINT('',(4.591783573423E2,3.521210459386E2,
-3.478817234281E-11));
#2376=CARTESIAN_POINT('',(4.591220826002E2,3.520835310330E2,
-3.478817234281E-11));
#2377=CARTESIAN_POINT('',(4.590564350909E2,3.520366338254E2,
-3.478817234281E-11));
#2378=CARTESIAN_POINT('',(4.589814005122E2,3.520084964543E2,
-3.478817234281E-11));
#2379=CARTESIAN_POINT('',(4.589063707010E2,3.519803638506E2,
-3.478817234281E-11));
#2380=CARTESIAN_POINT('',(4.588219585877E2,3.519522264796E2,
-3.478817234281E-11));
#2381=CARTESIAN_POINT('',(4.587281737074E2,3.519334666430E2,
-3.478817234281E-11));
#2382=CARTESIAN_POINT('',(4.586343840596E2,3.519240891085E2,
-3.478817234281E-11));
#2383=CARTESIAN_POINT('',(4.585312168773E2,3.519147115739E2,
-3.478817234281E-11));
#2384=CARTESIAN_POINT('',(4.584186673930E2,3.519147115739E2,
-3.478817234281E-11));
#2385=CARTESIAN_POINT('',(4.575182953556E2,3.519147115739E2,
-3.478817234281E-11));
#2387=CARTESIAN_POINT('',(4.578559342737E2,3.522148355864E2,
-3.478817234281E-11));
#2388=CARTESIAN_POINT('',(4.583811524873E2,3.522148355864E2,
-3.478817234281E-11));
#2389=CARTESIAN_POINT('',(4.585030795062E2,3.522148355864E2,
-3.478817234281E-11));
#2390=CARTESIAN_POINT('',(4.586062466885E2,3.522242131209E2,
-3.478817234281E-11));
#2391=CARTESIAN_POINT('',(4.586906540343E2,3.522335906555E2,
-3.478817234281E-11));
#2392=CARTESIAN_POINT('',(4.587656886130E2,3.522523504920E2,
-3.478817234281E-11));
#2393=CARTESIAN_POINT('',(4.588313408897E2,3.522804878631E2,
-3.478817234281E-11));
#2394=CARTESIAN_POINT('',(4.588969931664E2,3.523086204667E2,
-3.478817234281E-11));
#2395=CARTESIAN_POINT('',(4.589438856066E2,3.523461401398E2,
-3.478817234281E-11));
#2396=CARTESIAN_POINT('',(4.589907828142E2,3.523836550454E2,
-3.478817234281E-11));
#2397=CARTESIAN_POINT('',(4.590470527889E2,3.524493073221E2,
-3.478817234281E-11));
#2398=CARTESIAN_POINT('',(4.590939499965E2,3.525243371334E2,
-3.478817234281E-11));
#2399=CARTESIAN_POINT('',(4.591408424367E2,3.526087492466E2,
-3.478817234281E-11));
#2400=CARTESIAN_POINT('',(4.591783573423E2,3.527025341270E2,
-3.478817234281E-11));
#2401=CARTESIAN_POINT('',(4.592064947134E2,3.528150836113E2,
-3.478817234281E-11));
#2402=CARTESIAN_POINT('',(4.592252545499E2,3.529276283281E2,
-3.478817234281E-11));
#2403=CARTESIAN_POINT('',(4.592346320845E2,3.530495553470E2,
-3.478817234281E-11));
#2404=CARTESIAN_POINT('',(4.592440096190E2,3.531902374350E2,
-3.478817234281E-11));
#2405=CARTESIAN_POINT('',(4.592346320845E2,3.532840270828E2,
-3.478817234281E-11));
#2406=CARTESIAN_POINT('',(4.592346320845E2,3.533778167305E2,
-3.478817234281E-11));
#2407=CARTESIAN_POINT('',(4.592252545499E2,3.534622240763E2,
-3.478817234281E-11));
#2408=CARTESIAN_POINT('',(4.592064947134E2,3.535372586550E2,
-3.478817234281E-11));
#2409=CARTESIAN_POINT('',(4.591877348769E2,3.536122884663E2,
-3.478817234281E-11));
#2410=CARTESIAN_POINT('',(4.591689798078E2,3.536779407430E2,
-3.478817234281E-11));
#2411=CARTESIAN_POINT('',(4.591408424367E2,3.537435930197E2,
-3.478817234281E-11));
#2412=CARTESIAN_POINT('',(4.591127050656E2,3.537998677618E2,
-3.478817234281E-11));
#2413=CARTESIAN_POINT('',(4.590751901600E2,3.538467602020E2,
-3.478817234281E-11));
#2414=CARTESIAN_POINT('',(4.590470527889E2,3.538936574096E2,
-3.478817234281E-11));
#2415=CARTESIAN_POINT('',(4.590095378833E2,3.539405498498E2,
-3.478817234281E-11));
#2416=CARTESIAN_POINT('',(4.589720229777E2,3.539780647554E2,
-3.478817234281E-11));
#2417=CARTESIAN_POINT('',(4.589345080720E2,3.540062021265E2,
-3.478817234281E-11));
#2418=CARTESIAN_POINT('',(4.588876108644E2,3.540343394976E2,
-3.478817234281E-11));
#2419=CARTESIAN_POINT('',(4.588407184243E2,3.540624768687E2,
-3.478817234281E-11));
#2420=CARTESIAN_POINT('',(4.588032035186E2,3.540812319378E2,
-3.478817234281E-11));
#2421=CARTESIAN_POINT('',(4.587656886130E2,3.540906142397E2,
-3.478817234281E-11));
#2422=CARTESIAN_POINT('',(4.587281737074E2,3.540999917743E2,
-3.478817234281E-11));
#2423=CARTESIAN_POINT('',(4.586812764998E2,3.541093693088E2,
-3.478817234281E-11));
#2424=CARTESIAN_POINT('',(4.586250017576E2,3.541187468434E2,
-3.478817234281E-11));
#2425=CARTESIAN_POINT('',(4.585687317829E2,3.541281291454E2,
-3.478817234281E-11));
#2426=CARTESIAN_POINT('',(4.585124570407E2,3.541281291454E2,
-3.478817234281E-11));
#2427=CARTESIAN_POINT('',(4.584468047640E2,3.541281291454E2,
-3.478817234281E-11));
#2428=CARTESIAN_POINT('',(4.583717749528E2,3.541375066799E2,
-3.478817234281E-11));
#2429=CARTESIAN_POINT('',(4.578559342737E2,3.541375066799E2,
-3.478817234281E-11));
#2430=CARTESIAN_POINT('',(4.578559342737E2,3.522148355864E2,
-3.478817234281E-11));
#2432=CARTESIAN_POINT('',(4.600599743106E2,3.519147115739E2,
-3.478817234281E-11));
#2433=CARTESIAN_POINT('',(4.600599743106E2,3.544376306924E2,
-3.478817234281E-11));
#2434=CARTESIAN_POINT('',(4.611760630146E2,3.544376306924E2,
-3.478817234281E-11));
#2435=CARTESIAN_POINT('',(4.612510928258E2,3.544282531578E2,
-3.478817234281E-11));
#2436=CARTESIAN_POINT('',(4.613261250208E2,3.544282531578E2,
-3.478817234281E-11));
#2437=CARTESIAN_POINT('',(4.614011548320E2,3.544188756233E2,
-3.478817234281E-11));
#2438=CARTESIAN_POINT('',(4.614668071088E2,3.544188756233E2,
-3.478817234281E-11));
#2439=CARTESIAN_POINT('',(4.615230818509E2,3.544094933213E2,
-3.478817234281E-11));
#2440=CARTESIAN_POINT('',(4.615793542094E2,3.543907382522E2,
-3.478817234281E-11));
#2441=CARTESIAN_POINT('',(4.616356289515E2,3.543813559502E2,
-3.478817234281E-11));
#2442=CARTESIAN_POINT('',(4.616825213917E2,3.543626008811E2,
-3.478817234281E-11));
#2443=CARTESIAN_POINT('',(4.617669311212E2,3.543250859755E2,
-3.478817234281E-11));
#2444=CARTESIAN_POINT('',(4.618325833979E2,3.542688112333E2,
-3.478817234281E-11));
#2445=CARTESIAN_POINT('',(4.618982356746E2,3.542031589566E2,
-3.478817234281E-11));
#2446=CARTESIAN_POINT('',(4.619545104168E2,3.541281291454E2,
-3.478817234281E-11));
#2447=CARTESIAN_POINT('',(4.620014052407E2,3.540343394976E2,
-3.478817234281E-11));
#2448=CARTESIAN_POINT('',(4.620389201463E2,3.539405498498E2,
-3.478817234281E-11));
#2449=CARTESIAN_POINT('',(4.620576775991E2,3.538467602020E2,
-3.478817234281E-11));
#2450=CARTESIAN_POINT('',(4.620670575174E2,3.537435930197E2,
-3.478817234281E-11));
#2451=CARTESIAN_POINT('',(4.620576775991E2,3.536779407430E2,
-3.478817234281E-11));
#2452=CARTESIAN_POINT('',(4.620483000646E2,3.536122884663E2,
-3.478817234281E-11));
#2453=CARTESIAN_POINT('',(4.620389201463E2,3.535560137241E2,
-3.478817234281E-11));
#2454=CARTESIAN_POINT('',(4.620201626935E2,3.534903614474E2,
-3.478817234281E-11));
#2455=CARTESIAN_POINT('',(4.619920253224E2,3.534434690072E2,
-3.478817234281E-11));
#2456=CARTESIAN_POINT('',(4.619638879513E2,3.533871942651E2,
-3.478817234281E-11));
#2457=CARTESIAN_POINT('',(4.619263730457E2,3.533403018249E2,
-3.478817234281E-11));
#2458=CARTESIAN_POINT('',(4.618888581401E2,3.532934046173E2,
-3.478817234281E-11));
#2459=CARTESIAN_POINT('',(4.618419633162E2,3.532465121771E2,
-3.478817234281E-11));
#2460=CARTESIAN_POINT('',(4.617950684923E2,3.532089972715E2,
-3.478817234281E-11));
#2461=CARTESIAN_POINT('',(4.617387961338E2,3.531714823659E2,
-3.478817234281E-11));
#2462=CARTESIAN_POINT('',(4.616731438571E2,3.531339674602E2,
-3.478817234281E-11));
#2463=CARTESIAN_POINT('',(4.615981116622E2,3.531152076237E2,
-3.478817234281E-11));
#2464=CARTESIAN_POINT('',(4.615230818509E2,3.530870702526E2,
-3.478817234281E-11));
#2465=CARTESIAN_POINT('',(4.614480496559E2,3.530683151835E2,
-3.478817234281E-11));
#2466=CARTESIAN_POINT('',(4.613542600082E2,3.530589328816E2,
-3.478817234281E-11));
#2467=CARTESIAN_POINT('',(4.614199122849E2,3.530214179759E2,
-3.478817234281E-11));
#2468=CARTESIAN_POINT('',(4.614761870270E2,3.529932806049E2,
-3.478817234281E-11));
#2469=CARTESIAN_POINT('',(4.615230818509E2,3.529557656992E2,
-3.478817234281E-11));
#2470=CARTESIAN_POINT('',(4.615605967565E2,3.529276283281E2,
-3.478817234281E-11));
#2471=CARTESIAN_POINT('',(4.616262490332E2,3.528619760514E2,
-3.478817234281E-11));
#2472=CARTESIAN_POINT('',(4.617012788445E2,3.527775687056E2,
-3.478817234281E-11));
#2473=CARTESIAN_POINT('',(4.617669311212E2,3.526931565924E2,
-3.478817234281E-11));
#2474=CARTESIAN_POINT('',(4.618325833979E2,3.525899894101E2,
-3.478817234281E-11));
#2475=CARTESIAN_POINT('',(4.622640143475E2,3.519147115739E2,
-3.478817234281E-11));
#2476=CARTESIAN_POINT('',(4.618513432344E2,3.519147115739E2,
-3.478817234281E-11));
#2477=CARTESIAN_POINT('',(4.615230818509E2,3.524305474856E2,
-3.478817234281E-11));
#2478=CARTESIAN_POINT('',(4.614480496559E2,3.525430969699E2,
-3.478817234281E-11));
#2479=CARTESIAN_POINT('',(4.613917772975E2,3.526368818503E2,
-3.478817234281E-11));
#2480=CARTESIAN_POINT('',(4.613355025553E2,3.527119164289E2,
-3.478817234281E-11));
#2481=CARTESIAN_POINT('',(4.612792301969E2,3.527775687056E2,
-3.478817234281E-11));
#2482=CARTESIAN_POINT('',(4.612323353730E2,3.528338386804E2,
-3.478817234281E-11));
#2483=CARTESIAN_POINT('',(4.611948204674E2,3.528807358880E2,
-3.478817234281E-11));
#2484=CARTESIAN_POINT('',(4.611479256435E2,3.529182507936E2,
-3.478817234281E-11));
#2485=CARTESIAN_POINT('',(4.611104107379E2,3.529463881647E2,
-3.478817234281E-11));
#2486=CARTESIAN_POINT('',(4.610353785429E2,3.529839030703E2,
-3.478817234281E-11));
#2487=CARTESIAN_POINT('',(4.609603487316E2,3.530120404414E2,
-3.478817234281E-11));
#2488=CARTESIAN_POINT('',(4.609322113606E2,3.530214179759E2,
-3.478817234281E-11));
#2489=CARTESIAN_POINT('',(4.608853165367E2,3.530214179759E2,
-3.478817234281E-11));
#2490=CARTESIAN_POINT('',(4.608384217128E2,3.530214179759E2,
-3.478817234281E-11));
#2491=CARTESIAN_POINT('',(4.607727694361E2,3.530307955105E2,
-3.478817234281E-11));
#2492=CARTESIAN_POINT('',(4.603976132287E2,3.530307955105E2,
-3.478817234281E-11));
#2493=CARTESIAN_POINT('',(4.603976132287E2,3.519147115739E2,
-3.478817234281E-11));
#2494=CARTESIAN_POINT('',(4.600599743106E2,3.519147115739E2,
-3.478817234281E-11));
#2496=CARTESIAN_POINT('',(4.603976132287E2,3.533309195229E2,
-3.478817234281E-11));
#2497=CARTESIAN_POINT('',(4.611010308196E2,3.533309195229E2,
-3.478817234281E-11));
#2498=CARTESIAN_POINT('',(4.612135779202E2,3.533309195229E2,
-3.478817234281E-11));
#2499=CARTESIAN_POINT('',(4.613073675680E2,3.533403018249E2,
-3.478817234281E-11));
#2500=CARTESIAN_POINT('',(4.613917772975E2,3.533496793595E2,
-3.478817234281E-11));
#2501=CARTESIAN_POINT('',(4.614574295742E2,3.533684391960E2,
-3.478817234281E-11));
#2502=CARTESIAN_POINT('',(4.615137019326E2,3.533965717996E2,
-3.478817234281E-11));
#2503=CARTESIAN_POINT('',(4.615699766748E2,3.534340914727E2,
-3.478817234281E-11));
#2504=CARTESIAN_POINT('',(4.616168691150E2,3.534716063783E2,
-3.478817234281E-11));
#2505=CARTESIAN_POINT('',(4.616543864043E2,3.535184988185E2,
-3.478817234281E-11));
#2506=CARTESIAN_POINT('',(4.616825213917E2,3.535747735607E2,
-3.478817234281E-11));
#2507=CARTESIAN_POINT('',(4.617012788445E2,3.536310483028E2,
-3.478817234281E-11));
#2508=CARTESIAN_POINT('',(4.617106587628E2,3.536873182775E2,
-3.478817234281E-11));
#2509=CARTESIAN_POINT('',(4.617200386810E2,3.537435930197E2,
-3.478817234281E-11));
#2510=CARTESIAN_POINT('',(4.617106587628E2,3.537904854599E2,
-3.478817234281E-11));
#2511=CARTESIAN_POINT('',(4.617106587628E2,3.538280051329E2,
-3.478817234281E-11));
#2512=CARTESIAN_POINT('',(4.617012788445E2,3.538748975731E2,
-3.478817234281E-11));
#2513=CARTESIAN_POINT('',(4.616825213917E2,3.539124124787E2,
-3.478817234281E-11));
#2514=CARTESIAN_POINT('',(4.616637639389E2,3.539405498498E2,
-3.478817234281E-11));
#2515=CARTESIAN_POINT('',(4.616450064861E2,3.539780647554E2,
-3.478817234281E-11));
#2516=CARTESIAN_POINT('',(4.616168691150E2,3.540062021265E2,
-3.478817234281E-11));
#2517=CARTESIAN_POINT('',(4.615887341276E2,3.540343394976E2,
-3.478817234281E-11));
#2518=CARTESIAN_POINT('',(4.615512168383E2,3.540624768687E2,
-3.478817234281E-11));
#2519=CARTESIAN_POINT('',(4.615137019326E2,3.540906142397E2,
-3.478817234281E-11));
#2520=CARTESIAN_POINT('',(4.614761870270E2,3.541093693088E2,
-3.478817234281E-11));
#2521=CARTESIAN_POINT('',(4.614199122849E2,3.541187468434E2,
-3.478817234281E-11));
#2522=CARTESIAN_POINT('',(4.613730198447E2,3.541375066799E2,
-3.478817234281E-11));
#2523=CARTESIAN_POINT('',(4.613167451025E2,3.541468842145E2,
-3.478817234281E-11));
#2524=CARTESIAN_POINT('',(4.612510928258E2,3.541468842145E2,
-3.478817234281E-11));
#2525=CARTESIAN_POINT('',(4.611854405491E2,3.541562665164E2,
-3.478817234281E-11));
#2526=CARTESIAN_POINT('',(4.603976132287E2,3.541562665164E2,
-3.478817234281E-11));
#2527=CARTESIAN_POINT('',(4.603976132287E2,3.533309195229E2,
-3.478817234281E-11));
#2529=CARTESIAN_POINT('',(4.626391681712E2,3.519147115739E2,
-3.478817234281E-11));
#2530=CARTESIAN_POINT('',(4.626391681712E2,3.544376306924E2,
-3.478817234281E-11));
#2531=CARTESIAN_POINT('',(4.629768094730E2,3.544376306924E2,
-3.478817234281E-11));
#2532=CARTESIAN_POINT('',(4.629768094730E2,3.519147115739E2,
-3.478817234281E-11));
#2533=CARTESIAN_POINT('',(4.626391681712E2,3.519147115739E2,
-3.478817234281E-11));
#2535=CARTESIAN_POINT('',(4.635489225105E2,3.519147115739E2,
-3.478817234281E-11));
#2536=CARTESIAN_POINT('',(4.635489225105E2,3.544376306924E2,
-3.478817234281E-11));
#2537=CARTESIAN_POINT('',(4.638865614286E2,3.544376306924E2,
-3.478817234281E-11));
#2538=CARTESIAN_POINT('',(4.638865614286E2,3.522148355864E2,
-3.478817234281E-11));
#2539=CARTESIAN_POINT('',(4.651339546860E2,3.522148355864E2,
-3.478817234281E-11));
#2540=CARTESIAN_POINT('',(4.651339546860E2,3.519147115739E2,
-3.478817234281E-11));
#2541=CARTESIAN_POINT('',(4.635489225105E2,3.519147115739E2,
-3.478817234281E-11));
#2543=CARTESIAN_POINT('',(4.655091108934E2,3.519147115739E2,
-3.478817234281E-11));
#2544=CARTESIAN_POINT('',(4.655091108934E2,3.544376306924E2,
-3.478817234281E-11));
#2545=CARTESIAN_POINT('',(4.658467498115E2,3.544376306924E2,
-3.478817234281E-11));
#2546=CARTESIAN_POINT('',(4.658467498115E2,3.522148355864E2,
-3.478817234281E-11));
#2547=CARTESIAN_POINT('',(4.670941430689E2,3.522148355864E2,
-3.478817234281E-11));
#2548=CARTESIAN_POINT('',(4.670941430689E2,3.519147115739E2,
-3.478817234281E-11));
#2549=CARTESIAN_POINT('',(4.655091108934E2,3.519147115739E2,
-3.478817234281E-11));
#2551=CARTESIAN_POINT('',(4.690074366279E2,3.511737766936E2,
-3.478817234281E-11));
#2552=CARTESIAN_POINT('',(4.688855096090E2,3.513425961527E2,
-3.478817234281E-11));
#2553=CARTESIAN_POINT('',(4.687729648921E2,3.515301754482E2,
-3.478817234281E-11));
#2554=CARTESIAN_POINT('',(4.686697953261E2,3.517271322784E2,
-3.478817234281E-11));
#2555=CARTESIAN_POINT('',(4.685760080620E2,3.519240891085E2,
-3.478817234281E-11));
#2556=CARTESIAN_POINT('',(4.685384907727E2,3.520366338254E2,
-3.478817234281E-11));
#2557=CARTESIAN_POINT('',(4.685009758670E2,3.521398010077E2,
-3.478817234281E-11));
#2558=CARTESIAN_POINT('',(4.684728384960E2,3.522523504920E2,
-3.478817234281E-11));
#2559=CARTESIAN_POINT('',(4.684447035086E2,3.523648952089E2,
-3.478817234281E-11));
#2560=CARTESIAN_POINT('',(4.684259460558E2,3.524774446932E2,
-3.478817234281E-11));
#2561=CARTESIAN_POINT('',(4.684165661375E2,3.525899894101E2,
-3.478817234281E-11));
#2562=CARTESIAN_POINT('',(4.684071862193E2,3.527025341270E2,
-3.478817234281E-11));
#2563=CARTESIAN_POINT('',(4.684071862193E2,3.528244611458E2,
-3.478817234281E-11));
#2564=CARTESIAN_POINT('',(4.684071862193E2,3.530214179759E2,
-3.478817234281E-11));
#2565=CARTESIAN_POINT('',(4.684353235903E2,3.532183748060E2,
-3.478817234281E-11));
#2566=CARTESIAN_POINT('',(4.684728384960E2,3.534153316362E2,
-3.478817234281E-11));
#2567=CARTESIAN_POINT('',(4.685291132381E2,3.536029109317E2,
-3.478817234281E-11));
#2568=CARTESIAN_POINT('',(4.685760080620E2,3.537154556486E2,
-3.478817234281E-11));
#2569=CARTESIAN_POINT('',(4.686229028859E2,3.538186228309E2,
-3.478817234281E-11));
#2570=CARTESIAN_POINT('',(4.686697953261E2,3.539311723153E2,
-3.478817234281E-11));
#2571=CARTESIAN_POINT('',(4.687260700682E2,3.540343394976E2,
-3.478817234281E-11));
#2572=CARTESIAN_POINT('',(4.687917223449E2,3.541468842145E2,
-3.478817234281E-11));
#2573=CARTESIAN_POINT('',(4.688573746216E2,3.542594336988E2,
-3.478817234281E-11));
#2574=CARTESIAN_POINT('',(4.689230268984E2,3.543626008811E2,
-3.478817234281E-11));
#2575=CARTESIAN_POINT('',(4.690074366279E2,3.544751455980E2,
-3.478817234281E-11));
#2576=CARTESIAN_POINT('',(4.692325308291E2,3.544751455980E2,
-3.478817234281E-11));
#2577=CARTESIAN_POINT('',(4.691762560869E2,3.543813559502E2,
-3.478817234281E-11));
#2578=CARTESIAN_POINT('',(4.691293612630E2,3.543063261390E2,
-3.478817234281E-11));
#2579=CARTESIAN_POINT('',(4.690918463574E2,3.542312963277E2,
-3.478817234281E-11));
#2580=CARTESIAN_POINT('',(4.690543314518E2,3.541656440510E2,
-3.478817234281E-11));
#2581=CARTESIAN_POINT('',(4.690261940807E2,3.540999917743E2,
-3.478817234281E-11));
#2582=CARTESIAN_POINT('',(4.689980567096E2,3.540530945667E2,
-3.478817234281E-11));
#2583=CARTESIAN_POINT('',(4.689699217222E2,3.540062021265E2,
-3.478817234281E-11));
#2584=CARTESIAN_POINT('',(4.689511618857E2,3.539593096863E2,
-3.478817234281E-11));
#2585=CARTESIAN_POINT('',(4.689042694455E2,3.538373826675E2,
-3.478817234281E-11));
#2586=CARTESIAN_POINT('',(4.688573746216E2,3.537154556486E2,
-3.478817234281E-11));
#2587=CARTESIAN_POINT('',(4.688198573323E2,3.535935286298E2,
-3.478817234281E-11));
#2588=CARTESIAN_POINT('',(4.687823424267E2,3.534622240763E2,
-3.478817234281E-11));
#2589=CARTESIAN_POINT('',(4.687542050556E2,3.533027869193E2,
-3.478817234281E-11));
#2590=CARTESIAN_POINT('',(4.687260700682E2,3.531433449948E2,
-3.478817234281E-11));
#2591=CARTESIAN_POINT('',(4.687166901500E2,3.529839030703E2,
-3.478817234281E-11));
#2592=CARTESIAN_POINT('',(4.687166901500E2,3.528244611458E2,
-3.478817234281E-11));
#2593=CARTESIAN_POINT('',(4.687166901500E2,3.526181267812E2,
-3.478817234281E-11));
#2594=CARTESIAN_POINT('',(4.687448275211E2,3.524024101145E2,
-3.478817234281E-11));
#2595=CARTESIAN_POINT('',(4.687823424267E2,3.521960757498E2,
-3.478817234281E-11));
#2596=CARTESIAN_POINT('',(4.688386171688E2,3.519897413852E2,
-3.478817234281E-11));
#2597=CARTESIAN_POINT('',(4.689136469801E2,3.517927845551E2,
-3.478817234281E-11));
#2598=CARTESIAN_POINT('',(4.689980567096E2,3.515864501904E2,
-3.478817234281E-11));
#2599=CARTESIAN_POINT('',(4.691106038102E2,3.513801110583E2,
-3.478817234281E-11));
#2600=CARTESIAN_POINT('',(4.692325308291E2,3.511737766936E2,
-3.478817234281E-11));
#2601=CARTESIAN_POINT('',(4.690074366279E2,3.511737766936E2,
-3.478817234281E-11));
#2603=CARTESIAN_POINT('',(4.704986791556E2,3.525806118755E2,
-3.478817234281E-11));
#2604=CARTESIAN_POINT('',(4.708081830863E2,3.526181267812E2,
-3.478817234281E-11));
#2605=CARTESIAN_POINT('',(4.708175630045E2,3.525524745044E2,
-3.478817234281E-11));
#2606=CARTESIAN_POINT('',(4.708363204574E2,3.524961997623E2,
-3.478817234281E-11));
#2607=CARTESIAN_POINT('',(4.708550779102E2,3.524399250201E2,
-3.478817234281E-11));
#2608=CARTESIAN_POINT('',(4.708738353630E2,3.523930325800E2,
-3.478817234281E-11));
#2609=CARTESIAN_POINT('',(4.709019727341E2,3.523461401398E2,
-3.478817234281E-11));
#2610=CARTESIAN_POINT('',(4.709207301869E2,3.523086204667E2,
-3.478817234281E-11));
#2611=CARTESIAN_POINT('',(4.709488675579E2,3.522711055611E2,
-3.478817234281E-11));
#2612=CARTESIAN_POINT('',(4.709770025453E2,3.522429681900E2,
-3.478817234281E-11));
#2613=CARTESIAN_POINT('',(4.710426548220E2,3.521866982153E2,
-3.478817234281E-11));
#2614=CARTESIAN_POINT('',(4.711176870170E2,3.521585608442E2,
-3.478817234281E-11));
#2615=CARTESIAN_POINT('',(4.712020967465E2,3.521304234731E2,
-3.478817234281E-11));
#2616=CARTESIAN_POINT('',(4.712958863943E2,3.521304234731E2,
-3.478817234281E-11));
#2617=CARTESIAN_POINT('',(4.713427812182E2,3.521304234731E2,
-3.478817234281E-11));
#2618=CARTESIAN_POINT('',(4.713990535766E2,3.521398010077E2,
-3.478817234281E-11));
#2619=CARTESIAN_POINT('',(4.714459484005E2,3.521491833097E2,
-3.478817234281E-11));
#2620=CARTESIAN_POINT('',(4.714928432244E2,3.521679383788E2,
-3.478817234281E-11));
#2621=CARTESIAN_POINT('',(4.715397380483E2,3.521866982153E2,
-3.478817234281E-11));
#2622=CARTESIAN_POINT('',(4.715866304885E2,3.522148355864E2,
-3.478817234281E-11));
#2623=CARTESIAN_POINT('',(4.716241477778E2,3.522429681900E2,
-3.478817234281E-11));
#2624=CARTESIAN_POINT('',(4.716616626834E2,3.522804878631E2,
-3.478817234281E-11));
#2625=CARTESIAN_POINT('',(4.716991775891E2,3.523180027687E2,
-3.478817234281E-11));
#2626=CARTESIAN_POINT('',(4.717273149601E2,3.523555176743E2,
-3.478817234281E-11));
#2627=CARTESIAN_POINT('',(4.717460724130E2,3.524024101145E2,
-3.478817234281E-11));
#2628=CARTESIAN_POINT('',(4.717742097840E2,3.524493073221E2,
-3.478817234281E-11));
#2629=CARTESIAN_POINT('',(4.717835873186E2,3.524961997623E2,
-3.478817234281E-11));
#2630=CARTESIAN_POINT('',(4.718023447714E2,3.525430969699E2,
-3.478817234281E-11));
#2631=CARTESIAN_POINT('',(4.718023447714E2,3.525993669446E2,
-3.478817234281E-11));
#2632=CARTESIAN_POINT('',(4.718117246897E2,3.526556416868E2,
-3.478817234281E-11));
#2633=CARTESIAN_POINT('',(4.718023447714E2,3.527025341270E2,
-3.478817234281E-11));
#2634=CARTESIAN_POINT('',(4.718023447714E2,3.527588088691E2,
-3.478817234281E-11));
#2635=CARTESIAN_POINT('',(4.717835873186E2,3.528057060767E2,
-3.478817234281E-11));
#2636=CARTESIAN_POINT('',(4.717742097840E2,3.528525985169E2,
-3.478817234281E-11));
#2637=CARTESIAN_POINT('',(4.717554523312E2,3.528901134225E2,
-3.478817234281E-11));
#2638=CARTESIAN_POINT('',(4.717273149601E2,3.529276283281E2,
-3.478817234281E-11));
#2639=CARTESIAN_POINT('',(4.716991775891E2,3.529745255358E2,
-3.478817234281E-11));
#2640=CARTESIAN_POINT('',(4.716710402180E2,3.530026629068E2,
-3.478817234281E-11));
#2641=CARTESIAN_POINT('',(4.716335253124E2,3.530401778125E2,
-3.478817234281E-11));
#2642=CARTESIAN_POINT('',(4.715960104067E2,3.530683151835E2,
-3.478817234281E-11));
#2643=CARTESIAN_POINT('',(4.715584955011E2,3.530870702526E2,
-3.478817234281E-11));
#2644=CARTESIAN_POINT('',(4.715116006772E2,3.531058300892E2,
-3.478817234281E-11));
#2645=CARTESIAN_POINT('',(4.714647058533E2,3.531245851583E2,
-3.478817234281E-11));
#2646=CARTESIAN_POINT('',(4.714178110294E2,3.531339674602E2,
-3.478817234281E-11));
#2647=CARTESIAN_POINT('',(4.713709162055E2,3.531433449948E2,
-3.478817234281E-11));
#2648=CARTESIAN_POINT('',(4.713146438471E2,3.531433449948E2,
-3.478817234281E-11));
#2649=CARTESIAN_POINT('',(4.712677490232E2,3.531433449948E2,
-3.478817234281E-11));
#2650=CARTESIAN_POINT('',(4.712208541993E2,3.531339674602E2,
-3.478817234281E-11));
#2651=CARTESIAN_POINT('',(4.711645818409E2,3.531245851583E2,
-3.478817234281E-11));
#2652=CARTESIAN_POINT('',(4.710989295642E2,3.531152076237E2,
-3.478817234281E-11));
#2653=CARTESIAN_POINT('',(4.711364444698E2,3.533871942651E2,
-3.478817234281E-11));
#2654=CARTESIAN_POINT('',(4.711645818409E2,3.533778167305E2,
-3.478817234281E-11));
#2655=CARTESIAN_POINT('',(4.711833392937E2,3.533778167305E2,
-3.478817234281E-11));
#2656=CARTESIAN_POINT('',(4.712771289415E2,3.533871942651E2,
-3.478817234281E-11));
#2657=CARTESIAN_POINT('',(4.713709162055E2,3.534059541016E2,
-3.478817234281E-11));
#2658=CARTESIAN_POINT('',(4.714553259351E2,3.534340914727E2,
-3.478817234281E-11));
#2659=CARTESIAN_POINT('',(4.715397380483E2,3.534809839129E2,
-3.478817234281E-11));
#2660=CARTESIAN_POINT('',(4.715772529539E2,3.535091212839E2,
-3.478817234281E-11));
#2661=CARTESIAN_POINT('',(4.716053879413E2,3.535372586550E2,
-3.478817234281E-11));
#2662=CARTESIAN_POINT('',(4.716335253124E2,3.535747735607E2,
-3.478817234281E-11));
#2663=CARTESIAN_POINT('',(4.716522827652E2,3.536122884663E2,
-3.478817234281E-11));
#2664=CARTESIAN_POINT('',(4.716710402180E2,3.536498033719E2,
-3.478817234281E-11));
#2665=CARTESIAN_POINT('',(4.716804201363E2,3.536967005795E2,
-3.478817234281E-11));
#2666=CARTESIAN_POINT('',(4.716898000545E2,3.537435930197E2,
-3.478817234281E-11));
#2667=CARTESIAN_POINT('',(4.716991775891E2,3.537998677618E2,
-3.478817234281E-11));
#2668=CARTESIAN_POINT('',(4.716898000545E2,3.538748975731E2,
-3.478817234281E-11));
#2669=CARTESIAN_POINT('',(4.716616626834E2,3.539499273844E2,
-3.478817234281E-11));
#2670=CARTESIAN_POINT('',(4.716335253124E2,3.540155796611E2,
-3.478817234281E-11));
#2671=CARTESIAN_POINT('',(4.715772529539E2,3.540812319378E2,
-3.478817234281E-11));
#2672=CARTESIAN_POINT('',(4.715209782118E2,3.541281291454E2,
-3.478817234281E-11));
#2673=CARTESIAN_POINT('',(4.714459484005E2,3.541656440510E2,
-3.478817234281E-11));
#2674=CARTESIAN_POINT('',(4.713709162055E2,3.541843991201E2,
-3.478817234281E-11));
#2675=CARTESIAN_POINT('',(4.712865064760E2,3.541937814221E2,
-3.478817234281E-11));
#2676=CARTESIAN_POINT('',(4.712020967465E2,3.541843991201E2,
-3.478817234281E-11));
#2677=CARTESIAN_POINT('',(4.711176870170E2,3.541562665164E2,
-3.478817234281E-11));
#2678=CARTESIAN_POINT('',(4.710520347403E2,3.541281291454E2,
-3.478817234281E-11));
#2679=CARTESIAN_POINT('',(4.709863824636E2,3.540718544032E2,
-3.478817234281E-11));
#2680=CARTESIAN_POINT('',(4.709582450925E2,3.540437170321E2,
-3.478817234281E-11));
#2681=CARTESIAN_POINT('',(4.709301101051E2,3.540062021265E2,
-3.478817234281E-11));
#2682=CARTESIAN_POINT('',(4.709113502686E2,3.539686872209E2,
-3.478817234281E-11));
#2683=CARTESIAN_POINT('',(4.708832152812E2,3.539311723153E2,
-3.478817234281E-11));
#2684=CARTESIAN_POINT('',(4.708738353630E2,3.538842751076E2,
-3.478817234281E-11));
#2685=CARTESIAN_POINT('',(4.708550779102E2,3.538373826675E2,
-3.478817234281E-11));
#2686=CARTESIAN_POINT('',(4.708456979919E2,3.537811079253E2,
-3.478817234281E-11));
#2687=CARTESIAN_POINT('',(4.708363204574E2,3.537342154851E2,
-3.478817234281E-11));
#2688=CARTESIAN_POINT('',(4.705268165266E2,3.537904854599E2,
-3.478817234281E-11));
#2689=CARTESIAN_POINT('',(4.705361964449E2,3.538655200386E2,
-3.478817234281E-11));
#2690=CARTESIAN_POINT('',(4.705549538977E2,3.539311723153E2,
-3.478817234281E-11));
#2691=CARTESIAN_POINT('',(4.705830888851E2,3.539968245920E2,
-3.478817234281E-11));
#2692=CARTESIAN_POINT('',(4.706112262562E2,3.540624768687E2,
-3.478817234281E-11));
#2693=CARTESIAN_POINT('',(4.706487411618E2,3.541187468434E2,
-3.478817234281E-11));
#2694=CARTESIAN_POINT('',(4.706862584511E2,3.541750215855E2,
-3.478817234281E-11));
#2695=CARTESIAN_POINT('',(4.707331532750E2,3.542219187932E2,
-3.478817234281E-11));
#2696=CARTESIAN_POINT('',(4.707800457152E2,3.542688112333E2,
-3.478817234281E-11));
#2697=CARTESIAN_POINT('',(4.708269405391E2,3.543063261390E2,
-3.478817234281E-11));
#2698=CARTESIAN_POINT('',(4.708832152812E2,3.543438410446E2,
-3.478817234281E-11));
#2699=CARTESIAN_POINT('',(4.709394876397E2,3.543719784157E2,
-3.478817234281E-11));
#2700=CARTESIAN_POINT('',(4.710051399164E2,3.544001157867E2,
-3.478817234281E-11));
#2701=CARTESIAN_POINT('',(4.710614122748E2,3.544188756233E2,
-3.478817234281E-11));
#2702=CARTESIAN_POINT('',(4.711270645515E2,3.544282531578E2,
-3.478817234281E-11));
#2703=CARTESIAN_POINT('',(4.712020967465E2,3.544376306924E2,
-3.478817234281E-11));
#2704=CARTESIAN_POINT('',(4.712771289415E2,3.544470082269E2,
-3.478817234281E-11));
#2705=CARTESIAN_POINT('',(4.713709162055E2,3.544376306924E2,
-3.478817234281E-11));
#2706=CARTESIAN_POINT('',(4.714740857716E2,3.544188756233E2,
-3.478817234281E-11));
#2707=CARTESIAN_POINT('',(4.715584955011E2,3.543907382522E2,
-3.478817234281E-11));
#2708=CARTESIAN_POINT('',(4.716522827652E2,3.543532233466E2,
-3.478817234281E-11));
#2709=CARTESIAN_POINT('',(4.717273149601E2,3.543063261390E2,
-3.478817234281E-11));
#2710=CARTESIAN_POINT('',(4.718023447714E2,3.542500513968E2,
-3.478817234281E-11));
#2711=CARTESIAN_POINT('',(4.718586195136E2,3.541843991201E2,
-3.478817234281E-11));
#2712=CARTESIAN_POINT('',(4.719148918720E2,3.541093693088E2,
-3.478817234281E-11));
#2713=CARTESIAN_POINT('',(4.719524091613E2,3.540343394976E2,
-3.478817234281E-11));
#2714=CARTESIAN_POINT('',(4.719805441487E2,3.539593096863E2,
-3.478817234281E-11));
#2715=CARTESIAN_POINT('',(4.719993016015E2,3.538748975731E2,
-3.478817234281E-11));
#2716=CARTESIAN_POINT('',(4.720086815198E2,3.537904854599E2,
-3.478817234281E-11));
#2717=CARTESIAN_POINT('',(4.719993016015E2,3.537154556486E2,
-3.478817234281E-11));
#2718=CARTESIAN_POINT('',(4.719805441487E2,3.536310483028E2,
-3.478817234281E-11));
#2719=CARTESIAN_POINT('',(4.719524091613E2,3.535653960261E2,
-3.478817234281E-11));
#2720=CARTESIAN_POINT('',(4.719148918720E2,3.534903614474E2,
-3.478817234281E-11));
#2721=CARTESIAN_POINT('',(4.718679970481E2,3.534340914727E2,
-3.478817234281E-11));
#2722=CARTESIAN_POINT('',(4.718117246897E2,3.533778167305E2,
-3.478817234281E-11));
#2723=CARTESIAN_POINT('',(4.717366924947E2,3.533215419884E2,
-3.478817234281E-11));
#2724=CARTESIAN_POINT('',(4.716616626834E2,3.532840270828E2,
-3.478817234281E-11));
#2725=CARTESIAN_POINT('',(4.717085575073E2,3.532652672462E2,
-3.478817234281E-11));
#2726=CARTESIAN_POINT('',(4.717648298658E2,3.532465121771E2,
-3.478817234281E-11));
#2727=CARTESIAN_POINT('',(4.718117246897E2,3.532277523406E2,
-3.478817234281E-11));
#2728=CARTESIAN_POINT('',(4.718586195136E2,3.531996197369E2,
-3.478817234281E-11));
#2729=CARTESIAN_POINT('',(4.718961344192E2,3.531714823659E2,
-3.478817234281E-11));
#2730=CARTESIAN_POINT('',(4.719336493248E2,3.531433449948E2,
-3.478817234281E-11));
#2731=CARTESIAN_POINT('',(4.719711666142E2,3.531058300892E2,
-3.478817234281E-11));
#2732=CARTESIAN_POINT('',(4.720086815198E2,3.530683151835E2,
-3.478817234281E-11));
#2733=CARTESIAN_POINT('',(4.720368188909E2,3.530307955105E2,
-3.478817234281E-11));
#2734=CARTESIAN_POINT('',(4.720649538782E2,3.529839030703E2,
-3.478817234281E-11));
#2735=CARTESIAN_POINT('',(4.720837137148E2,3.529370106301E2,
-3.478817234281E-11));
#2736=CARTESIAN_POINT('',(4.721024711676E2,3.528901134225E2,
-3.478817234281E-11));
#2737=CARTESIAN_POINT('',(4.721212286204E2,3.528338386804E2,
-3.478817234281E-11));
#2738=CARTESIAN_POINT('',(4.721306061549E2,3.527775687056E2,
-3.478817234281E-11));
#2739=CARTESIAN_POINT('',(4.721306061549E2,3.527212939635E2,
-3.478817234281E-11));
#2740=CARTESIAN_POINT('',(4.721399860732E2,3.526650192213E2,
-3.478817234281E-11));
#2741=CARTESIAN_POINT('',(4.721306061549E2,3.525806118755E2,
-3.478817234281E-11));
#2742=CARTESIAN_POINT('',(4.721212286204E2,3.525055772968E2,
-3.478817234281E-11));
#2743=CARTESIAN_POINT('',(4.721024711676E2,3.524305474856E2,
-3.478817234281E-11));
#2744=CARTESIAN_POINT('',(4.720743337965E2,3.523555176743E2,
-3.478817234281E-11));
#2745=CARTESIAN_POINT('',(4.720461964254E2,3.522898653976E2,
-3.478817234281E-11));
#2746=CARTESIAN_POINT('',(4.719993016015E2,3.522242131209E2,
-3.478817234281E-11));
#2747=CARTESIAN_POINT('',(4.719524091613E2,3.521585608442E2,
-3.478817234281E-11));
#2748=CARTESIAN_POINT('',(4.718961344192E2,3.521022861021E2,
-3.478817234281E-11));
#2749=CARTESIAN_POINT('',(4.718304821425E2,3.520460161273E2,
-3.478817234281E-11));
#2750=CARTESIAN_POINT('',(4.717648298658E2,3.519991189197E2,
-3.478817234281E-11));
#2751=CARTESIAN_POINT('',(4.716991775891E2,3.519616040141E2,
-3.478817234281E-11));
#2752=CARTESIAN_POINT('',(4.716241477778E2,3.519334666430E2,
-3.478817234281E-11));
#2753=CARTESIAN_POINT('',(4.715491155828E2,3.519147115739E2,
-3.478817234281E-11));
#2754=CARTESIAN_POINT('',(4.714647058533E2,3.518959517374E2,
-3.478817234281E-11));
#2755=CARTESIAN_POINT('',(4.713802961238E2,3.518865742028E2,
-3.478817234281E-11));
#2756=CARTESIAN_POINT('',(4.712865064760E2,3.518771919009E2,
-3.478817234281E-11));
#2757=CARTESIAN_POINT('',(4.712114766648E2,3.518865742028E2,
-3.478817234281E-11));
#2758=CARTESIAN_POINT('',(4.711364444698E2,3.518959517374E2,
-3.478817234281E-11));
#2759=CARTESIAN_POINT('',(4.710614122748E2,3.519053292719E2,
-3.478817234281E-11));
#2760=CARTESIAN_POINT('',(4.709863824636E2,3.519240891085E2,
-3.478817234281E-11));
#2761=CARTESIAN_POINT('',(4.709207301869E2,3.519522264796E2,
-3.478817234281E-11));
#2762=CARTESIAN_POINT('',(4.708550779102E2,3.519803638506E2,
-3.478817234281E-11));
#2763=CARTESIAN_POINT('',(4.707988055517E2,3.520178787563E2,
-3.478817234281E-11));
#2764=CARTESIAN_POINT('',(4.707425308096E2,3.520647711964E2,
-3.478817234281E-11));
#2765=CARTESIAN_POINT('',(4.706956359857E2,3.521210459386E2,
-3.478817234281E-11));
#2766=CARTESIAN_POINT('',(4.706487411618E2,3.521773159133E2,
-3.478817234281E-11));
#2767=CARTESIAN_POINT('',(4.706018487216E2,3.522335906555E2,
-3.478817234281E-11));
#2768=CARTESIAN_POINT('',(4.705737113505E2,3.522898653976E2,
-3.478817234281E-11));
#2769=CARTESIAN_POINT('',(4.705455739795E2,3.523555176743E2,
-3.478817234281E-11));
#2770=CARTESIAN_POINT('',(4.705174366084E2,3.524305474856E2,
-3.478817234281E-11));
#2771=CARTESIAN_POINT('',(4.705080590738E2,3.524961997623E2,
-3.478817234281E-11));
#2772=CARTESIAN_POINT('',(4.704986791556E2,3.525806118755E2,
-3.478817234281E-11));
#2774=CARTESIAN_POINT('',(4.726089295447E2,3.519147115739E2,
-3.478817234281E-11));
#2775=CARTESIAN_POINT('',(4.726089295447E2,3.522617280265E2,
-3.478817234281E-11));
#2776=CARTESIAN_POINT('',(4.729559483810E2,3.522617280265E2,
-3.478817234281E-11));
#2777=CARTESIAN_POINT('',(4.729559483810E2,3.519147115739E2,
-3.478817234281E-11));
#2778=CARTESIAN_POINT('',(4.726089295447E2,3.519147115739E2,
-3.478817234281E-11));
#2780=CARTESIAN_POINT('',(4.744284358396E2,3.519147115739E2,
-3.478817234281E-11));
#2781=CARTESIAN_POINT('',(4.744284358396E2,3.525149595988E2,
-3.478817234281E-11));
#2782=CARTESIAN_POINT('',(4.733123471356E2,3.525149595988E2,
-3.478817234281E-11));
#2783=CARTESIAN_POINT('',(4.733123471356E2,3.527963237747E2,
-3.478817234281E-11));
#2784=CARTESIAN_POINT('',(4.744940881163E2,3.544282531578E2,
-3.478817234281E-11));
#2785=CARTESIAN_POINT('',(4.747379397703E2,3.544282531578E2,
-3.478817234281E-11));
#2786=CARTESIAN_POINT('',(4.747379397703E2,3.527963237747E2,
-3.478817234281E-11));
#2787=CARTESIAN_POINT('',(4.750755786884E2,3.527963237747E2,
-3.478817234281E-11));
#2788=CARTESIAN_POINT('',(4.750755786884E2,3.525149595988E2,
-3.478817234281E-11));
#2789=CARTESIAN_POINT('',(4.747379397703E2,3.525149595988E2,
-3.478817234281E-11));
#2790=CARTESIAN_POINT('',(4.747379397703E2,3.519147115739E2,
-3.478817234281E-11));
#2791=CARTESIAN_POINT('',(4.744284358396E2,3.519147115739E2,
-3.478817234281E-11));
#2793=CARTESIAN_POINT('',(4.744284358396E2,3.527963237747E2,
-3.478817234281E-11));
#2794=CARTESIAN_POINT('',(4.744284358396E2,3.539217900133E2,
-3.478817234281E-11));
#2795=CARTESIAN_POINT('',(4.736124711481E2,3.527963237747E2,
-3.478817234281E-11));
#2796=CARTESIAN_POINT('',(4.744284358396E2,3.527963237747E2,
-3.478817234281E-11));
#2798=CARTESIAN_POINT('',(4.753850826191E2,3.531527225293E2,
-3.478817234281E-11));
#2799=CARTESIAN_POINT('',(4.753850826191E2,3.532652672462E2,
-3.478817234281E-11));
#2800=CARTESIAN_POINT('',(4.753850826191E2,3.533684391960E2,
-3.478817234281E-11));
#2801=CARTESIAN_POINT('',(4.753944601537E2,3.534716063783E2,
-3.478817234281E-11));
#2802=CARTESIAN_POINT('',(4.754038400719E2,3.535560137241E2,
-3.478817234281E-11));
#2803=CARTESIAN_POINT('',(4.754132199902E2,3.536498033719E2,
-3.478817234281E-11));
#2804=CARTESIAN_POINT('',(4.754319774430E2,3.537248331832E2,
-3.478817234281E-11));
#2805=CARTESIAN_POINT('',(4.754507348958E2,3.538092452964E2,
-3.478817234281E-11));
#2806=CARTESIAN_POINT('',(4.754694923486E2,3.538748975731E2,
-3.478817234281E-11));
#2807=CARTESIAN_POINT('',(4.754976297197E2,3.539405498498E2,
-3.478817234281E-11));
#2808=CARTESIAN_POINT('',(4.755257647071E2,3.540062021265E2,
-3.478817234281E-11));
#2809=CARTESIAN_POINT('',(4.755539020781E2,3.540624768687E2,
-3.478817234281E-11));
#2810=CARTESIAN_POINT('',(4.755914169838E2,3.541187468434E2,
-3.478817234281E-11));
#2811=CARTESIAN_POINT('',(4.756195543549E2,3.541656440510E2,
-3.478817234281E-11));
#2812=CARTESIAN_POINT('',(4.756664491787E2,3.542125364912E2,
-3.478817234281E-11));
#2813=CARTESIAN_POINT('',(4.757039640844E2,3.542594336988E2,
-3.478817234281E-11));
#2814=CARTESIAN_POINT('',(4.757508589083E2,3.542969486044E2,
-3.478817234281E-11));
#2815=CARTESIAN_POINT('',(4.757977537322E2,3.543344635100E2,
-3.478817234281E-11));
#2816=CARTESIAN_POINT('',(4.758446485560E2,3.543626008811E2,
-3.478817234281E-11));
#2817=CARTESIAN_POINT('',(4.759009209145E2,3.543813559502E2,
-3.478817234281E-11));
#2818=CARTESIAN_POINT('',(4.759571956566E2,3.544094933213E2,
-3.478817234281E-11));
#2819=CARTESIAN_POINT('',(4.760134680151E2,3.544188756233E2,
-3.478817234281E-11));
#2820=CARTESIAN_POINT('',(4.760697403735E2,3.544376306924E2,
-3.478817234281E-11));
#2821=CARTESIAN_POINT('',(4.761353926502E2,3.544376306924E2,
-3.478817234281E-11));
#2822=CARTESIAN_POINT('',(4.762104248452E2,3.544470082269E2,
-3.478817234281E-11));
#2823=CARTESIAN_POINT('',(4.763042144930E2,3.544376306924E2,
-3.478817234281E-11));
#2824=CARTESIAN_POINT('',(4.763980017571E2,3.544188756233E2,
-3.478817234281E-11));
#2825=CARTESIAN_POINT('',(4.764824114866E2,3.544001157867E2,
-3.478817234281E-11));
#2826=CARTESIAN_POINT('',(4.765668235998E2,3.543626008811E2,
-3.478817234281E-11));
#2827=CARTESIAN_POINT('',(4.766418534111E2,3.543157036735E2,
-3.478817234281E-11));
#2828=CARTESIAN_POINT('',(4.767075056878E2,3.542594336988E2,
-3.478817234281E-11));
#2829=CARTESIAN_POINT('',(4.767637804299E2,3.541937814221E2,
-3.478817234281E-11));
#2830=CARTESIAN_POINT('',(4.768200527884E2,3.541281291454E2,
-3.478817234281E-11));
#2831=CARTESIAN_POINT('',(4.768669476123E2,3.540437170321E2,
-3.478817234281E-11));
#2832=CARTESIAN_POINT('',(4.769044625179E2,3.539593096863E2,
-3.478817234281E-11));
#2833=CARTESIAN_POINT('',(4.769419774235E2,3.538561377366E2,
-3.478817234281E-11));
#2834=CARTESIAN_POINT('',(4.769701147946E2,3.537529705542E2,
-3.478817234281E-11));
#2835=CARTESIAN_POINT('',(4.769888722474E2,3.536967005795E2,
-3.478817234281E-11));
#2836=CARTESIAN_POINT('',(4.769982521657E2,3.536310483028E2,
-3.478817234281E-11));
#2837=CARTESIAN_POINT('',(4.770076297002E2,3.535653960261E2,
-3.478817234281E-11));
#2838=CARTESIAN_POINT('',(4.770170096185E2,3.534903614474E2,
-3.478817234281E-11));
#2839=CARTESIAN_POINT('',(4.770263871530E2,3.534153316362E2,
-3.478817234281E-11));
#2840=CARTESIAN_POINT('',(4.770263871530E2,3.533309195229E2,
-3.478817234281E-11));
#2841=CARTESIAN_POINT('',(4.770263871530E2,3.532465121771E2,
-3.478817234281E-11));
#2842=CARTESIAN_POINT('',(4.770357670713E2,3.531527225293E2,
-3.478817234281E-11));
#2843=CARTESIAN_POINT('',(4.770263871530E2,3.530495553470E2,
-3.478817234281E-11));
#2844=CARTESIAN_POINT('',(4.770263871530E2,3.529463881647E2,
-3.478817234281E-11));
#2845=CARTESIAN_POINT('',(4.770170096185E2,3.528525985169E2,
-3.478817234281E-11));
#2846=CARTESIAN_POINT('',(4.770076297002E2,3.527588088691E2,
-3.478817234281E-11));
#2847=CARTESIAN_POINT('',(4.769982521657E2,3.526650192213E2,
-3.478817234281E-11));
#2848=CARTESIAN_POINT('',(4.769794947128E2,3.525899894101E2,
-3.478817234281E-11));
#2849=CARTESIAN_POINT('',(4.769607348763E2,3.525149595988E2,
-3.478817234281E-11));
#2850=CARTESIAN_POINT('',(4.769419774235E2,3.524399250201E2,
-3.478817234281E-11));
#2851=CARTESIAN_POINT('',(4.769138424361E2,3.523742727434E2,
-3.478817234281E-11));
#2852=CARTESIAN_POINT('',(4.768857050651E2,3.523086204667E2,
-3.478817234281E-11));
#2853=CARTESIAN_POINT('',(4.768575676940E2,3.522523504920E2,
-3.478817234281E-11));
#2854=CARTESIAN_POINT('',(4.768294303229E2,3.521960757498E2,
-3.478817234281E-11));
#2855=CARTESIAN_POINT('',(4.767919154173E2,3.521491833097E2,
-3.478817234281E-11));
#2856=CARTESIAN_POINT('',(4.767544005117E2,3.521022861021E2,
-3.478817234281E-11));
#2857=CARTESIAN_POINT('',(4.767075056878E2,3.520553936619E2,
-3.478817234281E-11));
#2858=CARTESIAN_POINT('',(4.766699907821E2,3.520178787563E2,
-3.478817234281E-11));
#2859=CARTESIAN_POINT('',(4.766230959582E2,3.519803638506E2,
-3.478817234281E-11));
#2860=CARTESIAN_POINT('',(4.765668235998E2,3.519522264796E2,
-3.478817234281E-11));
#2861=CARTESIAN_POINT('',(4.765199287759E2,3.519334666430E2,
-3.478817234281E-11));
#2862=CARTESIAN_POINT('',(4.764636540338E2,3.519147115739E2,
-3.478817234281E-11));
#2863=CARTESIAN_POINT('',(4.763980017571E2,3.519053292719E2,
-3.478817234281E-11));
#2864=CARTESIAN_POINT('',(4.763417293986E2,3.518865742028E2,
-3.478817234281E-11));
#2865=CARTESIAN_POINT('',(4.762760771219E2,3.518865742028E2,
-3.478817234281E-11));
#2866=CARTESIAN_POINT('',(4.762104248452E2,3.518771919009E2,
-3.478817234281E-11));
#2867=CARTESIAN_POINT('',(4.761166351974E2,3.518865742028E2,
-3.478817234281E-11));
#2868=CARTESIAN_POINT('',(4.760322254679E2,3.518959517374E2,
-3.478817234281E-11));
#2869=CARTESIAN_POINT('',(4.759571956566E2,3.519147115739E2,
-3.478817234281E-11));
#2870=CARTESIAN_POINT('',(4.758821634617E2,3.519334666430E2,
-3.478817234281E-11));
#2871=CARTESIAN_POINT('',(4.758071312667E2,3.519709815486E2,
-3.478817234281E-11));
#2872=CARTESIAN_POINT('',(4.757414789900E2,3.520178787563E2,
-3.478817234281E-11));
#2873=CARTESIAN_POINT('',(4.756852066316E2,3.520647711964E2,
-3.478817234281E-11));
#2874=CARTESIAN_POINT('',(4.756289342731E2,3.521304234731E2,
-3.478817234281E-11));
#2875=CARTESIAN_POINT('',(4.755726595310E2,3.522148355864E2,
-3.478817234281E-11));
#2876=CARTESIAN_POINT('',(4.755257647071E2,3.523086204667E2,
-3.478817234281E-11));
#2877=CARTESIAN_POINT('',(4.754788722669E2,3.524211699510E2,
-3.478817234281E-11));
#2878=CARTESIAN_POINT('',(4.754413549776E2,3.525430969699E2,
-3.478817234281E-11));
#2879=CARTESIAN_POINT('',(4.754132199902E2,3.526837790579E2,
-3.478817234281E-11));
#2880=CARTESIAN_POINT('',(4.753944601537E2,3.528244611458E2,
-3.478817234281E-11));
#2881=CARTESIAN_POINT('',(4.753850826191E2,3.529839030703E2,
-3.478817234281E-11));
#2882=CARTESIAN_POINT('',(4.753850826191E2,3.531527225293E2,
-3.478817234281E-11));
#2884=CARTESIAN_POINT('',(4.756945865498E2,3.531621000639E2,
-3.478817234281E-11));
#2885=CARTESIAN_POINT('',(4.756945865498E2,3.530120404414E2,
-3.478817234281E-11));
#2886=CARTESIAN_POINT('',(4.757039640844E2,3.528713583534E2,
-3.478817234281E-11));
#2887=CARTESIAN_POINT('',(4.757133440026E2,3.527494313346E2,
-3.478817234281E-11));
#2888=CARTESIAN_POINT('',(4.757227215372E2,3.526368818503E2,
-3.478817234281E-11));
#2889=CARTESIAN_POINT('',(4.757508589083E2,3.525430969699E2,
-3.478817234281E-11));
#2890=CARTESIAN_POINT('',(4.757696163611E2,3.524586848567E2,
-3.478817234281E-11));
#2891=CARTESIAN_POINT('',(4.758071312667E2,3.523836550454E2,
-3.478817234281E-11));
#2892=CARTESIAN_POINT('',(4.758352686378E2,3.523273803033E2,
-3.478817234281E-11));
#2893=CARTESIAN_POINT('',(4.758727835434E2,3.522804878631E2,
-3.478817234281E-11));
#2894=CARTESIAN_POINT('',(4.759196783673E2,3.522429681900E2,
-3.478817234281E-11));
#2895=CARTESIAN_POINT('',(4.759571956566E2,3.522054532844E2,
-3.478817234281E-11));
#2896=CARTESIAN_POINT('',(4.760040880968E2,3.521773159133E2,
-3.478817234281E-11));
#2897=CARTESIAN_POINT('',(4.760509829207E2,3.521585608442E2,
-3.478817234281E-11));
#2898=CARTESIAN_POINT('',(4.760978777446E2,3.521398010077E2,
-3.478817234281E-11));
#2899=CARTESIAN_POINT('',(4.761541524868E2,3.521304234731E2,
-3.478817234281E-11));
#2900=CARTESIAN_POINT('',(4.762104248452E2,3.521304234731E2,
-3.478817234281E-11));
#2901=CARTESIAN_POINT('',(4.762573196691E2,3.521304234731E2,
-3.478817234281E-11));
#2902=CARTESIAN_POINT('',(4.763135920275E2,3.521398010077E2,
-3.478817234281E-11));
#2903=CARTESIAN_POINT('',(4.763604868514E2,3.521585608442E2,
-3.478817234281E-11));
#2904=CARTESIAN_POINT('',(4.764073816753E2,3.521773159133E2,
-3.478817234281E-11));
#2905=CARTESIAN_POINT('',(4.764542764992E2,3.522054532844E2,
-3.478817234281E-11));
#2906=CARTESIAN_POINT('',(4.764917914048E2,3.522429681900E2,
-3.478817234281E-11));
#2907=CARTESIAN_POINT('',(4.765386862287E2,3.522804878631E2,
-3.478817234281E-11));
#2908=CARTESIAN_POINT('',(4.765762011344E2,3.523273803033E2,
-3.478817234281E-11));
#2909=CARTESIAN_POINT('',(4.766043385054E2,3.523836550454E2,
-3.478817234281E-11));
#2910=CARTESIAN_POINT('',(4.766418534111E2,3.524586848567E2,
-3.478817234281E-11));
#2911=CARTESIAN_POINT('',(4.766606108639E2,3.525430969699E2,
-3.478817234281E-11));
#2912=CARTESIAN_POINT('',(4.766887482350E2,3.526368818503E2,
-3.478817234281E-11));
#2913=CARTESIAN_POINT('',(4.766981281532E2,3.527494313346E2,
-3.478817234281E-11));
#2914=CARTESIAN_POINT('',(4.767168856060E2,3.528713583534E2,
-3.478817234281E-11));
#2915=CARTESIAN_POINT('',(4.767168856060E2,3.530120404414E2,
-3.478817234281E-11));
#2916=CARTESIAN_POINT('',(4.767262631406E2,3.531621000639E2,
-3.478817234281E-11));
#2917=CARTESIAN_POINT('',(4.767168856060E2,3.533027869193E2,
-3.478817234281E-11));
#2918=CARTESIAN_POINT('',(4.767168856060E2,3.534434690072E2,
-3.478817234281E-11));
#2919=CARTESIAN_POINT('',(4.766981281532E2,3.535653960261E2,
-3.478817234281E-11));
#2920=CARTESIAN_POINT('',(4.766887482350E2,3.536779407430E2,
-3.478817234281E-11));
#2921=CARTESIAN_POINT('',(4.766606108639E2,3.537717303908E2,
-3.478817234281E-11));
#2922=CARTESIAN_POINT('',(4.766418534111E2,3.538561377366E2,
-3.478817234281E-11));
#2923=CARTESIAN_POINT('',(4.766043385054E2,3.539311723153E2,
-3.478817234281E-11));
#2924=CARTESIAN_POINT('',(4.765762011344E2,3.539874422900E2,
-3.478817234281E-11));
#2925=CARTESIAN_POINT('',(4.765386862287E2,3.540343394976E2,
-3.478817234281E-11));
#2926=CARTESIAN_POINT('',(4.764917914048E2,3.540718544032E2,
-3.478817234281E-11));
#2927=CARTESIAN_POINT('',(4.764542764992E2,3.541093693088E2,
-3.478817234281E-11));
#2928=CARTESIAN_POINT('',(4.764073816753E2,3.541375066799E2,
-3.478817234281E-11));
#2929=CARTESIAN_POINT('',(4.763604868514E2,3.541562665164E2,
-3.478817234281E-11));
#2930=CARTESIAN_POINT('',(4.763135920275E2,3.541750215855E2,
-3.478817234281E-11));
#2931=CARTESIAN_POINT('',(4.762573196691E2,3.541843991201E2,
-3.478817234281E-11));
#2932=CARTESIAN_POINT('',(4.762010449269E2,3.541937814221E2,
-3.478817234281E-11));
#2933=CARTESIAN_POINT('',(4.761447725685E2,3.541843991201E2,
-3.478817234281E-11));
#2934=CARTESIAN_POINT('',(4.760978777446E2,3.541750215855E2,
-3.478817234281E-11));
#2935=CARTESIAN_POINT('',(4.760509829207E2,3.541656440510E2,
-3.478817234281E-11));
#2936=CARTESIAN_POINT('',(4.760040880968E2,3.541468842145E2,
-3.478817234281E-11));
#2937=CARTESIAN_POINT('',(4.759665731912E2,3.541187468434E2,
-3.478817234281E-11));
#2938=CARTESIAN_POINT('',(4.759196783673E2,3.540906142397E2,
-3.478817234281E-11));
#2939=CARTESIAN_POINT('',(4.758821634617E2,3.540530945667E2,
-3.478817234281E-11));
#2940=CARTESIAN_POINT('',(4.758540260906E2,3.540062021265E2,
-3.478817234281E-11));
#2941=CARTESIAN_POINT('',(4.758165111850E2,3.539405498498E2,
-3.478817234281E-11));
#2942=CARTESIAN_POINT('',(4.757789962793E2,3.538655200386E2,
-3.478817234281E-11));
#2943=CARTESIAN_POINT('',(4.757508589083E2,3.537811079253E2,
-3.478817234281E-11));
#2944=CARTESIAN_POINT('',(4.757321014555E2,3.536779407430E2,
-3.478817234281E-11));
#2945=CARTESIAN_POINT('',(4.757133440026E2,3.535653960261E2,
-3.478817234281E-11));
#2946=CARTESIAN_POINT('',(4.757039640844E2,3.534434690072E2,
-3.478817234281E-11));
#2947=CARTESIAN_POINT('',(4.756945865498E2,3.533027869193E2,
-3.478817234281E-11));
#2948=CARTESIAN_POINT('',(4.756945865498E2,3.531621000639E2,
-3.478817234281E-11));
#2950=CARTESIAN_POINT('',(4.773452710020E2,3.531527225293E2,
-3.478817234281E-11));
#2951=CARTESIAN_POINT('',(4.773452710020E2,3.532652672462E2,
-3.478817234281E-11));
#2952=CARTESIAN_POINT('',(4.773452710020E2,3.533684391960E2,
-3.478817234281E-11));
#2953=CARTESIAN_POINT('',(4.773546485366E2,3.534716063783E2,
-3.478817234281E-11));
#2954=CARTESIAN_POINT('',(4.773640284548E2,3.535560137241E2,
-3.478817234281E-11));
#2955=CARTESIAN_POINT('',(4.773734083731E2,3.536498033719E2,
-3.478817234281E-11));
#2956=CARTESIAN_POINT('',(4.773921658259E2,3.537248331832E2,
-3.478817234281E-11));
#2957=CARTESIAN_POINT('',(4.774109232787E2,3.538092452964E2,
-3.478817234281E-11));
#2958=CARTESIAN_POINT('',(4.774296807315E2,3.538748975731E2,
-3.478817234281E-11));
#2959=CARTESIAN_POINT('',(4.774578181026E2,3.539405498498E2,
-3.478817234281E-11));
#2960=CARTESIAN_POINT('',(4.774859530900E2,3.540062021265E2,
-3.478817234281E-11));
#2961=CARTESIAN_POINT('',(4.775140904610E2,3.540624768687E2,
-3.478817234281E-11));
#2962=CARTESIAN_POINT('',(4.775516053667E2,3.541187468434E2,
-3.478817234281E-11));
#2963=CARTESIAN_POINT('',(4.775797427377E2,3.541656440510E2,
-3.478817234281E-11));
#2964=CARTESIAN_POINT('',(4.776266375616E2,3.542125364912E2,
-3.478817234281E-11));
#2965=CARTESIAN_POINT('',(4.776641524673E2,3.542594336988E2,
-3.478817234281E-11));
#2966=CARTESIAN_POINT('',(4.777110472912E2,3.542969486044E2,
-3.478817234281E-11));
#2967=CARTESIAN_POINT('',(4.777579421150E2,3.543344635100E2,
-3.478817234281E-11));
#2968=CARTESIAN_POINT('',(4.778048369389E2,3.543626008811E2,
-3.478817234281E-11));
#2969=CARTESIAN_POINT('',(4.778611092974E2,3.543813559502E2,
-3.478817234281E-11));
#2970=CARTESIAN_POINT('',(4.779173840395E2,3.544094933213E2,
-3.478817234281E-11));
#2971=CARTESIAN_POINT('',(4.779736563980E2,3.544188756233E2,
-3.478817234281E-11));
#2972=CARTESIAN_POINT('',(4.780299287564E2,3.544376306924E2,
-3.478817234281E-11));
#2973=CARTESIAN_POINT('',(4.780955810331E2,3.544376306924E2,
-3.478817234281E-11));
#2974=CARTESIAN_POINT('',(4.781706132281E2,3.544470082269E2,
-3.478817234281E-11));
#2975=CARTESIAN_POINT('',(4.782644028759E2,3.544376306924E2,
-3.478817234281E-11));
#2976=CARTESIAN_POINT('',(4.783581901399E2,3.544188756233E2,
-3.478817234281E-11));
#2977=CARTESIAN_POINT('',(4.784425998695E2,3.544001157867E2,
-3.478817234281E-11));
#2978=CARTESIAN_POINT('',(4.785270119827E2,3.543626008811E2,
-3.478817234281E-11));
#2979=CARTESIAN_POINT('',(4.786020417940E2,3.543157036735E2,
-3.478817234281E-11));
#2980=CARTESIAN_POINT('',(4.786676940707E2,3.542594336988E2,
-3.478817234281E-11));
#2981=CARTESIAN_POINT('',(4.787239664291E2,3.541937814221E2,
-3.478817234281E-11));
#2982=CARTESIAN_POINT('',(4.787802411713E2,3.541281291454E2,
-3.478817234281E-11));
#2983=CARTESIAN_POINT('',(4.788271359951E2,3.540437170321E2,
-3.478817234281E-11));
#2984=CARTESIAN_POINT('',(4.788646509008E2,3.539593096863E2,
-3.478817234281E-11));
#2985=CARTESIAN_POINT('',(4.789021658064E2,3.538561377366E2,
-3.478817234281E-11));
#2986=CARTESIAN_POINT('',(4.789303031775E2,3.537529705542E2,
-3.478817234281E-11));
#2987=CARTESIAN_POINT('',(4.789490606303E2,3.536967005795E2,
-3.478817234281E-11));
#2988=CARTESIAN_POINT('',(4.789584405486E2,3.536310483028E2,
-3.478817234281E-11));
#2989=CARTESIAN_POINT('',(4.789678180831E2,3.535653960261E2,
-3.478817234281E-11));
#2990=CARTESIAN_POINT('',(4.789771980014E2,3.534903614474E2,
-3.478817234281E-11));
#2991=CARTESIAN_POINT('',(4.789865755359E2,3.534153316362E2,
-3.478817234281E-11));
#2992=CARTESIAN_POINT('',(4.789865755359E2,3.533309195229E2,
-3.478817234281E-11));
#2993=CARTESIAN_POINT('',(4.789865755359E2,3.532465121771E2,
-3.478817234281E-11));
#2994=CARTESIAN_POINT('',(4.789959554542E2,3.531527225293E2,
-3.478817234281E-11));
#2995=CARTESIAN_POINT('',(4.789865755359E2,3.530495553470E2,
-3.478817234281E-11));
#2996=CARTESIAN_POINT('',(4.789865755359E2,3.529463881647E2,
-3.478817234281E-11));
#2997=CARTESIAN_POINT('',(4.789771980014E2,3.528525985169E2,
-3.478817234281E-11));
#2998=CARTESIAN_POINT('',(4.789678180831E2,3.527588088691E2,
-3.478817234281E-11));
#2999=CARTESIAN_POINT('',(4.789584405486E2,3.526650192213E2,
-3.478817234281E-11));
#3000=CARTESIAN_POINT('',(4.789396830957E2,3.525899894101E2,
-3.478817234281E-11));
#3001=CARTESIAN_POINT('',(4.789209232592E2,3.525149595988E2,
-3.478817234281E-11));
#3002=CARTESIAN_POINT('',(4.789021658064E2,3.524399250201E2,
-3.478817234281E-11));
#3003=CARTESIAN_POINT('',(4.788740308190E2,3.523742727434E2,
-3.478817234281E-11));
#3004=CARTESIAN_POINT('',(4.788458934480E2,3.523086204667E2,
-3.478817234281E-11));
#3005=CARTESIAN_POINT('',(4.788177560769E2,3.522523504920E2,
-3.478817234281E-11));
#3006=CARTESIAN_POINT('',(4.787896187058E2,3.521960757498E2,
-3.478817234281E-11));
#3007=CARTESIAN_POINT('',(4.787521038002E2,3.521491833097E2,
-3.478817234281E-11));
#3008=CARTESIAN_POINT('',(4.787145888945E2,3.521022861021E2,
-3.478817234281E-11));
#3009=CARTESIAN_POINT('',(4.786676940707E2,3.520553936619E2,
-3.478817234281E-11));
#3010=CARTESIAN_POINT('',(4.786301791650E2,3.520178787563E2,
-3.478817234281E-11));
#3011=CARTESIAN_POINT('',(4.785832843411E2,3.519803638506E2,
-3.478817234281E-11));
#3012=CARTESIAN_POINT('',(4.785270119827E2,3.519522264796E2,
-3.478817234281E-11));
#3013=CARTESIAN_POINT('',(4.784801171588E2,3.519334666430E2,
-3.478817234281E-11));
#3014=CARTESIAN_POINT('',(4.784238424166E2,3.519147115739E2,
-3.478817234281E-11));
#3015=CARTESIAN_POINT('',(4.783581901399E2,3.519053292719E2,
-3.478817234281E-11));
#3016=CARTESIAN_POINT('',(4.783019177815E2,3.518865742028E2,
-3.478817234281E-11));
#3017=CARTESIAN_POINT('',(4.782362655048E2,3.518865742028E2,
-3.478817234281E-11));
#3018=CARTESIAN_POINT('',(4.781706132281E2,3.518771919009E2,
-3.478817234281E-11));
#3019=CARTESIAN_POINT('',(4.780768235803E2,3.518865742028E2,
-3.478817234281E-11));
#3020=CARTESIAN_POINT('',(4.779924138508E2,3.518959517374E2,
-3.478817234281E-11));
#3021=CARTESIAN_POINT('',(4.779173840395E2,3.519147115739E2,
-3.478817234281E-11));
#3022=CARTESIAN_POINT('',(4.778423518446E2,3.519334666430E2,
-3.478817234281E-11));
#3023=CARTESIAN_POINT('',(4.777673196496E2,3.519709815486E2,
-3.478817234281E-11));
#3024=CARTESIAN_POINT('',(4.777016673729E2,3.520178787563E2,
-3.478817234281E-11));
#3025=CARTESIAN_POINT('',(4.776453950145E2,3.520647711964E2,
-3.478817234281E-11));
#3026=CARTESIAN_POINT('',(4.775891226560E2,3.521304234731E2,
-3.478817234281E-11));
#3027=CARTESIAN_POINT('',(4.775328479139E2,3.522148355864E2,
-3.478817234281E-11));
#3028=CARTESIAN_POINT('',(4.774859530900E2,3.523086204667E2,
-3.478817234281E-11));
#3029=CARTESIAN_POINT('',(4.774390582661E2,3.524211699510E2,
-3.478817234281E-11));
#3030=CARTESIAN_POINT('',(4.774015433604E2,3.525430969699E2,
-3.478817234281E-11));
#3031=CARTESIAN_POINT('',(4.773734083731E2,3.526837790579E2,
-3.478817234281E-11));
#3032=CARTESIAN_POINT('',(4.773546485366E2,3.528244611458E2,
-3.478817234281E-11));
#3033=CARTESIAN_POINT('',(4.773452710020E2,3.529839030703E2,
-3.478817234281E-11));
#3034=CARTESIAN_POINT('',(4.773452710020E2,3.531527225293E2,
-3.478817234281E-11));
#3036=CARTESIAN_POINT('',(4.776547749327E2,3.531621000639E2,
-3.478817234281E-11));
#3037=CARTESIAN_POINT('',(4.776547749327E2,3.530120404414E2,
-3.478817234281E-11));
#3038=CARTESIAN_POINT('',(4.776641524673E2,3.528713583534E2,
-3.478817234281E-11));
#3039=CARTESIAN_POINT('',(4.776735323855E2,3.527494313346E2,
-3.478817234281E-11));
#3040=CARTESIAN_POINT('',(4.776829099201E2,3.526368818503E2,
-3.478817234281E-11));
#3041=CARTESIAN_POINT('',(4.777110472912E2,3.525430969699E2,
-3.478817234281E-11));
#3042=CARTESIAN_POINT('',(4.777298047440E2,3.524586848567E2,
-3.478817234281E-11));
#3043=CARTESIAN_POINT('',(4.777673196496E2,3.523836550454E2,
-3.478817234281E-11));
#3044=CARTESIAN_POINT('',(4.777954570207E2,3.523273803033E2,
-3.478817234281E-11));
#3045=CARTESIAN_POINT('',(4.778329719263E2,3.522804878631E2,
-3.478817234281E-11));
#3046=CARTESIAN_POINT('',(4.778798667502E2,3.522429681900E2,
-3.478817234281E-11));
#3047=CARTESIAN_POINT('',(4.779173840395E2,3.522054532844E2,
-3.478817234281E-11));
#3048=CARTESIAN_POINT('',(4.779642764797E2,3.521773159133E2,
-3.478817234281E-11));
#3049=CARTESIAN_POINT('',(4.780111713036E2,3.521585608442E2,
-3.478817234281E-11));
#3050=CARTESIAN_POINT('',(4.780580661275E2,3.521398010077E2,
-3.478817234281E-11));
#3051=CARTESIAN_POINT('',(4.781143384859E2,3.521304234731E2,
-3.478817234281E-11));
#3052=CARTESIAN_POINT('',(4.781706132281E2,3.521304234731E2,
-3.478817234281E-11));
#3053=CARTESIAN_POINT('',(4.782175080520E2,3.521304234731E2,
-3.478817234281E-11));
#3054=CARTESIAN_POINT('',(4.782737804104E2,3.521398010077E2,
-3.478817234281E-11));
#3055=CARTESIAN_POINT('',(4.783206752343E2,3.521585608442E2,
-3.478817234281E-11));
#3056=CARTESIAN_POINT('',(4.783675700582E2,3.521773159133E2,
-3.478817234281E-11));
#3057=CARTESIAN_POINT('',(4.784144648821E2,3.522054532844E2,
-3.478817234281E-11));
#3058=CARTESIAN_POINT('',(4.784519797877E2,3.522429681900E2,
-3.478817234281E-11));
#3059=CARTESIAN_POINT('',(4.784988746116E2,3.522804878631E2,
-3.478817234281E-11));
#3060=CARTESIAN_POINT('',(4.785363895172E2,3.523273803033E2,
-3.478817234281E-11));
#3061=CARTESIAN_POINT('',(4.785645268883E2,3.523836550454E2,
-3.478817234281E-11));
#3062=CARTESIAN_POINT('',(4.786020417940E2,3.524586848567E2,
-3.478817234281E-11));
#3063=CARTESIAN_POINT('',(4.786207992468E2,3.525430969699E2,
-3.478817234281E-11));
#3064=CARTESIAN_POINT('',(4.786489366178E2,3.526368818503E2,
-3.478817234281E-11));
#3065=CARTESIAN_POINT('',(4.786583141524E2,3.527494313346E2,
-3.478817234281E-11));
#3066=CARTESIAN_POINT('',(4.786770739889E2,3.528713583534E2,
-3.478817234281E-11));
#3067=CARTESIAN_POINT('',(4.786770739889E2,3.530120404414E2,
-3.478817234281E-11));
#3068=CARTESIAN_POINT('',(4.786864515235E2,3.531621000639E2,
-3.478817234281E-11));
#3069=CARTESIAN_POINT('',(4.786770739889E2,3.533027869193E2,
-3.478817234281E-11));
#3070=CARTESIAN_POINT('',(4.786770739889E2,3.534434690072E2,
-3.478817234281E-11));
#3071=CARTESIAN_POINT('',(4.786583141524E2,3.535653960261E2,
-3.478817234281E-11));
#3072=CARTESIAN_POINT('',(4.786489366178E2,3.536779407430E2,
-3.478817234281E-11));
#3073=CARTESIAN_POINT('',(4.786207992468E2,3.537717303908E2,
-3.478817234281E-11));
#3074=CARTESIAN_POINT('',(4.786020417940E2,3.538561377366E2,
-3.478817234281E-11));
#3075=CARTESIAN_POINT('',(4.785645268883E2,3.539311723153E2,
-3.478817234281E-11));
#3076=CARTESIAN_POINT('',(4.785363895172E2,3.539874422900E2,
-3.478817234281E-11));
#3077=CARTESIAN_POINT('',(4.784988746116E2,3.540343394976E2,
-3.478817234281E-11));
#3078=CARTESIAN_POINT('',(4.784519797877E2,3.540718544032E2,
-3.478817234281E-11));
#3079=CARTESIAN_POINT('',(4.784144648821E2,3.541093693088E2,
-3.478817234281E-11));
#3080=CARTESIAN_POINT('',(4.783675700582E2,3.541375066799E2,
-3.478817234281E-11));
#3081=CARTESIAN_POINT('',(4.783206752343E2,3.541562665164E2,
-3.478817234281E-11));
#3082=CARTESIAN_POINT('',(4.782737804104E2,3.541750215855E2,
-3.478817234281E-11));
#3083=CARTESIAN_POINT('',(4.782175080520E2,3.541843991201E2,
-3.478817234281E-11));
#3084=CARTESIAN_POINT('',(4.781612333098E2,3.541937814221E2,
-3.478817234281E-11));
#3085=CARTESIAN_POINT('',(4.781049609514E2,3.541843991201E2,
-3.478817234281E-11));
#3086=CARTESIAN_POINT('',(4.780580661275E2,3.541750215855E2,
-3.478817234281E-11));
#3087=CARTESIAN_POINT('',(4.780111713036E2,3.541656440510E2,
-3.478817234281E-11));
#3088=CARTESIAN_POINT('',(4.779642764797E2,3.541468842145E2,
-3.478817234281E-11));
#3089=CARTESIAN_POINT('',(4.779267615741E2,3.541187468434E2,
-3.478817234281E-11));
#3090=CARTESIAN_POINT('',(4.778798667502E2,3.540906142397E2,
-3.478817234281E-11));
#3091=CARTESIAN_POINT('',(4.778423518446E2,3.540530945667E2,
-3.478817234281E-11));
#3092=CARTESIAN_POINT('',(4.778142144735E2,3.540062021265E2,
-3.478817234281E-11));
#3093=CARTESIAN_POINT('',(4.777766995679E2,3.539405498498E2,
-3.478817234281E-11));
#3094=CARTESIAN_POINT('',(4.777391846622E2,3.538655200386E2,
-3.478817234281E-11));
#3095=CARTESIAN_POINT('',(4.777110472912E2,3.537811079253E2,
-3.478817234281E-11));
#3096=CARTESIAN_POINT('',(4.776922898383E2,3.536779407430E2,
-3.478817234281E-11));
#3097=CARTESIAN_POINT('',(4.776735323855E2,3.535653960261E2,
-3.478817234281E-11));
#3098=CARTESIAN_POINT('',(4.776641524673E2,3.534434690072E2,
-3.478817234281E-11));
#3099=CARTESIAN_POINT('',(4.776547749327E2,3.533027869193E2,
-3.478817234281E-11));
#3100=CARTESIAN_POINT('',(4.776547749327E2,3.531621000639E2,
-3.478817234281E-11));
#3102=CARTESIAN_POINT('',(4.805716089032E2,3.511737766936E2,
-3.478817234281E-11));
#3103=CARTESIAN_POINT('',(4.803465158939E2,3.511737766936E2,
-3.478817234281E-11));
#3104=CARTESIAN_POINT('',(4.804590629945E2,3.513801110583E2,
-3.478817234281E-11));
#3105=CARTESIAN_POINT('',(4.805716089032E2,3.515864501904E2,
-3.478817234281E-11));
#3106=CARTESIAN_POINT('',(4.806560186328E2,3.517927845551E2,
-3.478817234281E-11));
#3107=CARTESIAN_POINT('',(4.807310508277E2,3.519897413852E2,
-3.478817234281E-11));
#3108=CARTESIAN_POINT('',(4.807873231862E2,3.521960757498E2,
-3.478817234281E-11));
#3109=CARTESIAN_POINT('',(4.808248392837E2,3.524024101145E2,
-3.478817234281E-11));
#3110=CARTESIAN_POINT('',(4.808529754629E2,3.526181267812E2,
-3.478817234281E-11));
#3111=CARTESIAN_POINT('',(4.808623541893E2,3.528244611458E2,
-3.478817234281E-11));
#3112=CARTESIAN_POINT('',(4.808529754629E2,3.529839030703E2,
-3.478817234281E-11));
#3113=CARTESIAN_POINT('',(4.808435967365E2,3.531433449948E2,
-3.478817234281E-11));
#3114=CARTESIAN_POINT('',(4.808154605573E2,3.533027869193E2,
-3.478817234281E-11));
#3115=CARTESIAN_POINT('',(4.807873231862E2,3.534622240763E2,
-3.478817234281E-11));
#3116=CARTESIAN_POINT('',(4.807498082806E2,3.535841510952E2,
-3.478817234281E-11));
#3117=CARTESIAN_POINT('',(4.807122921831E2,3.537154556486E2,
-3.478817234281E-11));
#3118=CARTESIAN_POINT('',(4.806653985510E2,3.538373826675E2,
-3.478817234281E-11));
#3119=CARTESIAN_POINT('',(4.806185037271E2,3.539593096863E2,
-3.478817234281E-11));
#3120=CARTESIAN_POINT('',(4.805997462743E2,3.539968245920E2,
-3.478817234281E-11));
#3121=CARTESIAN_POINT('',(4.805809876297E2,3.540437170321E2,
-3.478817234281E-11));
#3122=CARTESIAN_POINT('',(4.805528514504E2,3.540999917743E2,
-3.478817234281E-11));
#3123=CARTESIAN_POINT('',(4.805153353530E2,3.541656440510E2,
-3.478817234281E-11));
#3124=CARTESIAN_POINT('',(4.804778204473E2,3.542312963277E2,
-3.478817234281E-11));
#3125=CARTESIAN_POINT('',(4.804403043498E2,3.543063261390E2,
-3.478817234281E-11));
#3126=CARTESIAN_POINT('',(4.803934107178E2,3.543813559502E2,
-3.478817234281E-11));
#3127=CARTESIAN_POINT('',(4.803465158939E2,3.544751455980E2,
-3.478817234281E-11));
#3128=CARTESIAN_POINT('',(4.805716089032E2,3.544751455980E2,
-3.478817234281E-11));
#3129=CARTESIAN_POINT('',(4.806466399064E2,3.543626008811E2,
-3.478817234281E-11));
#3130=CARTESIAN_POINT('',(4.807122921831E2,3.542594336988E2,
-3.478817234281E-11));
#3131=CARTESIAN_POINT('',(4.807779444598E2,3.541468842145E2,
-3.478817234281E-11));
#3132=CARTESIAN_POINT('',(4.808435967365E2,3.540343394976E2,
-3.478817234281E-11));
#3133=CARTESIAN_POINT('',(4.808998702868E2,3.539311723153E2,
-3.478817234281E-11));
#3134=CARTESIAN_POINT('',(4.809467651107E2,3.538186228309E2,
-3.478817234281E-11));
#3135=CARTESIAN_POINT('',(4.809936587427E2,3.537154556486E2,
-3.478817234281E-11));
#3136=CARTESIAN_POINT('',(4.810405535666E2,3.536029109317E2,
-3.478817234281E-11));
#3137=CARTESIAN_POINT('',(4.810968271169E2,3.534153316362E2,
-3.478817234281E-11));
#3138=CARTESIAN_POINT('',(4.811343420225E2,3.532183748060E2,
-3.478817234281E-11));
#3139=CARTESIAN_POINT('',(4.811624793936E2,3.530214179759E2,
-3.478817234281E-11));
#3140=CARTESIAN_POINT('',(4.811718581200E2,3.528244611458E2,
-3.478817234281E-11));
#3141=CARTESIAN_POINT('',(4.811624793936E2,3.527025341270E2,
-3.478817234281E-11));
#3142=CARTESIAN_POINT('',(4.811531006672E2,3.525899894101E2,
-3.478817234281E-11));
#3143=CARTESIAN_POINT('',(4.811437219408E2,3.524774446932E2,
-3.478817234281E-11));
#3144=CARTESIAN_POINT('',(4.811249632961E2,3.523648952089E2,
-3.478817234281E-11));
#3145=CARTESIAN_POINT('',(4.810968271169E2,3.522523504920E2,
-3.478817234281E-11));
#3146=CARTESIAN_POINT('',(4.810686897458E2,3.521398010077E2,
-3.478817234281E-11));
#3147=CARTESIAN_POINT('',(4.810311748402E2,3.520366338254E2,
-3.478817234281E-11));
#3148=CARTESIAN_POINT('',(4.809936587427E2,3.519240891085E2,
-3.478817234281E-11));
#3149=CARTESIAN_POINT('',(4.808998702868E2,3.517271322784E2,
-3.478817234281E-11));
#3150=CARTESIAN_POINT('',(4.807967019126E2,3.515301754482E2,
-3.478817234281E-11));
#3151=CARTESIAN_POINT('',(4.806841560038E2,3.513425961527E2,
-3.478817234281E-11));
#3152=CARTESIAN_POINT('',(4.805716089032E2,3.511737766936E2,
-3.478817234281E-11));
#3154=CARTESIAN_POINT('',(4.841637242855E2,3.519147115739E2,
-3.478817234281E-11));
#3155=CARTESIAN_POINT('',(4.841637242855E2,3.541375066799E2,
-3.478817234281E-11));
#3156=CARTESIAN_POINT('',(4.833383820594E2,3.541375066799E2,
-3.478817234281E-11));
#3157=CARTESIAN_POINT('',(4.833383820594E2,3.544376306924E2,
-3.478817234281E-11));
#3158=CARTESIAN_POINT('',(4.853267066215E2,3.544376306924E2,
-3.478817234281E-11));
#3159=CARTESIAN_POINT('',(4.853267066215E2,3.541375066799E2,
-3.478817234281E-11));
#3160=CARTESIAN_POINT('',(4.845013643954E2,3.541375066799E2,
-3.478817234281E-11));
#3161=CARTESIAN_POINT('',(4.845013643954E2,3.519147115739E2,
-3.478817234281E-11));
#3162=CARTESIAN_POINT('',(4.841637242855E2,3.519147115739E2,
-3.478817234281E-11));
#3164=CARTESIAN_POINT('',(4.856831053761E2,3.519147115739E2,
-3.478817234281E-11));
#3165=CARTESIAN_POINT('',(4.856831053761E2,3.544376306924E2,
-3.478817234281E-11));
#3166=CARTESIAN_POINT('',(4.860207442942E2,3.544376306924E2,
-3.478817234281E-11));
#3167=CARTESIAN_POINT('',(4.860207442942E2,3.534059541016E2,
-3.478817234281E-11));
#3168=CARTESIAN_POINT('',(4.873244111019E2,3.534059541016E2,
-3.478817234281E-11));
#3169=CARTESIAN_POINT('',(4.873244111019E2,3.544376306924E2,
-3.478817234281E-11));
#3170=CARTESIAN_POINT('',(4.876620512118E2,3.544376306924E2,
-3.478817234281E-11));
#3171=CARTESIAN_POINT('',(4.876620512118E2,3.519147115739E2,
-3.478817234281E-11));
#3172=CARTESIAN_POINT('',(4.873244111019E2,3.519147115739E2,
-3.478817234281E-11));
#3173=CARTESIAN_POINT('',(4.873244111019E2,3.531058300892E2,
-3.478817234281E-11));
#3174=CARTESIAN_POINT('',(4.860207442942E2,3.531058300892E2,
-3.478817234281E-11));
#3175=CARTESIAN_POINT('',(4.860207442942E2,3.519147115739E2,
-3.478817234281E-11));
#3176=CARTESIAN_POINT('',(4.856831053761E2,3.519147115739E2,
-3.478817234281E-11));
#3178=CARTESIAN_POINT('',(4.882247843311E2,3.519147115739E2,
-3.478817234281E-11));
#3179=CARTESIAN_POINT('',(4.882247843311E2,3.544376306924E2,
-3.478817234281E-11));
#3180=CARTESIAN_POINT('',(4.893408718432E2,3.544376306924E2,
-3.478817234281E-11));
#3181=CARTESIAN_POINT('',(4.894159040382E2,3.544282531578E2,
-3.478817234281E-11));
#3182=CARTESIAN_POINT('',(4.894909350413E2,3.544282531578E2,
-3.478817234281E-11));
#3183=CARTESIAN_POINT('',(4.895659660444E2,3.544188756233E2,
-3.478817234281E-11));
#3184=CARTESIAN_POINT('',(4.896316183211E2,3.544188756233E2,
-3.478817234281E-11));
#3185=CARTESIAN_POINT('',(4.896878918714E2,3.544094933213E2,
-3.478817234281E-11));
#3186=CARTESIAN_POINT('',(4.897441642299E2,3.543907382522E2,
-3.478817234281E-11));
#3187=CARTESIAN_POINT('',(4.898004377802E2,3.543813559502E2,
-3.478817234281E-11));
#3188=CARTESIAN_POINT('',(4.898473326041E2,3.543626008811E2,
-3.478817234281E-11));
#3189=CARTESIAN_POINT('',(4.899317423336E2,3.543250859755E2,
-3.478817234281E-11));
#3190=CARTESIAN_POINT('',(4.899973946103E2,3.542688112333E2,
-3.478817234281E-11));
#3191=CARTESIAN_POINT('',(4.900630468870E2,3.542031589566E2,
-3.478817234281E-11));
#3192=CARTESIAN_POINT('',(4.901193204373E2,3.541281291454E2,
-3.478817234281E-11));
#3193=CARTESIAN_POINT('',(4.901662146653E2,3.540343394976E2,
-3.478817234281E-11));
#3194=CARTESIAN_POINT('',(4.902037301668E2,3.539405498498E2,
-3.478817234281E-11));
#3195=CARTESIAN_POINT('',(4.902224882156E2,3.538467602020E2,
-3.478817234281E-11));
#3196=CARTESIAN_POINT('',(4.902318669420E2,3.537435930197E2,
-3.478817234281E-11));
#3197=CARTESIAN_POINT('',(4.902224882156E2,3.536779407430E2,
-3.478817234281E-11));
#3198=CARTESIAN_POINT('',(4.902131094891E2,3.536122884663E2,
-3.478817234281E-11));
#3199=CARTESIAN_POINT('',(4.902037301668E2,3.535560137241E2,
-3.478817234281E-11));
#3200=CARTESIAN_POINT('',(4.901849727140E2,3.534903614474E2,
-3.478817234281E-11));
#3201=CARTESIAN_POINT('',(4.901568359388E2,3.534434690072E2,
-3.478817234281E-11));
#3202=CARTESIAN_POINT('',(4.901286991637E2,3.533871942651E2,
-3.478817234281E-11));
#3203=CARTESIAN_POINT('',(4.900911836621E2,3.533403018249E2,
-3.478817234281E-11));
#3204=CARTESIAN_POINT('',(4.900536681606E2,3.532934046173E2,
-3.478817234281E-11));
#3205=CARTESIAN_POINT('',(4.900067733367E2,3.532465121771E2,
-3.478817234281E-11));
#3206=CARTESIAN_POINT('',(4.899598797047E2,3.532089972715E2,
-3.478817234281E-11));
#3207=CARTESIAN_POINT('',(4.899036061544E2,3.531714823659E2,
-3.478817234281E-11));
#3208=CARTESIAN_POINT('',(4.898379538777E2,3.531339674602E2,
-3.478817234281E-11));
#3209=CARTESIAN_POINT('',(4.897629228745E2,3.531152076237E2,
-3.478817234281E-11));
#3210=CARTESIAN_POINT('',(4.896878918714E2,3.530870702526E2,
-3.478817234281E-11));
#3211=CARTESIAN_POINT('',(4.896128596765E2,3.530683151835E2,
-3.478817234281E-11));
#3212=CARTESIAN_POINT('',(4.895190712205E2,3.530589328816E2,
-3.478817234281E-11));
#3213=CARTESIAN_POINT('',(4.895847234972E2,3.530214179759E2,
-3.478817234281E-11));
#3214=CARTESIAN_POINT('',(4.896409970475E2,3.529932806049E2,
-3.478817234281E-11));
#3215=CARTESIAN_POINT('',(4.896878918714E2,3.529557656992E2,
-3.478817234281E-11));
#3216=CARTESIAN_POINT('',(4.897254067771E2,3.529276283281E2,
-3.478817234281E-11));
#3217=CARTESIAN_POINT('',(4.897910590538E2,3.528619760514E2,
-3.478817234281E-11));
#3218=CARTESIAN_POINT('',(4.898660900569E2,3.527775687056E2,
-3.478817234281E-11));
#3219=CARTESIAN_POINT('',(4.899317423336E2,3.526931565924E2,
-3.478817234281E-11));
#3220=CARTESIAN_POINT('',(4.899973946103E2,3.525899894101E2,
-3.478817234281E-11));
#3221=CARTESIAN_POINT('',(4.904288237721E2,3.519147115739E2,
-3.478817234281E-11));
#3222=CARTESIAN_POINT('',(4.900161526590E2,3.519147115739E2,
-3.478817234281E-11));
#3223=CARTESIAN_POINT('',(4.896878918714E2,3.524305474856E2,
-3.478817234281E-11));
#3224=CARTESIAN_POINT('',(4.896128596765E2,3.525430969699E2,
-3.478817234281E-11));
#3225=CARTESIAN_POINT('',(4.895565873180E2,3.526368818503E2,
-3.478817234281E-11));
#3226=CARTESIAN_POINT('',(4.895003137677E2,3.527119164289E2,
-3.478817234281E-11));
#3227=CARTESIAN_POINT('',(4.894440402174E2,3.527775687056E2,
-3.478817234281E-11));
#3228=CARTESIAN_POINT('',(4.893971453935E2,3.528338386804E2,
-3.478817234281E-11));
#3229=CARTESIAN_POINT('',(4.893596304879E2,3.528807358880E2,
-3.478817234281E-11));
#3230=CARTESIAN_POINT('',(4.893127356640E2,3.529182507936E2,
-3.478817234281E-11));
#3231=CARTESIAN_POINT('',(4.892752195665E2,3.529463881647E2,
-3.478817234281E-11));
#3232=CARTESIAN_POINT('',(4.892001885634E2,3.529839030703E2,
-3.478817234281E-11));
#3233=CARTESIAN_POINT('',(4.891251575603E2,3.530120404414E2,
-3.478817234281E-11));
#3234=CARTESIAN_POINT('',(4.890970213811E2,3.530214179759E2,
-3.478817234281E-11));
#3235=CARTESIAN_POINT('',(4.890501265572E2,3.530214179759E2,
-3.478817234281E-11));
#3236=CARTESIAN_POINT('',(4.890032317333E2,3.530214179759E2,
-3.478817234281E-11));
#3237=CARTESIAN_POINT('',(4.889375794566E2,3.530307955105E2,
-3.478817234281E-11));
#3238=CARTESIAN_POINT('',(4.885624244410E2,3.530307955105E2,
-3.478817234281E-11));
#3239=CARTESIAN_POINT('',(4.885624244410E2,3.519147115739E2,
-3.478817234281E-11));
#3240=CARTESIAN_POINT('',(4.882247843311E2,3.519147115739E2,
-3.478817234281E-11));
#3242=CARTESIAN_POINT('',(4.885624244410E2,3.533309195229E2,
-3.478817234281E-11));
#3243=CARTESIAN_POINT('',(4.892658408401E2,3.533309195229E2,
-3.478817234281E-11));
#3244=CARTESIAN_POINT('',(4.893783879407E2,3.533309195229E2,
-3.478817234281E-11));
#3245=CARTESIAN_POINT('',(4.894721763966E2,3.533403018249E2,
-3.478817234281E-11));
#3246=CARTESIAN_POINT('',(4.895565873180E2,3.533496793595E2,
-3.478817234281E-11));
#3247=CARTESIAN_POINT('',(4.896222395947E2,3.533684391960E2,
-3.478817234281E-11));
#3248=CARTESIAN_POINT('',(4.896785119532E2,3.533965717996E2,
-3.478817234281E-11));
#3249=CARTESIAN_POINT('',(4.897347855035E2,3.534340914727E2,
-3.478817234281E-11));
#3250=CARTESIAN_POINT('',(4.897816803274E2,3.534716063783E2,
-3.478817234281E-11));
#3251=CARTESIAN_POINT('',(4.898191952330E2,3.535184988185E2,
-3.478817234281E-11));
#3252=CARTESIAN_POINT('',(4.898473326041E2,3.535747735607E2,
-3.478817234281E-11));
#3253=CARTESIAN_POINT('',(4.898660900569E2,3.536310483028E2,
-3.478817234281E-11));
#3254=CARTESIAN_POINT('',(4.898754687833E2,3.536873182775E2,
-3.478817234281E-11));
#3255=CARTESIAN_POINT('',(4.898848475097E2,3.537435930197E2,
-3.478817234281E-11));
#3256=CARTESIAN_POINT('',(4.898754687833E2,3.537904854599E2,
-3.478817234281E-11));
#3257=CARTESIAN_POINT('',(4.898754687833E2,3.538280051329E2,
-3.478817234281E-11));
#3258=CARTESIAN_POINT('',(4.898660900569E2,3.538748975731E2,
-3.478817234281E-11));
#3259=CARTESIAN_POINT('',(4.898473326041E2,3.539124124787E2,
-3.478817234281E-11));
#3260=CARTESIAN_POINT('',(4.898285751513E2,3.539405498498E2,
-3.478817234281E-11));
#3261=CARTESIAN_POINT('',(4.898098165066E2,3.539780647554E2,
-3.478817234281E-11));
#3262=CARTESIAN_POINT('',(4.897816803274E2,3.540062021265E2,
-3.478817234281E-11));
#3263=CARTESIAN_POINT('',(4.897535441481E2,3.540343394976E2,
-3.478817234281E-11));
#3264=CARTESIAN_POINT('',(4.897160280507E2,3.540624768687E2,
-3.478817234281E-11));
#3265=CARTESIAN_POINT('',(4.896785119532E2,3.540906142397E2,
-3.478817234281E-11));
#3266=CARTESIAN_POINT('',(4.896409970475E2,3.541093693088E2,
-3.478817234281E-11));
#3267=CARTESIAN_POINT('',(4.895847234972E2,3.541187468434E2,
-3.478817234281E-11));
#3268=CARTESIAN_POINT('',(4.895378286734E2,3.541375066799E2,
-3.478817234281E-11));
#3269=CARTESIAN_POINT('',(4.894815551231E2,3.541468842145E2,
-3.478817234281E-11));
#3270=CARTESIAN_POINT('',(4.894159040382E2,3.541468842145E2,
-3.478817234281E-11));
#3271=CARTESIAN_POINT('',(4.893502517615E2,3.541562665164E2,
-3.478817234281E-11));
#3272=CARTESIAN_POINT('',(4.885624244410E2,3.541562665164E2,
-3.478817234281E-11));
#3273=CARTESIAN_POINT('',(4.885624244410E2,3.533309195229E2,
-3.478817234281E-11));
#3275=CARTESIAN_POINT('',(4.923983908814E2,3.544376306924E2,
-3.478817234281E-11));
#3276=CARTESIAN_POINT('',(4.927454097177E2,3.544376306924E2,
-3.478817234281E-11));
#3277=CARTESIAN_POINT('',(4.927454097177E2,3.529745255358E2,
-3.478817234281E-11));
#3278=CARTESIAN_POINT('',(4.927360309913E2,3.528901134225E2,
-3.478817234281E-11));
#3279=CARTESIAN_POINT('',(4.927360309913E2,3.527963237747E2,
-3.478817234281E-11));
#3280=CARTESIAN_POINT('',(4.927266522649E2,3.527119164289E2,
-3.478817234281E-11));
#3281=CARTESIAN_POINT('',(4.927172729426E2,3.526368818503E2,
-3.478817234281E-11));
#3282=CARTESIAN_POINT('',(4.927078942162E2,3.525618520390E2,
-3.478817234281E-11));
#3283=CARTESIAN_POINT('',(4.926891367633E2,3.524961997623E2,
-3.478817234281E-11));
#3284=CARTESIAN_POINT('',(4.926797574410E2,3.524305474856E2,
-3.478817234281E-11));
#3285=CARTESIAN_POINT('',(4.926516206659E2,3.523742727434E2,
-3.478817234281E-11));
#3286=CARTESIAN_POINT('',(4.926328632130E2,3.523180027687E2,
-3.478817234281E-11));
#3287=CARTESIAN_POINT('',(4.926047264379E2,3.522711055611E2,
-3.478817234281E-11));
#3288=CARTESIAN_POINT('',(4.925672109363E2,3.522242131209E2,
-3.478817234281E-11));
#3289=CARTESIAN_POINT('',(4.925390741612E2,3.521773159133E2,
-3.478817234281E-11));
#3290=CARTESIAN_POINT('',(4.924921799332E2,3.521304234731E2,
-3.478817234281E-11));
#3291=CARTESIAN_POINT('',(4.924452851093E2,3.520835310330E2,
-3.478817234281E-11));
#3292=CARTESIAN_POINT('',(4.923983908814E2,3.520460161273E2,
-3.478817234281E-11));
#3293=CARTESIAN_POINT('',(4.923421173311E2,3.520084964543E2,
-3.478817234281E-11));
#3294=CARTESIAN_POINT('',(4.922858443767E2,3.519803638506E2,
-3.478817234281E-11));
#3295=CARTESIAN_POINT('',(4.922201921E2,3.519522264796E2,-3.478817234281E-11));
#3296=CARTESIAN_POINT('',(4.921545398233E2,3.519240891085E2,
-3.478817234281E-11));
#3297=CARTESIAN_POINT('',(4.920888875466E2,3.519147115739E2,
-3.478817234281E-11));
#3298=CARTESIAN_POINT('',(4.920138565435E2,3.519053292719E2,
-3.478817234281E-11));
#3299=CARTESIAN_POINT('',(4.919294462180E2,3.518865742028E2,
-3.478817234281E-11));
#3300=CARTESIAN_POINT('',(4.918450364885E2,3.518865742028E2,
-3.478817234281E-11));
#3301=CARTESIAN_POINT('',(4.917606261631E2,3.518771919009E2,
-3.478817234281E-11));
#3302=CARTESIAN_POINT('',(4.916668371112E2,3.518865742028E2,
-3.478817234281E-11));
#3303=CARTESIAN_POINT('',(4.915918061081E2,3.518865742028E2,
-3.478817234281E-11));
#3304=CARTESIAN_POINT('',(4.915073963786E2,3.518959517374E2,
-3.478817234281E-11));
#3305=CARTESIAN_POINT('',(4.914323653755E2,3.519147115739E2,
-3.478817234281E-11));
#3306=CARTESIAN_POINT('',(4.913667130988E2,3.519240891085E2,
-3.478817234281E-11));
#3307=CARTESIAN_POINT('',(4.913010608221E2,3.519428441776E2,
-3.478817234281E-11));
#3308=CARTESIAN_POINT('',(4.912354085454E2,3.519616040141E2,
-3.478817234281E-11));
#3309=CARTESIAN_POINT('',(4.911791349951E2,3.519991189197E2,
-3.478817234281E-11));
#3310=CARTESIAN_POINT('',(4.911228614448E2,3.520272562908E2,
-3.478817234281E-11));
#3311=CARTESIAN_POINT('',(4.910759672168E2,3.520647711964E2,
-3.478817234281E-11));
#3312=CARTESIAN_POINT('',(4.910290729888E2,3.521022861021E2,
-3.478817234281E-11));
#3313=CARTESIAN_POINT('',(4.909821781649E2,3.521398010077E2,
-3.478817234281E-11));
#3314=CARTESIAN_POINT('',(4.909446626634E2,3.521866982153E2,
-3.478817234281E-11));
#3315=CARTESIAN_POINT('',(4.909165258882E2,3.522429681900E2,
-3.478817234281E-11));
#3316=CARTESIAN_POINT('',(4.908883891131E2,3.522898653976E2,
-3.478817234281E-11));
#3317=CARTESIAN_POINT('',(4.908602529339E2,3.523461401398E2,
-3.478817234281E-11));
#3318=CARTESIAN_POINT('',(4.908321161587E2,3.524117924165E2,
-3.478817234281E-11));
#3319=CARTESIAN_POINT('',(4.908133581100E2,3.524774446932E2,
-3.478817234281E-11));
#3320=CARTESIAN_POINT('',(4.908039793836E2,3.525430969699E2,
-3.478817234281E-11));
#3321=CARTESIAN_POINT('',(4.907852213348E2,3.526181267812E2,
-3.478817234281E-11));
#3322=CARTESIAN_POINT('',(4.907758426084E2,3.527025341270E2,
-3.478817234281E-11));
#3323=CARTESIAN_POINT('',(4.907664638820E2,3.527869462402E2,
-3.478817234281E-11));
#3324=CARTESIAN_POINT('',(4.907664638820E2,3.528807358880E2,
-3.478817234281E-11));
#3325=CARTESIAN_POINT('',(4.907664638820E2,3.529745255358E2,
-3.478817234281E-11));
#3326=CARTESIAN_POINT('',(4.907664638820E2,3.544376306924E2,
-3.478817234281E-11));
#3327=CARTESIAN_POINT('',(4.911134827183E2,3.544376306924E2,
-3.478817234281E-11));
#3328=CARTESIAN_POINT('',(4.911134827183E2,3.529839030703E2,
-3.478817234281E-11));
#3329=CARTESIAN_POINT('',(4.911134827183E2,3.529088732591E2,
-3.478817234281E-11));
#3330=CARTESIAN_POINT('',(4.911134827183E2,3.528338386804E2,
-3.478817234281E-11));
#3331=CARTESIAN_POINT('',(4.911134827183E2,3.527681864037E2,
-3.478817234281E-11));
#3332=CARTESIAN_POINT('',(4.911228614448E2,3.527025341270E2,
-3.478817234281E-11));
#3333=CARTESIAN_POINT('',(4.911322407671E2,3.526462641522E2,
-3.478817234281E-11));
#3334=CARTESIAN_POINT('',(4.911416194935E2,3.525899894101E2,
-3.478817234281E-11));
#3335=CARTESIAN_POINT('',(4.911509982199E2,3.525430969699E2,
-3.478817234281E-11));
#3336=CARTESIAN_POINT('',(4.911697562686E2,3.525055772968E2,
-3.478817234281E-11));
#3337=CARTESIAN_POINT('',(4.912072717702E2,3.524305474856E2,
-3.478817234281E-11));
#3338=CARTESIAN_POINT('',(4.912541659982E2,3.523648952089E2,
-3.478817234281E-11));
#3339=CARTESIAN_POINT('',(4.913104395485E2,3.523086204667E2,
-3.478817234281E-11));
#3340=CARTESIAN_POINT('',(4.913760918252E2,3.522617280265E2,
-3.478817234281E-11));
#3341=CARTESIAN_POINT('',(4.914511228283E2,3.522335906555E2,
-3.478817234281E-11));
#3342=CARTESIAN_POINT('',(4.915355331537E2,3.522054532844E2,
-3.478817234281E-11));
#3343=CARTESIAN_POINT('',(4.916293216097E2,3.521866982153E2,
-3.478817234281E-11));
#3344=CARTESIAN_POINT('',(4.917324893879E2,3.521866982153E2,
-3.478817234281E-11));
#3345=CARTESIAN_POINT('',(4.918168997134E2,3.521866982153E2,
-3.478817234281E-11));
#3346=CARTESIAN_POINT('',(4.918919307165E2,3.521960757498E2,
-3.478817234281E-11));
#3347=CARTESIAN_POINT('',(4.919669617196E2,3.522054532844E2,
-3.478817234281E-11));
#3348=CARTESIAN_POINT('',(4.920326139963E2,3.522242131209E2,
-3.478817234281E-11));
#3349=CARTESIAN_POINT('',(4.920982662730E2,3.522429681900E2,
-3.478817234281E-11));
#3350=CARTESIAN_POINT('',(4.921545398233E2,3.522711055611E2,
-3.478817234281E-11));
#3351=CARTESIAN_POINT('',(4.922014340513E2,3.523086204667E2,
-3.478817234281E-11));
#3352=CARTESIAN_POINT('',(4.922389495528E2,3.523461401398E2,
-3.478817234281E-11));
#3353=CARTESIAN_POINT('',(4.922764650544E2,3.523930325800E2,
-3.478817234281E-11));
#3354=CARTESIAN_POINT('',(4.923046018295E2,3.524493073221E2,
-3.478817234281E-11));
#3355=CARTESIAN_POINT('',(4.923327386047E2,3.525149595988E2,
-3.478817234281E-11));
#3356=CARTESIAN_POINT('',(4.923514966534E2,3.525899894101E2,
-3.478817234281E-11));
#3357=CARTESIAN_POINT('',(4.923702541062E2,3.526744015233E2,
-3.478817234281E-11));
#3358=CARTESIAN_POINT('',(4.923796328326E2,3.527681864037E2,
-3.478817234281E-11));
#3359=CARTESIAN_POINT('',(4.923890121550E2,3.528713583534E2,
-3.478817234281E-11));
#3360=CARTESIAN_POINT('',(4.923983908814E2,3.529839030703E2,
-3.478817234281E-11));
#3361=CARTESIAN_POINT('',(4.923983908814E2,3.544376306924E2,
-3.478817234281E-11));
#3363=CARTESIAN_POINT('',(4.969249105991E2,3.713186421799E2,
-3.478817234281E-11));
#3364=CARTESIAN_POINT('',(4.973627677462E2,3.685715632765E2,2.743913031954E0));
#3365=CARTESIAN_POINT('',(4.964482444871E2,3.685780279114E2,2.743913031954E0));
#3366=CARTESIAN_POINT('',(4.969249105991E2,3.713186421799E2,
-3.478817234281E-11));
#3368=CARTESIAN_POINT('',(4.969249105991E2,3.713186421799E2,
-3.478817234281E-11));
#3369=CARTESIAN_POINT('',(4.968233703022E2,3.569605545782E2,
-3.478817234281E-11));
#3371=CARTESIAN_POINT('',(4.968233703022E2,3.569605545782E2,
-3.478817234281E-11));
#3372=CARTESIAN_POINT('',(4.940021811056E2,3.569605545782E2,
-3.478817234281E-11));
#3375=CURVE_STYLE('',#818,POSITIVE_LENGTH_MEASURE(2.E-2),#4);
#3376=PRESENTATION_STYLE_ASSIGNMENT((#3375));
#3377=ANNOTATION_CURVE_OCCURRENCE('Note_1',(#3376),#3374);
#3381=CARTESIAN_POINT('',(4.649562463540E2,4.464337713593E2,
-3.478817234281E-11));
#3382=CARTESIAN_POINT('',(4.649562463540E2,4.489566952452E2,
-3.478817234281E-11));
#3383=CARTESIAN_POINT('',(4.654627071148E2,4.489566952452E2,
-3.478817234281E-11));
#3384=CARTESIAN_POINT('',(4.660629575234E2,4.471653263214E2,
-3.478817234281E-11));
#3385=CARTESIAN_POINT('',(4.661004724290E2,4.470527792208E2,
-3.478817234281E-11));
#3386=CARTESIAN_POINT('',(4.661379873346E2,4.469496120384E2,
-3.478817234281E-11));
#3387=CARTESIAN_POINT('',(4.661661247057E2,4.468652023089E2,
-3.478817234281E-11));
#3388=CARTESIAN_POINT('',(4.661848821585E2,4.467995500322E2,
-3.478817234281E-11));
#3389=CARTESIAN_POINT('',(4.661942620768E2,4.468370649378E2,
-3.478817234281E-11));
#3390=CARTESIAN_POINT('',(4.662130195296E2,4.468745798435E2,
-3.478817234281E-11));
#3391=CARTESIAN_POINT('',(4.662223970642E2,4.469214746674E2,
-3.478817234281E-11));
#3392=CARTESIAN_POINT('',(4.662411545170E2,4.469683694912E2,
-3.478817234281E-11));
#3393=CARTESIAN_POINT('',(4.662599119698E2,4.470152643151E2,
-3.478817234281E-11));
#3394=CARTESIAN_POINT('',(4.662786718063E2,4.470715366736E2,
-3.478817234281E-11));
#3395=CARTESIAN_POINT('',(4.662974292591E2,4.471371889503E2,
-3.478817234281E-11));
#3396=CARTESIAN_POINT('',(4.663255642465E2,4.472028412270E2,
-3.478817234281E-11));
#3397=CARTESIAN_POINT('',(4.669351921897E2,4.489566952452E2,
-3.478817234281E-11));
#3398=CARTESIAN_POINT('',(4.673947581266E2,4.489566952452E2,
-3.478817234281E-11));
#3399=CARTESIAN_POINT('',(4.673947581266E2,4.464337713593E2,
-3.478817234281E-11));
#3400=CARTESIAN_POINT('',(4.670571192085E2,4.464337713593E2,
-3.478817234281E-11));
#3401=CARTESIAN_POINT('',(4.670571192085E2,4.485440241322E2,
-3.478817234281E-11));
#3402=CARTESIAN_POINT('',(4.663068067937E2,4.464337713593E2,
-3.478817234281E-11));
#3403=CARTESIAN_POINT('',(4.660160626995E2,4.464337713593E2,
-3.478817234281E-11));
#3404=CARTESIAN_POINT('',(4.652938876557E2,4.485721591195E2,
-3.478817234281E-11));
#3405=CARTESIAN_POINT('',(4.652938876557E2,4.464337713593E2,
-3.478817234281E-11));
#3406=CARTESIAN_POINT('',(4.649562463540E2,4.464337713593E2,
-3.478817234281E-11));
#3408=CARTESIAN_POINT('',(4.677980517051E2,4.470996740447E2,
-3.478817234281E-11));
#3409=CARTESIAN_POINT('',(4.681075556358E2,4.471371889503E2,
-3.478817234281E-11));
#3410=CARTESIAN_POINT('',(4.681169331704E2,4.470715366736E2,
-3.478817234281E-11));
#3411=CARTESIAN_POINT('',(4.681356906232E2,4.470152643151E2,
-3.478817234281E-11));
#3412=CARTESIAN_POINT('',(4.681544480760E2,4.469589895730E2,
-3.478817234281E-11));
#3413=CARTESIAN_POINT('',(4.681732079125E2,4.469120971328E2,
-3.478817234281E-11));
#3414=CARTESIAN_POINT('',(4.682013428999E2,4.468652023089E2,
-3.478817234281E-11));
#3415=CARTESIAN_POINT('',(4.682201003527E2,4.468276850196E2,
-3.478817234281E-11));
#3416=CARTESIAN_POINT('',(4.682482377238E2,4.467901701139E2,
-3.478817234281E-11));
#3417=CARTESIAN_POINT('',(4.682763750948E2,4.467620327429E2,
-3.478817234281E-11));
#3418=CARTESIAN_POINT('',(4.683420273715E2,4.467057603844E2,
-3.478817234281E-11));
#3419=CARTESIAN_POINT('',(4.684170571828E2,4.466776230133E2,
-3.478817234281E-11));
#3420=CARTESIAN_POINT('',(4.685014692960E2,4.466494880260E2,
-3.478817234281E-11));
#3421=CARTESIAN_POINT('',(4.685952565601E2,4.466494880260E2,
-3.478817234281E-11));
#3422=CARTESIAN_POINT('',(4.686421513840E2,4.466494880260E2,
-3.478817234281E-11));
#3423=CARTESIAN_POINT('',(4.686984237424E2,4.466588655605E2,
-3.478817234281E-11));
#3424=CARTESIAN_POINT('',(4.687453185663E2,4.466682454788E2,
-3.478817234281E-11));
#3425=CARTESIAN_POINT('',(4.687922133902E2,4.466870029316E2,
-3.478817234281E-11));
#3426=CARTESIAN_POINT('',(4.688391082141E2,4.467057603844E2,
-3.478817234281E-11));
#3427=CARTESIAN_POINT('',(4.688860030380E2,4.467338977555E2,
-3.478817234281E-11));
#3428=CARTESIAN_POINT('',(4.689235179436E2,4.467620327429E2,
-3.478817234281E-11));
#3429=CARTESIAN_POINT('',(4.689610328493E2,4.467995500322E2,
-3.478817234281E-11));
#3430=CARTESIAN_POINT('',(4.689985501386E2,4.468370649378E2,
-3.478817234281E-11));
#3431=CARTESIAN_POINT('',(4.690266851260E2,4.468745798435E2,
-3.478817234281E-11));
#3432=CARTESIAN_POINT('',(4.690454449625E2,4.469214746674E2,
-3.478817234281E-11));
#3433=CARTESIAN_POINT('',(4.690735799499E2,4.469683694912E2,
-3.478817234281E-11));
#3434=CARTESIAN_POINT('',(4.690829598681E2,4.470152643151E2,
-3.478817234281E-11));
#3435=CARTESIAN_POINT('',(4.691017173209E2,4.470621591390E2,
-3.478817234281E-11));
#3436=CARTESIAN_POINT('',(4.691017173209E2,4.471184314975E2,
-3.478817234281E-11));
#3437=CARTESIAN_POINT('',(4.691110972392E2,4.471747038559E2,
-3.478817234281E-11));
#3438=CARTESIAN_POINT('',(4.691017173209E2,4.472215986798E2,
-3.478817234281E-11));
#3439=CARTESIAN_POINT('',(4.691017173209E2,4.472778734220E2,
-3.478817234281E-11));
#3440=CARTESIAN_POINT('',(4.690829598681E2,4.473247682459E2,
-3.478817234281E-11));
#3441=CARTESIAN_POINT('',(4.690735799499E2,4.473716606860E2,
-3.478817234281E-11));
#3442=CARTESIAN_POINT('',(4.690548224970E2,4.474091779754E2,
-3.478817234281E-11));
#3443=CARTESIAN_POINT('',(4.690266851260E2,4.474466928810E2,
-3.478817234281E-11));
#3444=CARTESIAN_POINT('',(4.689985501386E2,4.474935877049E2,
-3.478817234281E-11));
#3445=CARTESIAN_POINT('',(4.689704127675E2,4.475217250760E2,
-3.478817234281E-11));
#3446=CARTESIAN_POINT('',(4.689328978619E2,4.475592399816E2,
-3.478817234281E-11));
#3447=CARTESIAN_POINT('',(4.688953805726E2,4.475873749690E2,
-3.478817234281E-11));
#3448=CARTESIAN_POINT('',(4.688578656669E2,4.476061348055E2,
-3.478817234281E-11));
#3449=CARTESIAN_POINT('',(4.688109708430E2,4.476248922583E2,
-3.478817234281E-11));
#3450=CARTESIAN_POINT('',(4.687640760191E2,4.476436497111E2,
-3.478817234281E-11));
#3451=CARTESIAN_POINT('',(4.687171835790E2,4.476530272457E2,
-3.478817234281E-11));
#3452=CARTESIAN_POINT('',(4.686702887551E2,4.476624071639E2,
-3.478817234281E-11));
#3453=CARTESIAN_POINT('',(4.686140140129E2,4.476624071639E2,
-3.478817234281E-11));
#3454=CARTESIAN_POINT('',(4.685671215727E2,4.476624071639E2,
-3.478817234281E-11));
#3455=CARTESIAN_POINT('',(4.685202267488E2,4.476530272457E2,
-3.478817234281E-11));
#3456=CARTESIAN_POINT('',(4.684639520067E2,4.476436497111E2,
-3.478817234281E-11));
#3457=CARTESIAN_POINT('',(4.683982997300E2,4.476342697928E2,
-3.478817234281E-11));
#3458=CARTESIAN_POINT('',(4.684358170193E2,4.479062588179E2,
-3.478817234281E-11));
#3459=CARTESIAN_POINT('',(4.684639520067E2,4.478968788997E2,
-3.478817234281E-11));
#3460=CARTESIAN_POINT('',(4.684827094595E2,4.478968788997E2,
-3.478817234281E-11));
#3461=CARTESIAN_POINT('',(4.685764991073E2,4.479062588179E2,
-3.478817234281E-11));
#3462=CARTESIAN_POINT('',(4.686702887551E2,4.479250162707E2,
-3.478817234281E-11));
#3463=CARTESIAN_POINT('',(4.687546984846E2,4.479531536418E2,
-3.478817234281E-11));
#3464=CARTESIAN_POINT('',(4.688391082141E2,4.480000484657E2,
-3.478817234281E-11));
#3465=CARTESIAN_POINT('',(4.688766231197E2,4.480281834531E2,
-3.478817234281E-11));
#3466=CARTESIAN_POINT('',(4.689047604908E2,4.480563208242E2,
-3.478817234281E-11));
#3467=CARTESIAN_POINT('',(4.689328978619E2,4.480938357298E2,
-3.478817234281E-11));
#3468=CARTESIAN_POINT('',(4.689516553147E2,4.481313506354E2,
-3.478817234281E-11));
#3469=CARTESIAN_POINT('',(4.689704127675E2,4.481688679248E2,
-3.478817234281E-11));
#3470=CARTESIAN_POINT('',(4.689797926858E2,4.482157627486E2,
-3.478817234281E-11));
#3471=CARTESIAN_POINT('',(4.689891702203E2,4.482626551888E2,
-3.478817234281E-11));
#3472=CARTESIAN_POINT('',(4.689985501386E2,4.483189299310E2,
-3.478817234281E-11));
#3473=CARTESIAN_POINT('',(4.689891702203E2,4.483939597422E2,
-3.478817234281E-11));
#3474=CARTESIAN_POINT('',(4.689610328493E2,4.484689919372E2,
-3.478817234281E-11));
#3475=CARTESIAN_POINT('',(4.689328978619E2,4.485346442139E2,
-3.478817234281E-11));
#3476=CARTESIAN_POINT('',(4.688766231197E2,4.486002964906E2,
-3.478817234281E-11));
#3477=CARTESIAN_POINT('',(4.688203507613E2,4.486471913145E2,
-3.478817234281E-11));
#3478=CARTESIAN_POINT('',(4.687453185663E2,4.486847062201E2,
-3.478817234281E-11));
#3479=CARTESIAN_POINT('',(4.686702887551E2,4.487034636729E2,
-3.478817234281E-11));
#3480=CARTESIAN_POINT('',(4.685858790256E2,4.487128435912E2,
-3.478817234281E-11));
#3481=CARTESIAN_POINT('',(4.685014692960E2,4.487034636729E2,
-3.478817234281E-11));
#3482=CARTESIAN_POINT('',(4.684170571828E2,4.486753286856E2,
-3.478817234281E-11));
#3483=CARTESIAN_POINT('',(4.683514049061E2,4.486471913145E2,
-3.478817234281E-11));
#3484=CARTESIAN_POINT('',(4.682857526294E2,4.485909165723E2,
-3.478817234281E-11));
#3485=CARTESIAN_POINT('',(4.682576176420E2,4.485627815850E2,
-3.478817234281E-11));
#3486=CARTESIAN_POINT('',(4.682294802710E2,4.485252642956E2,
-3.478817234281E-11));
#3487=CARTESIAN_POINT('',(4.682107228181E2,4.484877493900E2,
-3.478817234281E-11));
#3488=CARTESIAN_POINT('',(4.681825854471E2,4.484502344844E2,
-3.478817234281E-11));
#3489=CARTESIAN_POINT('',(4.681732079125E2,4.484033396605E2,
-3.478817234281E-11));
#3490=CARTESIAN_POINT('',(4.681544480760E2,4.483564448366E2,
-3.478817234281E-11));
#3491=CARTESIAN_POINT('',(4.681450705414E2,4.483001724782E2,
-3.478817234281E-11));
#3492=CARTESIAN_POINT('',(4.681356906232E2,4.482532776543E2,
-3.478817234281E-11));
#3493=CARTESIAN_POINT('',(4.678261890762E2,4.483095500127E2,
-3.478817234281E-11));
#3494=CARTESIAN_POINT('',(4.678355666107E2,4.483845822077E2,
-3.478817234281E-11));
#3495=CARTESIAN_POINT('',(4.678543240635E2,4.484502344844E2,
-3.478817234281E-11));
#3496=CARTESIAN_POINT('',(4.678824614346E2,4.485158867611E2,
-3.478817234281E-11));
#3497=CARTESIAN_POINT('',(4.679105988057E2,4.485815390378E2,
-3.478817234281E-11));
#3498=CARTESIAN_POINT('',(4.679481137113E2,4.486378113962E2,
-3.478817234281E-11));
#3499=CARTESIAN_POINT('',(4.679856286169E2,4.486940861384E2,
-3.478817234281E-11));
#3500=CARTESIAN_POINT('',(4.680325234408E2,4.487409785786E2,
-3.478817234281E-11));
#3501=CARTESIAN_POINT('',(4.680794182647E2,4.487878734025E2,
-3.478817234281E-11));
#3502=CARTESIAN_POINT('',(4.681263130886E2,4.488253906918E2,
-3.478817234281E-11));
#3503=CARTESIAN_POINT('',(4.681825854471E2,4.488629055974E2,
-3.478817234281E-11));
#3504=CARTESIAN_POINT('',(4.682388601892E2,4.488910429685E2,
-3.478817234281E-11));
#3505=CARTESIAN_POINT('',(4.683045124659E2,4.489191779559E2,
-3.478817234281E-11));
#3506=CARTESIAN_POINT('',(4.683607848244E2,4.489379354087E2,
-3.478817234281E-11));
#3507=CARTESIAN_POINT('',(4.684264371011E2,4.489473153270E2,
-3.478817234281E-11));
#3508=CARTESIAN_POINT('',(4.685014692960E2,4.489566952452E2,
-3.478817234281E-11));
#3509=CARTESIAN_POINT('',(4.685764991073E2,4.489660727798E2,
-3.478817234281E-11));
#3510=CARTESIAN_POINT('',(4.686702887551E2,4.489566952452E2,
-3.478817234281E-11));
#3511=CARTESIAN_POINT('',(4.687734559374E2,4.489379354087E2,
-3.478817234281E-11));
#3512=CARTESIAN_POINT('',(4.688578656669E2,4.489098004213E2,
-3.478817234281E-11));
#3513=CARTESIAN_POINT('',(4.689516553147E2,4.488722831320E2,
-3.478817234281E-11));
#3514=CARTESIAN_POINT('',(4.690266851260E2,4.488253906918E2,
-3.478817234281E-11));
#3515=CARTESIAN_POINT('',(4.691017173209E2,4.487691159496E2,
-3.478817234281E-11));
#3516=CARTESIAN_POINT('',(4.691579896794E2,4.487034636729E2,
-3.478817234281E-11));
#3517=CARTESIAN_POINT('',(4.692142644215E2,4.486284338617E2,
-3.478817234281E-11));
#3518=CARTESIAN_POINT('',(4.692517793272E2,4.485534016667E2,
-3.478817234281E-11));
#3519=CARTESIAN_POINT('',(4.692799166982E2,4.484783718555E2,
-3.478817234281E-11));
#3520=CARTESIAN_POINT('',(4.692986741510E2,4.483939597422E2,
-3.478817234281E-11));
#3521=CARTESIAN_POINT('',(4.693080516856E2,4.483095500127E2,
-3.478817234281E-11));
#3522=CARTESIAN_POINT('',(4.692986741510E2,4.482345202015E2,
-3.478817234281E-11));
#3523=CARTESIAN_POINT('',(4.692799166982E2,4.481501104719E2,
-3.478817234281E-11));
#3524=CARTESIAN_POINT('',(4.692517793272E2,4.480844581952E2,
-3.478817234281E-11));
#3525=CARTESIAN_POINT('',(4.692142644215E2,4.480094260003E2,
-3.478817234281E-11));
#3526=CARTESIAN_POINT('',(4.691673695976E2,4.479531536418E2,
-3.478817234281E-11));
#3527=CARTESIAN_POINT('',(4.691110972392E2,4.478968788997E2,
-3.478817234281E-11));
#3528=CARTESIAN_POINT('',(4.690360650442E2,4.478406065412E2,
-3.478817234281E-11));
#3529=CARTESIAN_POINT('',(4.689610328493E2,4.478030916356E2,
-3.478817234281E-11));
#3530=CARTESIAN_POINT('',(4.690079276731E2,4.477843317991E2,
-3.478817234281E-11));
#3531=CARTESIAN_POINT('',(4.690642024153E2,4.477655743463E2,
-3.478817234281E-11));
#3532=CARTESIAN_POINT('',(4.691110972392E2,4.477468168934E2,
-3.478817234281E-11));
#3533=CARTESIAN_POINT('',(4.691579896794E2,4.477186795224E2,
-3.478817234281E-11));
#3534=CARTESIAN_POINT('',(4.691955069687E2,4.476905445350E2,
-3.478817234281E-11));
#3535=CARTESIAN_POINT('',(4.692330218743E2,4.476624071639E2,
-3.478817234281E-11));
#3536=CARTESIAN_POINT('',(4.692705367800E2,4.476248922583E2,
-3.478817234281E-11));
#3537=CARTESIAN_POINT('',(4.693080516856E2,4.475873749690E2,
-3.478817234281E-11));
#3538=CARTESIAN_POINT('',(4.693361890567E2,4.475498600633E2,
-3.478817234281E-11));
#3539=CARTESIAN_POINT('',(4.693643264278E2,4.475029652394E2,
-3.478817234281E-11));
#3540=CARTESIAN_POINT('',(4.693830838806E2,4.474560727993E2,
-3.478817234281E-11));
#3541=CARTESIAN_POINT('',(4.694018413334E2,4.474091779754E2,
-3.478817234281E-11));
#3542=CARTESIAN_POINT('',(4.694205987862E2,4.473529032332E2,
-3.478817234281E-11));
#3543=CARTESIAN_POINT('',(4.694299787045E2,4.472966308748E2,
-3.478817234281E-11));
#3544=CARTESIAN_POINT('',(4.694299787045E2,4.472403561326E2,
-3.478817234281E-11));
#3545=CARTESIAN_POINT('',(4.694393562390E2,4.471840837742E2,
-3.478817234281E-11));
#3546=CARTESIAN_POINT('',(4.694299787045E2,4.470996740447E2,
-3.478817234281E-11));
#3547=CARTESIAN_POINT('',(4.694205987862E2,4.470246418497E2,
-3.478817234281E-11));
#3548=CARTESIAN_POINT('',(4.694018413334E2,4.469496120384E2,
-3.478817234281E-11));
#3549=CARTESIAN_POINT('',(4.693737039623E2,4.468745798435E2,
-3.478817234281E-11));
#3550=CARTESIAN_POINT('',(4.693455689749E2,4.468089275668E2,
-3.478817234281E-11));
#3551=CARTESIAN_POINT('',(4.692986741510E2,4.467432752901E2,
-3.478817234281E-11));
#3552=CARTESIAN_POINT('',(4.692517793272E2,4.466776230133E2,
-3.478817234281E-11));
#3553=CARTESIAN_POINT('',(4.691955069687E2,4.466213506549E2,
-3.478817234281E-11));
#3554=CARTESIAN_POINT('',(4.691298546920E2,4.465650759128E2,
-3.478817234281E-11));
#3555=CARTESIAN_POINT('',(4.690642024153E2,4.465181834726E2,
-3.478817234281E-11));
#3556=CARTESIAN_POINT('',(4.689985501386E2,4.464806661832E2,
-3.478817234281E-11));
#3557=CARTESIAN_POINT('',(4.689235179436E2,4.464525311959E2,
-3.478817234281E-11));
#3558=CARTESIAN_POINT('',(4.688484881324E2,4.464337713593E2,
-3.478817234281E-11));
#3559=CARTESIAN_POINT('',(4.687640760191E2,4.464150139065E2,
-3.478817234281E-11));
#3560=CARTESIAN_POINT('',(4.686796662896E2,4.464056363720E2,
-3.478817234281E-11));
#3561=CARTESIAN_POINT('',(4.685858790256E2,4.463962564537E2,
-3.478817234281E-11));
#3562=CARTESIAN_POINT('',(4.685108468306E2,4.464056363720E2,
-3.478817234281E-11));
#3563=CARTESIAN_POINT('',(4.684358170193E2,4.464150139065E2,
-3.478817234281E-11));
#3564=CARTESIAN_POINT('',(4.683607848244E2,4.464243938248E2,
-3.478817234281E-11));
#3565=CARTESIAN_POINT('',(4.682857526294E2,4.464431512776E2,
-3.478817234281E-11));
#3566=CARTESIAN_POINT('',(4.682201003527E2,4.464712886487E2,
-3.478817234281E-11));
#3567=CARTESIAN_POINT('',(4.681544480760E2,4.464994236360E2,
-3.478817234281E-11));
#3568=CARTESIAN_POINT('',(4.680981757175E2,4.465369409254E2,
-3.478817234281E-11));
#3569=CARTESIAN_POINT('',(4.680419033591E2,4.465838357493E2,
-3.478817234281E-11));
#3570=CARTESIAN_POINT('',(4.679950085352E2,4.466401081077E2,
-3.478817234281E-11));
#3571=CARTESIAN_POINT('',(4.679481137113E2,4.466963804662E2,
-3.478817234281E-11));
#3572=CARTESIAN_POINT('',(4.679012188874E2,4.467526552083E2,
-3.478817234281E-11));
#3573=CARTESIAN_POINT('',(4.678730815163E2,4.468089275668E2,
-3.478817234281E-11));
#3574=CARTESIAN_POINT('',(4.678449465290E2,4.468745798435E2,
-3.478817234281E-11));
#3575=CARTESIAN_POINT('',(4.678168091579E2,4.469496120384E2,
-3.478817234281E-11));
#3576=CARTESIAN_POINT('',(4.678074292396E2,4.470152643151E2,
-3.478817234281E-11));
#3577=CARTESIAN_POINT('',(4.677980517051E2,4.470996740447E2,
-3.478817234281E-11));
#3579=CARTESIAN_POINT('',(4.696175556163E2,4.464337713593E2,
-3.478817234281E-11));
#3580=CARTESIAN_POINT('',(4.702647008488E2,4.473716606860E2,
-3.478817234281E-11));
#3581=CARTESIAN_POINT('',(4.696550729057E2,4.482626551888E2,
-3.478817234281E-11));
#3582=CARTESIAN_POINT('',(4.700208491948E2,4.482626551888E2,
-3.478817234281E-11));
#3583=CARTESIAN_POINT('',(4.703209732073E2,4.478124691701E2,
-3.478817234281E-11));
#3584=CARTESIAN_POINT('',(4.703584881129E2,4.477561968117E2,
-3.478817234281E-11));
#3585=CARTESIAN_POINT('',(4.703960030185E2,4.477093019878E2,
-3.478817234281E-11));
#3586=CARTESIAN_POINT('',(4.704241403896E2,4.476624071639E2,
-3.478817234281E-11));
#3587=CARTESIAN_POINT('',(4.704428978424E2,4.476155123400E2,
-3.478817234281E-11));
#3588=CARTESIAN_POINT('',(4.704804151317E2,4.476811646167E2,
-3.478817234281E-11));
#3589=CARTESIAN_POINT('',(4.705179300374E2,4.477374393589E2,
-3.478817234281E-11));
#3590=CARTESIAN_POINT('',(4.705554449430E2,4.477843317991E2,
-3.478817234281E-11));
#3591=CARTESIAN_POINT('',(4.705929598486E2,4.478312266230E2,
-3.478817234281E-11));
#3592=CARTESIAN_POINT('',(4.708930862448E2,4.482626551888E2,
-3.478817234281E-11));
#3593=CARTESIAN_POINT('',(4.712682400685E2,4.482626551888E2,
-3.478817234281E-11));
#3594=CARTESIAN_POINT('',(4.706398546725E2,4.473622831515E2,
-3.478817234281E-11));
#3595=CARTESIAN_POINT('',(4.712963774396E2,4.464337713593E2,
-3.478817234281E-11));
#3596=CARTESIAN_POINT('',(4.709212212321E2,4.464337713593E2,
-3.478817234281E-11));
#3597=CARTESIAN_POINT('',(4.705460674084E2,4.469777470258E2,
-3.478817234281E-11));
#3598=CARTESIAN_POINT('',(4.704616552952E2,4.471184314975E2,
-3.478817234281E-11));
#3599=CARTESIAN_POINT('',(4.699927118237E2,4.464337713593E2,
-3.478817234281E-11));
#3600=CARTESIAN_POINT('',(4.696175556163E2,4.464337713593E2,
-3.478817234281E-11));
#3602=CARTESIAN_POINT('',(4.716715336470E2,4.464337713593E2,
-3.478817234281E-11));
#3603=CARTESIAN_POINT('',(4.716715336470E2,4.467807925794E2,
-3.478817234281E-11));
#3604=CARTESIAN_POINT('',(4.720185524833E2,4.467807925794E2,
-3.478817234281E-11));
#3605=CARTESIAN_POINT('',(4.720185524833E2,4.464337713593E2,
-3.478817234281E-11));
#3606=CARTESIAN_POINT('',(4.716715336470E2,4.464337713593E2,
-3.478817234281E-11));
#3608=CARTESIAN_POINT('',(4.724874959548E2,4.470996740447E2,
-3.478817234281E-11));
#3609=CARTESIAN_POINT('',(4.728157573383E2,4.471278114157E2,
-3.478817234281E-11));
#3610=CARTESIAN_POINT('',(4.728251372566E2,4.470621591390E2,
-3.478817234281E-11));
#3611=CARTESIAN_POINT('',(4.728345147911E2,4.470152643151E2,
-3.478817234281E-11));
#3612=CARTESIAN_POINT('',(4.728532746277E2,4.469589895730E2,
-3.478817234281E-11));
#3613=CARTESIAN_POINT('',(4.728720320805E2,4.469120971328E2,
-3.478817234281E-11));
#3614=CARTESIAN_POINT('',(4.728907895333E2,4.468745798435E2,
-3.478817234281E-11));
#3615=CARTESIAN_POINT('',(4.729189269044E2,4.468370649378E2,
-3.478817234281E-11));
#3616=CARTESIAN_POINT('',(4.729470618917E2,4.467995500322E2,
-3.478817234281E-11));
#3617=CARTESIAN_POINT('',(4.729751992628E2,4.467620327429E2,
-3.478817234281E-11));
#3618=CARTESIAN_POINT('',(4.730127141685E2,4.467338977555E2,
-3.478817234281E-11));
#3619=CARTESIAN_POINT('',(4.730408515395E2,4.467151403027E2,
-3.478817234281E-11));
#3620=CARTESIAN_POINT('',(4.730783664452E2,4.466963804662E2,
-3.478817234281E-11));
#3621=CARTESIAN_POINT('',(4.731158837345E2,4.466776230133E2,
-3.478817234281E-11));
#3622=CARTESIAN_POINT('',(4.731627761747E2,4.466588655605E2,
-3.478817234281E-11));
#3623=CARTESIAN_POINT('',(4.732002934640E2,4.466494880260E2,
-3.478817234281E-11));
#3624=CARTESIAN_POINT('',(4.732471859042E2,4.466494880260E2,
-3.478817234281E-11));
#3625=CARTESIAN_POINT('',(4.732940807281E2,4.466494880260E2,
-3.478817234281E-11));
#3626=CARTESIAN_POINT('',(4.733503554702E2,4.466494880260E2,
-3.478817234281E-11));
#3627=CARTESIAN_POINT('',(4.734066278287E2,4.466588655605E2,
-3.478817234281E-11));
#3628=CARTESIAN_POINT('',(4.734535226526E2,4.466682454788E2,
-3.478817234281E-11));
#3629=CARTESIAN_POINT('',(4.735004174765E2,4.466870029316E2,
-3.478817234281E-11));
#3630=CARTESIAN_POINT('',(4.735473123004E2,4.467151403027E2,
-3.478817234281E-11));
#3631=CARTESIAN_POINT('',(4.735942071242E2,4.467432752901E2,
-3.478817234281E-11));
#3632=CARTESIAN_POINT('',(4.736317220299E2,4.467714126611E2,
-3.478817234281E-11));
#3633=CARTESIAN_POINT('',(4.736692369355E2,4.468183074850E2,
-3.478817234281E-11));
#3634=CARTESIAN_POINT('',(4.737067518411E2,4.468558223906E2,
-3.478817234281E-11));
#3635=CARTESIAN_POINT('',(4.737348892122E2,4.469027172145E2,
-3.478817234281E-11));
#3636=CARTESIAN_POINT('',(4.737630265833E2,4.469589895730E2,
-3.478817234281E-11));
#3637=CARTESIAN_POINT('',(4.737911639544E2,4.470152643151E2,
-3.478817234281E-11));
#3638=CARTESIAN_POINT('',(4.738005414889E2,4.470715366736E2,
-3.478817234281E-11));
#3639=CARTESIAN_POINT('',(4.738192989417E2,4.471278114157E2,
-3.478817234281E-11));
#3640=CARTESIAN_POINT('',(4.738192989417E2,4.471934636924E2,
-3.478817234281E-11));
#3641=CARTESIAN_POINT('',(4.738286788600E2,4.472591159691E2,
-3.478817234281E-11));
#3642=CARTESIAN_POINT('',(4.738192989417E2,4.473247682459E2,
-3.478817234281E-11));
#3643=CARTESIAN_POINT('',(4.738192989417E2,4.473904205226E2,
-3.478817234281E-11));
#3644=CARTESIAN_POINT('',(4.738005414889E2,4.474466928810E2,
-3.478817234281E-11));
#3645=CARTESIAN_POINT('',(4.737911639544E2,4.475029652394E2,
-3.478817234281E-11));
#3646=CARTESIAN_POINT('',(4.737630265833E2,4.475498600633E2,
-3.478817234281E-11));
#3647=CARTESIAN_POINT('',(4.737442691305E2,4.475967548872E2,
-3.478817234281E-11));
#3648=CARTESIAN_POINT('',(4.737161317594E2,4.476436497111E2,
-3.478817234281E-11));
#3649=CARTESIAN_POINT('',(4.736786168538E2,4.476811646167E2,
-3.478817234281E-11));
#3650=CARTESIAN_POINT('',(4.736410995644E2,4.477186795224E2,
-3.478817234281E-11));
#3651=CARTESIAN_POINT('',(4.736035846588E2,4.477468168934E2,
-3.478817234281E-11));
#3652=CARTESIAN_POINT('',(4.735566898349E2,4.477749542645E2,
-3.478817234281E-11));
#3653=CARTESIAN_POINT('',(4.735097950110E2,4.477937117173E2,
-3.478817234281E-11));
#3654=CARTESIAN_POINT('',(4.734629025708E2,4.478124691701E2,
-3.478817234281E-11));
#3655=CARTESIAN_POINT('',(4.734066278287E2,4.478218490884E2,
-3.478817234281E-11));
#3656=CARTESIAN_POINT('',(4.733503554702E2,4.478312266230E2,
-3.478817234281E-11));
#3657=CARTESIAN_POINT('',(4.732847031935E2,4.478406065412E2,
-3.478817234281E-11));
#3658=CARTESIAN_POINT('',(4.732096709986E2,4.478312266230E2,
-3.478817234281E-11));
#3659=CARTESIAN_POINT('',(4.731440187219E2,4.478218490884E2,
-3.478817234281E-11));
#3660=CARTESIAN_POINT('',(4.730783664452E2,4.477937117173E2,
-3.478817234281E-11));
#3661=CARTESIAN_POINT('',(4.730127141685E2,4.477655743463E2,
-3.478817234281E-11));
#3662=CARTESIAN_POINT('',(4.729564418100E2,4.477280594406E2,
-3.478817234281E-11));
#3663=CARTESIAN_POINT('',(4.729095469861E2,4.476905445350E2,
-3.478817234281E-11));
#3664=CARTESIAN_POINT('',(4.728626521622E2,4.476436497111E2,
-3.478817234281E-11));
#3665=CARTESIAN_POINT('',(4.728345147911E2,4.475967548872E2,
-3.478817234281E-11));
#3666=CARTESIAN_POINT('',(4.725437706970E2,4.476342697928E2,
-3.478817234281E-11));
#3667=CARTESIAN_POINT('',(4.727876223510E2,4.489285578741E2,
-3.478817234281E-11));
#3668=CARTESIAN_POINT('',(4.740350132247E2,4.489285578741E2,
-3.478817234281E-11));
#3669=CARTESIAN_POINT('',(4.740350132247E2,4.486378113962E2,
-3.478817234281E-11));
#3670=CARTESIAN_POINT('',(4.730220940867E2,4.486378113962E2,
-3.478817234281E-11));
#3671=CARTESIAN_POINT('',(4.728907895333E2,4.479531536418E2,
-3.478817234281E-11));
#3672=CARTESIAN_POINT('',(4.729470618917E2,4.479906685475E2,
-3.478817234281E-11));
#3673=CARTESIAN_POINT('',(4.730127141685E2,4.480188059185E2,
-3.478817234281E-11));
#3674=CARTESIAN_POINT('',(4.730689889106E2,4.480469409059E2,
-3.478817234281E-11));
#3675=CARTESIAN_POINT('',(4.731252612690E2,4.480657007424E2,
-3.478817234281E-11));
#3676=CARTESIAN_POINT('',(4.731815360112E2,4.480844581952E2,
-3.478817234281E-11));
#3677=CARTESIAN_POINT('',(4.732471859042E2,4.480938357298E2,
-3.478817234281E-11));
#3678=CARTESIAN_POINT('',(4.733034606463E2,4.481032156480E2,
-3.478817234281E-11));
#3679=CARTESIAN_POINT('',(4.733691129231E2,4.481125931826E2,
-3.478817234281E-11));
#3680=CARTESIAN_POINT('',(4.734535226526E2,4.481032156480E2,
-3.478817234281E-11));
#3681=CARTESIAN_POINT('',(4.735285548475E2,4.480938357298E2,
-3.478817234281E-11));
#3682=CARTESIAN_POINT('',(4.736035846588E2,4.480750782770E2,
-3.478817234281E-11));
#3683=CARTESIAN_POINT('',(4.736692369355E2,4.480469409059E2,
-3.478817234281E-11));
#3684=CARTESIAN_POINT('',(4.737442691305E2,4.480188059185E2,
-3.478817234281E-11));
#3685=CARTESIAN_POINT('',(4.738099214072E2,4.479812886292E2,
-3.478817234281E-11));
#3686=CARTESIAN_POINT('',(4.738661937656E2,4.479343961890E2,
-3.478817234281E-11));
#3687=CARTESIAN_POINT('',(4.739224661241E2,4.478781214469E2,
-3.478817234281E-11));
#3688=CARTESIAN_POINT('',(4.739787408662E2,4.478218490884E2,
-3.478817234281E-11));
#3689=CARTESIAN_POINT('',(4.740256356901E2,4.477561968117E2,
-3.478817234281E-11));
#3690=CARTESIAN_POINT('',(4.740631505957E2,4.476905445350E2,
-3.478817234281E-11));
#3691=CARTESIAN_POINT('',(4.740912879668E2,4.476155123400E2,
-3.478817234281E-11));
#3692=CARTESIAN_POINT('',(4.741194229542E2,4.475404825288E2,
-3.478817234281E-11));
#3693=CARTESIAN_POINT('',(4.741381827907E2,4.474654503338E2,
-3.478817234281E-11));
#3694=CARTESIAN_POINT('',(4.741475603253E2,4.473810406043E2,
-3.478817234281E-11));
#3695=CARTESIAN_POINT('',(4.741569402435E2,4.472872509565E2,
-3.478817234281E-11));
#3696=CARTESIAN_POINT('',(4.741475603253E2,4.472028412270E2,
-3.478817234281E-11));
#3697=CARTESIAN_POINT('',(4.741381827907E2,4.471278114157E2,
-3.478817234281E-11));
#3698=CARTESIAN_POINT('',(4.741288028724E2,4.470433993025E2,
-3.478817234281E-11));
#3699=CARTESIAN_POINT('',(4.741006655014E2,4.469683694912E2,
-3.478817234281E-11));
#3700=CARTESIAN_POINT('',(4.740725305140E2,4.469027172145E2,
-3.478817234281E-11));
#3701=CARTESIAN_POINT('',(4.740443931429E2,4.468276850196E2,
-3.478817234281E-11));
#3702=CARTESIAN_POINT('',(4.739974983190E2,4.467620327429E2,
-3.478817234281E-11));
#3703=CARTESIAN_POINT('',(4.739506034951E2,4.466963804662E2,
-3.478817234281E-11));
#3704=CARTESIAN_POINT('',(4.738943311367E2,4.466307281895E2,
-3.478817234281E-11));
#3705=CARTESIAN_POINT('',(4.738192989417E2,4.465650759128E2,
-3.478817234281E-11));
#3706=CARTESIAN_POINT('',(4.737442691305E2,4.465088035543E2,
-3.478817234281E-11));
#3707=CARTESIAN_POINT('',(4.736692369355E2,4.464712886487E2,
-3.478817234281E-11));
#3708=CARTESIAN_POINT('',(4.735848272060E2,4.464337713593E2,
-3.478817234281E-11));
#3709=CARTESIAN_POINT('',(4.734910375582E2,4.464243938248E2,
-3.478817234281E-11));
#3710=CARTESIAN_POINT('',(4.733972502941E2,4.464056363720E2,
-3.478817234281E-11));
#3711=CARTESIAN_POINT('',(4.732940807281E2,4.463962564537E2,
-3.478817234281E-11));
#3712=CARTESIAN_POINT('',(4.732096709986E2,4.464056363720E2,
-3.478817234281E-11));
#3713=CARTESIAN_POINT('',(4.731252612690E2,4.464150139065E2,
-3.478817234281E-11));
#3714=CARTESIAN_POINT('',(4.730502314578E2,4.464243938248E2,
-3.478817234281E-11));
#3715=CARTESIAN_POINT('',(4.729845791811E2,4.464431512776E2,
-3.478817234281E-11));
#3716=CARTESIAN_POINT('',(4.729095469861E2,4.464712886487E2,
-3.478817234281E-11));
#3717=CARTESIAN_POINT('',(4.728438947094E2,4.464994236360E2,
-3.478817234281E-11));
#3718=CARTESIAN_POINT('',(4.727876223510E2,4.465369409254E2,
-3.478817234281E-11));
#3719=CARTESIAN_POINT('',(4.727313476088E2,4.465838357493E2,
-3.478817234281E-11));
#3720=CARTESIAN_POINT('',(4.726750752504E2,4.466307281895E2,
-3.478817234281E-11));
#3721=CARTESIAN_POINT('',(4.726375603447E2,4.466870029316E2,
-3.478817234281E-11));
#3722=CARTESIAN_POINT('',(4.725906655209E2,4.467432752901E2,
-3.478817234281E-11));
#3723=CARTESIAN_POINT('',(4.725625281498E2,4.468089275668E2,
-3.478817234281E-11));
#3724=CARTESIAN_POINT('',(4.725343907787E2,4.468745798435E2,
-3.478817234281E-11));
#3725=CARTESIAN_POINT('',(4.725062557913E2,4.469402321202E2,
-3.478817234281E-11));
#3726=CARTESIAN_POINT('',(4.724968758731E2,4.470152643151E2,
-3.478817234281E-11));
#3727=CARTESIAN_POINT('',(4.724874959548E2,4.470996740447E2,
-3.478817234281E-11));
#3729=CARTESIAN_POINT('',(4.755919104128E2,4.464337713593E2,
-3.478817234281E-11));
#3730=CARTESIAN_POINT('',(4.755919104128E2,4.489566952452E2,
-3.478817234281E-11));
#3731=CARTESIAN_POINT('',(4.759295493308E2,4.489566952452E2,
-3.478817234281E-11));
#3732=CARTESIAN_POINT('',(4.759295493308E2,4.464337713593E2,
-3.478817234281E-11));
#3733=CARTESIAN_POINT('',(4.755919104128E2,4.464337713593E2,
-3.478817234281E-11));
#3735=CARTESIAN_POINT('',(4.764078727206E2,4.472497360509E2,
-3.478817234281E-11));
#3736=CARTESIAN_POINT('',(4.767267565696E2,4.472778734220E2,
-3.478817234281E-11));
#3737=CARTESIAN_POINT('',(4.767361341041E2,4.471840837742E2,
-3.478817234281E-11));
#3738=CARTESIAN_POINT('',(4.767548915569E2,4.470996740447E2,
-3.478817234281E-11));
#3739=CARTESIAN_POINT('',(4.767924088463E2,4.470246418497E2,
-3.478817234281E-11));
#3740=CARTESIAN_POINT('',(4.768299237519E2,4.469589895730E2,
-3.478817234281E-11));
#3741=CARTESIAN_POINT('',(4.768674386575E2,4.469027172145E2,
-3.478817234281E-11));
#3742=CARTESIAN_POINT('',(4.769330909342E2,4.468558223906E2,
-3.478817234281E-11));
#3743=CARTESIAN_POINT('',(4.769987432109E2,4.468089275668E2,
-3.478817234281E-11));
#3744=CARTESIAN_POINT('',(4.770737754059E2,4.467620327429E2,
-3.478817234281E-11));
#3745=CARTESIAN_POINT('',(4.771675626700E2,4.467338977555E2,
-3.478817234281E-11));
#3746=CARTESIAN_POINT('',(4.772613523178E2,4.467151403027E2,
-3.478817234281E-11));
#3747=CARTESIAN_POINT('',(4.773551419655E2,4.466963804662E2,
-3.478817234281E-11));
#3748=CARTESIAN_POINT('',(4.774583091479E2,4.466963804662E2,
-3.478817234281E-11));
#3749=CARTESIAN_POINT('',(4.775520987957E2,4.466963804662E2,
-3.478817234281E-11));
#3750=CARTESIAN_POINT('',(4.776365085252E2,4.467057603844E2,
-3.478817234281E-11));
#3751=CARTESIAN_POINT('',(4.777209182547E2,4.467245178372E2,
-3.478817234281E-11));
#3752=CARTESIAN_POINT('',(4.777959504497E2,4.467526552083E2,
-3.478817234281E-11));
#3753=CARTESIAN_POINT('',(4.778616027264E2,4.467807925794E2,
-3.478817234281E-11));
#3754=CARTESIAN_POINT('',(4.779178750848E2,4.468183074850E2,
-3.478817234281E-11));
#3755=CARTESIAN_POINT('',(4.779741474433E2,4.468558223906E2,
-3.478817234281E-11));
#3756=CARTESIAN_POINT('',(4.780116647326E2,4.469027172145E2,
-3.478817234281E-11));
#3757=CARTESIAN_POINT('',(4.780397997200E2,4.469589895730E2,
-3.478817234281E-11));
#3758=CARTESIAN_POINT('',(4.780679370910E2,4.470058843969E2,
-3.478817234281E-11));
#3759=CARTESIAN_POINT('',(4.780773170093E2,4.470621591390E2,
-3.478817234281E-11));
#3760=CARTESIAN_POINT('',(4.780866945438E2,4.471184314975E2,
-3.478817234281E-11));
#3761=CARTESIAN_POINT('',(4.780773170093E2,4.471747038559E2,
-3.478817234281E-11));
#3762=CARTESIAN_POINT('',(4.780679370910E2,4.472309785981E2,
-3.478817234281E-11));
#3763=CARTESIAN_POINT('',(4.780397997200E2,4.472778734220E2,
-3.478817234281E-11));
#3764=CARTESIAN_POINT('',(4.780116647326E2,4.473247682459E2,
-3.478817234281E-11));
#3765=CARTESIAN_POINT('',(4.779741474433E2,4.473716606860E2,
-3.478817234281E-11));
#3766=CARTESIAN_POINT('',(4.779178750848E2,4.474091779754E2,
-3.478817234281E-11));
#3767=CARTESIAN_POINT('',(4.778616027264E2,4.474373129627E2,
-3.478817234281E-11));
#3768=CARTESIAN_POINT('',(4.777865705314E2,4.474748302521E2,
-3.478817234281E-11));
#3769=CARTESIAN_POINT('',(4.777584331603E2,4.474842077866E2,
-3.478817234281E-11));
#3770=CARTESIAN_POINT('',(4.777209182547E2,4.474935877049E2,
-3.478817234281E-11));
#3771=CARTESIAN_POINT('',(4.776740234308E2,4.475123451577E2,
-3.478817234281E-11));
#3772=CARTESIAN_POINT('',(4.776271286069E2,4.475217250760E2,
-3.478817234281E-11));
#3773=CARTESIAN_POINT('',(4.775614763302E2,4.475404825288E2,
-3.478817234281E-11));
#3774=CARTESIAN_POINT('',(4.774958240535E2,4.475592399816E2,
-3.478817234281E-11));
#3775=CARTESIAN_POINT('',(4.774207942422E2,4.475779974344E2,
-3.478817234281E-11));
#3776=CARTESIAN_POINT('',(4.773363845127E2,4.475967548872E2,
-3.478817234281E-11));
#3777=CARTESIAN_POINT('',(4.772519747832E2,4.476155123400E2,
-3.478817234281E-11));
#3778=CARTESIAN_POINT('',(4.771769425882E2,4.476342697928E2,
-3.478817234281E-11));
#3779=CARTESIAN_POINT('',(4.771112903115E2,4.476530272457E2,
-3.478817234281E-11));
#3780=CARTESIAN_POINT('',(4.770456380348E2,4.476811646167E2,
-3.478817234281E-11));
#3781=CARTESIAN_POINT('',(4.769893656764E2,4.476999220696E2,
-3.478817234281E-11));
#3782=CARTESIAN_POINT('',(4.769330909342E2,4.477186795224E2,
-3.478817234281E-11));
#3783=CARTESIAN_POINT('',(4.768861961103E2,4.477374393589E2,
-3.478817234281E-11));
#3784=CARTESIAN_POINT('',(4.768486812047E2,4.477561968117E2,
-3.478817234281E-11));
#3785=CARTESIAN_POINT('',(4.767642714752E2,4.478030916356E2,
-3.478817234281E-11));
#3786=CARTESIAN_POINT('',(4.766986191985E2,4.478593639940E2,
-3.478817234281E-11));
#3787=CARTESIAN_POINT('',(4.766329669218E2,4.479250162707E2,
-3.478817234281E-11));
#3788=CARTESIAN_POINT('',(4.765860720979E2,4.479906685475E2,
-3.478817234281E-11));
#3789=CARTESIAN_POINT('',(4.765485571923E2,4.480563208242E2,
-3.478817234281E-11));
#3790=CARTESIAN_POINT('',(4.765204198212E2,4.481407305537E2,
-3.478817234281E-11));
#3791=CARTESIAN_POINT('',(4.765016623684E2,4.482157627486E2,
-3.478817234281E-11));
#3792=CARTESIAN_POINT('',(4.765016623684E2,4.483001724782E2,
-3.478817234281E-11));
#3793=CARTESIAN_POINT('',(4.765016623684E2,4.483939597422E2,
-3.478817234281E-11));
#3794=CARTESIAN_POINT('',(4.765204198212E2,4.484877493900E2,
-3.478817234281E-11));
#3795=CARTESIAN_POINT('',(4.765579347268E2,4.485721591195E2,
-3.478817234281E-11));
#3796=CARTESIAN_POINT('',(4.766048295507E2,4.486565688491E2,
-3.478817234281E-11));
#3797=CARTESIAN_POINT('',(4.766611042929E2,4.487409785786E2,
-3.478817234281E-11));
#3798=CARTESIAN_POINT('',(4.767361341041E2,4.488066308553E2,
-3.478817234281E-11));
#3799=CARTESIAN_POINT('',(4.768205438336E2,4.488629055974E2,
-3.478817234281E-11));
#3800=CARTESIAN_POINT('',(4.769237133997E2,4.489098004213E2,
-3.478817234281E-11));
#3801=CARTESIAN_POINT('',(4.770268805820E2,4.489473153270E2,
-3.478817234281E-11));
#3802=CARTESIAN_POINT('',(4.771394276826E2,4.489754526980E2,
-3.478817234281E-11));
#3803=CARTESIAN_POINT('',(4.772613523178E2,4.489942101508E2,
-3.478817234281E-11));
#3804=CARTESIAN_POINT('',(4.773832769529E2,4.490035876854E2,
-3.478817234281E-11));
#3805=CARTESIAN_POINT('',(4.775145815063E2,4.489942101508E2,
-3.478817234281E-11));
#3806=CARTESIAN_POINT('',(4.776458860597E2,4.489754526980E2,
-3.478817234281E-11));
#3807=CARTESIAN_POINT('',(4.777678130786E2,4.489473153270E2,
-3.478817234281E-11));
#3808=CARTESIAN_POINT('',(4.778709802609E2,4.489098004213E2,
-3.478817234281E-11));
#3809=CARTESIAN_POINT('',(4.779741474433E2,4.488629055974E2,
-3.478817234281E-11));
#3810=CARTESIAN_POINT('',(4.780585571728E2,4.487972533207E2,
-3.478817234281E-11));
#3811=CARTESIAN_POINT('',(4.781429692860E2,4.487222211258E2,
-3.478817234281E-11));
#3812=CARTESIAN_POINT('',(4.781992416444E2,4.486471913145E2,
-3.478817234281E-11));
#3813=CARTESIAN_POINT('',(4.782555140029E2,4.485534016667E2,
-3.478817234281E-11));
#3814=CARTESIAN_POINT('',(4.782930312922E2,4.484596120189E2,
-3.478817234281E-11));
#3815=CARTESIAN_POINT('',(4.783117887450E2,4.483564448366E2,
-3.478817234281E-11));
#3816=CARTESIAN_POINT('',(4.783305461979E2,4.482532776543E2,
-3.478817234281E-11));
#3817=CARTESIAN_POINT('',(4.780116647326E2,4.482251402832E2,
-3.478817234281E-11));
#3818=CARTESIAN_POINT('',(4.780022848143E2,4.482814150254E2,
-3.478817234281E-11));
#3819=CARTESIAN_POINT('',(4.779835273615E2,4.483283074655E2,
-3.478817234281E-11));
#3820=CARTESIAN_POINT('',(4.779741474433E2,4.483845822077E2,
-3.478817234281E-11));
#3821=CARTESIAN_POINT('',(4.779460124559E2,4.484314770316E2,
-3.478817234281E-11));
#3822=CARTESIAN_POINT('',(4.779272526194E2,4.484689919372E2,
-3.478817234281E-11));
#3823=CARTESIAN_POINT('',(4.778991176320E2,4.485065068428E2,
-3.478817234281E-11));
#3824=CARTESIAN_POINT('',(4.778709802609E2,4.485440241322E2,
-3.478817234281E-11));
#3825=CARTESIAN_POINT('',(4.778334653553E2,4.485815390378E2,
-3.478817234281E-11));
#3826=CARTESIAN_POINT('',(4.777959504497E2,4.486096764089E2,
-3.478817234281E-11));
#3827=CARTESIAN_POINT('',(4.777490556258E2,4.486284338617E2,
-3.478817234281E-11));
#3828=CARTESIAN_POINT('',(4.777021608019E2,4.486471913145E2,
-3.478817234281E-11));
#3829=CARTESIAN_POINT('',(4.776458860597E2,4.486659487673E2,
-3.478817234281E-11));
#3830=CARTESIAN_POINT('',(4.775896137013E2,4.486847062201E2,
-3.478817234281E-11));
#3831=CARTESIAN_POINT('',(4.775333413428E2,4.486940861384E2,
-3.478817234281E-11));
#3832=CARTESIAN_POINT('',(4.774676890661E2,4.486940861384E2,
-3.478817234281E-11));
#3833=CARTESIAN_POINT('',(4.773926568712E2,4.487034636729E2,
-3.478817234281E-11));
#3834=CARTESIAN_POINT('',(4.773176246762E2,4.486940861384E2,
-3.478817234281E-11));
#3835=CARTESIAN_POINT('',(4.772519747832E2,4.486940861384E2,
-3.478817234281E-11));
#3836=CARTESIAN_POINT('',(4.771957000411E2,4.486847062201E2,
-3.478817234281E-11));
#3837=CARTESIAN_POINT('',(4.771300477643E2,4.486753286856E2,
-3.478817234281E-11));
#3838=CARTESIAN_POINT('',(4.770831529405E2,4.486565688491E2,
-3.478817234281E-11));
#3839=CARTESIAN_POINT('',(4.770362581166E2,4.486378113962E2,
-3.478817234281E-11));
#3840=CARTESIAN_POINT('',(4.769893656764E2,4.486096764089E2,
-3.478817234281E-11));
#3841=CARTESIAN_POINT('',(4.769518483870E2,4.485909165723E2,
-3.478817234281E-11));
#3842=CARTESIAN_POINT('',(4.769237133997E2,4.485627815850E2,
-3.478817234281E-11));
#3843=CARTESIAN_POINT('',(4.768955760286E2,4.485346442139E2,
-3.478817234281E-11));
#3844=CARTESIAN_POINT('',(4.768674386575E2,4.484971293083E2,
-3.478817234281E-11));
#3845=CARTESIAN_POINT('',(4.768486812047E2,4.484689919372E2,
-3.478817234281E-11));
#3846=CARTESIAN_POINT('',(4.768393012865E2,4.484314770316E2,
-3.478817234281E-11));
#3847=CARTESIAN_POINT('',(4.768205438336E2,4.483939597422E2,
-3.478817234281E-11));
#3848=CARTESIAN_POINT('',(4.768205438336E2,4.483564448366E2,
-3.478817234281E-11));
#3849=CARTESIAN_POINT('',(4.768205438336E2,4.483189299310E2,
-3.478817234281E-11));
#3850=CARTESIAN_POINT('',(4.768205438336E2,4.482532776543E2,
-3.478817234281E-11));
#3851=CARTESIAN_POINT('',(4.768393012865E2,4.481970029121E2,
-3.478817234281E-11));
#3852=CARTESIAN_POINT('',(4.768674386575E2,4.481501104719E2,
-3.478817234281E-11));
#3853=CARTESIAN_POINT('',(4.769143334814E2,4.481032156480E2,
-3.478817234281E-11));
#3854=CARTESIAN_POINT('',(4.769424708525E2,4.480750782770E2,
-3.478817234281E-11));
#3855=CARTESIAN_POINT('',(4.769799857581E2,4.480563208242E2,
-3.478817234281E-11));
#3856=CARTESIAN_POINT('',(4.770268805820E2,4.480375633713E2,
-3.478817234281E-11));
#3857=CARTESIAN_POINT('',(4.770831529405E2,4.480094260003E2,
-3.478817234281E-11));
#3858=CARTESIAN_POINT('',(4.771581851354E2,4.479906685475E2,
-3.478817234281E-11));
#3859=CARTESIAN_POINT('',(4.772332149467E2,4.479625311764E2,
-3.478817234281E-11));
#3860=CARTESIAN_POINT('',(4.773176246762E2,4.479437737236E2,
-3.478817234281E-11));
#3861=CARTESIAN_POINT('',(4.774114143240E2,4.479156363525E2,
-3.478817234281E-11));
#3862=CARTESIAN_POINT('',(4.775145815063E2,4.478968788997E2,
-3.478817234281E-11));
#3863=CARTESIAN_POINT('',(4.775989936195E2,4.478781214469E2,
-3.478817234281E-11));
#3864=CARTESIAN_POINT('',(4.776834033491E2,4.478499840758E2,
-3.478817234281E-11));
#3865=CARTESIAN_POINT('',(4.777584331603E2,4.478312266230E2,
-3.478817234281E-11));
#3866=CARTESIAN_POINT('',(4.778240854370E2,4.478124691701E2,
-3.478817234281E-11));
#3867=CARTESIAN_POINT('',(4.778803601792E2,4.477937117173E2,
-3.478817234281E-11));
#3868=CARTESIAN_POINT('',(4.779272526194E2,4.477749542645E2,
-3.478817234281E-11));
#3869=CARTESIAN_POINT('',(4.779741474433E2,4.477561968117E2,
-3.478817234281E-11));
#3870=CARTESIAN_POINT('',(4.780773170093E2,4.477093019878E2,
-3.478817234281E-11));
#3871=CARTESIAN_POINT('',(4.781617267388E2,4.476436497111E2,
-3.478817234281E-11));
#3872=CARTESIAN_POINT('',(4.782367565501E2,4.475779974344E2,
-3.478817234281E-11));
#3873=CARTESIAN_POINT('',(4.782930312922E2,4.475029652394E2,
-3.478817234281E-11));
#3874=CARTESIAN_POINT('',(4.783399261161E2,4.474185555099E2,
-3.478817234281E-11));
#3875=CARTESIAN_POINT('',(4.783774410217E2,4.473341457804E2,
-3.478817234281E-11));
#3876=CARTESIAN_POINT('',(4.783961984746E2,4.472403561326E2,
-3.478817234281E-11));
#3877=CARTESIAN_POINT('',(4.784055783928E2,4.471465688685E2,
-3.478817234281E-11));
#3878=CARTESIAN_POINT('',(4.783961984746E2,4.470433993025E2,
-3.478817234281E-11));
#3879=CARTESIAN_POINT('',(4.783680611035E2,4.469496120384E2,
-3.478817234281E-11));
#3880=CARTESIAN_POINT('',(4.783399261161E2,4.468558223906E2,
-3.478817234281E-11));
#3881=CARTESIAN_POINT('',(4.782836513740E2,4.467620327429E2,
-3.478817234281E-11));
#3882=CARTESIAN_POINT('',(4.782273790155E2,4.466870029316E2,
-3.478817234281E-11));
#3883=CARTESIAN_POINT('',(4.781429692860E2,4.466119707366E2,
-3.478817234281E-11));
#3884=CARTESIAN_POINT('',(4.780585571728E2,4.465463184599E2,
-3.478817234281E-11));
#3885=CARTESIAN_POINT('',(4.779553899904E2,4.464900461015E2,
-3.478817234281E-11));
#3886=CARTESIAN_POINT('',(4.778428428898E2,4.464431512776E2,
-3.478817234281E-11));
#3887=CARTESIAN_POINT('',(4.777302981730E2,4.464243938248E2,
-3.478817234281E-11));
#3888=CARTESIAN_POINT('',(4.776083711541E2,4.464056363720E2,
-3.478817234281E-11));
#3889=CARTESIAN_POINT('',(4.774770666007E2,4.463962564537E2,
-3.478817234281E-11));
#3890=CARTESIAN_POINT('',(4.773926568712E2,4.464056363720E2,
-3.478817234281E-11));
#3891=CARTESIAN_POINT('',(4.773082471417E2,4.464056363720E2,
-3.478817234281E-11));
#3892=CARTESIAN_POINT('',(4.772332149467E2,4.464150139065E2,
-3.478817234281E-11));
#3893=CARTESIAN_POINT('',(4.771581851354E2,4.464243938248E2,
-3.478817234281E-11));
#3894=CARTESIAN_POINT('',(4.770925328587E2,4.464337713593E2,
-3.478817234281E-11));
#3895=CARTESIAN_POINT('',(4.770268805820E2,4.464525311959E2,
-3.478817234281E-11));
#3896=CARTESIAN_POINT('',(4.769612283053E2,4.464712886487E2,
-3.478817234281E-11));
#3897=CARTESIAN_POINT('',(4.769049535632E2,4.464900461015E2,
-3.478817234281E-11));
#3898=CARTESIAN_POINT('',(4.767924088463E2,4.465463184599E2,
-3.478817234281E-11));
#3899=CARTESIAN_POINT('',(4.766986191985E2,4.466119707366E2,
-3.478817234281E-11));
#3900=CARTESIAN_POINT('',(4.766142094690E2,4.466963804662E2,
-3.478817234281E-11));
#3901=CARTESIAN_POINT('',(4.765391772740E2,4.467901701139E2,
-3.478817234281E-11));
#3902=CARTESIAN_POINT('',(4.764829049156E2,4.468933372963E2,
-3.478817234281E-11));
#3903=CARTESIAN_POINT('',(4.764453900099E2,4.470058843969E2,
-3.478817234281E-11));
#3904=CARTESIAN_POINT('',(4.764172526389E2,4.471184314975E2,
-3.478817234281E-11));
#3905=CARTESIAN_POINT('',(4.764078727206E2,4.472497360509E2,
-3.478817234281E-11));
#3907=CARTESIAN_POINT('',(4.787525972292E2,4.476624071639E2,
-3.478817234281E-11));
#3908=CARTESIAN_POINT('',(4.787525972292E2,4.478124691701E2,
-3.478817234281E-11));
#3909=CARTESIAN_POINT('',(4.787713546820E2,4.479625311764E2,
-3.478817234281E-11));
#3910=CARTESIAN_POINT('',(4.787994896693E2,4.480938357298E2,
-3.478817234281E-11));
#3911=CARTESIAN_POINT('',(4.788276270404E2,4.482251402832E2,
-3.478817234281E-11));
#3912=CARTESIAN_POINT('',(4.788839017826E2,4.483376873838E2,
-3.478817234281E-11));
#3913=CARTESIAN_POINT('',(4.789401741410E2,4.484502344844E2,
-3.478817234281E-11));
#3914=CARTESIAN_POINT('',(4.790058264177E2,4.485534016667E2,
-3.478817234281E-11));
#3915=CARTESIAN_POINT('',(4.790808562290E2,4.486471913145E2,
-3.478817234281E-11));
#3916=CARTESIAN_POINT('',(4.791746458768E2,4.487316010440E2,
-3.478817234281E-11));
#3917=CARTESIAN_POINT('',(4.792684355245E2,4.487972533207E2,
-3.478817234281E-11));
#3918=CARTESIAN_POINT('',(4.793622251723E2,4.488629055974E2,
-3.478817234281E-11));
#3919=CARTESIAN_POINT('',(4.794747698892E2,4.489098004213E2,
-3.478817234281E-11));
#3920=CARTESIAN_POINT('',(4.795873169898E2,4.489473153270E2,
-3.478817234281E-11));
#3921=CARTESIAN_POINT('',(4.796998640904E2,4.489754526980E2,
-3.478817234281E-11));
#3922=CARTESIAN_POINT('',(4.798217887255E2,4.489942101508E2,
-3.478817234281E-11));
#3923=CARTESIAN_POINT('',(4.799530932790E2,4.490035876854E2,
-3.478817234281E-11));
#3924=CARTESIAN_POINT('',(4.800375042003E2,4.489942101508E2,
-3.478817234281E-11));
#3925=CARTESIAN_POINT('',(4.801219139299E2,4.489848302326E2,
-3.478817234281E-11));
#3926=CARTESIAN_POINT('',(4.802063248512E2,4.489754526980E2,
-3.478817234281E-11));
#3927=CARTESIAN_POINT('',(4.802907345807E2,4.489566952452E2,
-3.478817234281E-11));
#3928=CARTESIAN_POINT('',(4.803657655839E2,4.489379354087E2,
-3.478817234281E-11));
#3929=CARTESIAN_POINT('',(4.804407965870E2,4.489098004213E2,
-3.478817234281E-11));
#3930=CARTESIAN_POINT('',(4.805158275901E2,4.488722831320E2,
-3.478817234281E-11));
#3931=CARTESIAN_POINT('',(4.805814798668E2,4.488347682264E2,
-3.478817234281E-11));
#3932=CARTESIAN_POINT('',(4.806565108699E2,4.487878734025E2,
-3.478817234281E-11));
#3933=CARTESIAN_POINT('',(4.807127844202E2,4.487409785786E2,
-3.478817234281E-11));
#3934=CARTESIAN_POINT('',(4.807784366969E2,4.486847062201E2,
-3.478817234281E-11));
#3935=CARTESIAN_POINT('',(4.808347102472E2,4.486284338617E2,
-3.478817234281E-11));
#3936=CARTESIAN_POINT('',(4.808816050711E2,4.485721591195E2,
-3.478817234281E-11));
#3937=CARTESIAN_POINT('',(4.809284987031E2,4.485065068428E2,
-3.478817234281E-11));
#3938=CARTESIAN_POINT('',(4.809753935270E2,4.484408545661E2,
-3.478817234281E-11));
#3939=CARTESIAN_POINT('',(4.810129084326E2,4.483658247549E2,
-3.478817234281E-11));
#3940=CARTESIAN_POINT('',(4.810504245301E2,4.482907925599E2,
-3.478817234281E-11));
#3941=CARTESIAN_POINT('',(4.810785607094E2,4.482157627486E2,
-3.478817234281E-11));
#3942=CARTESIAN_POINT('',(4.810973193540E2,4.481313506354E2,
-3.478817234281E-11));
#3943=CARTESIAN_POINT('',(4.811254555332E2,4.480469409059E2,
-3.478817234281E-11));
#3944=CARTESIAN_POINT('',(4.811348342597E2,4.479625311764E2,
-3.478817234281E-11));
#3945=CARTESIAN_POINT('',(4.811535929043E2,4.478781214469E2,
-3.478817234281E-11));
#3946=CARTESIAN_POINT('',(4.811535929043E2,4.477843317991E2,
-3.478817234281E-11));
#3947=CARTESIAN_POINT('',(4.811629716307E2,4.476905445350E2,
-3.478817234281E-11));
#3948=CARTESIAN_POINT('',(4.811535929043E2,4.475967548872E2,
-3.478817234281E-11));
#3949=CARTESIAN_POINT('',(4.811442129861E2,4.475029652394E2,
-3.478817234281E-11));
#3950=CARTESIAN_POINT('',(4.811348342597E2,4.474185555099E2,
-3.478817234281E-11));
#3951=CARTESIAN_POINT('',(4.811160768068E2,4.473247682459E2,
-3.478817234281E-11));
#3952=CARTESIAN_POINT('',(4.810973193540E2,4.472403561326E2,
-3.478817234281E-11));
#3953=CARTESIAN_POINT('',(4.810691819829E2,4.471653263214E2,
-3.478817234281E-11));
#3954=CARTESIAN_POINT('',(4.810410458037E2,4.470809165918E2,
-3.478817234281E-11));
#3955=CARTESIAN_POINT('',(4.810035297062E2,4.470058843969E2,
-3.478817234281E-11));
#3956=CARTESIAN_POINT('',(4.809660148006E2,4.469308545856E2,
-3.478817234281E-11));
#3957=CARTESIAN_POINT('',(4.809191199767E2,4.468652023089E2,
-3.478817234281E-11));
#3958=CARTESIAN_POINT('',(4.808722251528E2,4.467995500322E2,
-3.478817234281E-11));
#3959=CARTESIAN_POINT('',(4.808159527944E2,4.467432752901E2,
-3.478817234281E-11));
#3960=CARTESIAN_POINT('',(4.807596792441E2,4.466870029316E2,
-3.478817234281E-11));
#3961=CARTESIAN_POINT('',(4.807034056938E2,4.466307281895E2,
-3.478817234281E-11));
#3962=CARTESIAN_POINT('',(4.806377534171E2,4.465838357493E2,
-3.478817234281E-11));
#3963=CARTESIAN_POINT('',(4.805627224140E2,4.465463184599E2,
-3.478817234281E-11));
#3964=CARTESIAN_POINT('',(4.804970701373E2,4.465088035543E2,
-3.478817234281E-11));
#3965=CARTESIAN_POINT('',(4.804220391342E2,4.464806661832E2,
-3.478817234281E-11));
#3966=CARTESIAN_POINT('',(4.803470081310E2,4.464525311959E2,
-3.478817234281E-11));
#3967=CARTESIAN_POINT('',(4.802719771279E2,4.464337713593E2,
-3.478817234281E-11));
#3968=CARTESIAN_POINT('',(4.801969449330E2,4.464243938248E2,
-3.478817234281E-11));
#3969=CARTESIAN_POINT('',(4.801125352034E2,4.464150139065E2,
-3.478817234281E-11));
#3970=CARTESIAN_POINT('',(4.800375042003E2,4.464056363720E2,
-3.478817234281E-11));
#3971=CARTESIAN_POINT('',(4.799530932790E2,4.463962564537E2,
-3.478817234281E-11));
#3972=CARTESIAN_POINT('',(4.798686835494E2,4.464056363720E2,
-3.478817234281E-11));
#3973=CARTESIAN_POINT('',(4.797842738199E2,4.464150139065E2,
-3.478817234281E-11));
#3974=CARTESIAN_POINT('',(4.796998640904E2,4.464243938248E2,
-3.478817234281E-11));
#3975=CARTESIAN_POINT('',(4.796154543609E2,4.464337713593E2,
-3.478817234281E-11));
#3976=CARTESIAN_POINT('',(4.795404221659E2,4.464619087304E2,
-3.478817234281E-11));
#3977=CARTESIAN_POINT('',(4.794653923547E2,4.464900461015E2,
-3.478817234281E-11));
#3978=CARTESIAN_POINT('',(4.793903601597E2,4.465275610071E2,
-3.478817234281E-11));
#3979=CARTESIAN_POINT('',(4.793153303484E2,4.465650759128E2,
-3.478817234281E-11));
#3980=CARTESIAN_POINT('',(4.792496780717E2,4.466119707366E2,
-3.478817234281E-11));
#3981=CARTESIAN_POINT('',(4.791840257950E2,4.466588655605E2,
-3.478817234281E-11));
#3982=CARTESIAN_POINT('',(4.791277510529E2,4.467057603844E2,
-3.478817234281E-11));
#3983=CARTESIAN_POINT('',(4.790714786944E2,4.467714126611E2,
-3.478817234281E-11));
#3984=CARTESIAN_POINT('',(4.790245838705E2,4.468276850196E2,
-3.478817234281E-11));
#3985=CARTESIAN_POINT('',(4.789776890466E2,4.468933372963E2,
-3.478817234281E-11));
#3986=CARTESIAN_POINT('',(4.789307942228E2,4.469589895730E2,
-3.478817234281E-11));
#3987=CARTESIAN_POINT('',(4.788932793171E2,4.470340217680E2,
-3.478817234281E-11));
#3988=CARTESIAN_POINT('',(4.788557644115E2,4.471090515792E2,
-3.478817234281E-11));
#3989=CARTESIAN_POINT('',(4.788276270404E2,4.471840837742E2,
-3.478817234281E-11));
#3990=CARTESIAN_POINT('',(4.788088695876E2,4.472591159691E2,
-3.478817234281E-11));
#3991=CARTESIAN_POINT('',(4.787807322165E2,4.473341457804E2,
-3.478817234281E-11));
#3992=CARTESIAN_POINT('',(4.787713546820E2,4.474185555099E2,
-3.478817234281E-11));
#3993=CARTESIAN_POINT('',(4.787525972292E2,4.474935877049E2,
-3.478817234281E-11));
#3994=CARTESIAN_POINT('',(4.787525972292E2,4.475779974344E2,
-3.478817234281E-11));
#3995=CARTESIAN_POINT('',(4.787525972292E2,4.476624071639E2,
-3.478817234281E-11));
#3997=CARTESIAN_POINT('',(4.790996160655E2,4.476624071639E2,
-3.478817234281E-11));
#3998=CARTESIAN_POINT('',(4.790996160655E2,4.475498600633E2,
-3.478817234281E-11));
#3999=CARTESIAN_POINT('',(4.791089936001E2,4.474466928810E2,
-3.478817234281E-11));
#4000=CARTESIAN_POINT('',(4.791277510529E2,4.473435256987E2,
-3.478817234281E-11));
#4001=CARTESIAN_POINT('',(4.791558884239E2,4.472591159691E2,
-3.478817234281E-11));
#4002=CARTESIAN_POINT('',(4.791934033296E2,4.471747038559E2,
-3.478817234281E-11));
#4003=CARTESIAN_POINT('',(4.792309206189E2,4.470902941264E2,
-3.478817234281E-11));
#4004=CARTESIAN_POINT('',(4.792778130591E2,4.470152643151E2,
-3.478817234281E-11));
#4005=CARTESIAN_POINT('',(4.793434653358E2,4.469496120384E2,
-3.478817234281E-11));
#4006=CARTESIAN_POINT('',(4.793997400780E2,4.468933372963E2,
-3.478817234281E-11));
#4007=CARTESIAN_POINT('',(4.794653923547E2,4.468370649378E2,
-3.478817234281E-11));
#4008=CARTESIAN_POINT('',(4.795404221659E2,4.467901701139E2,
-3.478817234281E-11));
#4009=CARTESIAN_POINT('',(4.796154543609E2,4.467526552083E2,
-3.478817234281E-11));
#4010=CARTESIAN_POINT('',(4.796904841721E2,4.467245178372E2,
-3.478817234281E-11));
#4011=CARTESIAN_POINT('',(4.797748962854E2,4.467057603844E2,
-3.478817234281E-11));
#4012=CARTESIAN_POINT('',(4.798593060149E2,4.466963804662E2,
-3.478817234281E-11));
#4013=CARTESIAN_POINT('',(4.799530932790E2,4.466963804662E2,
-3.478817234281E-11));
#4014=CARTESIAN_POINT('',(4.800468829267E2,4.466963804662E2,
-3.478817234281E-11));
#4015=CARTESIAN_POINT('',(4.801312926563E2,4.467057603844E2,
-3.478817234281E-11));
#4016=CARTESIAN_POINT('',(4.802157035776E2,4.467245178372E2,
-3.478817234281E-11));
#4017=CARTESIAN_POINT('',(4.802907345807E2,4.467526552083E2,
-3.478817234281E-11));
#4018=CARTESIAN_POINT('',(4.803657655839E2,4.467901701139E2,
-3.478817234281E-11));
#4019=CARTESIAN_POINT('',(4.804407965870E2,4.468370649378E2,
-3.478817234281E-11));
#4020=CARTESIAN_POINT('',(4.805064488637E2,4.468933372963E2,
-3.478817234281E-11));
#4021=CARTESIAN_POINT('',(4.805721011404E2,4.469496120384E2,
-3.478817234281E-11));
#4022=CARTESIAN_POINT('',(4.806283746907E2,4.470246418497E2,
-3.478817234281E-11));
#4023=CARTESIAN_POINT('',(4.806752683227E2,4.470996740447E2,
-3.478817234281E-11));
#4024=CARTESIAN_POINT('',(4.807127844202E2,4.471840837742E2,
-3.478817234281E-11));
#4025=CARTESIAN_POINT('',(4.807503005177E2,4.472684935037E2,
-3.478817234281E-11));
#4026=CARTESIAN_POINT('',(4.807784366969E2,4.473622831515E2,
-3.478817234281E-11));
#4027=CARTESIAN_POINT('',(4.807971941497E2,4.474654503338E2,
-3.478817234281E-11));
#4028=CARTESIAN_POINT('',(4.808065728761E2,4.475779974344E2,
-3.478817234281E-11));
#4029=CARTESIAN_POINT('',(4.808159527944E2,4.476905445350E2,
-3.478817234281E-11));
#4030=CARTESIAN_POINT('',(4.808065728761E2,4.478406065412E2,
-3.478817234281E-11));
#4031=CARTESIAN_POINT('',(4.807878154233E2,4.479812886292E2,
-3.478817234281E-11));
#4032=CARTESIAN_POINT('',(4.807503005177E2,4.481032156480E2,
-3.478817234281E-11));
#4033=CARTESIAN_POINT('',(4.807034056938E2,4.482251402832E2,
-3.478817234281E-11));
#4034=CARTESIAN_POINT('',(4.806471321435E2,4.483283074655E2,
-3.478817234281E-11));
#4035=CARTESIAN_POINT('',(4.805814798668E2,4.484220971133E2,
-3.478817234281E-11));
#4036=CARTESIAN_POINT('',(4.804970701373E2,4.485065068428E2,
-3.478817234281E-11));
#4037=CARTESIAN_POINT('',(4.804032804895E2,4.485721591195E2,
-3.478817234281E-11));
#4038=CARTESIAN_POINT('',(4.803001133072E2,4.486284338617E2,
-3.478817234281E-11));
#4039=CARTESIAN_POINT('',(4.801969449330E2,4.486659487673E2,
-3.478817234281E-11));
#4040=CARTESIAN_POINT('',(4.800750202978E2,4.486940861384E2,
-3.478817234281E-11));
#4041=CARTESIAN_POINT('',(4.799530932790E2,4.487034636729E2,
-3.478817234281E-11));
#4042=CARTESIAN_POINT('',(4.798686835494E2,4.486940861384E2,
-3.478817234281E-11));
#4043=CARTESIAN_POINT('',(4.797842738199E2,4.486847062201E2,
-3.478817234281E-11));
#4044=CARTESIAN_POINT('',(4.797092440087E2,4.486659487673E2,
-3.478817234281E-11));
#4045=CARTESIAN_POINT('',(4.796248342791E2,4.486378113962E2,
-3.478817234281E-11));
#4046=CARTESIAN_POINT('',(4.795498020842E2,4.486096764089E2,
-3.478817234281E-11));
#4047=CARTESIAN_POINT('',(4.794841498075E2,4.485627815850E2,
-3.478817234281E-11));
#4048=CARTESIAN_POINT('',(4.794184975308E2,4.485158867611E2,
-3.478817234281E-11));
#4049=CARTESIAN_POINT('',(4.793528452541E2,4.484596120189E2,
-3.478817234281E-11));
#4050=CARTESIAN_POINT('',(4.792871929774E2,4.483939597422E2,
-3.478817234281E-11));
#4051=CARTESIAN_POINT('',(4.792402981535E2,4.483189299310E2,
-3.478817234281E-11));
#4052=CARTESIAN_POINT('',(4.791934033296E2,4.482345202015E2,
-3.478817234281E-11));
#4053=CARTESIAN_POINT('',(4.791558884239E2,4.481407305537E2,
-3.478817234281E-11));
#4054=CARTESIAN_POINT('',(4.791277510529E2,4.480375633713E2,
-3.478817234281E-11));
#4055=CARTESIAN_POINT('',(4.791089936001E2,4.479156363525E2,
-3.478817234281E-11));
#4056=CARTESIAN_POINT('',(4.790996160655E2,4.477937117173E2,
-3.478817234281E-11));
#4057=CARTESIAN_POINT('',(4.790996160655E2,4.476624071639E2,
-3.478817234281E-11));
#4059=CARTESIAN_POINT('',(4.824197424227E2,4.471934636924E2,
-3.478817234281E-11));
#4060=CARTESIAN_POINT('',(4.824197424227E2,4.475029652394E2,
-3.478817234281E-11));
#4061=CARTESIAN_POINT('',(4.833763892022E2,4.475029652394E2,
-3.478817234281E-11));
#4062=CARTESIAN_POINT('',(4.833763892022E2,4.471934636924E2,
-3.478817234281E-11));
#4063=CARTESIAN_POINT('',(4.824197424227E2,4.471934636924E2,
-3.478817234281E-11));
#4065=CARTESIAN_POINT('',(4.847363283683E2,4.464337713593E2,
-3.478817234281E-11));
#4066=CARTESIAN_POINT('',(4.847363283683E2,4.489566952452E2,
-3.478817234281E-11));
#4067=CARTESIAN_POINT('',(4.850739684782E2,4.489566952452E2,
-3.478817234281E-11));
#4068=CARTESIAN_POINT('',(4.850739684782E2,4.479250162707E2,
-3.478817234281E-11));
#4069=CARTESIAN_POINT('',(4.863776352859E2,4.479250162707E2,
-3.478817234281E-11));
#4070=CARTESIAN_POINT('',(4.863776352859E2,4.489566952452E2,
-3.478817234281E-11));
#4071=CARTESIAN_POINT('',(4.867152753959E2,4.489566952452E2,
-3.478817234281E-11));
#4072=CARTESIAN_POINT('',(4.867152753959E2,4.464337713593E2,
-3.478817234281E-11));
#4073=CARTESIAN_POINT('',(4.863776352859E2,4.464337713593E2,
-3.478817234281E-11));
#4074=CARTESIAN_POINT('',(4.863776352859E2,4.476248922583E2,
-3.478817234281E-11));
#4075=CARTESIAN_POINT('',(4.850739684782E2,4.476248922583E2,
-3.478817234281E-11));
#4076=CARTESIAN_POINT('',(4.850739684782E2,4.464337713593E2,
-3.478817234281E-11));
#4077=CARTESIAN_POINT('',(4.847363283683E2,4.464337713593E2,
-3.478817234281E-11));
#4079=CARTESIAN_POINT('',(4.882534127475E2,4.464337713593E2,
-3.478817234281E-11));
#4080=CARTESIAN_POINT('',(4.882534127475E2,4.489566952452E2,
-3.478817234281E-11));
#4081=CARTESIAN_POINT('',(4.891162710710E2,4.489566952452E2,
-3.478817234281E-11));
#4082=CARTESIAN_POINT('',(4.891819233477E2,4.489473153270E2,
-3.478817234281E-11));
#4083=CARTESIAN_POINT('',(4.892475756244E2,4.489473153270E2,
-3.478817234281E-11));
#4084=CARTESIAN_POINT('',(4.893132279012E2,4.489473153270E2,
-3.478817234281E-11));
#4085=CARTESIAN_POINT('',(4.893695014514E2,4.489473153270E2,
-3.478817234281E-11));
#4086=CARTESIAN_POINT('',(4.894257738099E2,4.489379354087E2,
-3.478817234281E-11));
#4087=CARTESIAN_POINT('',(4.894726686338E2,4.489285578741E2,
-3.478817234281E-11));
#4088=CARTESIAN_POINT('',(4.895195634577E2,4.489285578741E2,
-3.478817234281E-11));
#4089=CARTESIAN_POINT('',(4.895570783633E2,4.489191779559E2,
-3.478817234281E-11));
#4090=CARTESIAN_POINT('',(4.896602467375E2,4.488816630502E2,
-3.478817234281E-11));
#4091=CARTESIAN_POINT('',(4.897540351934E2,4.488441481446E2,
-3.478817234281E-11));
#4092=CARTESIAN_POINT('',(4.898478248412E2,4.487972533207E2,
-3.478817234281E-11));
#4093=CARTESIAN_POINT('',(4.899228558443E2,4.487316010440E2,
-3.478817234281E-11));
#4094=CARTESIAN_POINT('',(4.900166443002E2,4.486471913145E2,
-3.478817234281E-11));
#4095=CARTESIAN_POINT('',(4.901010546257E2,4.485440241322E2,
-3.478817234281E-11));
#4096=CARTESIAN_POINT('',(4.901667069024E2,4.484314770316E2,
-3.478817234281E-11));
#4097=CARTESIAN_POINT('',(4.902229798568E2,4.483001724782E2,
-3.478817234281E-11));
#4098=CARTESIAN_POINT('',(4.902698746807E2,4.481688679248E2,
-3.478817234281E-11));
#4099=CARTESIAN_POINT('',(4.902980114558E2,4.480188059185E2,
-3.478817234281E-11));
#4100=CARTESIAN_POINT('',(4.903167689086E2,4.478687439123E2,
-3.478817234281E-11));
#4101=CARTESIAN_POINT('',(4.903261482309E2,4.476999220696E2,
-3.478817234281E-11));
#4102=CARTESIAN_POINT('',(4.903167689086E2,4.475686175161E2,
-3.478817234281E-11));
#4103=CARTESIAN_POINT('',(4.903073901822E2,4.474373129627E2,
-3.478817234281E-11));
#4104=CARTESIAN_POINT('',(4.902886321335E2,4.473060084093E2,
-3.478817234281E-11));
#4105=CARTESIAN_POINT('',(4.902511166319E2,4.471934636924E2,
-3.478817234281E-11));
#4106=CARTESIAN_POINT('',(4.902229798568E2,4.470902941264E2,
-3.478817234281E-11));
#4107=CARTESIAN_POINT('',(4.901760856288E2,4.469965068623E2,
-3.478817234281E-11));
#4108=CARTESIAN_POINT('',(4.901291914008E2,4.469027172145E2,
-3.478817234281E-11));
#4109=CARTESIAN_POINT('',(4.900822965769E2,4.468276850196E2,
-3.478817234281E-11));
#4110=CARTESIAN_POINT('',(4.900260236226E2,4.467620327429E2,
-3.478817234281E-11));
#4111=CARTESIAN_POINT('',(4.899791293946E2,4.466963804662E2,
-3.478817234281E-11));
#4112=CARTESIAN_POINT('',(4.899134771179E2,4.466401081077E2,
-3.478817234281E-11));
#4113=CARTESIAN_POINT('',(4.898572035676E2,4.466025932021E2,
-3.478817234281E-11));
#4114=CARTESIAN_POINT('',(4.897915512909E2,4.465556983782E2,
-3.478817234281E-11));
#4115=CARTESIAN_POINT('',(4.897165202878E2,4.465275610071E2,
-3.478817234281E-11));
#4116=CARTESIAN_POINT('',(4.896414892847E2,4.464994236360E2,
-3.478817234281E-11));
#4117=CARTESIAN_POINT('',(4.895570783633E2,4.464712886487E2,
-3.478817234281E-11));
#4118=CARTESIAN_POINT('',(4.894632899074E2,4.464525311959E2,
-3.478817234281E-11));
#4119=CARTESIAN_POINT('',(4.893695014514E2,4.464431512776E2,
-3.478817234281E-11));
#4120=CARTESIAN_POINT('',(4.892663330773E2,4.464337713593E2,
-3.478817234281E-11));
#4121=CARTESIAN_POINT('',(4.891537859767E2,4.464337713593E2,
-3.478817234281E-11));
#4122=CARTESIAN_POINT('',(4.882534127475E2,4.464337713593E2,
-3.478817234281E-11));
#4124=CARTESIAN_POINT('',(4.885910528574E2,4.467338977555E2,
-3.478817234281E-11));
#4125=CARTESIAN_POINT('',(4.891162710710E2,4.467338977555E2,
-3.478817234281E-11));
#4126=CARTESIAN_POINT('',(4.892381968980E2,4.467338977555E2,
-3.478817234281E-11));
#4127=CARTESIAN_POINT('',(4.893413640804E2,4.467432752901E2,
-3.478817234281E-11));
#4128=CARTESIAN_POINT('',(4.894257738099E2,4.467526552083E2,
-3.478817234281E-11));
#4129=CARTESIAN_POINT('',(4.895008060049E2,4.467714126611E2,
-3.478817234281E-11));
#4130=CARTESIAN_POINT('',(4.895664582816E2,4.467995500322E2,
-3.478817234281E-11));
#4131=CARTESIAN_POINT('',(4.896321105583E2,4.468276850196E2,
-3.478817234281E-11));
#4132=CARTESIAN_POINT('',(4.896790041903E2,4.468652023089E2,
-3.478817234281E-11));
#4133=CARTESIAN_POINT('',(4.897258990142E2,4.469027172145E2,
-3.478817234281E-11));
#4134=CARTESIAN_POINT('',(4.897821725645E2,4.469683694912E2,
-3.478817234281E-11));
#4135=CARTESIAN_POINT('',(4.898290661965E2,4.470433993025E2,
-3.478817234281E-11));
#4136=CARTESIAN_POINT('',(4.898759610204E2,4.471278114157E2,
-3.478817234281E-11));
#4137=CARTESIAN_POINT('',(4.899134771179E2,4.472215986798E2,
-3.478817234281E-11));
#4138=CARTESIAN_POINT('',(4.899416132971E2,4.473341457804E2,
-3.478817234281E-11));
#4139=CARTESIAN_POINT('',(4.899603707499E2,4.474466928810E2,
-3.478817234281E-11));
#4140=CARTESIAN_POINT('',(4.899697506682E2,4.475686175161E2,
-3.478817234281E-11));
#4141=CARTESIAN_POINT('',(4.899791293946E2,4.477093019878E2,
-3.478817234281E-11));
#4142=CARTESIAN_POINT('',(4.899697506682E2,4.478030916356E2,
-3.478817234281E-11));
#4143=CARTESIAN_POINT('',(4.899697506682E2,4.478968788997E2,
-3.478817234281E-11));
#4144=CARTESIAN_POINT('',(4.899603707499E2,4.479812886292E2,
-3.478817234281E-11));
#4145=CARTESIAN_POINT('',(4.899416132971E2,4.480563208242E2,
-3.478817234281E-11));
#4146=CARTESIAN_POINT('',(4.899228558443E2,4.481313506354E2,
-3.478817234281E-11));
#4147=CARTESIAN_POINT('',(4.899040983915E2,4.481970029121E2,
-3.478817234281E-11));
#4148=CARTESIAN_POINT('',(4.898759610204E2,4.482626551888E2,
-3.478817234281E-11));
#4149=CARTESIAN_POINT('',(4.898478248412E2,4.483189299310E2,
-3.478817234281E-11));
#4150=CARTESIAN_POINT('',(4.898103087437E2,4.483658247549E2,
-3.478817234281E-11));
#4151=CARTESIAN_POINT('',(4.897821725645E2,4.484127195788E2,
-3.478817234281E-11));
#4152=CARTESIAN_POINT('',(4.897446564670E2,4.484596120189E2,
-3.478817234281E-11));
#4153=CARTESIAN_POINT('',(4.897071415614E2,4.484971293083E2,
-3.478817234281E-11));
#4154=CARTESIAN_POINT('',(4.896696254639E2,4.485252642956E2,
-3.478817234281E-11));
#4155=CARTESIAN_POINT('',(4.896227306400E2,4.485534016667E2,
-3.478817234281E-11));
#4156=CARTESIAN_POINT('',(4.895758370080E2,4.485815390378E2,
-3.478817234281E-11));
#4157=CARTESIAN_POINT('',(4.895383209105E2,4.486002964906E2,
-3.478817234281E-11));
#4158=CARTESIAN_POINT('',(4.895008060049E2,4.486096764089E2,
-3.478817234281E-11));
#4159=CARTESIAN_POINT('',(4.894632899074E2,4.486190539434E2,
-3.478817234281E-11));
#4160=CARTESIAN_POINT('',(4.894163950835E2,4.486284338617E2,
-3.478817234281E-11));
#4161=CARTESIAN_POINT('',(4.893601227250E2,4.486378113962E2,
-3.478817234281E-11));
#4162=CARTESIAN_POINT('',(4.893038491747E2,4.486471913145E2,
-3.478817234281E-11));
#4163=CARTESIAN_POINT('',(4.892475756244E2,4.486471913145E2,
-3.478817234281E-11));
#4164=CARTESIAN_POINT('',(4.891819233477E2,4.486471913145E2,
-3.478817234281E-11));
#4165=CARTESIAN_POINT('',(4.891068923446E2,4.486565688491E2,
-3.478817234281E-11));
#4166=CARTESIAN_POINT('',(4.885910528574E2,4.486565688491E2,
-3.478817234281E-11));
#4167=CARTESIAN_POINT('',(4.885910528574E2,4.467338977555E2,
-3.478817234281E-11));
#4169=CARTESIAN_POINT('',(4.907950922984E2,4.464337713593E2,
-3.478817234281E-11));
#4170=CARTESIAN_POINT('',(4.907950922984E2,4.489566952452E2,
-3.478817234281E-11));
#4171=CARTESIAN_POINT('',(4.919111804064E2,4.489566952452E2,
-3.478817234281E-11));
#4172=CARTESIAN_POINT('',(4.919862114095E2,4.489473153270E2,
-3.478817234281E-11));
#4173=CARTESIAN_POINT('',(4.920612430086E2,4.489473153270E2,
-3.478817234281E-11));
#4174=CARTESIAN_POINT('',(4.921362740117E2,4.489379354087E2,
-3.478817234281E-11));
#4175=CARTESIAN_POINT('',(4.922019262884E2,4.489379354087E2,
-3.478817234281E-11));
#4176=CARTESIAN_POINT('',(4.922581992428E2,4.489285578741E2,
-3.478817234281E-11));
#4177=CARTESIAN_POINT('',(4.923144727931E2,4.489098004213E2,
-3.478817234281E-11));
#4178=CARTESIAN_POINT('',(4.923707463434E2,4.489004205031E2,
-3.478817234281E-11));
#4179=CARTESIAN_POINT('',(4.924176405713E2,4.488816630502E2,
-3.478817234281E-11));
#4180=CARTESIAN_POINT('',(4.925020508968E2,4.488441481446E2,
-3.478817234281E-11));
#4181=CARTESIAN_POINT('',(4.925677031735E2,4.487878734025E2,
-3.478817234281E-11));
#4182=CARTESIAN_POINT('',(4.926333554502E2,4.487222211258E2,
-3.478817234281E-11));
#4183=CARTESIAN_POINT('',(4.926896284046E2,4.486471913145E2,
-3.478817234281E-11));
#4184=CARTESIAN_POINT('',(4.927365232284E2,4.485534016667E2,
-3.478817234281E-11));
#4185=CARTESIAN_POINT('',(4.927740387300E2,4.484596120189E2,
-3.478817234281E-11));
#4186=CARTESIAN_POINT('',(4.927927961828E2,4.483658247549E2,
-3.478817234281E-11));
#4187=CARTESIAN_POINT('',(4.928021755051E2,4.482626551888E2,
-3.478817234281E-11));
#4188=CARTESIAN_POINT('',(4.927927961828E2,4.481970029121E2,
-3.478817234281E-11));
#4189=CARTESIAN_POINT('',(4.927834174564E2,4.481313506354E2,
-3.478817234281E-11));
#4190=CARTESIAN_POINT('',(4.927740387300E2,4.480750782770E2,
-3.478817234281E-11));
#4191=CARTESIAN_POINT('',(4.927552806813E2,4.480094260003E2,
-3.478817234281E-11));
#4192=CARTESIAN_POINT('',(4.927271439061E2,4.479625311764E2,
-3.478817234281E-11));
#4193=CARTESIAN_POINT('',(4.926990071310E2,4.479062588179E2,
-3.478817234281E-11));
#4194=CARTESIAN_POINT('',(4.926614916294E2,4.478593639940E2,
-3.478817234281E-11));
#4195=CARTESIAN_POINT('',(4.926239761278E2,4.478124691701E2,
-3.478817234281E-11));
#4196=CARTESIAN_POINT('',(4.925770818999E2,4.477655743463E2,
-3.478817234281E-11));
#4197=CARTESIAN_POINT('',(4.925301870760E2,4.477280594406E2,
-3.478817234281E-11));
#4198=CARTESIAN_POINT('',(4.924739141216E2,4.476905445350E2,
-3.478817234281E-11));
#4199=CARTESIAN_POINT('',(4.924082618449E2,4.476530272457E2,
-3.478817234281E-11));
#4200=CARTESIAN_POINT('',(4.923332308418E2,4.476342697928E2,
-3.478817234281E-11));
#4201=CARTESIAN_POINT('',(4.922581992428E2,4.476061348055E2,
-3.478817234281E-11));
#4202=CARTESIAN_POINT('',(4.921831682397E2,4.475873749690E2,
-3.478817234281E-11));
#4203=CARTESIAN_POINT('',(4.920893791878E2,4.475779974344E2,
-3.478817234281E-11));
#4204=CARTESIAN_POINT('',(4.921550314645E2,4.475404825288E2,
-3.478817234281E-11));
#4205=CARTESIAN_POINT('',(4.922113050148E2,4.475123451577E2,
-3.478817234281E-11));
#4206=CARTESIAN_POINT('',(4.922581992428E2,4.474748302521E2,
-3.478817234281E-11));
#4207=CARTESIAN_POINT('',(4.922957153402E2,4.474466928810E2,
-3.478817234281E-11));
#4208=CARTESIAN_POINT('',(4.923613676170E2,4.473810406043E2,
-3.478817234281E-11));
#4209=CARTESIAN_POINT('',(4.924363986201E2,4.472966308748E2,
-3.478817234281E-11));
#4210=CARTESIAN_POINT('',(4.925020508968E2,4.472122211453E2,
-3.478817234281E-11));
#4211=CARTESIAN_POINT('',(4.925677031735E2,4.471090515792E2,
-3.478817234281E-11));
#4212=CARTESIAN_POINT('',(4.929991317393E2,4.464337713593E2,
-3.478817234281E-11));
#4213=CARTESIAN_POINT('',(4.925864606263E2,4.464337713593E2,
-3.478817234281E-11));
#4214=CARTESIAN_POINT('',(4.922581992428E2,4.469496120384E2,
-3.478817234281E-11));
#4215=CARTESIAN_POINT('',(4.921831682397E2,4.470621591390E2,
-3.478817234281E-11));
#4216=CARTESIAN_POINT('',(4.921268952853E2,4.471559464031E2,
-3.478817234281E-11));
#4217=CARTESIAN_POINT('',(4.920706217350E2,4.472309785981E2,
-3.478817234281E-11));
#4218=CARTESIAN_POINT('',(4.920143481847E2,4.472966308748E2,
-3.478817234281E-11));
#4219=CARTESIAN_POINT('',(4.919674539567E2,4.473529032332E2,
-3.478817234281E-11));
#4220=CARTESIAN_POINT('',(4.919299384552E2,4.473997980571E2,
-3.478817234281E-11));
#4221=CARTESIAN_POINT('',(4.918830436313E2,4.474373129627E2,
-3.478817234281E-11));
#4222=CARTESIAN_POINT('',(4.918455281297E2,4.474654503338E2,
-3.478817234281E-11));
#4223=CARTESIAN_POINT('',(4.917704971266E2,4.475029652394E2,
-3.478817234281E-11));
#4224=CARTESIAN_POINT('',(4.916954661235E2,4.475311026105E2,
-3.478817234281E-11));
#4225=CARTESIAN_POINT('',(4.916673293483E2,4.475404825288E2,
-3.478817234281E-11));
#4226=CARTESIAN_POINT('',(4.916204351204E2,4.475404825288E2,
-3.478817234281E-11));
#4227=CARTESIAN_POINT('',(4.915735402965E2,4.475404825288E2,
-3.478817234281E-11));
#4228=CARTESIAN_POINT('',(4.915078880198E2,4.475498600633E2,
-3.478817234281E-11));
#4229=CARTESIAN_POINT('',(4.911327324083E2,4.475498600633E2,
-3.478817234281E-11));
#4230=CARTESIAN_POINT('',(4.911327324083E2,4.464337713593E2,
-3.478817234281E-11));
#4231=CARTESIAN_POINT('',(4.907950922984E2,4.464337713593E2,
-3.478817234281E-11));
#4233=CARTESIAN_POINT('',(4.911327324083E2,4.478499840758E2,
-3.478817234281E-11));
#4234=CARTESIAN_POINT('',(4.918361494033E2,4.478499840758E2,
-3.478817234281E-11));
#4235=CARTESIAN_POINT('',(4.919486959080E2,4.478499840758E2,
-3.478817234281E-11));
#4236=CARTESIAN_POINT('',(4.920424849598E2,4.478593639940E2,
-3.478817234281E-11));
#4237=CARTESIAN_POINT('',(4.921268952853E2,4.478687439123E2,
-3.478817234281E-11));
#4238=CARTESIAN_POINT('',(4.921925475620E2,4.478875013651E2,
-3.478817234281E-11));
#4239=CARTESIAN_POINT('',(4.922488205164E2,4.479156363525E2,
-3.478817234281E-11));
#4240=CARTESIAN_POINT('',(4.923050940667E2,4.479531536418E2,
-3.478817234281E-11));
#4241=CARTESIAN_POINT('',(4.923519882946E2,4.479906685475E2,
-3.478817234281E-11));
#4242=CARTESIAN_POINT('',(4.923895037962E2,4.480375633713E2,
-3.478817234281E-11));
#4243=CARTESIAN_POINT('',(4.924176405713E2,4.480938357298E2,
-3.478817234281E-11));
#4244=CARTESIAN_POINT('',(4.924363986201E2,4.481501104719E2,
-3.478817234281E-11));
#4245=CARTESIAN_POINT('',(4.924457773465E2,4.482063828304E2,
-3.478817234281E-11));
#4246=CARTESIAN_POINT('',(4.924551560729E2,4.482626551888E2,
-3.478817234281E-11));
#4247=CARTESIAN_POINT('',(4.924457773465E2,4.483095500127E2,
-3.478817234281E-11));
#4248=CARTESIAN_POINT('',(4.924457773465E2,4.483470673021E2,
-3.478817234281E-11));
#4249=CARTESIAN_POINT('',(4.924363986201E2,4.483939597422E2,
-3.478817234281E-11));
#4250=CARTESIAN_POINT('',(4.924176405713E2,4.484314770316E2,
-3.478817234281E-11));
#4251=CARTESIAN_POINT('',(4.923988831185E2,4.484596120189E2,
-3.478817234281E-11));
#4252=CARTESIAN_POINT('',(4.923801250698E2,4.484971293083E2,
-3.478817234281E-11));
#4253=CARTESIAN_POINT('',(4.923519882946E2,4.485252642956E2,
-3.478817234281E-11));
#4254=CARTESIAN_POINT('',(4.923238515195E2,4.485534016667E2,
-3.478817234281E-11));
#4255=CARTESIAN_POINT('',(4.922863360179E2,4.485815390378E2,
-3.478817234281E-11));
#4256=CARTESIAN_POINT('',(4.922488205164E2,4.486096764089E2,
-3.478817234281E-11));
#4257=CARTESIAN_POINT('',(4.922113050148E2,4.486284338617E2,
-3.478817234281E-11));
#4258=CARTESIAN_POINT('',(4.921550314645E2,4.486378113962E2,
-3.478817234281E-11));
#4259=CARTESIAN_POINT('',(4.921081372365E2,4.486565688491E2,
-3.478817234281E-11));
#4260=CARTESIAN_POINT('',(4.920518636862E2,4.486659487673E2,
-3.478817234281E-11));
#4261=CARTESIAN_POINT('',(4.919862114095E2,4.486659487673E2,
-3.478817234281E-11));
#4262=CARTESIAN_POINT('',(4.919205597288E2,4.486753286856E2,
-3.478817234281E-11));
#4263=CARTESIAN_POINT('',(4.911327324083E2,4.486753286856E2,
-3.478817234281E-11));
#4264=CARTESIAN_POINT('',(4.911327324083E2,4.478499840758E2,
-3.478817234281E-11));
#4266=CARTESIAN_POINT('',(4.933742873508E2,4.464337713593E2,
-3.478817234281E-11));
#4267=CARTESIAN_POINT('',(4.933742873508E2,4.489566952452E2,
-3.478817234281E-11));
#4268=CARTESIAN_POINT('',(4.937119274608E2,4.489566952452E2,
-3.478817234281E-11));
#4269=CARTESIAN_POINT('',(4.937119274608E2,4.464337713593E2,
-3.478817234281E-11));
#4270=CARTESIAN_POINT('',(4.933742873508E2,4.464337713593E2,
-3.478817234281E-11));
#4272=CARTESIAN_POINT('',(4.942840399024E2,4.464337713593E2,
-3.478817234281E-11));
#4273=CARTESIAN_POINT('',(4.942840399024E2,4.489566952452E2,
-3.478817234281E-11));
#4274=CARTESIAN_POINT('',(4.946216800123E2,4.489566952452E2,
-3.478817234281E-11));
#4275=CARTESIAN_POINT('',(4.946216800123E2,4.467338977555E2,
-3.478817234281E-11));
#4276=CARTESIAN_POINT('',(4.958690726738E2,4.467338977555E2,
-3.478817234281E-11));
#4277=CARTESIAN_POINT('',(4.958690726738E2,4.464337713593E2,
-3.478817234281E-11));
#4278=CARTESIAN_POINT('',(4.942840399024E2,4.464337713593E2,
-3.478817234281E-11));
#4280=CARTESIAN_POINT('',(4.962442282853E2,4.464337713593E2,
-3.478817234281E-11));
#4281=CARTESIAN_POINT('',(4.962442282853E2,4.489566952452E2,
-3.478817234281E-11));
#4282=CARTESIAN_POINT('',(4.965818683952E2,4.489566952452E2,
-3.478817234281E-11));
#4283=CARTESIAN_POINT('',(4.965818683952E2,4.467338977555E2,
-3.478817234281E-11));
#4284=CARTESIAN_POINT('',(4.978292609077E2,4.467338977555E2,
-3.478817234281E-11));
#4285=CARTESIAN_POINT('',(4.978292609077E2,4.464337713593E2,
-3.478817234281E-11));
#4286=CARTESIAN_POINT('',(4.962442282853E2,4.464337713593E2,
-3.478817234281E-11));
#4288=CARTESIAN_POINT('',(4.600135705320E2,4.429495143104E2,
-3.478817234281E-11));
#4289=CARTESIAN_POINT('',(4.600135705320E2,4.426493902980E2,
-3.478817234281E-11));
#4290=CARTESIAN_POINT('',(4.583441286270E2,4.426493902980E2,
-3.478817234281E-11));
#4291=CARTESIAN_POINT('',(4.583441286270E2,4.426962851218E2,
-3.478817234281E-11));
#4292=CARTESIAN_POINT('',(4.583441286270E2,4.427525574803E2,
-3.478817234281E-11));
#4293=CARTESIAN_POINT('',(4.583628884635E2,4.428088322224E2,
-3.478817234281E-11));
#4294=CARTESIAN_POINT('',(4.583722659981E2,4.428557246626E2,
-3.478817234281E-11));
#4295=CARTESIAN_POINT('',(4.584097809037E2,4.429495143104E2,
-3.478817234281E-11));
#4296=CARTESIAN_POINT('',(4.584566733439E2,4.430339240399E2,
-3.478817234281E-11));
#4297=CARTESIAN_POINT('',(4.585129480860E2,4.431089562349E2,
-3.478817234281E-11));
#4298=CARTESIAN_POINT('',(4.585786003627E2,4.431933659644E2,
-3.478817234281E-11));
#4299=CARTESIAN_POINT('',(4.586536301740E2,4.432777756939E2,
-3.478817234281E-11));
#4300=CARTESIAN_POINT('',(4.587474198218E2,4.433715653417E2,
-3.478817234281E-11));
#4301=CARTESIAN_POINT('',(4.588599693061E2,4.434747325240E2,
-3.478817234281E-11));
#4302=CARTESIAN_POINT('',(4.589818915575E2,4.435778997064E2,
-3.478817234281E-11));
#4303=CARTESIAN_POINT('',(4.590850635073E2,4.436623094359E2,
-3.478817234281E-11));
#4304=CARTESIAN_POINT('',(4.591788483876E2,4.437373416309E2,
-3.478817234281E-11));
#4305=CARTESIAN_POINT('',(4.592538829663E2,4.438123714421E2,
-3.478817234281E-11));
#4306=CARTESIAN_POINT('',(4.593289127776E2,4.438780237188E2,
-3.478817234281E-11));
#4307=CARTESIAN_POINT('',(4.593945650543E2,4.439436759955E2,
-3.478817234281E-11));
#4308=CARTESIAN_POINT('',(4.594602173310E2,4.440093282722E2,
-3.478817234281E-11));
#4309=CARTESIAN_POINT('',(4.595071097711E2,4.440656030144E2,
-3.478817234281E-11));
#4310=CARTESIAN_POINT('',(4.595446294442E2,4.441124978383E2,
-3.478817234281E-11));
#4311=CARTESIAN_POINT('',(4.595821443498E2,4.441593902785E2,
-3.478817234281E-11));
#4312=CARTESIAN_POINT('',(4.596102769535E2,4.442062851024E2,
-3.478817234281E-11));
#4313=CARTESIAN_POINT('',(4.596384143245E2,4.442625598445E2,
-3.478817234281E-11));
#4314=CARTESIAN_POINT('',(4.596571741611E2,4.443094546684E2,
-3.478817234281E-11));
#4315=CARTESIAN_POINT('',(4.596759292302E2,4.443469695740E2,
-3.478817234281E-11));
#4316=CARTESIAN_POINT('',(4.596946890667E2,4.443938643979E2,
-3.478817234281E-11));
#4317=CARTESIAN_POINT('',(4.596946890667E2,4.444407592218E2,
-3.478817234281E-11));
#4318=CARTESIAN_POINT('',(4.597040666013E2,4.444876516620E2,
-3.478817234281E-11));
#4319=CARTESIAN_POINT('',(4.596946890667E2,4.445345464859E2,
-3.478817234281E-11));
#4320=CARTESIAN_POINT('',(4.596946890667E2,4.445720637752E2,
-3.478817234281E-11));
#4321=CARTESIAN_POINT('',(4.596759292302E2,4.446189562154E2,
-3.478817234281E-11));
#4322=CARTESIAN_POINT('',(4.596665516956E2,4.446564735047E2,
-3.478817234281E-11));
#4323=CARTESIAN_POINT('',(4.596477966265E2,4.446939884104E2,
-3.478817234281E-11));
#4324=CARTESIAN_POINT('',(4.596196592554E2,4.447315033160E2,
-3.478817234281E-11));
#4325=CARTESIAN_POINT('',(4.595915218844E2,4.447690182216E2,
-3.478817234281E-11));
#4326=CARTESIAN_POINT('',(4.595633845133E2,4.447971555927E2,
-3.478817234281E-11));
#4327=CARTESIAN_POINT('',(4.595258696077E2,4.448252929638E2,
-3.478817234281E-11));
#4328=CARTESIAN_POINT('',(4.594883547020E2,4.448534303349E2,
-3.478817234281E-11));
#4329=CARTESIAN_POINT('',(4.594508397964E2,4.448721877877E2,
-3.478817234281E-11));
#4330=CARTESIAN_POINT('',(4.594133248908E2,4.448909452405E2,
-3.478817234281E-11));
#4331=CARTESIAN_POINT('',(4.593664276832E2,4.449097026933E2,
-3.478817234281E-11));
#4332=CARTESIAN_POINT('',(4.593195352430E2,4.449190826116E2,
-3.478817234281E-11));
#4333=CARTESIAN_POINT('',(4.592632605008E2,4.449190826116E2,
-3.478817234281E-11));
#4334=CARTESIAN_POINT('',(4.592163680607E2,4.449284601461E2,
-3.478817234281E-11));
#4335=CARTESIAN_POINT('',(4.591600933185E2,4.449190826116E2,
-3.478817234281E-11));
#4336=CARTESIAN_POINT('',(4.591038185764E2,4.449190826116E2,
-3.478817234281E-11));
#4337=CARTESIAN_POINT('',(4.590569261362E2,4.449003227750E2,
-3.478817234281E-11));
#4338=CARTESIAN_POINT('',(4.590100289286E2,4.448909452405E2,
-3.478817234281E-11));
#4339=CARTESIAN_POINT('',(4.589631364884E2,4.448721877877E2,
-3.478817234281E-11));
#4340=CARTESIAN_POINT('',(4.589162392808E2,4.448440504166E2,
-3.478817234281E-11));
#4341=CARTESIAN_POINT('',(4.588787243752E2,4.448159130455E2,
-3.478817234281E-11));
#4342=CARTESIAN_POINT('',(4.588412094695E2,4.447877780582E2,
-3.478817234281E-11));
#4343=CARTESIAN_POINT('',(4.588130720985E2,4.447502607688E2,
-3.478817234281E-11));
#4344=CARTESIAN_POINT('',(4.587849347274E2,4.447127458632E2,
-3.478817234281E-11));
#4345=CARTESIAN_POINT('',(4.587568021237E2,4.446658510393E2,
-3.478817234281E-11));
#4346=CARTESIAN_POINT('',(4.587380422872E2,4.446283361337E2,
-3.478817234281E-11));
#4347=CARTESIAN_POINT('',(4.587286647527E2,4.445720637752E2,
-3.478817234281E-11));
#4348=CARTESIAN_POINT('',(4.587192824507E2,4.445251689513E2,
-3.478817234281E-11));
#4349=CARTESIAN_POINT('',(4.587099049161E2,4.444688942092E2,
-3.478817234281E-11));
#4350=CARTESIAN_POINT('',(4.587099049161E2,4.444126218507E2,
-3.478817234281E-11));
#4351=CARTESIAN_POINT('',(4.584004033691E2,4.444501367564E2,
-3.478817234281E-11));
#4352=CARTESIAN_POINT('',(4.584097809037E2,4.445345464859E2,
-3.478817234281E-11));
#4353=CARTESIAN_POINT('',(4.584191584382E2,4.446095786808E2,
-3.478817234281E-11));
#4354=CARTESIAN_POINT('',(4.584472958093E2,4.446939884104E2,
-3.478817234281E-11));
#4355=CARTESIAN_POINT('',(4.584754331804E2,4.447596406871E2,
-3.478817234281E-11));
#4356=CARTESIAN_POINT('',(4.585035705515E2,4.448252929638E2,
-3.478817234281E-11));
#4357=CARTESIAN_POINT('',(4.585504629916E2,4.448815653222E2,
-3.478817234281E-11));
#4358=CARTESIAN_POINT('',(4.585879778973E2,4.449378400644E2,
-3.478817234281E-11));
#4359=CARTESIAN_POINT('',(4.586442526394E2,4.449941124228E2,
-3.478817234281E-11));
#4360=CARTESIAN_POINT('',(4.587005273816E2,4.450316273284E2,
-3.478817234281E-11));
#4361=CARTESIAN_POINT('',(4.587568021237E2,4.450691446178E2,
-3.478817234281E-11));
#4362=CARTESIAN_POINT('',(4.588224544004E2,4.451066595234E2,
-3.478817234281E-11));
#4363=CARTESIAN_POINT('',(4.588974842117E2,4.451347968945E2,
-3.478817234281E-11));
#4364=CARTESIAN_POINT('',(4.589725140229E2,4.451535543473E2,
-3.478817234281E-11));
#4365=CARTESIAN_POINT('',(4.590475438342E2,4.451629318819E2,
-3.478817234281E-11));
#4366=CARTESIAN_POINT('',(4.591319559474E2,4.451723118001E2,
-3.478817234281E-11));
#4367=CARTESIAN_POINT('',(4.592163680607E2,4.451816917184E2,
-3.478817234281E-11));
#4368=CARTESIAN_POINT('',(4.593101529410E2,4.451723118001E2,
-3.478817234281E-11));
#4369=CARTESIAN_POINT('',(4.593945650543E2,4.451629318819E2,
-3.478817234281E-11));
#4370=CARTESIAN_POINT('',(4.594695948655E2,4.451535543473E2,
-3.478817234281E-11));
#4371=CARTESIAN_POINT('',(4.595446294442E2,4.451254169762E2,
-3.478817234281E-11));
#4372=CARTESIAN_POINT('',(4.596196592554E2,4.450972796051E2,
-3.478817234281E-11));
#4373=CARTESIAN_POINT('',(4.596853115322E2,4.450597646995E2,
-3.478817234281E-11));
#4374=CARTESIAN_POINT('',(4.597415815069E2,4.450222497939E2,
-3.478817234281E-11));
#4375=CARTESIAN_POINT('',(4.597978562490E2,4.449753549700E2,
-3.478817234281E-11));
#4376=CARTESIAN_POINT('',(4.598447534566E2,4.449284601461E2,
-3.478817234281E-11));
#4377=CARTESIAN_POINT('',(4.598916458968E2,4.448721877877E2,
-3.478817234281E-11));
#4378=CARTESIAN_POINT('',(4.599291608024E2,4.448159130455E2,
-3.478817234281E-11));
#4379=CARTESIAN_POINT('',(4.599572981735E2,4.447502607688E2,
-3.478817234281E-11));
#4380=CARTESIAN_POINT('',(4.599760580101E2,4.446846084921E2,
-3.478817234281E-11));
#4381=CARTESIAN_POINT('',(4.599948130792E2,4.446189562154E2,
-3.478817234281E-11));
#4382=CARTESIAN_POINT('',(4.600041906137E2,4.445533039387E2,
-3.478817234281E-11));
#4383=CARTESIAN_POINT('',(4.600135705320E2,4.444782741274E2,
-3.478817234281E-11));
#4384=CARTESIAN_POINT('',(4.600041906137E2,4.444032419325E2,
-3.478817234281E-11));
#4385=CARTESIAN_POINT('',(4.599948130792E2,4.443282121212E2,
-3.478817234281E-11));
#4386=CARTESIAN_POINT('',(4.599760580101E2,4.442531799262E2,
-3.478817234281E-11));
#4387=CARTESIAN_POINT('',(4.599479206390E2,4.441781501150E2,
-3.478817234281E-11));
#4388=CARTESIAN_POINT('',(4.599104057333E2,4.441031179200E2,
-3.478817234281E-11));
#4389=CARTESIAN_POINT('',(4.598635085257E2,4.440280881088E2,
-3.478817234281E-11));
#4390=CARTESIAN_POINT('',(4.598072337836E2,4.439530559138E2,
-3.478817234281E-11));
#4391=CARTESIAN_POINT('',(4.597415815069E2,4.438780237188E2,
-3.478817234281E-11));
#4392=CARTESIAN_POINT('',(4.597040666013E2,4.438311312787E2,
-3.478817234281E-11));
#4393=CARTESIAN_POINT('',(4.596571741611E2,4.437842364548E2,
-3.478817234281E-11));
#4394=CARTESIAN_POINT('',(4.596008994189E2,4.437373416309E2,
-3.478817234281E-11));
#4395=CARTESIAN_POINT('',(4.595446294442E2,4.436810668887E2,
-3.478817234281E-11));
#4396=CARTESIAN_POINT('',(4.594883547020E2,4.436247945303E2,
-3.478817234281E-11));
#4397=CARTESIAN_POINT('',(4.594133248908E2,4.435591422536E2,
-3.478817234281E-11));
#4398=CARTESIAN_POINT('',(4.593382903121E2,4.435028698951E2,
-3.478817234281E-11));
#4399=CARTESIAN_POINT('',(4.592632605008E2,4.434278377002E2,
-3.478817234281E-11));
#4400=CARTESIAN_POINT('',(4.591976082241E2,4.433715653417E2,
-3.478817234281E-11));
#4401=CARTESIAN_POINT('',(4.591319559474E2,4.433246705178E2,
-3.478817234281E-11));
#4402=CARTESIAN_POINT('',(4.590756812053E2,4.432777756939E2,
-3.478817234281E-11));
#4403=CARTESIAN_POINT('',(4.590287887651E2,4.432308808700E2,
-3.478817234281E-11));
#4404=CARTESIAN_POINT('',(4.589912738595E2,4.431933659644E2,
-3.478817234281E-11));
#4405=CARTESIAN_POINT('',(4.589537589538E2,4.431652285933E2,
-3.478817234281E-11));
#4406=CARTESIAN_POINT('',(4.589256215828E2,4.431370912223E2,
-3.478817234281E-11));
#4407=CARTESIAN_POINT('',(4.588974842117E2,4.431089562349E2,
-3.478817234281E-11));
#4408=CARTESIAN_POINT('',(4.588224544004E2,4.430245465054E2,
-3.478817234281E-11));
#4409=CARTESIAN_POINT('',(4.587661796583E2,4.429495143104E2,
-3.478817234281E-11));
#4410=CARTESIAN_POINT('',(4.600135705320E2,4.429495143104E2,
-3.478817234281E-11));
#4412=CARTESIAN_POINT('',(4.605106537582E2,4.426493902980E2,
-3.478817234281E-11));
#4413=CARTESIAN_POINT('',(4.605106537582E2,4.429964091343E2,
-3.478817234281E-11));
#4414=CARTESIAN_POINT('',(4.608576725946E2,4.429964091343E2,
-3.478817234281E-11));
#4415=CARTESIAN_POINT('',(4.608576725946E2,4.426493902980E2,
-3.478817234281E-11));
#4416=CARTESIAN_POINT('',(4.605106537582E2,4.426493902980E2,
-3.478817234281E-11));
#4418=CARTESIAN_POINT('',(4.613266160661E2,4.433152905996E2,
-3.478817234281E-11));
#4419=CARTESIAN_POINT('',(4.616548774496E2,4.433434279706E2,
-3.478817234281E-11));
#4420=CARTESIAN_POINT('',(4.616642573679E2,4.432777756939E2,
-3.478817234281E-11));
#4421=CARTESIAN_POINT('',(4.616736349024E2,4.432308808700E2,
-3.478817234281E-11));
#4422=CARTESIAN_POINT('',(4.616923923552E2,4.431746085116E2,
-3.478817234281E-11));
#4423=CARTESIAN_POINT('',(4.617111498080E2,4.431277136877E2,
-3.478817234281E-11));
#4424=CARTESIAN_POINT('',(4.617299096446E2,4.430901987821E2,
-3.478817234281E-11));
#4425=CARTESIAN_POINT('',(4.617580446319E2,4.430526814927E2,
-3.478817234281E-11));
#4426=CARTESIAN_POINT('',(4.617861820030E2,4.430151665871E2,
-3.478817234281E-11));
#4427=CARTESIAN_POINT('',(4.618143193741E2,4.429776516815E2,
-3.478817234281E-11));
#4428=CARTESIAN_POINT('',(4.618518342797E2,4.429495143104E2,
-3.478817234281E-11));
#4429=CARTESIAN_POINT('',(4.618799716508E2,4.429307568576E2,
-3.478817234281E-11));
#4430=CARTESIAN_POINT('',(4.619174865564E2,4.429119994048E2,
-3.478817234281E-11));
#4431=CARTESIAN_POINT('',(4.619550014620E2,4.428932419520E2,
-3.478817234281E-11));
#4432=CARTESIAN_POINT('',(4.620018962859E2,4.428744844992E2,
-3.478817234281E-11));
#4433=CARTESIAN_POINT('',(4.620394111916E2,4.428651045809E2,
-3.478817234281E-11));
#4434=CARTESIAN_POINT('',(4.620863060155E2,4.428651045809E2,
-3.478817234281E-11));
#4435=CARTESIAN_POINT('',(4.621332008393E2,4.428651045809E2,
-3.478817234281E-11));
#4436=CARTESIAN_POINT('',(4.621894731978E2,4.428651045809E2,
-3.478817234281E-11));
#4437=CARTESIAN_POINT('',(4.622457479399E2,4.428744844992E2,
-3.478817234281E-11));
#4438=CARTESIAN_POINT('',(4.622926427638E2,4.428838620337E2,
-3.478817234281E-11));
#4439=CARTESIAN_POINT('',(4.623395375877E2,4.429026194865E2,
-3.478817234281E-11));
#4440=CARTESIAN_POINT('',(4.623864300279E2,4.429307568576E2,
-3.478817234281E-11));
#4441=CARTESIAN_POINT('',(4.624333248518E2,4.429588942287E2,
-3.478817234281E-11));
#4442=CARTESIAN_POINT('',(4.624708421411E2,4.429870292160E2,
-3.478817234281E-11));
#4443=CARTESIAN_POINT('',(4.625083570468E2,4.430339240399E2,
-3.478817234281E-11));
#4444=CARTESIAN_POINT('',(4.625458719524E2,4.430714389456E2,
-3.478817234281E-11));
#4445=CARTESIAN_POINT('',(4.625740093235E2,4.431183337694E2,
-3.478817234281E-11));
#4446=CARTESIAN_POINT('',(4.626021466945E2,4.431746085116E2,
-3.478817234281E-11));
#4447=CARTESIAN_POINT('',(4.626302816819E2,4.432308808700E2,
-3.478817234281E-11));
#4448=CARTESIAN_POINT('',(4.626396616002E2,4.432871556122E2,
-3.478817234281E-11));
#4449=CARTESIAN_POINT('',(4.626584190530E2,4.433434279706E2,
-3.478817234281E-11));
#4450=CARTESIAN_POINT('',(4.626584190530E2,4.434090802473E2,
-3.478817234281E-11));
#4451=CARTESIAN_POINT('',(4.626677989713E2,4.434747325240E2,
-3.478817234281E-11));
#4452=CARTESIAN_POINT('',(4.626584190530E2,4.435403848008E2,
-3.478817234281E-11));
#4453=CARTESIAN_POINT('',(4.626584190530E2,4.436060370775E2,
-3.478817234281E-11));
#4454=CARTESIAN_POINT('',(4.626396616002E2,4.436623094359E2,
-3.478817234281E-11));
#4455=CARTESIAN_POINT('',(4.626302816819E2,4.437185841781E2,
-3.478817234281E-11));
#4456=CARTESIAN_POINT('',(4.626021466945E2,4.437654790019E2,
-3.478817234281E-11));
#4457=CARTESIAN_POINT('',(4.625833868580E2,4.438123714421E2,
-3.478817234281E-11));
#4458=CARTESIAN_POINT('',(4.625552518707E2,4.438592662660E2,
-3.478817234281E-11));
#4459=CARTESIAN_POINT('',(4.625177345813E2,4.438967835554E2,
-3.478817234281E-11));
#4460=CARTESIAN_POINT('',(4.624802196757E2,4.439342984610E2,
-3.478817234281E-11));
#4461=CARTESIAN_POINT('',(4.624427047701E2,4.439624358321E2,
-3.478817234281E-11));
#4462=CARTESIAN_POINT('',(4.623958099462E2,4.439905708194E2,
-3.478817234281E-11));
#4463=CARTESIAN_POINT('',(4.623489151223E2,4.440093282722E2,
-3.478817234281E-11));
#4464=CARTESIAN_POINT('',(4.623020202984E2,4.440280881088E2,
-3.478817234281E-11));
#4465=CARTESIAN_POINT('',(4.622457479399E2,4.440374656433E2,
-3.478817234281E-11));
#4466=CARTESIAN_POINT('',(4.621894731978E2,4.440468455616E2,
-3.478817234281E-11));
#4467=CARTESIAN_POINT('',(4.621238233048E2,4.440562230961E2,
-3.478817234281E-11));
#4468=CARTESIAN_POINT('',(4.620487911098E2,4.440468455616E2,
-3.478817234281E-11));
#4469=CARTESIAN_POINT('',(4.619831388331E2,4.440374656433E2,
-3.478817234281E-11));
#4470=CARTESIAN_POINT('',(4.619174865564E2,4.440093282722E2,
-3.478817234281E-11));
#4471=CARTESIAN_POINT('',(4.618518342797E2,4.439811932849E2,
-3.478817234281E-11));
#4472=CARTESIAN_POINT('',(4.617955619213E2,4.439436759955E2,
-3.478817234281E-11));
#4473=CARTESIAN_POINT('',(4.617486670974E2,4.439061610899E2,
-3.478817234281E-11));
#4474=CARTESIAN_POINT('',(4.617017722735E2,4.438592662660E2,
-3.478817234281E-11));
#4475=CARTESIAN_POINT('',(4.616736349024E2,4.438123714421E2,
-3.478817234281E-11));
#4476=CARTESIAN_POINT('',(4.613828908082E2,4.438498887315E2,
-3.478817234281E-11));
#4477=CARTESIAN_POINT('',(4.616267400785E2,4.451441744290E2,
-3.478817234281E-11));
#4478=CARTESIAN_POINT('',(4.628741333359E2,4.451441744290E2,
-3.478817234281E-11));
#4479=CARTESIAN_POINT('',(4.628741333359E2,4.448534303349E2,
-3.478817234281E-11));
#4480=CARTESIAN_POINT('',(4.618612141980E2,4.448534303349E2,
-3.478817234281E-11));
#4481=CARTESIAN_POINT('',(4.617299096446E2,4.441687701967E2,
-3.478817234281E-11));
#4482=CARTESIAN_POINT('',(4.617861820030E2,4.442062851024E2,
-3.478817234281E-11));
#4483=CARTESIAN_POINT('',(4.618518342797E2,4.442344224734E2,
-3.478817234281E-11));
#4484=CARTESIAN_POINT('',(4.619081066382E2,4.442625598445E2,
-3.478817234281E-11));
#4485=CARTESIAN_POINT('',(4.619643813803E2,4.442813172973E2,
-3.478817234281E-11));
#4486=CARTESIAN_POINT('',(4.620206537387E2,4.443000747501E2,
-3.478817234281E-11));
#4487=CARTESIAN_POINT('',(4.620863060155E2,4.443094546684E2,
-3.478817234281E-11));
#4488=CARTESIAN_POINT('',(4.621425807576E2,4.443188322029E2,
-3.478817234281E-11));
#4489=CARTESIAN_POINT('',(4.622082330343E2,4.443282121212E2,
-3.478817234281E-11));
#4490=CARTESIAN_POINT('',(4.622926427638E2,4.443188322029E2,
-3.478817234281E-11));
#4491=CARTESIAN_POINT('',(4.623676725751E2,4.443094546684E2,
-3.478817234281E-11));
#4492=CARTESIAN_POINT('',(4.624427047701E2,4.442906948319E2,
-3.478817234281E-11));
#4493=CARTESIAN_POINT('',(4.625083570468E2,4.442625598445E2,
-3.478817234281E-11));
#4494=CARTESIAN_POINT('',(4.625833868580E2,4.442344224734E2,
-3.478817234281E-11));
#4495=CARTESIAN_POINT('',(4.626490391347E2,4.441969075678E2,
-3.478817234281E-11));
#4496=CARTESIAN_POINT('',(4.627053138769E2,4.441500127439E2,
-3.478817234281E-11));
#4497=CARTESIAN_POINT('',(4.627615862353E2,4.440937380018E2,
-3.478817234281E-11));
#4498=CARTESIAN_POINT('',(4.628178609775E2,4.440374656433E2,
-3.478817234281E-11));
#4499=CARTESIAN_POINT('',(4.628647534177E2,4.439718133666E2,
-3.478817234281E-11));
#4500=CARTESIAN_POINT('',(4.629022707070E2,4.439061610899E2,
-3.478817234281E-11));
#4501=CARTESIAN_POINT('',(4.629304056944E2,4.438311312787E2,
-3.478817234281E-11));
#4502=CARTESIAN_POINT('',(4.629585430654E2,4.437560990837E2,
-3.478817234281E-11));
#4503=CARTESIAN_POINT('',(4.629773005182E2,4.436810668887E2,
-3.478817234281E-11));
#4504=CARTESIAN_POINT('',(4.629866804365E2,4.435966571592E2,
-3.478817234281E-11));
#4505=CARTESIAN_POINT('',(4.629960579711E2,4.435028698951E2,
-3.478817234281E-11));
#4506=CARTESIAN_POINT('',(4.629866804365E2,4.434184601656E2,
-3.478817234281E-11));
#4507=CARTESIAN_POINT('',(4.629773005182E2,4.433434279706E2,
-3.478817234281E-11));
#4508=CARTESIAN_POINT('',(4.629679229837E2,4.432590182411E2,
-3.478817234281E-11));
#4509=CARTESIAN_POINT('',(4.629397856126E2,4.431839860461E2,
-3.478817234281E-11));
#4510=CARTESIAN_POINT('',(4.629116482415E2,4.431183337694E2,
-3.478817234281E-11));
#4511=CARTESIAN_POINT('',(4.628835132542E2,4.430433039582E2,
-3.478817234281E-11));
#4512=CARTESIAN_POINT('',(4.628366184303E2,4.429776516815E2,
-3.478817234281E-11));
#4513=CARTESIAN_POINT('',(4.627897236064E2,4.429119994048E2,
-3.478817234281E-11));
#4514=CARTESIAN_POINT('',(4.627334512480E2,4.428463471281E2,
-3.478817234281E-11));
#4515=CARTESIAN_POINT('',(4.626584190530E2,4.427806948514E2,
-3.478817234281E-11));
#4516=CARTESIAN_POINT('',(4.625833868580E2,4.427244201092E2,
-3.478817234281E-11));
#4517=CARTESIAN_POINT('',(4.625083570468E2,4.426869052036E2,
-3.478817234281E-11));
#4518=CARTESIAN_POINT('',(4.624239473172E2,4.426493902980E2,
-3.478817234281E-11));
#4519=CARTESIAN_POINT('',(4.623301576695E2,4.426400103797E2,
-3.478817234281E-11));
#4520=CARTESIAN_POINT('',(4.622363680217E2,4.426212529269E2,
-3.478817234281E-11));
#4521=CARTESIAN_POINT('',(4.621332008393E2,4.426118753923E2,
-3.478817234281E-11));
#4522=CARTESIAN_POINT('',(4.620487911098E2,4.426212529269E2,
-3.478817234281E-11));
#4523=CARTESIAN_POINT('',(4.619643813803E2,4.426306328451E2,
-3.478817234281E-11));
#4524=CARTESIAN_POINT('',(4.618893491853E2,4.426400103797E2,
-3.478817234281E-11));
#4525=CARTESIAN_POINT('',(4.618236969086E2,4.426587678325E2,
-3.478817234281E-11));
#4526=CARTESIAN_POINT('',(4.617486670974E2,4.426869052036E2,
-3.478817234281E-11));
#4527=CARTESIAN_POINT('',(4.616830148207E2,4.427150425747E2,
-3.478817234281E-11));
#4528=CARTESIAN_POINT('',(4.616267400785E2,4.427525574803E2,
-3.478817234281E-11));
#4529=CARTESIAN_POINT('',(4.615704677201E2,4.427994523042E2,
-3.478817234281E-11));
#4530=CARTESIAN_POINT('',(4.615141953616E2,4.428463471281E2,
-3.478817234281E-11));
#4531=CARTESIAN_POINT('',(4.614766780723E2,4.429026194865E2,
-3.478817234281E-11));
#4532=CARTESIAN_POINT('',(4.614297832484E2,4.429588942287E2,
-3.478817234281E-11));
#4533=CARTESIAN_POINT('',(4.614016482610E2,4.430245465054E2,
-3.478817234281E-11));
#4534=CARTESIAN_POINT('',(4.613735108900E2,4.430901987821E2,
-3.478817234281E-11));
#4535=CARTESIAN_POINT('',(4.613453735189E2,4.431558510588E2,
-3.478817234281E-11));
#4536=CARTESIAN_POINT('',(4.613359959843E2,4.432308808700E2,
-3.478817234281E-11));
#4537=CARTESIAN_POINT('',(4.613266160661E2,4.433152905996E2,
-3.478817234281E-11));
#4539=CARTESIAN_POINT('',(4.643935132347E2,4.426493902980E2,
-3.478817234281E-11));
#4540=CARTESIAN_POINT('',(4.643935132347E2,4.451723118001E2,
-3.478817234281E-11));
#4541=CARTESIAN_POINT('',(4.652563727501E2,4.451723118001E2,
-3.478817234281E-11));
#4542=CARTESIAN_POINT('',(4.653220250268E2,4.451629318819E2,
-3.478817234281E-11));
#4543=CARTESIAN_POINT('',(4.653876773035E2,4.451629318819E2,
-3.478817234281E-11));
#4544=CARTESIAN_POINT('',(4.654533295802E2,4.451629318819E2,
-3.478817234281E-11));
#4545=CARTESIAN_POINT('',(4.655096019387E2,4.451629318819E2,
-3.478817234281E-11));
#4546=CARTESIAN_POINT('',(4.655658742971E2,4.451535543473E2,
-3.478817234281E-11));
#4547=CARTESIAN_POINT('',(4.656127691210E2,4.451441744290E2,
-3.478817234281E-11));
#4548=CARTESIAN_POINT('',(4.656596639449E2,4.451441744290E2,
-3.478817234281E-11));
#4549=CARTESIAN_POINT('',(4.656971788505E2,4.451347968945E2,
-3.478817234281E-11));
#4550=CARTESIAN_POINT('',(4.658003484166E2,4.450972796051E2,
-3.478817234281E-11));
#4551=CARTESIAN_POINT('',(4.658941356806E2,4.450597646995E2,
-3.478817234281E-11));
#4552=CARTESIAN_POINT('',(4.659879253284E2,4.450128698756E2,
-3.478817234281E-11));
#4553=CARTESIAN_POINT('',(4.660629575234E2,4.449472175989E2,
-3.478817234281E-11));
#4554=CARTESIAN_POINT('',(4.661567447875E2,4.448628078694E2,
-3.478817234281E-11));
#4555=CARTESIAN_POINT('',(4.662411545170E2,4.447596406871E2,
-3.478817234281E-11));
#4556=CARTESIAN_POINT('',(4.663068067937E2,4.446470935865E2,
-3.478817234281E-11));
#4557=CARTESIAN_POINT('',(4.663630815358E2,4.445157890331E2,
-3.478817234281E-11));
#4558=CARTESIAN_POINT('',(4.664099763597E2,4.443844844797E2,
-3.478817234281E-11));
#4559=CARTESIAN_POINT('',(4.664381113471E2,4.442344224734E2,
-3.478817234281E-11));
#4560=CARTESIAN_POINT('',(4.664568687999E2,4.440843604672E2,
-3.478817234281E-11));
#4561=CARTESIAN_POINT('',(4.664662487182E2,4.439155410082E2,
-3.478817234281E-11));
#4562=CARTESIAN_POINT('',(4.664568687999E2,4.437842364548E2,
-3.478817234281E-11));
#4563=CARTESIAN_POINT('',(4.664474912654E2,4.436529319013E2,
-3.478817234281E-11));
#4564=CARTESIAN_POINT('',(4.664287338125E2,4.435216273479E2,
-3.478817234281E-11));
#4565=CARTESIAN_POINT('',(4.663912165232E2,4.434090802473E2,
-3.478817234281E-11));
#4566=CARTESIAN_POINT('',(4.663630815358E2,4.433059130650E2,
-3.478817234281E-11));
#4567=CARTESIAN_POINT('',(4.663161867119E2,4.432121234172E2,
-3.478817234281E-11));
#4568=CARTESIAN_POINT('',(4.662692918881E2,4.431183337694E2,
-3.478817234281E-11));
#4569=CARTESIAN_POINT('',(4.662223970642E2,4.430433039582E2,
-3.478817234281E-11));
#4570=CARTESIAN_POINT('',(4.661661247057E2,4.429776516815E2,
-3.478817234281E-11));
#4571=CARTESIAN_POINT('',(4.661192298818E2,4.429119994048E2,
-3.478817234281E-11));
#4572=CARTESIAN_POINT('',(4.660535776051E2,4.428557246626E2,
-3.478817234281E-11));
#4573=CARTESIAN_POINT('',(4.659973052467E2,4.428182097570E2,
-3.478817234281E-11));
#4574=CARTESIAN_POINT('',(4.659316529700E2,4.427713149331E2,
-3.478817234281E-11));
#4575=CARTESIAN_POINT('',(4.658566207750E2,4.427431799457E2,
-3.478817234281E-11));
#4576=CARTESIAN_POINT('',(4.657815885800E2,4.427150425747E2,
-3.478817234281E-11));
#4577=CARTESIAN_POINT('',(4.656971788505E2,4.426869052036E2,
-3.478817234281E-11));
#4578=CARTESIAN_POINT('',(4.656033915865E2,4.426681477508E2,
-3.478817234281E-11));
#4579=CARTESIAN_POINT('',(4.655096019387E2,4.426587678325E2,
-3.478817234281E-11));
#4580=CARTESIAN_POINT('',(4.654064347563E2,4.426493902980E2,
-3.478817234281E-11));
#4581=CARTESIAN_POINT('',(4.652938876557E2,4.426493902980E2,
-3.478817234281E-11));
#4582=CARTESIAN_POINT('',(4.643935132347E2,4.426493902980E2,
-3.478817234281E-11));
#4584=CARTESIAN_POINT('',(4.647311545365E2,4.429495143104E2,
-3.478817234281E-11));
#4585=CARTESIAN_POINT('',(4.652563727501E2,4.429495143104E2,
-3.478817234281E-11));
#4586=CARTESIAN_POINT('',(4.653782973853E2,4.429495143104E2,
-3.478817234281E-11));
#4587=CARTESIAN_POINT('',(4.654814645676E2,4.429588942287E2,
-3.478817234281E-11));
#4588=CARTESIAN_POINT('',(4.655658742971E2,4.429682717632E2,
-3.478817234281E-11));
#4589=CARTESIAN_POINT('',(4.656409064921E2,4.429870292160E2,
-3.478817234281E-11));
#4590=CARTESIAN_POINT('',(4.657065587688E2,4.430151665871E2,
-3.478817234281E-11));
#4591=CARTESIAN_POINT('',(4.657722110455E2,4.430433039582E2,
-3.478817234281E-11));
#4592=CARTESIAN_POINT('',(4.658191058694E2,4.430808188638E2,
-3.478817234281E-11));
#4593=CARTESIAN_POINT('',(4.658660006933E2,4.431183337694E2,
-3.478817234281E-11));
#4594=CARTESIAN_POINT('',(4.659222730517E2,4.431839860461E2,
-3.478817234281E-11));
#4595=CARTESIAN_POINT('',(4.659691678756E2,4.432590182411E2,
-3.478817234281E-11));
#4596=CARTESIAN_POINT('',(4.660160626995E2,4.433434279706E2,
-3.478817234281E-11));
#4597=CARTESIAN_POINT('',(4.660535776051E2,4.434372176184E2,
-3.478817234281E-11));
#4598=CARTESIAN_POINT('',(4.660817149762E2,4.435497623353E2,
-3.478817234281E-11));
#4599=CARTESIAN_POINT('',(4.661004724290E2,4.436623094359E2,
-3.478817234281E-11));
#4600=CARTESIAN_POINT('',(4.661098499636E2,4.437842364548E2,
-3.478817234281E-11));
#4601=CARTESIAN_POINT('',(4.661192298818E2,4.439249185427E2,
-3.478817234281E-11));
#4602=CARTESIAN_POINT('',(4.661098499636E2,4.440187081905E2,
-3.478817234281E-11));
#4603=CARTESIAN_POINT('',(4.661098499636E2,4.441124978383E2,
-3.478817234281E-11));
#4604=CARTESIAN_POINT('',(4.661004724290E2,4.441969075678E2,
-3.478817234281E-11));
#4605=CARTESIAN_POINT('',(4.660817149762E2,4.442719373791E2,
-3.478817234281E-11));
#4606=CARTESIAN_POINT('',(4.660629575234E2,4.443469695740E2,
-3.478817234281E-11));
#4607=CARTESIAN_POINT('',(4.660441976869E2,4.444126218507E2,
-3.478817234281E-11));
#4608=CARTESIAN_POINT('',(4.660160626995E2,4.444782741274E2,
-3.478817234281E-11));
#4609=CARTESIAN_POINT('',(4.659879253284E2,4.445345464859E2,
-3.478817234281E-11));
#4610=CARTESIAN_POINT('',(4.659504104228E2,4.445814413098E2,
-3.478817234281E-11));
#4611=CARTESIAN_POINT('',(4.659222730517E2,4.446283361337E2,
-3.478817234281E-11));
#4612=CARTESIAN_POINT('',(4.658847581461E2,4.446752309576E2,
-3.478817234281E-11));
#4613=CARTESIAN_POINT('',(4.658472408567E2,4.447127458632E2,
-3.478817234281E-11));
#4614=CARTESIAN_POINT('',(4.658097259511E2,4.447408832343E2,
-3.478817234281E-11));
#4615=CARTESIAN_POINT('',(4.657628311272E2,4.447690182216E2,
-3.478817234281E-11));
#4616=CARTESIAN_POINT('',(4.657159363033E2,4.447971555927E2,
-3.478817234281E-11));
#4617=CARTESIAN_POINT('',(4.656784213977E2,4.448159130455E2,
-3.478817234281E-11));
#4618=CARTESIAN_POINT('',(4.656409064921E2,4.448252929638E2,
-3.478817234281E-11));
#4619=CARTESIAN_POINT('',(4.656033915865E2,4.448346704983E2,
-3.478817234281E-11));
#4620=CARTESIAN_POINT('',(4.655564967626E2,4.448440504166E2,
-3.478817234281E-11));
#4621=CARTESIAN_POINT('',(4.655002220204E2,4.448534303349E2,
-3.478817234281E-11));
#4622=CARTESIAN_POINT('',(4.654439496620E2,4.448628078694E2,
-3.478817234281E-11));
#4623=CARTESIAN_POINT('',(4.653876773035E2,4.448628078694E2,
-3.478817234281E-11));
#4624=CARTESIAN_POINT('',(4.653220250268E2,4.448628078694E2,
-3.478817234281E-11));
#4625=CARTESIAN_POINT('',(4.652469928319E2,4.448721877877E2,
-3.478817234281E-11));
#4626=CARTESIAN_POINT('',(4.647311545365E2,4.448721877877E2,
-3.478817234281E-11));
#4627=CARTESIAN_POINT('',(4.647311545365E2,4.429495143104E2,
-3.478817234281E-11));
#4629=CARTESIAN_POINT('',(4.669351921897E2,4.426493902980E2,
-3.478817234281E-11));
#4630=CARTESIAN_POINT('',(4.669351921897E2,4.451723118001E2,
-3.478817234281E-11));
#4631=CARTESIAN_POINT('',(4.680512808936E2,4.451723118001E2,
-3.478817234281E-11));
#4632=CARTESIAN_POINT('',(4.681263130886E2,4.451629318819E2,
-3.478817234281E-11));
#4633=CARTESIAN_POINT('',(4.682013428999E2,4.451629318819E2,
-3.478817234281E-11));
#4634=CARTESIAN_POINT('',(4.682763750948E2,4.451535543473E2,
-3.478817234281E-11));
#4635=CARTESIAN_POINT('',(4.683420273715E2,4.451535543473E2,
-3.478817234281E-11));
#4636=CARTESIAN_POINT('',(4.683982997300E2,4.451441744290E2,
-3.478817234281E-11));
#4637=CARTESIAN_POINT('',(4.684545744721E2,4.451254169762E2,
-3.478817234281E-11));
#4638=CARTESIAN_POINT('',(4.685108468306E2,4.451160394417E2,
-3.478817234281E-11));
#4639=CARTESIAN_POINT('',(4.685577416545E2,4.450972796051E2,
-3.478817234281E-11));
#4640=CARTESIAN_POINT('',(4.686421513840E2,4.450597646995E2,
-3.478817234281E-11));
#4641=CARTESIAN_POINT('',(4.687078036607E2,4.450034923411E2,
-3.478817234281E-11));
#4642=CARTESIAN_POINT('',(4.687734559374E2,4.449378400644E2,
-3.478817234281E-11));
#4643=CARTESIAN_POINT('',(4.688297282958E2,4.448628078694E2,
-3.478817234281E-11));
#4644=CARTESIAN_POINT('',(4.688766231197E2,4.447690182216E2,
-3.478817234281E-11));
#4645=CARTESIAN_POINT('',(4.689141404091E2,4.446752309576E2,
-3.478817234281E-11));
#4646=CARTESIAN_POINT('',(4.689328978619E2,4.445814413098E2,
-3.478817234281E-11));
#4647=CARTESIAN_POINT('',(4.689422753964E2,4.444782741274E2,
-3.478817234281E-11));
#4648=CARTESIAN_POINT('',(4.689328978619E2,4.444126218507E2,
-3.478817234281E-11));
#4649=CARTESIAN_POINT('',(4.689235179436E2,4.443469695740E2,
-3.478817234281E-11));
#4650=CARTESIAN_POINT('',(4.689141404091E2,4.442906948319E2,
-3.478817234281E-11));
#4651=CARTESIAN_POINT('',(4.688953805726E2,4.442250425552E2,
-3.478817234281E-11));
#4652=CARTESIAN_POINT('',(4.688672455852E2,4.441781501150E2,
-3.478817234281E-11));
#4653=CARTESIAN_POINT('',(4.688391082141E2,4.441218753728E2,
-3.478817234281E-11));
#4654=CARTESIAN_POINT('',(4.688015933085E2,4.440749805489E2,
-3.478817234281E-11));
#4655=CARTESIAN_POINT('',(4.687640760191E2,4.440280881088E2,
-3.478817234281E-11));
#4656=CARTESIAN_POINT('',(4.687171835790E2,4.439811932849E2,
-3.478817234281E-11));
#4657=CARTESIAN_POINT('',(4.686702887551E2,4.439436759955E2,
-3.478817234281E-11));
#4658=CARTESIAN_POINT('',(4.686140140129E2,4.439061610899E2,
-3.478817234281E-11));
#4659=CARTESIAN_POINT('',(4.685483617362E2,4.438686461843E2,
-3.478817234281E-11));
#4660=CARTESIAN_POINT('',(4.684733319250E2,4.438498887315E2,
-3.478817234281E-11));
#4661=CARTESIAN_POINT('',(4.683982997300E2,4.438217513604E2,
-3.478817234281E-11));
#4662=CARTESIAN_POINT('',(4.683232699187E2,4.438029939076E2,
-3.478817234281E-11));
#4663=CARTESIAN_POINT('',(4.682294802710E2,4.437936139893E2,
-3.478817234281E-11));
#4664=CARTESIAN_POINT('',(4.682951325477E2,4.437560990837E2,
-3.478817234281E-11));
#4665=CARTESIAN_POINT('',(4.683514049061E2,4.437279617126E2,
-3.478817234281E-11));
#4666=CARTESIAN_POINT('',(4.683982997300E2,4.436904468070E2,
-3.478817234281E-11));
#4667=CARTESIAN_POINT('',(4.684358170193E2,4.436623094359E2,
-3.478817234281E-11));
#4668=CARTESIAN_POINT('',(4.685014692960E2,4.435966571592E2,
-3.478817234281E-11));
#4669=CARTESIAN_POINT('',(4.685764991073E2,4.435122474297E2,
-3.478817234281E-11));
#4670=CARTESIAN_POINT('',(4.686421513840E2,4.434278377002E2,
-3.478817234281E-11));
#4671=CARTESIAN_POINT('',(4.687078036607E2,4.433246705178E2,
-3.478817234281E-11));
#4672=CARTESIAN_POINT('',(4.691392322266E2,4.426493902980E2,
-3.478817234281E-11));
#4673=CARTESIAN_POINT('',(4.687265611135E2,4.426493902980E2,
-3.478817234281E-11));
#4674=CARTESIAN_POINT('',(4.683982997300E2,4.431652285933E2,
-3.478817234281E-11));
#4675=CARTESIAN_POINT('',(4.683232699187E2,4.432777756939E2,
-3.478817234281E-11));
#4676=CARTESIAN_POINT('',(4.682669951766E2,4.433715653417E2,
-3.478817234281E-11));
#4677=CARTESIAN_POINT('',(4.682107228181E2,4.434465951530E2,
-3.478817234281E-11));
#4678=CARTESIAN_POINT('',(4.681544480760E2,4.435122474297E2,
-3.478817234281E-11));
#4679=CARTESIAN_POINT('',(4.681075556358E2,4.435685221718E2,
-3.478817234281E-11));
#4680=CARTESIAN_POINT('',(4.680700383465E2,4.436154146120E2,
-3.478817234281E-11));
#4681=CARTESIAN_POINT('',(4.680231435226E2,4.436529319013E2,
-3.478817234281E-11));
#4682=CARTESIAN_POINT('',(4.679856286169E2,4.436810668887E2,
-3.478817234281E-11));
#4683=CARTESIAN_POINT('',(4.679105988057E2,4.437185841781E2,
-3.478817234281E-11));
#4684=CARTESIAN_POINT('',(4.678355666107E2,4.437467191654E2,
-3.478817234281E-11));
#4685=CARTESIAN_POINT('',(4.678074292396E2,4.437560990837E2,
-3.478817234281E-11));
#4686=CARTESIAN_POINT('',(4.677605367995E2,4.437560990837E2,
-3.478817234281E-11));
#4687=CARTESIAN_POINT('',(4.677136419756E2,4.437560990837E2,
-3.478817234281E-11));
#4688=CARTESIAN_POINT('',(4.676479896989E2,4.437654790019E2,
-3.478817234281E-11));
#4689=CARTESIAN_POINT('',(4.672728334915E2,4.437654790019E2,
-3.478817234281E-11));
#4690=CARTESIAN_POINT('',(4.672728334915E2,4.426493902980E2,
-3.478817234281E-11));
#4691=CARTESIAN_POINT('',(4.669351921897E2,4.426493902980E2,
-3.478817234281E-11));
#4693=CARTESIAN_POINT('',(4.672728334915E2,4.440656030144E2,
-3.478817234281E-11));
#4694=CARTESIAN_POINT('',(4.679762510824E2,4.440656030144E2,
-3.478817234281E-11));
#4695=CARTESIAN_POINT('',(4.680887957993E2,4.440656030144E2,
-3.478817234281E-11));
#4696=CARTESIAN_POINT('',(4.681825854471E2,4.440749805489E2,
-3.478817234281E-11));
#4697=CARTESIAN_POINT('',(4.682669951766E2,4.440843604672E2,
-3.478817234281E-11));
#4698=CARTESIAN_POINT('',(4.683326474533E2,4.441031179200E2,
-3.478817234281E-11));
#4699=CARTESIAN_POINT('',(4.683889221954E2,4.441312552911E2,
-3.478817234281E-11));
#4700=CARTESIAN_POINT('',(4.684451945539E2,4.441687701967E2,
-3.478817234281E-11));
#4701=CARTESIAN_POINT('',(4.684920893778E2,4.442062851024E2,
-3.478817234281E-11));
#4702=CARTESIAN_POINT('',(4.685296042834E2,4.442531799262E2,
-3.478817234281E-11));
#4703=CARTESIAN_POINT('',(4.685577416545E2,4.443094546684E2,
-3.478817234281E-11));
#4704=CARTESIAN_POINT('',(4.685764991073E2,4.443657270268E2,
-3.478817234281E-11));
#4705=CARTESIAN_POINT('',(4.685858790256E2,4.444219993853E2,
-3.478817234281E-11));
#4706=CARTESIAN_POINT('',(4.685952565601E2,4.444782741274E2,
-3.478817234281E-11));
#4707=CARTESIAN_POINT('',(4.685858790256E2,4.445251689513E2,
-3.478817234281E-11));
#4708=CARTESIAN_POINT('',(4.685858790256E2,4.445626838570E2,
-3.478817234281E-11));
#4709=CARTESIAN_POINT('',(4.685764991073E2,4.446095786808E2,
-3.478817234281E-11));
#4710=CARTESIAN_POINT('',(4.685577416545E2,4.446470935865E2,
-3.478817234281E-11));
#4711=CARTESIAN_POINT('',(4.685389842017E2,4.446752309576E2,
-3.478817234281E-11));
#4712=CARTESIAN_POINT('',(4.685202267488E2,4.447127458632E2,
-3.478817234281E-11));
#4713=CARTESIAN_POINT('',(4.684920893778E2,4.447408832343E2,
-3.478817234281E-11));
#4714=CARTESIAN_POINT('',(4.684639520067E2,4.447690182216E2,
-3.478817234281E-11));
#4715=CARTESIAN_POINT('',(4.684264371011E2,4.447971555927E2,
-3.478817234281E-11));
#4716=CARTESIAN_POINT('',(4.683889221954E2,4.448252929638E2,
-3.478817234281E-11));
#4717=CARTESIAN_POINT('',(4.683514049061E2,4.448440504166E2,
-3.478817234281E-11));
#4718=CARTESIAN_POINT('',(4.682951325477E2,4.448534303349E2,
-3.478817234281E-11));
#4719=CARTESIAN_POINT('',(4.682482377238E2,4.448721877877E2,
-3.478817234281E-11));
#4720=CARTESIAN_POINT('',(4.681919653653E2,4.448815653222E2,
-3.478817234281E-11));
#4721=CARTESIAN_POINT('',(4.681263130886E2,4.448815653222E2,
-3.478817234281E-11));
#4722=CARTESIAN_POINT('',(4.680606608119E2,4.448909452405E2,
-3.478817234281E-11));
#4723=CARTESIAN_POINT('',(4.672728334915E2,4.448909452405E2,
-3.478817234281E-11));
#4724=CARTESIAN_POINT('',(4.672728334915E2,4.440656030144E2,
-3.478817234281E-11));
#4726=CARTESIAN_POINT('',(4.695143884340E2,4.426493902980E2,
-3.478817234281E-11));
#4727=CARTESIAN_POINT('',(4.695143884340E2,4.451723118001E2,
-3.478817234281E-11));
#4728=CARTESIAN_POINT('',(4.698520273521E2,4.451723118001E2,
-3.478817234281E-11));
#4729=CARTESIAN_POINT('',(4.698520273521E2,4.426493902980E2,
-3.478817234281E-11));
#4730=CARTESIAN_POINT('',(4.695143884340E2,4.426493902980E2,
-3.478817234281E-11));
#4732=CARTESIAN_POINT('',(4.704241403896E2,4.426493902980E2,
-3.478817234281E-11));
#4733=CARTESIAN_POINT('',(4.704241403896E2,4.451723118001E2,
-3.478817234281E-11));
#4734=CARTESIAN_POINT('',(4.707617816914E2,4.451723118001E2,
-3.478817234281E-11));
#4735=CARTESIAN_POINT('',(4.707617816914E2,4.429495143104E2,
-3.478817234281E-11));
#4736=CARTESIAN_POINT('',(4.720091725651E2,4.429495143104E2,
-3.478817234281E-11));
#4737=CARTESIAN_POINT('',(4.720091725651E2,4.426493902980E2,
-3.478817234281E-11));
#4738=CARTESIAN_POINT('',(4.704241403896E2,4.426493902980E2,
-3.478817234281E-11));
#4740=CARTESIAN_POINT('',(4.723843287725E2,4.426493902980E2,
-3.478817234281E-11));
#4741=CARTESIAN_POINT('',(4.723843287725E2,4.451723118001E2,
-3.478817234281E-11));
#4742=CARTESIAN_POINT('',(4.727219700743E2,4.451723118001E2,
-3.478817234281E-11));
#4743=CARTESIAN_POINT('',(4.727219700743E2,4.429495143104E2,
-3.478817234281E-11));
#4744=CARTESIAN_POINT('',(4.739693609480E2,4.429495143104E2,
-3.478817234281E-11));
#4745=CARTESIAN_POINT('',(4.739693609480E2,4.426493902980E2,
-3.478817234281E-11));
#4746=CARTESIAN_POINT('',(4.723843287725E2,4.426493902980E2,
-3.478817234281E-11));
#4748=CARTESIAN_POINT('',(4.758826545070E2,4.419084578014E2,
-3.478817234281E-11));
#4749=CARTESIAN_POINT('',(4.757607298718E2,4.420772772604E2,
-3.478817234281E-11));
#4750=CARTESIAN_POINT('',(4.756481827712E2,4.422648565560E2,
-3.478817234281E-11));
#4751=CARTESIAN_POINT('',(4.755450155889E2,4.424618110024E2,
-3.478817234281E-11));
#4752=CARTESIAN_POINT('',(4.754512259411E2,4.426587678325E2,
-3.478817234281E-11));
#4753=CARTESIAN_POINT('',(4.754137110355E2,4.427713149331E2,
-3.478817234281E-11));
#4754=CARTESIAN_POINT('',(4.753761961298E2,4.428744844992E2,
-3.478817234281E-11));
#4755=CARTESIAN_POINT('',(4.753480587588E2,4.429870292160E2,
-3.478817234281E-11));
#4756=CARTESIAN_POINT('',(4.753199213877E2,4.430995763166E2,
-3.478817234281E-11));
#4757=CARTESIAN_POINT('',(4.753011639349E2,4.432121234172E2,
-3.478817234281E-11));
#4758=CARTESIAN_POINT('',(4.752917864003E2,4.433246705178E2,
-3.478817234281E-11));
#4759=CARTESIAN_POINT('',(4.752824064821E2,4.434372176184E2,
-3.478817234281E-11));
#4760=CARTESIAN_POINT('',(4.752824064821E2,4.435591422536E2,
-3.478817234281E-11));
#4761=CARTESIAN_POINT('',(4.752824064821E2,4.437560990837E2,
-3.478817234281E-11));
#4762=CARTESIAN_POINT('',(4.753105438531E2,4.439530559138E2,
-3.478817234281E-11));
#4763=CARTESIAN_POINT('',(4.753480587588E2,4.441500127439E2,
-3.478817234281E-11));
#4764=CARTESIAN_POINT('',(4.754043311172E2,4.443375896558E2,
-3.478817234281E-11));
#4765=CARTESIAN_POINT('',(4.754512259411E2,4.444501367564E2,
-3.478817234281E-11));
#4766=CARTESIAN_POINT('',(4.754981207650E2,4.445533039387E2,
-3.478817234281E-11));
#4767=CARTESIAN_POINT('',(4.755450155889E2,4.446658510393E2,
-3.478817234281E-11));
#4768=CARTESIAN_POINT('',(4.756012879473E2,4.447690182216E2,
-3.478817234281E-11));
#4769=CARTESIAN_POINT('',(4.756669402240E2,4.448815653222E2,
-3.478817234281E-11));
#4770=CARTESIAN_POINT('',(4.757325925007E2,4.449941124228E2,
-3.478817234281E-11));
#4771=CARTESIAN_POINT('',(4.757982447774E2,4.450972796051E2,
-3.478817234281E-11));
#4772=CARTESIAN_POINT('',(4.758826545070E2,4.452098267057E2,
-3.478817234281E-11));
#4773=CARTESIAN_POINT('',(4.761077487081E2,4.452098267057E2,
-3.478817234281E-11));
#4774=CARTESIAN_POINT('',(4.760514763497E2,4.451160394417E2,
-3.478817234281E-11));
#4775=CARTESIAN_POINT('',(4.760045815258E2,4.450410072467E2,
-3.478817234281E-11));
#4776=CARTESIAN_POINT('',(4.759670666202E2,4.449659750517E2,
-3.478817234281E-11));
#4777=CARTESIAN_POINT('',(4.759295493308E2,4.449003227750E2,
-3.478817234281E-11));
#4778=CARTESIAN_POINT('',(4.759014143435E2,4.448346704983E2,
-3.478817234281E-11));
#4779=CARTESIAN_POINT('',(4.758732769724E2,4.447877780582E2,
-3.478817234281E-11));
#4780=CARTESIAN_POINT('',(4.758451396013E2,4.447408832343E2,
-3.478817234281E-11));
#4781=CARTESIAN_POINT('',(4.758263821485E2,4.446939884104E2,
-3.478817234281E-11));
#4782=CARTESIAN_POINT('',(4.757794873246E2,4.445720637752E2,
-3.478817234281E-11));
#4783=CARTESIAN_POINT('',(4.757325925007E2,4.444501367564E2,
-3.478817234281E-11));
#4784=CARTESIAN_POINT('',(4.756950775951E2,4.443282121212E2,
-3.478817234281E-11));
#4785=CARTESIAN_POINT('',(4.756575626895E2,4.441969075678E2,
-3.478817234281E-11));
#4786=CARTESIAN_POINT('',(4.756294253184E2,4.440374656433E2,
-3.478817234281E-11));
#4787=CARTESIAN_POINT('',(4.756012879473E2,4.438780237188E2,
-3.478817234281E-11));
#4788=CARTESIAN_POINT('',(4.755919104128E2,4.437185841781E2,
-3.478817234281E-11));
#4789=CARTESIAN_POINT('',(4.755919104128E2,4.435591422536E2,
-3.478817234281E-11));
#4790=CARTESIAN_POINT('',(4.755919104128E2,4.433528078889E2,
-3.478817234281E-11));
#4791=CARTESIAN_POINT('',(4.756200454001E2,4.431370912223E2,
-3.478817234281E-11));
#4792=CARTESIAN_POINT('',(4.756575626895E2,4.429307568576E2,
-3.478817234281E-11));
#4793=CARTESIAN_POINT('',(4.757138350479E2,4.427244201092E2,
-3.478817234281E-11));
#4794=CARTESIAN_POINT('',(4.757888672429E2,4.425274632791E2,
-3.478817234281E-11));
#4795=CARTESIAN_POINT('',(4.758732769724E2,4.423211289144E2,
-3.478817234281E-11));
#4796=CARTESIAN_POINT('',(4.759858240730E2,4.421147921661E2,
-3.478817234281E-11));
#4797=CARTESIAN_POINT('',(4.761077487081E2,4.419084578014E2,
-3.478817234281E-11));
#4798=CARTESIAN_POINT('',(4.758826545070E2,4.419084578014E2,
-3.478817234281E-11));
#4800=CARTESIAN_POINT('',(4.773738994184E2,4.433152905996E2,
-3.478817234281E-11));
#4801=CARTESIAN_POINT('',(4.776834033491E2,4.433528078889E2,
-3.478817234281E-11));
#4802=CARTESIAN_POINT('',(4.776927808836E2,4.432871556122E2,
-3.478817234281E-11));
#4803=CARTESIAN_POINT('',(4.777115383364E2,4.432308808700E2,
-3.478817234281E-11));
#4804=CARTESIAN_POINT('',(4.777302981730E2,4.431746085116E2,
-3.478817234281E-11));
#4805=CARTESIAN_POINT('',(4.777490556258E2,4.431277136877E2,
-3.478817234281E-11));
#4806=CARTESIAN_POINT('',(4.777771906131E2,4.430808188638E2,
-3.478817234281E-11));
#4807=CARTESIAN_POINT('',(4.777959504497E2,4.430433039582E2,
-3.478817234281E-11));
#4808=CARTESIAN_POINT('',(4.778240854370E2,4.430057866688E2,
-3.478817234281E-11));
#4809=CARTESIAN_POINT('',(4.778522228081E2,4.429776516815E2,
-3.478817234281E-11));
#4810=CARTESIAN_POINT('',(4.779178750848E2,4.429213769393E2,
-3.478817234281E-11));
#4811=CARTESIAN_POINT('',(4.779929048961E2,4.428932419520E2,
-3.478817234281E-11));
#4812=CARTESIAN_POINT('',(4.780773170093E2,4.428651045809E2,
-3.478817234281E-11));
#4813=CARTESIAN_POINT('',(4.781711042734E2,4.428651045809E2,
-3.478817234281E-11));
#4814=CARTESIAN_POINT('',(4.782179990973E2,4.428651045809E2,
-3.478817234281E-11));
#4815=CARTESIAN_POINT('',(4.782742738394E2,4.428744844992E2,
-3.478817234281E-11));
#4816=CARTESIAN_POINT('',(4.783211662796E2,4.428838620337E2,
-3.478817234281E-11));
#4817=CARTESIAN_POINT('',(4.783680611035E2,4.429026194865E2,
-3.478817234281E-11));
#4818=CARTESIAN_POINT('',(4.784149559274E2,4.429213769393E2,
-3.478817234281E-11));
#4819=CARTESIAN_POINT('',(4.784618507513E2,4.429495143104E2,
-3.478817234281E-11));
#4820=CARTESIAN_POINT('',(4.784993656569E2,4.429776516815E2,
-3.478817234281E-11));
#4821=CARTESIAN_POINT('',(4.785368805625E2,4.430151665871E2,
-3.478817234281E-11));
#4822=CARTESIAN_POINT('',(4.785743978519E2,4.430526814927E2,
-3.478817234281E-11));
#4823=CARTESIAN_POINT('',(4.786025328392E2,4.430901987821E2,
-3.478817234281E-11));
#4824=CARTESIAN_POINT('',(4.786212926758E2,4.431370912223E2,
-3.478817234281E-11));
#4825=CARTESIAN_POINT('',(4.786494276631E2,4.431839860461E2,
-3.478817234281E-11));
#4826=CARTESIAN_POINT('',(4.786588075814E2,4.432308808700E2,
-3.478817234281E-11));
#4827=CARTESIAN_POINT('',(4.786775650342E2,4.432777756939E2,
-3.478817234281E-11));
#4828=CARTESIAN_POINT('',(4.786775650342E2,4.433340480524E2,
-3.478817234281E-11));
#4829=CARTESIAN_POINT('',(4.786869449525E2,4.433903227945E2,
-3.478817234281E-11));
#4830=CARTESIAN_POINT('',(4.786775650342E2,4.434372176184E2,
-3.478817234281E-11));
#4831=CARTESIAN_POINT('',(4.786775650342E2,4.434934899769E2,
-3.478817234281E-11));
#4832=CARTESIAN_POINT('',(4.786588075814E2,4.435403848008E2,
-3.478817234281E-11));
#4833=CARTESIAN_POINT('',(4.786494276631E2,4.435872796246E2,
-3.478817234281E-11));
#4834=CARTESIAN_POINT('',(4.786306702103E2,4.436247945303E2,
-3.478817234281E-11));
#4835=CARTESIAN_POINT('',(4.786025328392E2,4.436623094359E2,
-3.478817234281E-11));
#4836=CARTESIAN_POINT('',(4.785743978519E2,4.437092042598E2,
-3.478817234281E-11));
#4837=CARTESIAN_POINT('',(4.785462604808E2,4.437373416309E2,
-3.478817234281E-11));
#4838=CARTESIAN_POINT('',(4.785087455752E2,4.437748565365E2,
-3.478817234281E-11));
#4839=CARTESIAN_POINT('',(4.784712306695E2,4.438029939076E2,
-3.478817234281E-11));
#4840=CARTESIAN_POINT('',(4.784337133802E2,4.438217513604E2,
-3.478817234281E-11));
#4841=CARTESIAN_POINT('',(4.783868185563E2,4.438405088132E2,
-3.478817234281E-11));
#4842=CARTESIAN_POINT('',(4.783399261161E2,4.438592662660E2,
-3.478817234281E-11));
#4843=CARTESIAN_POINT('',(4.782930312922E2,4.438686461843E2,
-3.478817234281E-11));
#4844=CARTESIAN_POINT('',(4.782461364683E2,4.438780237188E2,
-3.478817234281E-11));
#4845=CARTESIAN_POINT('',(4.781898617262E2,4.438780237188E2,
-3.478817234281E-11));
#4846=CARTESIAN_POINT('',(4.781429692860E2,4.438780237188E2,
-3.478817234281E-11));
#4847=CARTESIAN_POINT('',(4.780960744621E2,4.438686461843E2,
-3.478817234281E-11));
#4848=CARTESIAN_POINT('',(4.780397997200E2,4.438592662660E2,
-3.478817234281E-11));
#4849=CARTESIAN_POINT('',(4.779741474433E2,4.438498887315E2,
-3.478817234281E-11));
#4850=CARTESIAN_POINT('',(4.780116647326E2,4.441218753728E2,
-3.478817234281E-11));
#4851=CARTESIAN_POINT('',(4.780397997200E2,4.441124978383E2,
-3.478817234281E-11));
#4852=CARTESIAN_POINT('',(4.780585571728E2,4.441124978383E2,
-3.478817234281E-11));
#4853=CARTESIAN_POINT('',(4.781523468206E2,4.441218753728E2,
-3.478817234281E-11));
#4854=CARTESIAN_POINT('',(4.782461364683E2,4.441406328256E2,
-3.478817234281E-11));
#4855=CARTESIAN_POINT('',(4.783305461979E2,4.441687701967E2,
-3.478817234281E-11));
#4856=CARTESIAN_POINT('',(4.784149559274E2,4.442156650206E2,
-3.478817234281E-11));
#4857=CARTESIAN_POINT('',(4.784524708330E2,4.442438023917E2,
-3.478817234281E-11));
#4858=CARTESIAN_POINT('',(4.784806082041E2,4.442719373791E2,
-3.478817234281E-11));
#4859=CARTESIAN_POINT('',(4.785087455752E2,4.443094546684E2,
-3.478817234281E-11));
#4860=CARTESIAN_POINT('',(4.785275030280E2,4.443469695740E2,
-3.478817234281E-11));
#4861=CARTESIAN_POINT('',(4.785462604808E2,4.443844844797E2,
-3.478817234281E-11));
#4862=CARTESIAN_POINT('',(4.785556403990E2,4.444313793035E2,
-3.478817234281E-11));
#4863=CARTESIAN_POINT('',(4.785650179336E2,4.444782741274E2,
-3.478817234281E-11));
#4864=CARTESIAN_POINT('',(4.785743978519E2,4.445345464859E2,
-3.478817234281E-11));
#4865=CARTESIAN_POINT('',(4.785650179336E2,4.446095786808E2,
-3.478817234281E-11));
#4866=CARTESIAN_POINT('',(4.785368805625E2,4.446846084921E2,
-3.478817234281E-11));
#4867=CARTESIAN_POINT('',(4.785087455752E2,4.447502607688E2,
-3.478817234281E-11));
#4868=CARTESIAN_POINT('',(4.784524708330E2,4.448159130455E2,
-3.478817234281E-11));
#4869=CARTESIAN_POINT('',(4.783961984746E2,4.448628078694E2,
-3.478817234281E-11));
#4870=CARTESIAN_POINT('',(4.783211662796E2,4.449003227750E2,
-3.478817234281E-11));
#4871=CARTESIAN_POINT('',(4.782461364683E2,4.449190826116E2,
-3.478817234281E-11));
#4872=CARTESIAN_POINT('',(4.781617267388E2,4.449284601461E2,
-3.478817234281E-11));
#4873=CARTESIAN_POINT('',(4.780773170093E2,4.449190826116E2,
-3.478817234281E-11));
#4874=CARTESIAN_POINT('',(4.779929048961E2,4.448909452405E2,
-3.478817234281E-11));
#4875=CARTESIAN_POINT('',(4.779272526194E2,4.448628078694E2,
-3.478817234281E-11));
#4876=CARTESIAN_POINT('',(4.778616027264E2,4.448065355110E2,
-3.478817234281E-11));
#4877=CARTESIAN_POINT('',(4.778334653553E2,4.447783981399E2,
-3.478817234281E-11));
#4878=CARTESIAN_POINT('',(4.778053279842E2,4.447408832343E2,
-3.478817234281E-11));
#4879=CARTESIAN_POINT('',(4.777865705314E2,4.447033659449E2,
-3.478817234281E-11));
#4880=CARTESIAN_POINT('',(4.777584331603E2,4.446658510393E2,
-3.478817234281E-11));
#4881=CARTESIAN_POINT('',(4.777490556258E2,4.446189562154E2,
-3.478817234281E-11));
#4882=CARTESIAN_POINT('',(4.777302981730E2,4.445720637752E2,
-3.478817234281E-11));
#4883=CARTESIAN_POINT('',(4.777209182547E2,4.445157890331E2,
-3.478817234281E-11));
#4884=CARTESIAN_POINT('',(4.777115383364E2,4.444688942092E2,
-3.478817234281E-11));
#4885=CARTESIAN_POINT('',(4.774020367894E2,4.445251689513E2,
-3.478817234281E-11));
#4886=CARTESIAN_POINT('',(4.774114143240E2,4.446001987626E2,
-3.478817234281E-11));
#4887=CARTESIAN_POINT('',(4.774301717768E2,4.446658510393E2,
-3.478817234281E-11));
#4888=CARTESIAN_POINT('',(4.774583091479E2,4.447315033160E2,
-3.478817234281E-11));
#4889=CARTESIAN_POINT('',(4.774864465190E2,4.447971555927E2,
-3.478817234281E-11));
#4890=CARTESIAN_POINT('',(4.775239614246E2,4.448534303349E2,
-3.478817234281E-11));
#4891=CARTESIAN_POINT('',(4.775614763302E2,4.449097026933E2,
-3.478817234281E-11));
#4892=CARTESIAN_POINT('',(4.776083711541E2,4.449565975172E2,
-3.478817234281E-11));
#4893=CARTESIAN_POINT('',(4.776552659780E2,4.450034923411E2,
-3.478817234281E-11));
#4894=CARTESIAN_POINT('',(4.777021608019E2,4.450410072467E2,
-3.478817234281E-11));
#4895=CARTESIAN_POINT('',(4.777584331603E2,4.450785221523E2,
-3.478817234281E-11));
#4896=CARTESIAN_POINT('',(4.778147079025E2,4.451066595234E2,
-3.478817234281E-11));
#4897=CARTESIAN_POINT('',(4.778803601792E2,4.451347968945E2,
-3.478817234281E-11));
#4898=CARTESIAN_POINT('',(4.779366325376E2,4.451535543473E2,
-3.478817234281E-11));
#4899=CARTESIAN_POINT('',(4.780022848143E2,4.451629318819E2,
-3.478817234281E-11));
#4900=CARTESIAN_POINT('',(4.780773170093E2,4.451723118001E2,
-3.478817234281E-11));
#4901=CARTESIAN_POINT('',(4.781523468206E2,4.451816917184E2,
-3.478817234281E-11));
#4902=CARTESIAN_POINT('',(4.782461364683E2,4.451723118001E2,
-3.478817234281E-11));
#4903=CARTESIAN_POINT('',(4.783493036507E2,4.451535543473E2,
-3.478817234281E-11));
#4904=CARTESIAN_POINT('',(4.784337133802E2,4.451254169762E2,
-3.478817234281E-11));
#4905=CARTESIAN_POINT('',(4.785275030280E2,4.450879020706E2,
-3.478817234281E-11));
#4906=CARTESIAN_POINT('',(4.786025328392E2,4.450410072467E2,
-3.478817234281E-11));
#4907=CARTESIAN_POINT('',(4.786775650342E2,4.449847348883E2,
-3.478817234281E-11));
#4908=CARTESIAN_POINT('',(4.787338373926E2,4.449190826116E2,
-3.478817234281E-11));
#4909=CARTESIAN_POINT('',(4.787901121348E2,4.448440504166E2,
-3.478817234281E-11));
#4910=CARTESIAN_POINT('',(4.788276270404E2,4.447690182216E2,
-3.478817234281E-11));
#4911=CARTESIAN_POINT('',(4.788557644115E2,4.446939884104E2,
-3.478817234281E-11));
#4912=CARTESIAN_POINT('',(4.788745218643E2,4.446095786808E2,
-3.478817234281E-11));
#4913=CARTESIAN_POINT('',(4.788839017826E2,4.445251689513E2,
-3.478817234281E-11));
#4914=CARTESIAN_POINT('',(4.788745218643E2,4.444501367564E2,
-3.478817234281E-11));
#4915=CARTESIAN_POINT('',(4.788557644115E2,4.443657270268E2,
-3.478817234281E-11));
#4916=CARTESIAN_POINT('',(4.788276270404E2,4.443000747501E2,
-3.478817234281E-11));
#4917=CARTESIAN_POINT('',(4.787901121348E2,4.442250425552E2,
-3.478817234281E-11));
#4918=CARTESIAN_POINT('',(4.787432173109E2,4.441687701967E2,
-3.478817234281E-11));
#4919=CARTESIAN_POINT('',(4.786869449525E2,4.441124978383E2,
-3.478817234281E-11));
#4920=CARTESIAN_POINT('',(4.786119127575E2,4.440562230961E2,
-3.478817234281E-11));
#4921=CARTESIAN_POINT('',(4.785368805625E2,4.440187081905E2,
-3.478817234281E-11));
#4922=CARTESIAN_POINT('',(4.785837753864E2,4.439999507377E2,
-3.478817234281E-11));
#4923=CARTESIAN_POINT('',(4.786400501286E2,4.439811932849E2,
-3.478817234281E-11));
#4924=CARTESIAN_POINT('',(4.786869449525E2,4.439624358321E2,
-3.478817234281E-11));
#4925=CARTESIAN_POINT('',(4.787338373926E2,4.439342984610E2,
-3.478817234281E-11));
#4926=CARTESIAN_POINT('',(4.787713546820E2,4.439061610899E2,
-3.478817234281E-11));
#4927=CARTESIAN_POINT('',(4.788088695876E2,4.438780237188E2,
-3.478817234281E-11));
#4928=CARTESIAN_POINT('',(4.788463844932E2,4.438405088132E2,
-3.478817234281E-11));
#4929=CARTESIAN_POINT('',(4.788839017826E2,4.438029939076E2,
-3.478817234281E-11));
#4930=CARTESIAN_POINT('',(4.789120367699E2,4.437654790019E2,
-3.478817234281E-11));
#4931=CARTESIAN_POINT('',(4.789401741410E2,4.437185841781E2,
-3.478817234281E-11));
#4932=CARTESIAN_POINT('',(4.789589315938E2,4.436716893542E2,
-3.478817234281E-11));
#4933=CARTESIAN_POINT('',(4.789776890466E2,4.436247945303E2,
-3.478817234281E-11));
#4934=CARTESIAN_POINT('',(4.789964464995E2,4.435685221718E2,
-3.478817234281E-11));
#4935=CARTESIAN_POINT('',(4.790058264177E2,4.435122474297E2,
-3.478817234281E-11));
#4936=CARTESIAN_POINT('',(4.790058264177E2,4.434559750712E2,
-3.478817234281E-11));
#4937=CARTESIAN_POINT('',(4.790152063360E2,4.433997003291E2,
-3.478817234281E-11));
#4938=CARTESIAN_POINT('',(4.790058264177E2,4.433152905996E2,
-3.478817234281E-11));
#4939=CARTESIAN_POINT('',(4.789964464995E2,4.432402607883E2,
-3.478817234281E-11));
#4940=CARTESIAN_POINT('',(4.789776890466E2,4.431652285933E2,
-3.478817234281E-11));
#4941=CARTESIAN_POINT('',(4.789495540593E2,4.430901987821E2,
-3.478817234281E-11));
#4942=CARTESIAN_POINT('',(4.789214166882E2,4.430245465054E2,
-3.478817234281E-11));
#4943=CARTESIAN_POINT('',(4.788745218643E2,4.429588942287E2,
-3.478817234281E-11));
#4944=CARTESIAN_POINT('',(4.788276270404E2,4.428932419520E2,
-3.478817234281E-11));
#4945=CARTESIAN_POINT('',(4.787713546820E2,4.428369672098E2,
-3.478817234281E-11));
#4946=CARTESIAN_POINT('',(4.787057024053E2,4.427806948514E2,
-3.478817234281E-11));
#4947=CARTESIAN_POINT('',(4.786400501286E2,4.427338000275E2,
-3.478817234281E-11));
#4948=CARTESIAN_POINT('',(4.785743978519E2,4.426962851218E2,
-3.478817234281E-11));
#4949=CARTESIAN_POINT('',(4.784993656569E2,4.426681477508E2,
-3.478817234281E-11));
#4950=CARTESIAN_POINT('',(4.784243358456E2,4.426493902980E2,
-3.478817234281E-11));
#4951=CARTESIAN_POINT('',(4.783399261161E2,4.426306328451E2,
-3.478817234281E-11));
#4952=CARTESIAN_POINT('',(4.782555140029E2,4.426212529269E2,
-3.478817234281E-11));
#4953=CARTESIAN_POINT('',(4.781617267388E2,4.426118753923E2,
-3.478817234281E-11));
#4954=CARTESIAN_POINT('',(4.780866945438E2,4.426212529269E2,
-3.478817234281E-11));
#4955=CARTESIAN_POINT('',(4.780116647326E2,4.426306328451E2,
-3.478817234281E-11));
#4956=CARTESIAN_POINT('',(4.779366325376E2,4.426400103797E2,
-3.478817234281E-11));
#4957=CARTESIAN_POINT('',(4.778616027264E2,4.426587678325E2,
-3.478817234281E-11));
#4958=CARTESIAN_POINT('',(4.777959504497E2,4.426869052036E2,
-3.478817234281E-11));
#4959=CARTESIAN_POINT('',(4.777302981730E2,4.427150425747E2,
-3.478817234281E-11));
#4960=CARTESIAN_POINT('',(4.776740234308E2,4.427525574803E2,
-3.478817234281E-11));
#4961=CARTESIAN_POINT('',(4.776177510724E2,4.427994523042E2,
-3.478817234281E-11));
#4962=CARTESIAN_POINT('',(4.775708562485E2,4.428557246626E2,
-3.478817234281E-11));
#4963=CARTESIAN_POINT('',(4.775239614246E2,4.429119994048E2,
-3.478817234281E-11));
#4964=CARTESIAN_POINT('',(4.774770666007E2,4.429682717632E2,
-3.478817234281E-11));
#4965=CARTESIAN_POINT('',(4.774489292296E2,4.430245465054E2,
-3.478817234281E-11));
#4966=CARTESIAN_POINT('',(4.774207942422E2,4.430901987821E2,
-3.478817234281E-11));
#4967=CARTESIAN_POINT('',(4.773926568712E2,4.431652285933E2,
-3.478817234281E-11));
#4968=CARTESIAN_POINT('',(4.773832769529E2,4.432308808700E2,
-3.478817234281E-11));
#4969=CARTESIAN_POINT('',(4.773738994184E2,4.433152905996E2,
-3.478817234281E-11));
#4971=CARTESIAN_POINT('',(4.794841498075E2,4.426493902980E2,
-3.478817234281E-11));
#4972=CARTESIAN_POINT('',(4.794841498075E2,4.429964091343E2,
-3.478817234281E-11));
#4973=CARTESIAN_POINT('',(4.798311686438E2,4.429964091343E2,
-3.478817234281E-11));
#4974=CARTESIAN_POINT('',(4.798311686438E2,4.426493902980E2,
-3.478817234281E-11));
#4975=CARTESIAN_POINT('',(4.794841498075E2,4.426493902980E2,
-3.478817234281E-11));
#4977=CARTESIAN_POINT('',(4.813036549105E2,4.426493902980E2,
-3.478817234281E-11));
#4978=CARTESIAN_POINT('',(4.813036549105E2,4.432496383229E2,
-3.478817234281E-11));
#4979=CARTESIAN_POINT('',(4.801875662066E2,4.432496383229E2,
-3.478817234281E-11));
#4980=CARTESIAN_POINT('',(4.801875662066E2,4.435310048825E2,
-3.478817234281E-11));
#4981=CARTESIAN_POINT('',(4.813693071873E2,4.451629318819E2,
-3.478817234281E-11));
#4982=CARTESIAN_POINT('',(4.816131576494E2,4.451629318819E2,
-3.478817234281E-11));
#4983=CARTESIAN_POINT('',(4.816131576494E2,4.435310048825E2,
-3.478817234281E-11));
#4984=CARTESIAN_POINT('',(4.819507977593E2,4.435310048825E2,
-3.478817234281E-11));
#4985=CARTESIAN_POINT('',(4.819507977593E2,4.432496383229E2,
-3.478817234281E-11));
#4986=CARTESIAN_POINT('',(4.816131576494E2,4.432496383229E2,
-3.478817234281E-11));
#4987=CARTESIAN_POINT('',(4.816131576494E2,4.426493902980E2,
-3.478817234281E-11));
#4988=CARTESIAN_POINT('',(4.813036549105E2,4.426493902980E2,
-3.478817234281E-11));
#4990=CARTESIAN_POINT('',(4.813036549105E2,4.435310048825E2,
-3.478817234281E-11));
#4991=CARTESIAN_POINT('',(4.813036549105E2,4.446564735047E2,
-3.478817234281E-11));
#4992=CARTESIAN_POINT('',(4.804876914109E2,4.435310048825E2,
-3.478817234281E-11));
#4993=CARTESIAN_POINT('',(4.813036549105E2,4.435310048825E2,
-3.478817234281E-11));
#4995=CARTESIAN_POINT('',(4.822603016900E2,4.438874036371E2,
-3.478817234281E-11));
#4996=CARTESIAN_POINT('',(4.822603016900E2,4.439999507377E2,
-3.478817234281E-11));
#4997=CARTESIAN_POINT('',(4.822603016900E2,4.441031179200E2,
-3.478817234281E-11));
#4998=CARTESIAN_POINT('',(4.822696804165E2,4.442062851024E2,
-3.478817234281E-11));
#4999=CARTESIAN_POINT('',(4.822790591429E2,4.442906948319E2,
-3.478817234281E-11));
#5000=CARTESIAN_POINT('',(4.822884378693E2,4.443844844797E2,
-3.478817234281E-11));
#5001=CARTESIAN_POINT('',(4.823071965139E2,4.444595166746E2,
-3.478817234281E-11));
#5002=CARTESIAN_POINT('',(4.823259539668E2,4.445439264041E2,
-3.478817234281E-11));
#5003=CARTESIAN_POINT('',(4.823447114196E2,4.446095786808E2,
-3.478817234281E-11));
#5004=CARTESIAN_POINT('',(4.823728487906E2,4.446752309576E2,
-3.478817234281E-11));
#5005=CARTESIAN_POINT('',(4.824009849699E2,4.447408832343E2,
-3.478817234281E-11));
#5006=CARTESIAN_POINT('',(4.824291211491E2,4.447971555927E2,
-3.478817234281E-11));
#5007=CARTESIAN_POINT('',(4.824666372466E2,4.448534303349E2,
-3.478817234281E-11));
#5008=CARTESIAN_POINT('',(4.824947734258E2,4.449003227750E2,
-3.478817234281E-11));
#5009=CARTESIAN_POINT('',(4.825416682497E2,4.449472175989E2,
-3.478817234281E-11));
#5010=CARTESIAN_POINT('',(4.825791843472E2,4.449941124228E2,
-3.478817234281E-11));
#5011=CARTESIAN_POINT('',(4.826260779792E2,4.450316273284E2,
-3.478817234281E-11));
#5012=CARTESIAN_POINT('',(4.826729728031E2,4.450691446178E2,
-3.478817234281E-11));
#5013=CARTESIAN_POINT('',(4.827198676270E2,4.450972796051E2,
-3.478817234281E-11));
#5014=CARTESIAN_POINT('',(4.827761399854E2,4.451160394417E2,
-3.478817234281E-11));
#5015=CARTESIAN_POINT('',(4.828324135357E2,4.451441744290E2,
-3.478817234281E-11));
#5016=CARTESIAN_POINT('',(4.828886870860E2,4.451535543473E2,
-3.478817234281E-11));
#5017=CARTESIAN_POINT('',(4.829449606363E2,4.451723118001E2,
-3.478817234281E-11));
#5018=CARTESIAN_POINT('',(4.830106129130E2,4.451723118001E2,
-3.478817234281E-11));
#5019=CARTESIAN_POINT('',(4.830856439161E2,4.451816917184E2,
-3.478817234281E-11));
#5020=CARTESIAN_POINT('',(4.831794323721E2,4.451723118001E2,
-3.478817234281E-11));
#5021=CARTESIAN_POINT('',(4.832732220198E2,4.451535543473E2,
-3.478817234281E-11));
#5022=CARTESIAN_POINT('',(4.833576317494E2,4.451347968945E2,
-3.478817234281E-11));
#5023=CARTESIAN_POINT('',(4.834420414789E2,4.450972796051E2,
-3.478817234281E-11));
#5024=CARTESIAN_POINT('',(4.835170724820E2,4.450503871650E2,
-3.478817234281E-11));
#5025=CARTESIAN_POINT('',(4.835827247587E2,4.449941124228E2,
-3.478817234281E-11));
#5026=CARTESIAN_POINT('',(4.836389983090E2,4.449284601461E2,
-3.478817234281E-11));
#5027=CARTESIAN_POINT('',(4.836952718593E2,4.448628078694E2,
-3.478817234281E-11));
#5028=CARTESIAN_POINT('',(4.837421666832E2,4.447783981399E2,
-3.478817234281E-11));
#5029=CARTESIAN_POINT('',(4.837796815888E2,4.446939884104E2,
-3.478817234281E-11));
#5030=CARTESIAN_POINT('',(4.838171976863E2,4.445908212280E2,
-3.478817234281E-11));
#5031=CARTESIAN_POINT('',(4.838453338655E2,4.444876516620E2,
-3.478817234281E-11));
#5032=CARTESIAN_POINT('',(4.838640913183E2,4.444313793035E2,
-3.478817234281E-11));
#5033=CARTESIAN_POINT('',(4.838734712366E2,4.443657270268E2,
-3.478817234281E-11));
#5034=CARTESIAN_POINT('',(4.838828499630E2,4.443000747501E2,
-3.478817234281E-11));
#5035=CARTESIAN_POINT('',(4.838922286894E2,4.442250425552E2,
-3.478817234281E-11));
#5036=CARTESIAN_POINT('',(4.839016074158E2,4.441500127439E2,
-3.478817234281E-11));
#5037=CARTESIAN_POINT('',(4.839016074158E2,4.440656030144E2,
-3.478817234281E-11));
#5038=CARTESIAN_POINT('',(4.839016074158E2,4.439811932849E2,
-3.478817234281E-11));
#5039=CARTESIAN_POINT('',(4.839109861422E2,4.438874036371E2,
-3.478817234281E-11));
#5040=CARTESIAN_POINT('',(4.839016074158E2,4.437842364548E2,
-3.478817234281E-11));
#5041=CARTESIAN_POINT('',(4.839016074158E2,4.436810668887E2,
-3.478817234281E-11));
#5042=CARTESIAN_POINT('',(4.838922286894E2,4.435872796246E2,
-3.478817234281E-11));
#5043=CARTESIAN_POINT('',(4.838828499630E2,4.434934899769E2,
-3.478817234281E-11));
#5044=CARTESIAN_POINT('',(4.838734712366E2,4.433997003291E2,
-3.478817234281E-11));
#5045=CARTESIAN_POINT('',(4.838547125919E2,4.433246705178E2,
-3.478817234281E-11));
#5046=CARTESIAN_POINT('',(4.838359551391E2,4.432496383229E2,
-3.478817234281E-11));
#5047=CARTESIAN_POINT('',(4.838171976863E2,4.431746085116E2,
-3.478817234281E-11));
#5048=CARTESIAN_POINT('',(4.837890603152E2,4.431089562349E2,
-3.478817234281E-11));
#5049=CARTESIAN_POINT('',(4.837609241360E2,4.430433039582E2,
-3.478817234281E-11));
#5050=CARTESIAN_POINT('',(4.837327879568E2,4.429870292160E2,
-3.478817234281E-11));
#5051=CARTESIAN_POINT('',(4.837046505857E2,4.429307568576E2,
-3.478817234281E-11));
#5052=CARTESIAN_POINT('',(4.836671356801E2,4.428838620337E2,
-3.478817234281E-11));
#5053=CARTESIAN_POINT('',(4.836296195826E2,4.428369672098E2,
-3.478817234281E-11));
#5054=CARTESIAN_POINT('',(4.835827247587E2,4.427900723859E2,
-3.478817234281E-11));
#5055=CARTESIAN_POINT('',(4.835452098531E2,4.427525574803E2,
-3.478817234281E-11));
#5056=CARTESIAN_POINT('',(4.834983150292E2,4.427150425747E2,
-3.478817234281E-11));
#5057=CARTESIAN_POINT('',(4.834420414789E2,4.426869052036E2,
-3.478817234281E-11));
#5058=CARTESIAN_POINT('',(4.833951478468E2,4.426681477508E2,
-3.478817234281E-11));
#5059=CARTESIAN_POINT('',(4.833388742966E2,4.426493902980E2,
-3.478817234281E-11));
#5060=CARTESIAN_POINT('',(4.832732220198E2,4.426400103797E2,
-3.478817234281E-11));
#5061=CARTESIAN_POINT('',(4.832169484695E2,4.426212529269E2,
-3.478817234281E-11));
#5062=CARTESIAN_POINT('',(4.831512961928E2,4.426212529269E2,
-3.478817234281E-11));
#5063=CARTESIAN_POINT('',(4.830856439161E2,4.426118753923E2,
-3.478817234281E-11));
#5064=CARTESIAN_POINT('',(4.829918554602E2,4.426212529269E2,
-3.478817234281E-11));
#5065=CARTESIAN_POINT('',(4.829074445388E2,4.426306328451E2,
-3.478817234281E-11));
#5066=CARTESIAN_POINT('',(4.828324135357E2,4.426493902980E2,
-3.478817234281E-11));
#5067=CARTESIAN_POINT('',(4.827573825326E2,4.426681477508E2,
-3.478817234281E-11));
#5068=CARTESIAN_POINT('',(4.826823515295E2,4.427056626564E2,
-3.478817234281E-11));
#5069=CARTESIAN_POINT('',(4.826166992528E2,4.427525574803E2,
-3.478817234281E-11));
#5070=CARTESIAN_POINT('',(4.825604257025E2,4.427994523042E2,
-3.478817234281E-11));
#5071=CARTESIAN_POINT('',(4.825041521522E2,4.428651045809E2,
-3.478817234281E-11));
#5072=CARTESIAN_POINT('',(4.824478797938E2,4.429495143104E2,
-3.478817234281E-11));
#5073=CARTESIAN_POINT('',(4.824009849699E2,4.430433039582E2,
-3.478817234281E-11));
#5074=CARTESIAN_POINT('',(4.823540901460E2,4.431558510588E2,
-3.478817234281E-11));
#5075=CARTESIAN_POINT('',(4.823165752403E2,4.432777756939E2,
-3.478817234281E-11));
#5076=CARTESIAN_POINT('',(4.822884378693E2,4.434184601656E2,
-3.478817234281E-11));
#5077=CARTESIAN_POINT('',(4.822696804165E2,4.435591422536E2,
-3.478817234281E-11));
#5078=CARTESIAN_POINT('',(4.822603016900E2,4.437185841781E2,
-3.478817234281E-11));
#5079=CARTESIAN_POINT('',(4.822603016900E2,4.438874036371E2,
-3.478817234281E-11));
#5081=CARTESIAN_POINT('',(4.825698044289E2,4.438967835554E2,
-3.478817234281E-11));
#5082=CARTESIAN_POINT('',(4.825698044289E2,4.437467191654E2,
-3.478817234281E-11));
#5083=CARTESIAN_POINT('',(4.825791843472E2,4.436060370775E2,
-3.478817234281E-11));
#5084=CARTESIAN_POINT('',(4.825885630736E2,4.434841100586E2,
-3.478817234281E-11));
#5085=CARTESIAN_POINT('',(4.825979418E2,4.433715653417E2,-3.478817234281E-11));
#5086=CARTESIAN_POINT('',(4.826260779792E2,4.432777756939E2,
-3.478817234281E-11));
#5087=CARTESIAN_POINT('',(4.826448366239E2,4.431933659644E2,
-3.478817234281E-11));
#5088=CARTESIAN_POINT('',(4.826823515295E2,4.431183337694E2,
-3.478817234281E-11));
#5089=CARTESIAN_POINT('',(4.827104877087E2,4.430620614110E2,
-3.478817234281E-11));
#5090=CARTESIAN_POINT('',(4.827480038062E2,4.430151665871E2,
-3.478817234281E-11));
#5091=CARTESIAN_POINT('',(4.827948986301E2,4.429776516815E2,
-3.478817234281E-11));
#5092=CARTESIAN_POINT('',(4.828324135357E2,4.429401343921E2,
-3.478817234281E-11));
#5093=CARTESIAN_POINT('',(4.828793083596E2,4.429119994048E2,
-3.478817234281E-11));
#5094=CARTESIAN_POINT('',(4.829262031835E2,4.428932419520E2,
-3.478817234281E-11));
#5095=CARTESIAN_POINT('',(4.829730968155E2,4.428744844992E2,
-3.478817234281E-11));
#5096=CARTESIAN_POINT('',(4.830293703658E2,4.428651045809E2,
-3.478817234281E-11));
#5097=CARTESIAN_POINT('',(4.830856439161E2,4.428651045809E2,
-3.478817234281E-11));
#5098=CARTESIAN_POINT('',(4.831325387400E2,4.428651045809E2,
-3.478817234281E-11));
#5099=CARTESIAN_POINT('',(4.831888122903E2,4.428744844992E2,
-3.478817234281E-11));
#5100=CARTESIAN_POINT('',(4.832357059224E2,4.428932419520E2,
-3.478817234281E-11));
#5101=CARTESIAN_POINT('',(4.832826007463E2,4.429119994048E2,
-3.478817234281E-11));
#5102=CARTESIAN_POINT('',(4.833294955701E2,4.429401343921E2,
-3.478817234281E-11));
#5103=CARTESIAN_POINT('',(4.833670104758E2,4.429776516815E2,
-3.478817234281E-11));
#5104=CARTESIAN_POINT('',(4.834139052997E2,4.430151665871E2,
-3.478817234281E-11));
#5105=CARTESIAN_POINT('',(4.834514202053E2,4.430620614110E2,
-3.478817234281E-11));
#5106=CARTESIAN_POINT('',(4.834795575764E2,4.431183337694E2,
-3.478817234281E-11));
#5107=CARTESIAN_POINT('',(4.835170724820E2,4.431933659644E2,
-3.478817234281E-11));
#5108=CARTESIAN_POINT('',(4.835358311267E2,4.432777756939E2,
-3.478817234281E-11));
#5109=CARTESIAN_POINT('',(4.835639673059E2,4.433715653417E2,
-3.478817234281E-11));
#5110=CARTESIAN_POINT('',(4.835733460323E2,4.434841100586E2,
-3.478817234281E-11));
#5111=CARTESIAN_POINT('',(4.835921034851E2,4.436060370775E2,
-3.478817234281E-11));
#5112=CARTESIAN_POINT('',(4.835921034851E2,4.437467191654E2,
-3.478817234281E-11));
#5113=CARTESIAN_POINT('',(4.836014834034E2,4.438967835554E2,
-3.478817234281E-11));
#5114=CARTESIAN_POINT('',(4.835921034851E2,4.440374656433E2,
-3.478817234281E-11));
#5115=CARTESIAN_POINT('',(4.835921034851E2,4.441781501150E2,
-3.478817234281E-11));
#5116=CARTESIAN_POINT('',(4.835733460323E2,4.443000747501E2,
-3.478817234281E-11));
#5117=CARTESIAN_POINT('',(4.835639673059E2,4.444126218507E2,
-3.478817234281E-11));
#5118=CARTESIAN_POINT('',(4.835358311267E2,4.445064114985E2,
-3.478817234281E-11));
#5119=CARTESIAN_POINT('',(4.835170724820E2,4.445908212280E2,
-3.478817234281E-11));
#5120=CARTESIAN_POINT('',(4.834795575764E2,4.446658510393E2,
-3.478817234281E-11));
#5121=CARTESIAN_POINT('',(4.834514202053E2,4.447221257814E2,
-3.478817234281E-11));
#5122=CARTESIAN_POINT('',(4.834139052997E2,4.447690182216E2,
-3.478817234281E-11));
#5123=CARTESIAN_POINT('',(4.833670104758E2,4.448065355110E2,
-3.478817234281E-11));
#5124=CARTESIAN_POINT('',(4.833294955701E2,4.448440504166E2,
-3.478817234281E-11));
#5125=CARTESIAN_POINT('',(4.832826007463E2,4.448721877877E2,
-3.478817234281E-11));
#5126=CARTESIAN_POINT('',(4.832357059224E2,4.448909452405E2,
-3.478817234281E-11));
#5127=CARTESIAN_POINT('',(4.831888122903E2,4.449097026933E2,
-3.478817234281E-11));
#5128=CARTESIAN_POINT('',(4.831325387400E2,4.449190826116E2,
-3.478817234281E-11));
#5129=CARTESIAN_POINT('',(4.830762651897E2,4.449284601461E2,
-3.478817234281E-11));
#5130=CARTESIAN_POINT('',(4.830199916394E2,4.449190826116E2,
-3.478817234281E-11));
#5131=CARTESIAN_POINT('',(4.829730968155E2,4.449097026933E2,
-3.478817234281E-11));
#5132=CARTESIAN_POINT('',(4.829262031835E2,4.449003227750E2,
-3.478817234281E-11));
#5133=CARTESIAN_POINT('',(4.828793083596E2,4.448815653222E2,
-3.478817234281E-11));
#5134=CARTESIAN_POINT('',(4.828417922621E2,4.448534303349E2,
-3.478817234281E-11));
#5135=CARTESIAN_POINT('',(4.827948986301E2,4.448252929638E2,
-3.478817234281E-11));
#5136=CARTESIAN_POINT('',(4.827573825326E2,4.447877780582E2,
-3.478817234281E-11));
#5137=CARTESIAN_POINT('',(4.827292463534E2,4.447408832343E2,
-3.478817234281E-11));
#5138=CARTESIAN_POINT('',(4.826917302559E2,4.446752309576E2,
-3.478817234281E-11));
#5139=CARTESIAN_POINT('',(4.826542153503E2,4.446001987626E2,
-3.478817234281E-11));
#5140=CARTESIAN_POINT('',(4.826260779792E2,4.445157890331E2,
-3.478817234281E-11));
#5141=CARTESIAN_POINT('',(4.826073205264E2,4.444126218507E2,
-3.478817234281E-11));
#5142=CARTESIAN_POINT('',(4.825885630736E2,4.443000747501E2,
-3.478817234281E-11));
#5143=CARTESIAN_POINT('',(4.825791843472E2,4.441781501150E2,
-3.478817234281E-11));
#5144=CARTESIAN_POINT('',(4.825698044289E2,4.440374656433E2,
-3.478817234281E-11));
#5145=CARTESIAN_POINT('',(4.825698044289E2,4.438967835554E2,
-3.478817234281E-11));
#5147=CARTESIAN_POINT('',(4.842204900729E2,4.438874036371E2,
-3.478817234281E-11));
#5148=CARTESIAN_POINT('',(4.842204900729E2,4.439999507377E2,
-3.478817234281E-11));
#5149=CARTESIAN_POINT('',(4.842204900729E2,4.441031179200E2,
-3.478817234281E-11));
#5150=CARTESIAN_POINT('',(4.842298687993E2,4.442062851024E2,
-3.478817234281E-11));
#5151=CARTESIAN_POINT('',(4.842392475258E2,4.442906948319E2,
-3.478817234281E-11));
#5152=CARTESIAN_POINT('',(4.842486262522E2,4.443844844797E2,
-3.478817234281E-11));
#5153=CARTESIAN_POINT('',(4.842673837050E2,4.444595166746E2,
-3.478817234281E-11));
#5154=CARTESIAN_POINT('',(4.842861423496E2,4.445439264041E2,
-3.478817234281E-11));
#5155=CARTESIAN_POINT('',(4.843048998025E2,4.446095786808E2,
-3.478817234281E-11));
#5156=CARTESIAN_POINT('',(4.843330359817E2,4.446752309576E2,
-3.478817234281E-11));
#5157=CARTESIAN_POINT('',(4.843611733528E2,4.447408832343E2,
-3.478817234281E-11));
#5158=CARTESIAN_POINT('',(4.843893095320E2,4.447971555927E2,
-3.478817234281E-11));
#5159=CARTESIAN_POINT('',(4.844268256295E2,4.448534303349E2,
-3.478817234281E-11));
#5160=CARTESIAN_POINT('',(4.844549618087E2,4.449003227750E2,
-3.478817234281E-11));
#5161=CARTESIAN_POINT('',(4.845018566326E2,4.449472175989E2,
-3.478817234281E-11));
#5162=CARTESIAN_POINT('',(4.845393715382E2,4.449941124228E2,
-3.478817234281E-11));
#5163=CARTESIAN_POINT('',(4.845862663621E2,4.450316273284E2,
-3.478817234281E-11));
#5164=CARTESIAN_POINT('',(4.846331611860E2,4.450691446178E2,
-3.478817234281E-11));
#5165=CARTESIAN_POINT('',(4.846800560099E2,4.450972796051E2,
-3.478817234281E-11));
#5166=CARTESIAN_POINT('',(4.847363283683E2,4.451160394417E2,
-3.478817234281E-11));
#5167=CARTESIAN_POINT('',(4.847926019186E2,4.451441744290E2,
-3.478817234281E-11));
#5168=CARTESIAN_POINT('',(4.848488754689E2,4.451535543473E2,
-3.478817234281E-11));
#5169=CARTESIAN_POINT('',(4.849051490192E2,4.451723118001E2,
-3.478817234281E-11));
#5170=CARTESIAN_POINT('',(4.849708012959E2,4.451723118001E2,
-3.478817234281E-11));
#5171=CARTESIAN_POINT('',(4.850458322990E2,4.451816917184E2,
-3.478817234281E-11));
#5172=CARTESIAN_POINT('',(4.851396207550E2,4.451723118001E2,
-3.478817234281E-11));
#5173=CARTESIAN_POINT('',(4.852334104027E2,4.451535543473E2,
-3.478817234281E-11));
#5174=CARTESIAN_POINT('',(4.853178201323E2,4.451347968945E2,
-3.478817234281E-11));
#5175=CARTESIAN_POINT('',(4.854022298618E2,4.450972796051E2,
-3.478817234281E-11));
#5176=CARTESIAN_POINT('',(4.854772608649E2,4.450503871650E2,
-3.478817234281E-11));
#5177=CARTESIAN_POINT('',(4.855429131416E2,4.449941124228E2,
-3.478817234281E-11));
#5178=CARTESIAN_POINT('',(4.855991866919E2,4.449284601461E2,
-3.478817234281E-11));
#5179=CARTESIAN_POINT('',(4.856554602422E2,4.448628078694E2,
-3.478817234281E-11));
#5180=CARTESIAN_POINT('',(4.857023550661E2,4.447783981399E2,
-3.478817234281E-11));
#5181=CARTESIAN_POINT('',(4.857398699717E2,4.446939884104E2,
-3.478817234281E-11));
#5182=CARTESIAN_POINT('',(4.857773860692E2,4.445908212280E2,
-3.478817234281E-11));
#5183=CARTESIAN_POINT('',(4.858055222484E2,4.444876516620E2,
-3.478817234281E-11));
#5184=CARTESIAN_POINT('',(4.858242797012E2,4.444313793035E2,
-3.478817234281E-11));
#5185=CARTESIAN_POINT('',(4.858336596195E2,4.443657270268E2,
-3.478817234281E-11));
#5186=CARTESIAN_POINT('',(4.858430383459E2,4.443000747501E2,
-3.478817234281E-11));
#5187=CARTESIAN_POINT('',(4.858524170723E2,4.442250425552E2,
-3.478817234281E-11));
#5188=CARTESIAN_POINT('',(4.858617957987E2,4.441500127439E2,
-3.478817234281E-11));
#5189=CARTESIAN_POINT('',(4.858617957987E2,4.440656030144E2,
-3.478817234281E-11));
#5190=CARTESIAN_POINT('',(4.858617957987E2,4.439811932849E2,
-3.478817234281E-11));
#5191=CARTESIAN_POINT('',(4.858711745251E2,4.438874036371E2,
-3.478817234281E-11));
#5192=CARTESIAN_POINT('',(4.858617957987E2,4.437842364548E2,
-3.478817234281E-11));
#5193=CARTESIAN_POINT('',(4.858617957987E2,4.436810668887E2,
-3.478817234281E-11));
#5194=CARTESIAN_POINT('',(4.858524170723E2,4.435872796246E2,
-3.478817234281E-11));
#5195=CARTESIAN_POINT('',(4.858430383459E2,4.434934899769E2,
-3.478817234281E-11));
#5196=CARTESIAN_POINT('',(4.858336596195E2,4.433997003291E2,
-3.478817234281E-11));
#5197=CARTESIAN_POINT('',(4.858149009748E2,4.433246705178E2,
-3.478817234281E-11));
#5198=CARTESIAN_POINT('',(4.857961435220E2,4.432496383229E2,
-3.478817234281E-11));
#5199=CARTESIAN_POINT('',(4.857773860692E2,4.431746085116E2,
-3.478817234281E-11));
#5200=CARTESIAN_POINT('',(4.857492486981E2,4.431089562349E2,
-3.478817234281E-11));
#5201=CARTESIAN_POINT('',(4.857211125189E2,4.430433039582E2,
-3.478817234281E-11));
#5202=CARTESIAN_POINT('',(4.856929751478E2,4.429870292160E2,
-3.478817234281E-11));
#5203=CARTESIAN_POINT('',(4.856648389686E2,4.429307568576E2,
-3.478817234281E-11));
#5204=CARTESIAN_POINT('',(4.856273228711E2,4.428838620337E2,
-3.478817234281E-11));
#5205=CARTESIAN_POINT('',(4.855898079655E2,4.428369672098E2,
-3.478817234281E-11));
#5206=CARTESIAN_POINT('',(4.855429131416E2,4.427900723859E2,
-3.478817234281E-11));
#5207=CARTESIAN_POINT('',(4.855053982360E2,4.427525574803E2,
-3.478817234281E-11));
#5208=CARTESIAN_POINT('',(4.854585034121E2,4.427150425747E2,
-3.478817234281E-11));
#5209=CARTESIAN_POINT('',(4.854022298618E2,4.426869052036E2,
-3.478817234281E-11));
#5210=CARTESIAN_POINT('',(4.853553350379E2,4.426681477508E2,
-3.478817234281E-11));
#5211=CARTESIAN_POINT('',(4.852990626794E2,4.426493902980E2,
-3.478817234281E-11));
#5212=CARTESIAN_POINT('',(4.852334104027E2,4.426400103797E2,
-3.478817234281E-11));
#5213=CARTESIAN_POINT('',(4.851771368524E2,4.426212529269E2,
-3.478817234281E-11));
#5214=CARTESIAN_POINT('',(4.851114845757E2,4.426212529269E2,
-3.478817234281E-11));
#5215=CARTESIAN_POINT('',(4.850458322990E2,4.426118753923E2,
-3.478817234281E-11));
#5216=CARTESIAN_POINT('',(4.849520438431E2,4.426212529269E2,
-3.478817234281E-11));
#5217=CARTESIAN_POINT('',(4.848676329217E2,4.426306328451E2,
-3.478817234281E-11));
#5218=CARTESIAN_POINT('',(4.847926019186E2,4.426493902980E2,
-3.478817234281E-11));
#5219=CARTESIAN_POINT('',(4.847175709155E2,4.426681477508E2,
-3.478817234281E-11));
#5220=CARTESIAN_POINT('',(4.846425399124E2,4.427056626564E2,
-3.478817234281E-11));
#5221=CARTESIAN_POINT('',(4.845768876357E2,4.427525574803E2,
-3.478817234281E-11));
#5222=CARTESIAN_POINT('',(4.845206140854E2,4.427994523042E2,
-3.478817234281E-11));
#5223=CARTESIAN_POINT('',(4.844643405351E2,4.428651045809E2,
-3.478817234281E-11));
#5224=CARTESIAN_POINT('',(4.844080681766E2,4.429495143104E2,
-3.478817234281E-11));
#5225=CARTESIAN_POINT('',(4.843611733528E2,4.430433039582E2,
-3.478817234281E-11));
#5226=CARTESIAN_POINT('',(4.843142785289E2,4.431558510588E2,
-3.478817234281E-11));
#5227=CARTESIAN_POINT('',(4.842767636232E2,4.432777756939E2,
-3.478817234281E-11));
#5228=CARTESIAN_POINT('',(4.842486262522E2,4.434184601656E2,
-3.478817234281E-11));
#5229=CARTESIAN_POINT('',(4.842298687993E2,4.435591422536E2,
-3.478817234281E-11));
#5230=CARTESIAN_POINT('',(4.842204900729E2,4.437185841781E2,
-3.478817234281E-11));
#5231=CARTESIAN_POINT('',(4.842204900729E2,4.438874036371E2,
-3.478817234281E-11));
#5233=CARTESIAN_POINT('',(4.845299928118E2,4.438967835554E2,
-3.478817234281E-11));
#5234=CARTESIAN_POINT('',(4.845299928118E2,4.437467191654E2,
-3.478817234281E-11));
#5235=CARTESIAN_POINT('',(4.845393715382E2,4.436060370775E2,
-3.478817234281E-11));
#5236=CARTESIAN_POINT('',(4.845487514565E2,4.434841100586E2,
-3.478817234281E-11));
#5237=CARTESIAN_POINT('',(4.845581301829E2,4.433715653417E2,
-3.478817234281E-11));
#5238=CARTESIAN_POINT('',(4.845862663621E2,4.432777756939E2,
-3.478817234281E-11));
#5239=CARTESIAN_POINT('',(4.846050238149E2,4.431933659644E2,
-3.478817234281E-11));
#5240=CARTESIAN_POINT('',(4.846425399124E2,4.431183337694E2,
-3.478817234281E-11));
#5241=CARTESIAN_POINT('',(4.846706760916E2,4.430620614110E2,
-3.478817234281E-11));
#5242=CARTESIAN_POINT('',(4.847081921891E2,4.430151665871E2,
-3.478817234281E-11));
#5243=CARTESIAN_POINT('',(4.847550870130E2,4.429776516815E2,
-3.478817234281E-11));
#5244=CARTESIAN_POINT('',(4.847926019186E2,4.429401343921E2,
-3.478817234281E-11));
#5245=CARTESIAN_POINT('',(4.848394967425E2,4.429119994048E2,
-3.478817234281E-11));
#5246=CARTESIAN_POINT('',(4.848863915664E2,4.428932419520E2,
-3.478817234281E-11));
#5247=CARTESIAN_POINT('',(4.849332851984E2,4.428744844992E2,
-3.478817234281E-11));
#5248=CARTESIAN_POINT('',(4.849895587487E2,4.428651045809E2,
-3.478817234281E-11));
#5249=CARTESIAN_POINT('',(4.850458322990E2,4.428651045809E2,
-3.478817234281E-11));
#5250=CARTESIAN_POINT('',(4.850927271229E2,4.428651045809E2,
-3.478817234281E-11));
#5251=CARTESIAN_POINT('',(4.851489994814E2,4.428744844992E2,
-3.478817234281E-11));
#5252=CARTESIAN_POINT('',(4.851958943053E2,4.428932419520E2,
-3.478817234281E-11));
#5253=CARTESIAN_POINT('',(4.852427891291E2,4.429119994048E2,
-3.478817234281E-11));
#5254=CARTESIAN_POINT('',(4.852896839530E2,4.429401343921E2,
-3.478817234281E-11));
#5255=CARTESIAN_POINT('',(4.853271988587E2,4.429776516815E2,
-3.478817234281E-11));
#5256=CARTESIAN_POINT('',(4.853740936826E2,4.430151665871E2,
-3.478817234281E-11));
#5257=CARTESIAN_POINT('',(4.854116085882E2,4.430620614110E2,
-3.478817234281E-11));
#5258=CARTESIAN_POINT('',(4.854397459593E2,4.431183337694E2,
-3.478817234281E-11));
#5259=CARTESIAN_POINT('',(4.854772608649E2,4.431933659644E2,
-3.478817234281E-11));
#5260=CARTESIAN_POINT('',(4.854960195096E2,4.432777756939E2,
-3.478817234281E-11));
#5261=CARTESIAN_POINT('',(4.855241556888E2,4.433715653417E2,
-3.478817234281E-11));
#5262=CARTESIAN_POINT('',(4.855335344152E2,4.434841100586E2,
-3.478817234281E-11));
#5263=CARTESIAN_POINT('',(4.855522918680E2,4.436060370775E2,
-3.478817234281E-11));
#5264=CARTESIAN_POINT('',(4.855522918680E2,4.437467191654E2,
-3.478817234281E-11));
#5265=CARTESIAN_POINT('',(4.855616717863E2,4.438967835554E2,
-3.478817234281E-11));
#5266=CARTESIAN_POINT('',(4.855522918680E2,4.440374656433E2,
-3.478817234281E-11));
#5267=CARTESIAN_POINT('',(4.855522918680E2,4.441781501150E2,
-3.478817234281E-11));
#5268=CARTESIAN_POINT('',(4.855335344152E2,4.443000747501E2,
-3.478817234281E-11));
#5269=CARTESIAN_POINT('',(4.855241556888E2,4.444126218507E2,
-3.478817234281E-11));
#5270=CARTESIAN_POINT('',(4.854960195096E2,4.445064114985E2,
-3.478817234281E-11));
#5271=CARTESIAN_POINT('',(4.854772608649E2,4.445908212280E2,
-3.478817234281E-11));
#5272=CARTESIAN_POINT('',(4.854397459593E2,4.446658510393E2,
-3.478817234281E-11));
#5273=CARTESIAN_POINT('',(4.854116085882E2,4.447221257814E2,
-3.478817234281E-11));
#5274=CARTESIAN_POINT('',(4.853740936826E2,4.447690182216E2,
-3.478817234281E-11));
#5275=CARTESIAN_POINT('',(4.853271988587E2,4.448065355110E2,
-3.478817234281E-11));
#5276=CARTESIAN_POINT('',(4.852896839530E2,4.448440504166E2,
-3.478817234281E-11));
#5277=CARTESIAN_POINT('',(4.852427891291E2,4.448721877877E2,
-3.478817234281E-11));
#5278=CARTESIAN_POINT('',(4.851958943053E2,4.448909452405E2,
-3.478817234281E-11));
#5279=CARTESIAN_POINT('',(4.851489994814E2,4.449097026933E2,
-3.478817234281E-11));
#5280=CARTESIAN_POINT('',(4.850927271229E2,4.449190826116E2,
-3.478817234281E-11));
#5281=CARTESIAN_POINT('',(4.850364535726E2,4.449284601461E2,
-3.478817234281E-11));
#5282=CARTESIAN_POINT('',(4.849801800223E2,4.449190826116E2,
-3.478817234281E-11));
#5283=CARTESIAN_POINT('',(4.849332851984E2,4.449097026933E2,
-3.478817234281E-11));
#5284=CARTESIAN_POINT('',(4.848863915664E2,4.449003227750E2,
-3.478817234281E-11));
#5285=CARTESIAN_POINT('',(4.848394967425E2,4.448815653222E2,
-3.478817234281E-11));
#5286=CARTESIAN_POINT('',(4.848019806450E2,4.448534303349E2,
-3.478817234281E-11));
#5287=CARTESIAN_POINT('',(4.847550870130E2,4.448252929638E2,
-3.478817234281E-11));
#5288=CARTESIAN_POINT('',(4.847175709155E2,4.447877780582E2,
-3.478817234281E-11));
#5289=CARTESIAN_POINT('',(4.846894347363E2,4.447408832343E2,
-3.478817234281E-11));
#5290=CARTESIAN_POINT('',(4.846519186388E2,4.446752309576E2,
-3.478817234281E-11));
#5291=CARTESIAN_POINT('',(4.846144037332E2,4.446001987626E2,
-3.478817234281E-11));
#5292=CARTESIAN_POINT('',(4.845862663621E2,4.445157890331E2,
-3.478817234281E-11));
#5293=CARTESIAN_POINT('',(4.845675089093E2,4.444126218507E2,
-3.478817234281E-11));
#5294=CARTESIAN_POINT('',(4.845487514565E2,4.443000747501E2,
-3.478817234281E-11));
#5295=CARTESIAN_POINT('',(4.845393715382E2,4.441781501150E2,
-3.478817234281E-11));
#5296=CARTESIAN_POINT('',(4.845299928118E2,4.440374656433E2,
-3.478817234281E-11));
#5297=CARTESIAN_POINT('',(4.845299928118E2,4.438967835554E2,
-3.478817234281E-11));
#5299=CARTESIAN_POINT('',(4.874468279742E2,4.419084578014E2,
-3.478817234281E-11));
#5300=CARTESIAN_POINT('',(4.872217349648E2,4.419084578014E2,
-3.478817234281E-11));
#5301=CARTESIAN_POINT('',(4.873342820654E2,4.421147921661E2,
-3.478817234281E-11));
#5302=CARTESIAN_POINT('',(4.874468279742E2,4.423211289144E2,
-3.478817234281E-11));
#5303=CARTESIAN_POINT('',(4.875312388956E2,4.425274632791E2,
-3.478817234281E-11));
#5304=CARTESIAN_POINT('',(4.876062698987E2,4.427244201092E2,
-3.478817234281E-11));
#5305=CARTESIAN_POINT('',(4.876625422571E2,4.429307568576E2,
-3.478817234281E-11));
#5306=CARTESIAN_POINT('',(4.877000583546E2,4.431370912223E2,
-3.478817234281E-11));
#5307=CARTESIAN_POINT('',(4.877281945338E2,4.433528078889E2,
-3.478817234281E-11));
#5308=CARTESIAN_POINT('',(4.877375744521E2,4.435591422536E2,
-3.478817234281E-11));
#5309=CARTESIAN_POINT('',(4.877281945338E2,4.437185841781E2,
-3.478817234281E-11));
#5310=CARTESIAN_POINT('',(4.877188158074E2,4.438780237188E2,
-3.478817234281E-11));
#5311=CARTESIAN_POINT('',(4.876906796282E2,4.440374656433E2,
-3.478817234281E-11));
#5312=CARTESIAN_POINT('',(4.876625422571E2,4.441969075678E2,
-3.478817234281E-11));
#5313=CARTESIAN_POINT('',(4.876250273515E2,4.443188322029E2,
-3.478817234281E-11));
#5314=CARTESIAN_POINT('',(4.875875112540E2,4.444501367564E2,
-3.478817234281E-11));
#5315=CARTESIAN_POINT('',(4.875406176220E2,4.445720637752E2,
-3.478817234281E-11));
#5316=CARTESIAN_POINT('',(4.874937227981E2,4.446939884104E2,
-3.478817234281E-11));
#5317=CARTESIAN_POINT('',(4.874749653453E2,4.447315033160E2,
-3.478817234281E-11));
#5318=CARTESIAN_POINT('',(4.874562067006E2,4.447783981399E2,
-3.478817234281E-11));
#5319=CARTESIAN_POINT('',(4.874280705214E2,4.448346704983E2,
-3.478817234281E-11));
#5320=CARTESIAN_POINT('',(4.873905544239E2,4.449003227750E2,
-3.478817234281E-11));
#5321=CARTESIAN_POINT('',(4.873530395183E2,4.449659750517E2,
-3.478817234281E-11));
#5322=CARTESIAN_POINT('',(4.873155234208E2,4.450410072467E2,
-3.478817234281E-11));
#5323=CARTESIAN_POINT('',(4.872686297887E2,4.451160394417E2,
-3.478817234281E-11));
#5324=CARTESIAN_POINT('',(4.872217349648E2,4.452098267057E2,
-3.478817234281E-11));
#5325=CARTESIAN_POINT('',(4.874468279742E2,4.452098267057E2,
-3.478817234281E-11));
#5326=CARTESIAN_POINT('',(4.875218589773E2,4.450972796051E2,
-3.478817234281E-11));
#5327=CARTESIAN_POINT('',(4.875875112540E2,4.449941124228E2,
-3.478817234281E-11));
#5328=CARTESIAN_POINT('',(4.876531635307E2,4.448815653222E2,
-3.478817234281E-11));
#5329=CARTESIAN_POINT('',(4.877188158074E2,4.447690182216E2,
-3.478817234281E-11));
#5330=CARTESIAN_POINT('',(4.877750893577E2,4.446658510393E2,
-3.478817234281E-11));
#5331=CARTESIAN_POINT('',(4.878219841816E2,4.445533039387E2,
-3.478817234281E-11));
#5332=CARTESIAN_POINT('',(4.878688790055E2,4.444501367564E2,
-3.478817234281E-11));
#5333=CARTESIAN_POINT('',(4.879157726375E2,4.443375896558E2,
-3.478817234281E-11));
#5334=CARTESIAN_POINT('',(4.879720461878E2,4.441500127439E2,
-3.478817234281E-11));
#5335=CARTESIAN_POINT('',(4.880095622853E2,4.439530559138E2,
-3.478817234281E-11));
#5336=CARTESIAN_POINT('',(4.880376984645E2,4.437560990837E2,
-3.478817234281E-11));
#5337=CARTESIAN_POINT('',(4.880470771909E2,4.435591422536E2,
-3.478817234281E-11));
#5338=CARTESIAN_POINT('',(4.880376984645E2,4.434372176184E2,
-3.478817234281E-11));
#5339=CARTESIAN_POINT('',(4.880283197381E2,4.433246705178E2,
-3.478817234281E-11));
#5340=CARTESIAN_POINT('',(4.880189410117E2,4.432121234172E2,
-3.478817234281E-11));
#5341=CARTESIAN_POINT('',(4.880001823670E2,4.430995763166E2,
-3.478817234281E-11));
#5342=CARTESIAN_POINT('',(4.879720461878E2,4.429870292160E2,
-3.478817234281E-11));
#5343=CARTESIAN_POINT('',(4.879439100086E2,4.428744844992E2,
-3.478817234281E-11));
#5344=CARTESIAN_POINT('',(4.879063939111E2,4.427713149331E2,
-3.478817234281E-11));
#5345=CARTESIAN_POINT('',(4.878688790055E2,4.426587678325E2,
-3.478817234281E-11));
#5346=CARTESIAN_POINT('',(4.877750893577E2,4.424618110024E2,
-3.478817234281E-11));
#5347=CARTESIAN_POINT('',(4.876719221754E2,4.422648565560E2,
-3.478817234281E-11));
#5348=CARTESIAN_POINT('',(4.875593750748E2,4.420772772604E2,
-3.478817234281E-11));
#5349=CARTESIAN_POINT('',(4.874468279742E2,4.419084578014E2,
-3.478817234281E-11));
#5351=CARTESIAN_POINT('',(4.910389439524E2,4.426493902980E2,
-3.478817234281E-11));
#5352=CARTESIAN_POINT('',(4.910389439524E2,4.448721877877E2,
-3.478817234281E-11));
#5353=CARTESIAN_POINT('',(4.902136011304E2,4.448721877877E2,
-3.478817234281E-11));
#5354=CARTESIAN_POINT('',(4.902136011304E2,4.451723118001E2,
-3.478817234281E-11));
#5355=CARTESIAN_POINT('',(4.922019262884E2,4.451723118001E2,
-3.478817234281E-11));
#5356=CARTESIAN_POINT('',(4.922019262884E2,4.448721877877E2,
-3.478817234281E-11));
#5357=CARTESIAN_POINT('',(4.913765834664E2,4.448721877877E2,
-3.478817234281E-11));
#5358=CARTESIAN_POINT('',(4.913765834664E2,4.426493902980E2,
-3.478817234281E-11));
#5359=CARTESIAN_POINT('',(4.910389439524E2,4.426493902980E2,
-3.478817234281E-11));
#5361=CARTESIAN_POINT('',(4.925583238511E2,4.426493902980E2,
-3.478817234281E-11));
#5362=CARTESIAN_POINT('',(4.925583238511E2,4.451723118001E2,
-3.478817234281E-11));
#5363=CARTESIAN_POINT('',(4.928959639611E2,4.451723118001E2,
-3.478817234281E-11));
#5364=CARTESIAN_POINT('',(4.928959639611E2,4.441406328256E2,
-3.478817234281E-11));
#5365=CARTESIAN_POINT('',(4.941996301728E2,4.441406328256E2,
-3.478817234281E-11));
#5366=CARTESIAN_POINT('',(4.941996301728E2,4.451723118001E2,
-3.478817234281E-11));
#5367=CARTESIAN_POINT('',(4.945372702828E2,4.451723118001E2,
-3.478817234281E-11));
#5368=CARTESIAN_POINT('',(4.945372702828E2,4.426493902980E2,
-3.478817234281E-11));
#5369=CARTESIAN_POINT('',(4.941996301728E2,4.426493902980E2,
-3.478817234281E-11));
#5370=CARTESIAN_POINT('',(4.941996301728E2,4.438405088132E2,
-3.478817234281E-11));
#5371=CARTESIAN_POINT('',(4.928959639611E2,4.438405088132E2,
-3.478817234281E-11));
#5372=CARTESIAN_POINT('',(4.928959639611E2,4.426493902980E2,
-3.478817234281E-11));
#5373=CARTESIAN_POINT('',(4.925583238511E2,4.426493902980E2,
-3.478817234281E-11));
#5375=CARTESIAN_POINT('',(4.951000037E2,4.426493902980E2,-3.478817234281E-11));
#5376=CARTESIAN_POINT('',(4.951000037E2,4.451723118001E2,-3.478817234281E-11));
#5377=CARTESIAN_POINT('',(4.962160915101E2,4.451723118001E2,
-3.478817234281E-11));
#5378=CARTESIAN_POINT('',(4.962911228112E2,4.451629318819E2,
-3.478817234281E-11));
#5379=CARTESIAN_POINT('',(4.963661538143E2,4.451629318819E2,
-3.478817234281E-11));
#5380=CARTESIAN_POINT('',(4.964411851154E2,4.451535543473E2,
-3.478817234281E-11));
#5381=CARTESIAN_POINT('',(4.965068370941E2,4.451535543473E2,
-3.478817234281E-11));
#5382=CARTESIAN_POINT('',(4.965631106444E2,4.451441744290E2,
-3.478817234281E-11));
#5383=CARTESIAN_POINT('',(4.966193838967E2,4.451254169762E2,
-3.478817234281E-11));
#5384=CARTESIAN_POINT('',(4.966756571491E2,4.451160394417E2,
-3.478817234281E-11));
#5385=CARTESIAN_POINT('',(4.967225516750E2,4.450972796051E2,
-3.478817234281E-11));
#5386=CARTESIAN_POINT('',(4.968069617025E2,4.450597646995E2,
-3.478817234281E-11));
#5387=CARTESIAN_POINT('',(4.968726139792E2,4.450034923411E2,
-3.478817234281E-11));
#5388=CARTESIAN_POINT('',(4.969382662559E2,4.449378400644E2,
-3.478817234281E-11));
#5389=CARTESIAN_POINT('',(4.969945395082E2,4.448628078694E2,
-3.478817234281E-11));
#5390=CARTESIAN_POINT('',(4.970414340342E2,4.447690182216E2,
-3.478817234281E-11));
#5391=CARTESIAN_POINT('',(4.970789495357E2,4.446752309576E2,
-3.478817234281E-11));
#5392=CARTESIAN_POINT('',(4.970977072865E2,4.445814413098E2,
-3.478817234281E-11));
#5393=CARTESIAN_POINT('',(4.971070863109E2,4.444782741274E2,
-3.478817234281E-11));
#5394=CARTESIAN_POINT('',(4.970977072865E2,4.444126218507E2,
-3.478817234281E-11));
#5395=CARTESIAN_POINT('',(4.970883285601E2,4.443469695740E2,
-3.478817234281E-11));
#5396=CARTESIAN_POINT('',(4.970789495357E2,4.442906948319E2,
-3.478817234281E-11));
#5397=CARTESIAN_POINT('',(4.970601917849E2,4.442250425552E2,
-3.478817234281E-11));
#5398=CARTESIAN_POINT('',(4.970320550098E2,4.441781501150E2,
-3.478817234281E-11));
#5399=CARTESIAN_POINT('',(4.970039185326E2,4.441218753728E2,
-3.478817234281E-11));
#5400=CARTESIAN_POINT('',(4.969664030310E2,4.440749805489E2,
-3.478817234281E-11));
#5401=CARTESIAN_POINT('',(4.969288872315E2,4.440280881088E2,
-3.478817234281E-11));
#5402=CARTESIAN_POINT('',(4.968819930036E2,4.439811932849E2,
-3.478817234281E-11));
#5403=CARTESIAN_POINT('',(4.968350984776E2,4.439436759955E2,
-3.478817234281E-11));
#5404=CARTESIAN_POINT('',(4.967788249273E2,4.439061610899E2,
-3.478817234281E-11));
#5405=CARTESIAN_POINT('',(4.967131729486E2,4.438686461843E2,
-3.478817234281E-11));
#5406=CARTESIAN_POINT('',(4.966381416475E2,4.438498887315E2,
-3.478817234281E-11));
#5407=CARTESIAN_POINT('',(4.965631106444E2,4.438217513604E2,
-3.478817234281E-11));
#5408=CARTESIAN_POINT('',(4.964880793433E2,4.438029939076E2,
-3.478817234281E-11));
#5409=CARTESIAN_POINT('',(4.963942905894E2,4.437936139893E2,
-3.478817234281E-11));
#5410=CARTESIAN_POINT('',(4.964599428661E2,4.437560990837E2,
-3.478817234281E-11));
#5411=CARTESIAN_POINT('',(4.965162161185E2,4.437279617126E2,
-3.478817234281E-11));
#5412=CARTESIAN_POINT('',(4.965631106444E2,4.436904468070E2,
-3.478817234281E-11));
#5413=CARTESIAN_POINT('',(4.966006261460E2,4.436623094359E2,
-3.478817234281E-11));
#5414=CARTESIAN_POINT('',(4.966662784227E2,4.435966571592E2,
-3.478817234281E-11));
#5415=CARTESIAN_POINT('',(4.967413094258E2,4.435122474297E2,
-3.478817234281E-11));
#5416=CARTESIAN_POINT('',(4.968069617025E2,4.434278377002E2,
-3.478817234281E-11));
#5417=CARTESIAN_POINT('',(4.968726139792E2,4.433246705178E2,
-3.478817234281E-11));
#5418=CARTESIAN_POINT('',(4.973040428430E2,4.426493902980E2,
-3.478817234281E-11));
#5419=CARTESIAN_POINT('',(4.968913717300E2,4.426493902980E2,
-3.478817234281E-11));
#5420=CARTESIAN_POINT('',(4.965631106444E2,4.431652285933E2,
-3.478817234281E-11));
#5421=CARTESIAN_POINT('',(4.964880793433E2,4.432777756939E2,
-3.478817234281E-11));
#5422=CARTESIAN_POINT('',(4.964318060910E2,4.433715653417E2,
-3.478817234281E-11));
#5423=CARTESIAN_POINT('',(4.963755328387E2,4.434465951530E2,
-3.478817234281E-11));
#5424=CARTESIAN_POINT('',(4.963192592884E2,4.435122474297E2,
-3.478817234281E-11));
#5425=CARTESIAN_POINT('',(4.962723650604E2,4.435685221718E2,
-3.478817234281E-11));
#5426=CARTESIAN_POINT('',(4.962348492609E2,4.436154146120E2,
-3.478817234281E-11));
#5427=CARTESIAN_POINT('',(4.961879550329E2,4.436529319013E2,
-3.478817234281E-11));
#5428=CARTESIAN_POINT('',(4.961504392334E2,4.436810668887E2,
-3.478817234281E-11));
#5429=CARTESIAN_POINT('',(4.960754082303E2,4.437185841781E2,
-3.478817234281E-11));
#5430=CARTESIAN_POINT('',(4.960003772272E2,4.437467191654E2,
-3.478817234281E-11));
#5431=CARTESIAN_POINT('',(4.959722404520E2,4.437560990837E2,
-3.478817234281E-11));
#5432=CARTESIAN_POINT('',(4.959253459261E2,4.437560990837E2,
-3.478817234281E-11));
#5433=CARTESIAN_POINT('',(4.958784514002E2,4.437560990837E2,
-3.478817234281E-11));
#5434=CARTESIAN_POINT('',(4.958127994214E2,4.437654790019E2,
-3.478817234281E-11));
#5435=CARTESIAN_POINT('',(4.954376435120E2,4.437654790019E2,
-3.478817234281E-11));
#5436=CARTESIAN_POINT('',(4.954376435120E2,4.426493902980E2,
-3.478817234281E-11));
#5437=CARTESIAN_POINT('',(4.951000037E2,4.426493902980E2,-3.478817234281E-11));
#5439=CARTESIAN_POINT('',(4.954376435120E2,4.440656030144E2,
-3.478817234281E-11));
#5440=CARTESIAN_POINT('',(4.961410605070E2,4.440656030144E2,
-3.478817234281E-11));
#5441=CARTESIAN_POINT('',(4.962536073096E2,4.440656030144E2,
-3.478817234281E-11));
#5442=CARTESIAN_POINT('',(4.963473960635E2,4.440749805489E2,
-3.478817234281E-11));
#5443=CARTESIAN_POINT('',(4.964318060910E2,4.440843604672E2,
-3.478817234281E-11));
#5444=CARTESIAN_POINT('',(4.964974583677E2,4.441031179200E2,
-3.478817234281E-11));
#5445=CARTESIAN_POINT('',(4.965537316200E2,4.441312552911E2,
-3.478817234281E-11));
#5446=CARTESIAN_POINT('',(4.966100051703E2,4.441687701967E2,
-3.478817234281E-11));
#5447=CARTESIAN_POINT('',(4.966568993983E2,4.442062851024E2,
-3.478817234281E-11));
#5448=CARTESIAN_POINT('',(4.966944151978E2,4.442531799262E2,
-3.478817234281E-11));
#5449=CARTESIAN_POINT('',(4.967225516750E2,4.443094546684E2,
-3.478817234281E-11));
#5450=CARTESIAN_POINT('',(4.967413094258E2,4.443657270268E2,
-3.478817234281E-11));
#5451=CARTESIAN_POINT('',(4.967506884502E2,4.444219993853E2,
-3.478817234281E-11));
#5452=CARTESIAN_POINT('',(4.967600671766E2,4.444782741274E2,
-3.478817234281E-11));
#5453=CARTESIAN_POINT('',(4.967506884502E2,4.445251689513E2,
-3.478817234281E-11));
#5454=CARTESIAN_POINT('',(4.967506884502E2,4.445626838570E2,
-3.478817234281E-11));
#5455=CARTESIAN_POINT('',(4.967413094258E2,4.446095786808E2,
-3.478817234281E-11));
#5456=CARTESIAN_POINT('',(4.967225516750E2,4.446470935865E2,
-3.478817234281E-11));
#5457=CARTESIAN_POINT('',(4.967037939242E2,4.446752309576E2,
-3.478817234281E-11));
#5458=CARTESIAN_POINT('',(4.966850361734E2,4.447127458632E2,
-3.478817234281E-11));
#5459=CARTESIAN_POINT('',(4.966568993983E2,4.447408832343E2,
-3.478817234281E-11));
#5460=CARTESIAN_POINT('',(4.966287629211E2,4.447690182216E2,
-3.478817234281E-11));
#5461=CARTESIAN_POINT('',(4.965912471216E2,4.447971555927E2,
-3.478817234281E-11));
#5462=CARTESIAN_POINT('',(4.965537316200E2,4.448252929638E2,
-3.478817234281E-11));
#5463=CARTESIAN_POINT('',(4.965162161185E2,4.448440504166E2,
-3.478817234281E-11));
#5464=CARTESIAN_POINT('',(4.964599428661E2,4.448534303349E2,
-3.478817234281E-11));
#5465=CARTESIAN_POINT('',(4.964130483402E2,4.448721877877E2,
-3.478817234281E-11));
#5466=CARTESIAN_POINT('',(4.963567750879E2,4.448815653222E2,
-3.478817234281E-11));
#5467=CARTESIAN_POINT('',(4.962911228112E2,4.448815653222E2,
-3.478817234281E-11));
#5468=CARTESIAN_POINT('',(4.962254705345E2,4.448909452405E2,
-3.478817234281E-11));
#5469=CARTESIAN_POINT('',(4.954376435120E2,4.448909452405E2,
-3.478817234281E-11));
#5470=CARTESIAN_POINT('',(4.954376435120E2,4.440656030144E2,
-3.478817234281E-11));
#5472=CARTESIAN_POINT('',(4.992736101013E2,4.451723118001E2,
-3.478817234281E-11));
#5473=CARTESIAN_POINT('',(4.996206290866E2,4.451723118001E2,
-3.478817234281E-11));
#5474=CARTESIAN_POINT('',(4.996206290866E2,4.437092042598E2,
-3.478817234281E-11));
#5475=CARTESIAN_POINT('',(4.996112502112E2,4.436247945303E2,
-3.478817234281E-11));
#5476=CARTESIAN_POINT('',(4.996112502112E2,4.435310048825E2,
-3.478817234281E-11));
#5477=CARTESIAN_POINT('',(4.996018713358E2,4.434465951530E2,
-3.478817234281E-11));
#5478=CARTESIAN_POINT('',(4.995924924232E2,4.433715653417E2,
-3.478817234281E-11));
#5479=CARTESIAN_POINT('',(4.995831135478E2,4.432965331467E2,
-3.478817234281E-11));
#5480=CARTESIAN_POINT('',(4.995643557598E2,4.432308808700E2,
-3.478817234281E-11));
#5481=CARTESIAN_POINT('',(4.995549768472E2,4.431652285933E2,
-3.478817234281E-11));
#5482=CARTESIAN_POINT('',(4.995268401837E2,4.431089562349E2,
-3.478817234281E-11));
#5483=CARTESIAN_POINT('',(4.995080823957E2,4.430526814927E2,
-3.478817234281E-11));
#5484=CARTESIAN_POINT('',(4.994799457323E2,4.430057866688E2,
-3.478817234281E-11));
#5485=CARTESIAN_POINT('',(4.994424301563E2,4.429588942287E2,
-3.478817234281E-11));
#5486=CARTESIAN_POINT('',(4.994142934928E2,4.429119994048E2,
-3.478817234281E-11));
#5487=CARTESIAN_POINT('',(4.993673990042E2,4.428651045809E2,
-3.478817234281E-11));
#5488=CARTESIAN_POINT('',(4.993205045527E2,4.428182097570E2,
-3.478817234281E-11));
#5489=CARTESIAN_POINT('',(4.992736101013E2,4.427806948514E2,
-3.478817234281E-11));
#5490=CARTESIAN_POINT('',(4.992173367745E2,4.427431799457E2,
-3.478817234281E-11));
#5491=CARTESIAN_POINT('',(4.991610634476E2,4.427150425747E2,
-3.478817234281E-11));
#5492=CARTESIAN_POINT('',(4.990954111709E2,4.426869052036E2,
-3.478817234281E-11));
#5493=CARTESIAN_POINT('',(4.990297589687E2,4.426587678325E2,
-3.478817234281E-11));
#5494=CARTESIAN_POINT('',(4.989641066920E2,4.426493902980E2,
-3.478817234281E-11));
#5495=CARTESIAN_POINT('',(4.988890756144E2,4.426400103797E2,
-3.478817234281E-11));
#5496=CARTESIAN_POINT('',(4.988046655869E2,4.426212529269E2,
-3.478817234281E-11));
#5497=CARTESIAN_POINT('',(4.987202555594E2,4.426212529269E2,
-3.478817234281E-11));
#5498=CARTESIAN_POINT('',(4.986358455320E2,4.426118753923E2,
-3.478817234281E-11));
#5499=CARTESIAN_POINT('',(4.985420566291E2,4.426212529269E2,
-3.478817234281E-11));
#5500=CARTESIAN_POINT('',(4.984670254770E2,4.426212529269E2,
-3.478817234281E-11));
#5501=CARTESIAN_POINT('',(4.983826154495E2,4.426306328451E2,
-3.478817234281E-11));
#5502=CARTESIAN_POINT('',(4.983075842974E2,4.426493902980E2,
-3.478817234281E-11));
#5503=CARTESIAN_POINT('',(4.982419321697E2,4.426587678325E2,
-3.478817234281E-11));
#5504=CARTESIAN_POINT('',(4.981762798930E2,4.426775276690E2,
-3.478817234281E-11));
#5505=CARTESIAN_POINT('',(4.981106276163E2,4.426962851218E2,
-3.478817234281E-11));
#5506=CARTESIAN_POINT('',(4.980543542150E2,4.427338000275E2,
-3.478817234281E-11));
#5507=CARTESIAN_POINT('',(4.979980809626E2,4.427619373986E2,
-3.478817234281E-11));
#5508=CARTESIAN_POINT('',(4.979511864367E2,4.427994523042E2,
-3.478817234281E-11));
#5509=CARTESIAN_POINT('',(4.979042920598E2,4.428369672098E2,
-3.478817234281E-11));
#5510=CARTESIAN_POINT('',(4.978573975338E2,4.428744844992E2,
-3.478817234281E-11));
#5511=CARTESIAN_POINT('',(4.978198820323E2,4.429213769393E2,
-3.478817234281E-11));
#5512=CARTESIAN_POINT('',(4.977917452571E2,4.429776516815E2,
-3.478817234281E-11));
#5513=CARTESIAN_POINT('',(4.977636086310E2,4.430245465054E2,
-3.478817234281E-11));
#5514=CARTESIAN_POINT('',(4.977354720048E2,4.430808188638E2,
-3.478817234281E-11));
#5515=CARTESIAN_POINT('',(4.977073352297E2,4.431464711405E2,
-3.478817234281E-11));
#5516=CARTESIAN_POINT('',(4.976885774789E2,4.432121234172E2,
-3.478817234281E-11));
#5517=CARTESIAN_POINT('',(4.976791986035E2,4.432777756939E2,
-3.478817234281E-11));
#5518=CARTESIAN_POINT('',(4.976604408527E2,4.433528078889E2,
-3.478817234281E-11));
#5519=CARTESIAN_POINT('',(4.976510619773E2,4.434372176184E2,
-3.478817234281E-11));
#5520=CARTESIAN_POINT('',(4.976416831019E2,4.435216273479E2,
-3.478817234281E-11));
#5521=CARTESIAN_POINT('',(4.976416831019E2,4.436154146120E2,
-3.478817234281E-11));
#5522=CARTESIAN_POINT('',(4.976416831019E2,4.437092042598E2,
-3.478817234281E-11));
#5523=CARTESIAN_POINT('',(4.976416831019E2,4.451723118001E2,
-3.478817234281E-11));
#5524=CARTESIAN_POINT('',(4.979887020872E2,4.451723118001E2,
-3.478817234281E-11));
#5525=CARTESIAN_POINT('',(4.979887020872E2,4.437185841781E2,
-3.478817234281E-11));
#5526=CARTESIAN_POINT('',(4.979887020872E2,4.436435519831E2,
-3.478817234281E-11));
#5527=CARTESIAN_POINT('',(4.979887020872E2,4.435685221718E2,
-3.478817234281E-11));
#5528=CARTESIAN_POINT('',(4.979887020872E2,4.435028698951E2,
-3.478817234281E-11));
#5529=CARTESIAN_POINT('',(4.979980809626E2,4.434372176184E2,
-3.478817234281E-11));
#5530=CARTESIAN_POINT('',(4.980074598380E2,4.433809428763E2,
-3.478817234281E-11));
#5531=CARTESIAN_POINT('',(4.980168387134E2,4.433246705178E2,
-3.478817234281E-11));
#5532=CARTESIAN_POINT('',(4.980262175888E2,4.432777756939E2,
-3.478817234281E-11));
#5533=CARTESIAN_POINT('',(4.980449753396E2,4.432402607883E2,
-3.478817234281E-11));
#5534=CARTESIAN_POINT('',(4.980824909901E2,4.431652285933E2,
-3.478817234281E-11));
#5535=CARTESIAN_POINT('',(4.981293853671E2,4.430995763166E2,
-3.478817234281E-11));
#5536=CARTESIAN_POINT('',(4.981856587684E2,4.430433039582E2,
-3.478817234281E-11));
#5537=CARTESIAN_POINT('',(4.982513110451E2,4.429964091343E2,
-3.478817234281E-11));
#5538=CARTESIAN_POINT('',(4.983263420482E2,4.429682717632E2,
-3.478817234281E-11));
#5539=CARTESIAN_POINT('',(4.984107520757E2,4.429401343921E2,
-3.478817234281E-11));
#5540=CARTESIAN_POINT('',(4.985045409786E2,4.429213769393E2,
-3.478817234281E-11));
#5541=CARTESIAN_POINT('',(4.986077089058E2,4.429213769393E2,
-3.478817234281E-11));
#5542=CARTESIAN_POINT('',(4.986921189333E2,4.429213769393E2,
-3.478817234281E-11));
#5543=CARTESIAN_POINT('',(4.987671500109E2,4.429307568576E2,
-3.478817234281E-11));
#5544=CARTESIAN_POINT('',(4.988421811630E2,4.429401343921E2,
-3.478817234281E-11));
#5545=CARTESIAN_POINT('',(4.989078333652E2,4.429588942287E2,
-3.478817234281E-11));
#5546=CARTESIAN_POINT('',(4.989734856419E2,4.429776516815E2,
-3.478817234281E-11));
#5547=CARTESIAN_POINT('',(4.990297589687E2,4.430057866688E2,
-3.478817234281E-11));
#5548=CARTESIAN_POINT('',(4.990766534202E2,4.430433039582E2,
-3.478817234281E-11));
#5549=CARTESIAN_POINT('',(4.991141689962E2,4.430808188638E2,
-3.478817234281E-11));
#5550=CARTESIAN_POINT('',(4.991516845723E2,4.431277136877E2,
-3.478817234281E-11));
#5551=CARTESIAN_POINT('',(4.991798211984E2,4.431839860461E2,
-3.478817234281E-11));
#5552=CARTESIAN_POINT('',(4.992079578991E2,4.432496383229E2,
-3.478817234281E-11));
#5553=CARTESIAN_POINT('',(4.992267156499E2,4.433246705178E2,
-3.478817234281E-11));
#5554=CARTESIAN_POINT('',(4.992454734751E2,4.434090802473E2,
-3.478817234281E-11));
#5555=CARTESIAN_POINT('',(4.992548523505E2,4.435028698951E2,
-3.478817234281E-11));
#5556=CARTESIAN_POINT('',(4.992642312259E2,4.436060370775E2,
-3.478817234281E-11));
#5557=CARTESIAN_POINT('',(4.992736101013E2,4.437185841781E2,
-3.478817234281E-11));
#5558=CARTESIAN_POINT('',(4.992736101013E2,4.451723118001E2,
-3.478817234281E-11));
#5560=CARTESIAN_POINT('',(5.040546901634E2,4.618252804311E2,
-3.478817234281E-11));
#5561=CARTESIAN_POINT('',(5.044426889330E2,4.590707190465E2,2.743913031954E0));
#5562=CARTESIAN_POINT('',(5.035284329480E2,4.590937600351E2,2.743913031954E0));
#5563=CARTESIAN_POINT('',(5.040546901634E2,4.618252804311E2,
-3.478817234281E-11));
#5565=CARTESIAN_POINT('',(5.040546901634E2,4.618252804311E2,
-3.478817234281E-11));
#5566=CARTESIAN_POINT('',(5.036985896711E2,4.476952333023E2,
-3.478817234281E-11));
#5568=CARTESIAN_POINT('',(5.036985896711E2,4.476952333023E2,
-3.478817234281E-11));
#5569=CARTESIAN_POINT('',(5.008774005490E2,4.476952333023E2,
-3.478817234281E-11));
#5572=CURVE_STYLE('',#818,POSITIVE_LENGTH_MEASURE(2.E-2),#4);
#5573=PRESENTATION_STYLE_ASSIGNMENT((#5572));
#5574=ANNOTATION_CURVE_OCCURRENCE('Note_2',(#5573),#5571);
#5578=DRAUGHTING_MODEL('Default',(#3377,#5574,#5583,#5585,#5587,#5598,#5599),
#1072);
#5579=MECHANICAL_DESIGN_AND_DRAUGHTING_RELATIONSHIP('','',#5578,#1176);
#5580=CARTESIAN_POINT('',(0.E0,0.E0,0.E0));
#5581=DIRECTION('',(0.E0,0.E0,1.E0));
#5582=DIRECTION('',(1.E0,0.E0,0.E0));
#5583=AXIS2_PLACEMENT_3D('',#5580,#5581,#5582);
#5584=REPRESENTATION_MAP(#5583,#1080);
#5585=MAPPED_ITEM('',#5584,#5583);
#5586=PRESENTATION_STYLE_ASSIGNMENT((.NULL.));
#5587=STYLED_ITEM('',(#5586),#5585);
#5588=CARTESIAN_POINT('',(0.E0,0.E0,0.E0));
#5589=CARTESIAN_POINT('',(-1.193277024328E1,-1.006827489277E1,
4.010655481237E1));
#5590=DIRECTION('',(0.E0,0.E0,1.E0));
#5591=DIRECTION('',(1.E0,0.E0,0.E0));
#5592=AXIS2_PLACEMENT_3D('',#5589,#5590,#5591);
#5594=VIEW_VOLUME(.PARALLEL.,#5588,4.010655481237E1,4.010655481237E1,.T.,0.E0,
.F.,.T.,#5593);
#5595=CARTESIAN_POINT('',(1.131058427085E-1,2.660192424830E0,4.295587837821E1));
#5596=DIRECTION('',(-2.711738920204E-1,-3.007818704648E-1,-9.143276145268E-1));
#5597=DIRECTION('',(-9.600629033078E-1,1.654814065067E-2,2.792944337670E-1));
#5598=AXIS2_PLACEMENT_3D('',#5595,#5596,#5597);
#5599=CAMERA_MODEL_D3('DEFAULT',#5598,#5594);
#5600=DRAUGHTING_MODEL('V_A',(#3377,#5574,#5605,#5607,#5609,#5620,#5621),#1072);
#5601=MECHANICAL_DESIGN_AND_DRAUGHTING_RELATIONSHIP('','',#5600,#1176);
#5602=CARTESIAN_POINT('',(0.E0,0.E0,0.E0));
#5603=DIRECTION('',(0.E0,0.E0,1.E0));
#5604=DIRECTION('',(1.E0,0.E0,0.E0));
#5605=AXIS2_PLACEMENT_3D('',#5602,#5603,#5604);
#5606=REPRESENTATION_MAP(#5605,#1080);
#5607=MAPPED_ITEM('',#5606,#5605);
#5608=PRESENTATION_STYLE_ASSIGNMENT((.NULL.));
#5609=STYLED_ITEM('',(#5608),#5607);
#5610=CARTESIAN_POINT('',(0.E0,0.E0,0.E0));
#5611=CARTESIAN_POINT('',(-1.193277024328E1,-1.006827489277E1,
3.610655481237E1));
#5612=DIRECTION('',(0.E0,0.E0,1.E0));
#5613=DIRECTION('',(1.E0,0.E0,0.E0));
#5614=AXIS2_PLACEMENT_3D('',#5611,#5612,#5613);
#5616=VIEW_VOLUME(.PARALLEL.,#5610,3.610655481237E1,3.610655481237E1,.T.,0.E0,
.F.,.T.,#5615);
#5617=CARTESIAN_POINT('',(-1.193277024328E1,-1.006827489277E1,
3.610655481237E1));
#5618=DIRECTION('',(0.E0,0.E0,-1.E0));
#5619=DIRECTION('',(-1.E0,0.E0,0.E0));
#5620=AXIS2_PLACEMENT_3D('',#5617,#5618,#5619);
#5621=CAMERA_MODEL_D3('FRONT',#5620,#5616);
#5622=DRAUGHTING_MODEL('S_A',(#3377,#5574,#5627,#5629,#5631,#5642,#5643),#1072);
#5623=MECHANICAL_DESIGN_AND_DRAUGHTING_RELATIONSHIP('','',#5622,#1176);
#5624=CARTESIAN_POINT('',(0.E0,0.E0,0.E0));
#5625=DIRECTION('',(0.E0,0.E0,1.E0));
#5626=DIRECTION('',(1.E0,0.E0,0.E0));
#5627=AXIS2_PLACEMENT_3D('',#5624,#5625,#5626);
#5628=REPRESENTATION_MAP(#5627,#1080);
#5629=MAPPED_ITEM('',#5628,#5627);
#5630=PRESENTATION_STYLE_ASSIGNMENT((.NULL.));
#5631=STYLED_ITEM('',(#5630),#5629);
#5632=CARTESIAN_POINT('',(0.E0,0.E0,0.E0));
#5633=CARTESIAN_POINT('',(-1.593277024328E1,-1.006827489277E1,
4.010655481237E1));
#5634=DIRECTION('',(0.E0,0.E0,1.E0));
#5635=DIRECTION('',(1.E0,0.E0,0.E0));
#5636=AXIS2_PLACEMENT_3D('',#5633,#5634,#5635);
#5638=VIEW_VOLUME(.PARALLEL.,#5632,4.010655481237E1,4.010655481237E1,.T.,0.E0,
.F.,.T.,#5637);
#5639=CARTESIAN_POINT('',(-4.010655481237E1,-1.006827489277E1,
-1.593277024328E1));
#5640=DIRECTION('',(1.E0,0.E0,0.E0));
#5641=DIRECTION('',(0.E0,0.E0,-1.E0));
#5642=AXIS2_PLACEMENT_3D('',#5639,#5640,#5641);
#5643=CAMERA_MODEL_D3('LEFT',#5642,#5638);
#5644=DRAUGHTING_MODEL('D_S',(#3377,#5574,#5649,#5651,#5653,#5664,#5665),#1072);
#5645=MECHANICAL_DESIGN_AND_DRAUGHTING_RELATIONSHIP('','',#5644,#1176);
#5646=CARTESIAN_POINT('',(0.E0,0.E0,0.E0));
#5647=DIRECTION('',(0.E0,0.E0,1.E0));
#5648=DIRECTION('',(1.E0,0.E0,0.E0));
#5649=AXIS2_PLACEMENT_3D('',#5646,#5647,#5648);
#5650=REPRESENTATION_MAP(#5649,#1080);
#5651=MAPPED_ITEM('',#5650,#5649);
#5652=PRESENTATION_STYLE_ASSIGNMENT((.NULL.));
#5653=STYLED_ITEM('',(#5652),#5651);
#5654=CARTESIAN_POINT('',(0.E0,0.E0,0.E0));
#5655=CARTESIAN_POINT('',(-1.193277024328E1,-6.068274892767E0,
4.010655481237E1));
#5656=DIRECTION('',(0.E0,0.E0,1.E0));
#5657=DIRECTION('',(1.E0,0.E0,0.E0));
#5658=AXIS2_PLACEMENT_3D('',#5655,#5656,#5657);
#5660=VIEW_VOLUME(.PARALLEL.,#5654,4.010655481237E1,4.010655481237E1,.T.,0.E0,
.F.,.T.,#5659);
#5661=CARTESIAN_POINT('',(-1.193277024328E1,4.010655481237E1,6.068274892767E0));
#5662=DIRECTION('',(0.E0,-1.E0,0.E0));
#5663=DIRECTION('',(-1.E0,0.E0,0.E0));
#5664=AXIS2_PLACEMENT_3D('',#5661,#5662,#5663);
#5665=CAMERA_MODEL_D3('TOP',#5664,#5660);
#5667=GENERAL_PROPERTY('','CAD_APPROVED_BY','user defined attribute');
#5668=GENERAL_PROPERTY_ASSOCIATION('user defined attribute','',#5667,#5666);
#5669=DESCRIPTIVE_REPRESENTATION_ITEM('CAD_APPROVED_BY','-');
#5673=GENERAL_PROPERTY('','CAD_APPROVED_ON','user defined attribute');
#5674=GENERAL_PROPERTY_ASSOCIATION('user defined attribute','',#5673,#5672);
#5675=DESCRIPTIVE_REPRESENTATION_ITEM('CAD_APPROVED_ON','jjjj-mm-dd');
#5679=GENERAL_PROPERTY('','CAD_CHANGE_NO','user defined attribute');
#5680=GENERAL_PROPERTY_ASSOCIATION('user defined attribute','',#5679,#5678);
#5681=DESCRIPTIVE_REPRESENTATION_ITEM('CAD_CHANGE_NO','-');
#5685=GENERAL_PROPERTY('','CAD_CHANGE_TEXT','user defined attribute');
#5686=GENERAL_PROPERTY_ASSOCIATION('user defined attribute','',#5685,#5684);
#5687=DESCRIPTIVE_REPRESENTATION_ITEM('CAD_CHANGE_TEXT','-');
#5691=GENERAL_PROPERTY('','CAD_CREATED_BY','user defined attribute');
#5692=GENERAL_PROPERTY_ASSOCIATION('user defined attribute','',#5691,#5690);
#5693=DESCRIPTIVE_REPRESENTATION_ITEM('CAD_CREATED_BY','-');
#5697=GENERAL_PROPERTY('','CAD_CREATED_ON','user defined attribute');
#5698=GENERAL_PROPERTY_ASSOCIATION('user defined attribute','',#5697,#5696);
#5699=DESCRIPTIVE_REPRESENTATION_ITEM('CAD_CREATED_ON','jjjj-mm-dd');
#5703=GENERAL_PROPERTY('','CAD_LIFECYCLE_STATE','user defined attribute');
#5704=GENERAL_PROPERTY_ASSOCIATION('user defined attribute','',#5703,#5702);
#5705=DESCRIPTIVE_REPRESENTATION_ITEM('CAD_LIFECYCLE_STATE','-');
#5709=GENERAL_PROPERTY('','CAD_MODIFIED_BY','user defined attribute');
#5710=GENERAL_PROPERTY_ASSOCIATION('user defined attribute','',#5709,#5708);
#5711=DESCRIPTIVE_REPRESENTATION_ITEM('CAD_MODIFIED_BY','-');
#5715=GENERAL_PROPERTY('','CAD_MODIFIED_ON','user defined attribute');
#5716=GENERAL_PROPERTY_ASSOCIATION('user defined attribute','',#5715,#5714);
#5717=DESCRIPTIVE_REPRESENTATION_ITEM('CAD_MODIFIED_ON','jjjj-mm-dd');
#5721=GENERAL_PROPERTY('','CAD_REVISION','user defined attribute');
#5722=GENERAL_PROPERTY_ASSOCIATION('user defined attribute','',#5721,#5720);
#5723=DESCRIPTIVE_REPRESENTATION_ITEM('CAD_REVISION','-');
#5727=GENERAL_PROPERTY('','DEPARTMENT','user defined attribute');
#5728=GENERAL_PROPERTY_ASSOCIATION('user defined attribute','',#5727,#5726);
#5729=DESCRIPTIVE_REPRESENTATION_ITEM('DEPARTMENT','DEV');
#5733=GENERAL_PROPERTY('','DESCRIPTION_1_DE','user defined attribute');
#5734=GENERAL_PROPERTY_ASSOCIATION('user defined attribute','',#5733,#5732);
#5735=DESCRIPTIVE_REPRESENTATION_ITEM('DESCRIPTION_1_DE','-');
#5739=GENERAL_PROPERTY('','DESCRIPTION_1_EN','user defined attribute');
#5740=GENERAL_PROPERTY_ASSOCIATION('user defined attribute','',#5739,#5738);
#5741=DESCRIPTIVE_REPRESENTATION_ITEM('DESCRIPTION_1_EN','-');
#5745=GENERAL_PROPERTY('','DESCRIPTION_2_DE','user defined attribute');
#5746=GENERAL_PROPERTY_ASSOCIATION('user defined attribute','',#5745,#5744);
#5747=DESCRIPTIVE_REPRESENTATION_ITEM('DESCRIPTION_2_DE','-');
#5751=GENERAL_PROPERTY('','DESCRIPTION_2_EN','user defined attribute');
#5752=GENERAL_PROPERTY_ASSOCIATION('user defined attribute','',#5751,#5750);
#5753=DESCRIPTIVE_REPRESENTATION_ITEM('DESCRIPTION_2_EN','-');
#5757=GENERAL_PROPERTY('','DRAWING_NO','user defined attribute');
#5758=GENERAL_PROPERTY_ASSOCIATION('user defined attribute','',#5757,#5756);
#5759=DESCRIPTIVE_REPRESENTATION_ITEM('DRAWING_NO','-');
#5763=GENERAL_PROPERTY('','MC_CHECKTYPE','user defined attribute');
#5764=GENERAL_PROPERTY_ASSOCIATION('user defined attribute','',#5763,#5762);
#5765=DESCRIPTIVE_REPRESENTATION_ITEM('MC_CHECKTYPE','SUT_INT_DE');
#5769=GENERAL_PROPERTY('','COATING','user defined attribute');
#5770=GENERAL_PROPERTY_ASSOCIATION('user defined attribute','',#5769,#5768);
#5771=DESCRIPTIVE_REPRESENTATION_ITEM('COATING','-');
#5775=GENERAL_PROPERTY('','COLORING','user defined attribute');
#5776=GENERAL_PROPERTY_ASSOCIATION('user defined attribute','',#5775,#5774);
#5777=DESCRIPTIVE_REPRESENTATION_ITEM('COLORING','-');
#5781=GENERAL_PROPERTY('','DESC_SEMIFINISHED','user defined attribute');
#5782=GENERAL_PROPERTY_ASSOCIATION('user defined attribute','',#5781,#5780);
#5783=DESCRIPTIVE_REPRESENTATION_ITEM('DESC_SEMIFINISHED','-');
#5787=GENERAL_PROPERTY('','DIMENSION','user defined attribute');
#5788=GENERAL_PROPERTY_ASSOCIATION('user defined attribute','',#5787,#5786);
#5789=DESCRIPTIVE_REPRESENTATION_ITEM('DIMENSION','-');
#5793=GENERAL_PROPERTY('','HARDNESS','user defined attribute');
#5794=GENERAL_PROPERTY_ASSOCIATION('user defined attribute','',#5793,#5792);
#5795=DESCRIPTIVE_REPRESENTATION_ITEM('HARDNESS','-');
#5799=GENERAL_PROPERTY('','MASS','user defined attribute');
#5800=GENERAL_PROPERTY_ASSOCIATION('user defined attribute','',#5799,#5798);
#5801=REAL_REPRESENTATION_ITEM('MASS',7.E-3);
#5805=GENERAL_PROPERTY('','MATERIAL','user defined attribute');
#5806=GENERAL_PROPERTY_ASSOCIATION('user defined attribute','',#5805,#5804);
#5807=DESCRIPTIVE_REPRESENTATION_ITEM('MATERIAL','Stahl allg.');
#5811=GENERAL_PROPERTY('','PART_NO','user defined attribute');
#5812=GENERAL_PROPERTY_ASSOCIATION('user defined attribute','',#5811,#5810);
#5813=DESCRIPTIVE_REPRESENTATION_ITEM('PART_NO','-');
#5817=GENERAL_PROPERTY('','PART_NO_SEMIFINISHED','user defined attribute');
#5818=GENERAL_PROPERTY_ASSOCIATION('user defined attribute','',#5817,#5816);
#5819=DESCRIPTIVE_REPRESENTATION_ITEM('PART_NO_SEMIFINISHED','-');
#5823=GENERAL_PROPERTY('','STANDARD','user defined attribute');
#5824=GENERAL_PROPERTY_ASSOCIATION('user defined attribute','',#5823,#5822);
#5825=DESCRIPTIVE_REPRESENTATION_ITEM('STANDARD','-');
#5829=GENERAL_PROPERTY('','STANDARD_DIMENSION','user defined attribute');
#5830=GENERAL_PROPERTY_ASSOCIATION('user defined attribute','',#5829,#5828);
#5831=DESCRIPTIVE_REPRESENTATION_ITEM('STANDARD_DIMENSION','DIN EN ISO 14405');
#5835=GENERAL_PROPERTY('','STANDARD_EDGE','user defined attribute');
#5836=GENERAL_PROPERTY_ASSOCIATION('user defined attribute','',#5835,#5834);
#5837=DESCRIPTIVE_REPRESENTATION_ITEM('STANDARD_EDGE','ISO 13715');
#5841=GENERAL_PROPERTY('','STANDARD_INFO_DE','user defined attribute');
#5842=GENERAL_PROPERTY_ASSOCIATION('user defined attribute','',#5841,#5840);
#5843=DESCRIPTIVE_REPRESENTATION_ITEM('STANDARD_INFO_DE','-');
#5847=GENERAL_PROPERTY('','STANDARD_INFO_EN','user defined attribute');
#5848=GENERAL_PROPERTY_ASSOCIATION('user defined attribute','',#5847,#5846);
#5849=DESCRIPTIVE_REPRESENTATION_ITEM('STANDARD_INFO_EN','-');
#5853=GENERAL_PROPERTY('','STANDARD_SURFACE','user defined attribute');
#5854=GENERAL_PROPERTY_ASSOCIATION('user defined attribute','',#5853,#5852);
#5855=DESCRIPTIVE_REPRESENTATION_ITEM('STANDARD_SURFACE','ISO 1302');
#5859=GENERAL_PROPERTY('','STANDARD_TOL_CLASS','user defined attribute');
#5860=GENERAL_PROPERTY_ASSOCIATION('user defined attribute','',#5859,#5858);
#5861=DESCRIPTIVE_REPRESENTATION_ITEM('STANDARD_TOL_CLASS','ISO 2768-mK');
#5865=GENERAL_PROPERTY('','SUPPLIER','user defined attribute');
#5866=GENERAL_PROPERTY_ASSOCIATION('user defined attribute','',#5865,#5864);
#5867=DESCRIPTIVE_REPRESENTATION_ITEM('SUPPLIER','-');
#5871=GENERAL_PROPERTY('','CLASSIFICATION','user defined attribute');
#5872=GENERAL_PROPERTY_ASSOCIATION('user defined attribute','',#5871,#5870);
#5873=DESCRIPTIVE_REPRESENTATION_ITEM('CLASSIFICATION','FERTIGUNG');
#5877=GENERAL_PROPERTY('','CATEGORY','user defined attribute');
#5878=GENERAL_PROPERTY_ASSOCIATION('user defined attribute','',#5877,#5876);
#5879=INTEGER_REPRESENTATION_ITEM('CATEGORY',1);
#5883=GENERAL_PROPERTY('','PROJECT','user defined attribute');
#5884=GENERAL_PROPERTY_ASSOCIATION('user defined attribute','',#5883,#5882);
#5885=DESCRIPTIVE_REPRESENTATION_ITEM('PROJECT','-');
#5889=GENERAL_PROPERTY('','PROJECT_NO','user defined attribute');
#5890=GENERAL_PROPERTY_ASSOCIATION('user defined attribute','',#5889,#5888);
#5891=DESCRIPTIVE_REPRESENTATION_ITEM('PROJECT_NO','-');
#5895=GENERAL_PROPERTY('','ORDER_CODE','user defined attribute');
#5896=GENERAL_PROPERTY_ASSOCIATION('user defined attribute','',#5895,#5894);
#5897=DESCRIPTIVE_REPRESENTATION_ITEM('ORDER_CODE','-');
#5901=GENERAL_PROPERTY('','STANDARD_WELDING','user defined attribute');
#5902=GENERAL_PROPERTY_ASSOCIATION('user defined attribute','',#5901,#5900);
#5903=DESCRIPTIVE_REPRESENTATION_ITEM('STANDARD_WELDING','ISO 9692');
#5907=GENERAL_PROPERTY('','CUSTOMER','user defined attribute');
#5908=GENERAL_PROPERTY_ASSOCIATION('user defined attribute','',#5907,#5906);
#5909=DESCRIPTIVE_REPRESENTATION_ITEM('CUSTOMER','-');
#5913=GENERAL_PROPERTY('','HEAT_TREATMENT','user defined attribute');
#5914=GENERAL_PROPERTY_ASSOCIATION('user defined attribute','',#5913,#5912);
#5915=DESCRIPTIVE_REPRESENTATION_ITEM('HEAT_TREATMENT','-');
#5919=GENERAL_PROPERTY('','PTC_COMMON_NAME','user defined attribute');
#5920=GENERAL_PROPERTY_ASSOCIATION('user defined attribute','',#5919,#5918);
#5921=DESCRIPTIVE_REPRESENTATION_ITEM('PTC_COMMON_NAME',
'kabelhalterung_6k.prt');
#5925=GENERAL_PROPERTY('','PTC_MASTER_MATERIAL','user defined attribute');
#5926=GENERAL_PROPERTY_ASSOCIATION('user defined attribute','',#5925,#5924);
#5927=DESCRIPTIVE_REPRESENTATION_ITEM('PTC_MASTER_MATERIAL','STAHL_ALLGEMEIN');
#1=COLOUR_RGB('',0.E0,7.450980392157E-1,9.215686274510E-1);
#2=DRAUGHTING_PRE_DEFINED_COLOUR('green');
#3=COLOUR_RGB('',1.1E-2,1.2E-2,1.E0);
#4=COLOUR_RGB('',2.156862745098E-1,0.E0,3.725490196078E-1);
#5=COLOUR_RGB('',4.1E-1,2.61589E-1,1.12848E-1);
#6=COLOUR_RGB('',4.705882352941E-1,3.137254901961E-1,3.333333333333E-1);
#7=COLOUR_RGB('',5.04854E-1,1.5455E-2,1.5455E-2);
#8=COLOUR_RGB('',6.35294E-1,6.86275E-1,7.4902E-1);
#9=COLOUR_RGB('',6.40777E-1,6.40777E-1,6.40777E-1);
#10=COLOUR_RGB('',6.69062E-1,6.69903E-1,6.55217E-1);
#11=COLOUR_RGB('',9.21569E-1,7.05882E-1,4.70588E-1);
#12=DRAUGHTING_PRE_DEFINED_COLOUR('red');
#13=DRAUGHTING_PRE_DEFINED_COLOUR('yellow');
#14=COLOUR_RGB('',1.E0,1.E0,5.3E-1);
#15=COLOUR_RGB('',1.E0,1.E0,9.49E-1);
#16=DRAUGHTING_PRE_DEFINED_COLOUR('white');
#41=CIRCLE('71',#40,1.75E0);
#50=CIRCLE('154',#49,1.7E0);
#55=CIRCLE('155',#54,1.7E0);
#68=CIRCLE('230',#67,1.7E0);
#73=CIRCLE('231',#72,1.7E0);
#142=CIRCLE('78',#141,1.75E0);
#211=CIRCLE('289',#210,1.7E0);
#216=CIRCLE('290',#215,1.7E0);
#277=CIRCLE('350',#276,1.7E0);
#282=CIRCLE('351',#281,1.7E0);
#384=EDGE_CURVE('66',#293,#294,#20,.T.);
#386=EDGE_CURVE('67',#294,#296,#24,.T.);
#388=EDGE_CURVE('68',#296,#298,#28,.T.);
#390=EDGE_CURVE('69',#298,#300,#32,.T.);
#392=EDGE_CURVE('70',#300,#302,#36,.T.);
#394=EDGE_CURVE('71',#302,#293,#41,.T.);
#398=ADVANCED_FACE('65',(#397),#383,.F.);
#405=EDGE_CURVE('80',#293,#305,#45,.T.);
#407=EDGE_CURVE('73',#305,#306,#137,.T.);
#409=EDGE_CURVE('82',#294,#306,#133,.T.);
#413=EDGE_CURVE('154',#317,#318,#50,.T.);
#415=EDGE_CURVE('155',#318,#317,#55,.T.);
#419=ADVANCED_FACE('79',(#412,#418),#403,.T.);
#426=EDGE_CURVE('90',#302,#314,#59,.T.);
#428=EDGE_CURVE('78',#314,#305,#142,.T.);
#433=ADVANCED_FACE('89',(#432),#424,.F.);
#440=EDGE_CURVE('88',#300,#312,#63,.T.);
#442=EDGE_CURVE('77',#312,#314,#146,.T.);
#447=EDGE_CURVE('230',#321,#322,#68,.T.);
#449=EDGE_CURVE('231',#322,#321,#73,.T.);
#453=ADVANCED_FACE('87',(#446,#452),#438,.T.);
#460=EDGE_CURVE('86',#298,#310,#77,.T.);
#462=EDGE_CURVE('76',#310,#312,#150,.T.);
#467=ADVANCED_FACE('85',(#466),#458,.T.);
#474=EDGE_CURVE('84',#296,#308,#81,.T.);
#476=EDGE_CURVE('75',#308,#310,#154,.T.);
#481=EDGE_CURVE('283',#337,#338,#85,.T.);
#483=EDGE_CURVE('284',#338,#340,#89,.T.);
#485=EDGE_CURVE('285',#340,#342,#93,.T.);
#487=EDGE_CURVE('286',#342,#344,#97,.T.);
#489=EDGE_CURVE('287',#344,#346,#101,.T.);
#491=EDGE_CURVE('288',#346,#337,#105,.T.);
#495=EDGE_CURVE('344',#364,#366,#109,.T.);
#497=EDGE_CURVE('349',#374,#364,#113,.T.);
#499=EDGE_CURVE('348',#372,#374,#117,.T.);
#501=EDGE_CURVE('347',#370,#372,#121,.T.);
#503=EDGE_CURVE('346',#368,#370,#125,.T.);
#505=EDGE_CURVE('345',#366,#368,#129,.T.);
#509=ADVANCED_FACE('83',(#480,#494,#508),#472,.T.);
#517=EDGE_CURVE('74',#306,#308,#158,.T.);
#522=ADVANCED_FACE('81',(#521),#514,.T.);
#536=ADVANCED_FACE('72',(#535),#527,.T.);
#543=EDGE_CURVE('293',#337,#325,#162,.T.);
#545=EDGE_CURVE('265',#325,#326,#186,.T.);
#547=EDGE_CURVE('294',#338,#326,#182,.T.);
#551=ADVANCED_FACE('271',(#550),#541,.F.);
#558=EDGE_CURVE('298',#346,#334,#166,.T.);
#560=EDGE_CURVE('270',#334,#325,#190,.T.);
#565=ADVANCED_FACE('281',(#564),#556,.F.);
#572=EDGE_CURVE('297',#344,#332,#170,.T.);
#574=EDGE_CURVE('269',#332,#334,#194,.T.);
#579=ADVANCED_FACE('279',(#578),#570,.F.);
#586=EDGE_CURVE('296',#342,#330,#174,.T.);
#588=EDGE_CURVE('268',#330,#332,#198,.T.);
#593=ADVANCED_FACE('277',(#592),#584,.F.);
#600=EDGE_CURVE('295',#340,#328,#178,.T.);
#602=EDGE_CURVE('267',#328,#330,#202,.T.);
#607=ADVANCED_FACE('275',(#606),#598,.F.);
#615=EDGE_CURVE('266',#326,#328,#206,.T.);
#620=ADVANCED_FACE('273',(#619),#612,.F.);
#634=EDGE_CURVE('289',#349,#350,#211,.T.);
#636=EDGE_CURVE('290',#350,#349,#216,.T.);
#640=ADVANCED_FACE('264',(#633,#639),#625,.T.);
#647=EDGE_CURVE('291',#317,#349,#224,.T.);
#650=EDGE_CURVE('292',#318,#350,#220,.T.);
#654=ADVANCED_FACE('118',(#653),#645,.F.);
#666=ADVANCED_FACE('144',(#665),#659,.F.);
#672=EDGE_CURVE('338',#364,#353,#228,.T.);
#675=EDGE_CURVE('339',#366,#354,#260,.T.);
#677=EDGE_CURVE('326',#353,#354,#236,.T.);
#681=ADVANCED_FACE('314',(#680),#671,.T.);
#688=EDGE_CURVE('331',#362,#353,#256,.T.);
#690=EDGE_CURVE('343',#374,#362,#232,.T.);
#695=ADVANCED_FACE('319',(#694),#686,.T.);
#702=EDGE_CURVE('327',#354,#356,#240,.T.);
#704=EDGE_CURVE('328',#356,#358,#244,.T.);
#706=EDGE_CURVE('329',#358,#360,#248,.T.);
#708=EDGE_CURVE('330',#360,#362,#252,.T.);
#713=EDGE_CURVE('350',#377,#378,#277,.T.);
#715=EDGE_CURVE('351',#378,#377,#282,.T.);
#719=ADVANCED_FACE('313',(#712,#718),#700,.F.);
#727=EDGE_CURVE('340',#368,#356,#264,.T.);
#732=ADVANCED_FACE('315',(#731),#724,.T.);
#740=EDGE_CURVE('341',#370,#358,#268,.T.);
#745=ADVANCED_FACE('316',(#744),#737,.T.);
#753=EDGE_CURVE('342',#372,#360,#272,.T.);
#758=ADVANCED_FACE('317',(#757),#750,.T.);
#770=ADVANCED_FACE('318',(#769),#763,.T.);
#777=EDGE_CURVE('353',#322,#378,#290,.T.);
#780=EDGE_CURVE('352',#321,#377,#286,.T.);
#784=ADVANCED_FACE('174',(#783),#775,.F.);
#796=ADVANCED_FACE('182',(#795),#789,.F.);
#797=CLOSED_SHELL('',(#398,#419,#433,#453,#467,#509,#522,#536,#551,#565,#579,
#593,#607,#620,#640,#654,#666,#681,#695,#719,#732,#745,#758,#770,#784,#796));
#798=MANIFOLD_SOLID_BREP('',#797);
#826=TRIMMED_CURVE('A_PRT_X',#825,(PARAMETER_VALUE(0.E0)),(PARAMETER_VALUE
(1.E0)),.T.,.UNSPECIFIED.);
#834=TRIMMED_CURVE('55',#833,(PARAMETER_VALUE(0.E0)),(PARAMETER_VALUE(1.E0)),
.T.,.UNSPECIFIED.);
#838=COMPOSITE_CURVE_SEGMENT(.CONTINUOUS.,.T.,#834);
#843=TRIMMED_CURVE('56',#842,(PARAMETER_VALUE(0.E0)),(PARAMETER_VALUE(1.E0)),
.T.,.UNSPECIFIED.);
#847=COMPOSITE_CURVE_SEGMENT(.CONTINUOUS.,.T.,#843);
#852=TRIMMED_CURVE('57',#851,(PARAMETER_VALUE(0.E0)),(PARAMETER_VALUE(1.E0)),
.T.,.UNSPECIFIED.);
#856=COMPOSITE_CURVE_SEGMENT(.CONTINUOUS.,.T.,#852);
#861=TRIMMED_CURVE('58',#860,(PARAMETER_VALUE(0.E0)),(PARAMETER_VALUE(1.E0)),
.T.,.UNSPECIFIED.);
#865=COMPOSITE_CURVE_SEGMENT(.CONTINUOUS.,.T.,#861);
#870=TRIMMED_CURVE('59',#869,(PARAMETER_VALUE(0.E0)),(PARAMETER_VALUE(1.E0)),
.T.,.UNSPECIFIED.);
#874=COMPOSITE_CURVE_SEGMENT(.CONTINUOUS.,.T.,#870);
#879=CIRCLE('60',#878,1.75E0);
#880=TRIMMED_CURVE('60',#879,(PARAMETER_VALUE(1.8E2)),(PARAMETER_VALUE(0.E0)),
.F.,.UNSPECIFIED.);
#884=COMPOSITE_CURVE_SEGMENT(.CONTINUOUS.,.T.,#880);
#885=COMPOSITE_CURVE('54',(#838,#847,#856,#865,#874,#884),.F.);
#891=TRIMMED_CURVE('A_1',#890,(PARAMETER_VALUE(0.E0)),(PARAMETER_VALUE(1.E0)),
.T.,.UNSPECIFIED.);
#895=SHAPE_ASPECT('','',#1092,.F.);
#896=PROPERTY_DEFINITION('GEWINDESERIE','user defined attribute',#895);
#900=(LENGTH_UNIT()NAMED_UNIT(*)SI_UNIT(.MILLI.,.METRE.));
#901=(NAMED_UNIT(*)PLANE_ANGLE_UNIT()SI_UNIT($,.RADIAN.));
#904=(NAMED_UNIT(*)SI_UNIT($,.STERADIAN.)SOLID_ANGLE_UNIT());
#906=(GEOMETRIC_REPRESENTATION_CONTEXT(3)GLOBAL_UNCERTAINTY_ASSIGNED_CONTEXT((
#905))GLOBAL_UNIT_ASSIGNED_CONTEXT((#900,#903,#904))REPRESENTATION_CONTEXT
('ID1','3'));
#907=REPRESENTATION('',(#899),#906);
#908=PROPERTY_DEFINITION_REPRESENTATION(#896,#907);
#909=SHAPE_REPRESENTATION('',(#891),#906);
#910=SHAPE_DEFINITION_REPRESENTATION(#895,#909);
#911=SHAPE_ASPECT('','',#1092,.F.);
#912=PROPERTY_DEFINITION('SCHRAUBEN_GROESSE','user defined attribute',#911);
#916=REPRESENTATION('',(#915),#906);
#917=PROPERTY_DEFINITION_REPRESENTATION(#912,#916);
#918=SHAPE_REPRESENTATION('',(#891),#906);
#919=SHAPE_DEFINITION_REPRESENTATION(#911,#918);
#920=SHAPE_ASPECT('','',#1092,.F.);
#921=PROPERTY_DEFINITION('BOHR_DURCHM','user defined attribute',#920);
#924=(LENGTH_UNIT()NAMED_UNIT(*)SI_UNIT(.MILLI.,.METRE.));
#926=REPRESENTATION('',(#925),#906);
#927=PROPERTY_DEFINITION_REPRESENTATION(#921,#926);
#928=SHAPE_REPRESENTATION('',(#891),#906);
#929=SHAPE_DEFINITION_REPRESENTATION(#920,#928);
#930=SHAPE_ASPECT('','',#1092,.F.);
#931=PROPERTY_DEFINITION('KLASSE','user defined attribute',#930);
#935=REPRESENTATION('',(#934),#906);
#936=PROPERTY_DEFINITION_REPRESENTATION(#931,#935);
#937=SHAPE_REPRESENTATION('',(#891),#906);
#938=SHAPE_DEFINITION_REPRESENTATION(#930,#937);
#939=SHAPE_ASPECT('','',#1092,.F.);
#940=PROPERTY_DEFINITION('METRISCH','user defined attribute',#939);
#944=REPRESENTATION('',(#943),#906);
#945=PROPERTY_DEFINITION_REPRESENTATION(#940,#944);
#946=SHAPE_REPRESENTATION('',(#891),#906);
#947=SHAPE_DEFINITION_REPRESENTATION(#939,#946);
#952=TRIMMED_CURVE('A_2',#951,(PARAMETER_VALUE(0.E0)),(PARAMETER_VALUE(1.E0)),
.T.,.UNSPECIFIED.);
#956=SHAPE_ASPECT('','',#1092,.F.);
#957=PROPERTY_DEFINITION('GEWINDESERIE','user defined attribute',#956);
#961=REPRESENTATION('',(#960),#906);
#962=PROPERTY_DEFINITION_REPRESENTATION(#957,#961);
#963=SHAPE_REPRESENTATION('',(#952),#906);
#964=SHAPE_DEFINITION_REPRESENTATION(#956,#963);
#965=SHAPE_ASPECT('','',#1092,.F.);
#966=PROPERTY_DEFINITION('SCHRAUBEN_GROESSE','user defined attribute',#965);
#970=REPRESENTATION('',(#969),#906);
#971=PROPERTY_DEFINITION_REPRESENTATION(#966,#970);
#972=SHAPE_REPRESENTATION('',(#952),#906);
#973=SHAPE_DEFINITION_REPRESENTATION(#965,#972);
#974=SHAPE_ASPECT('','',#1092,.F.);
#975=PROPERTY_DEFINITION('BOHR_DURCHM','user defined attribute',#974);
#978=(LENGTH_UNIT()NAMED_UNIT(*)SI_UNIT(.MILLI.,.METRE.));
#980=REPRESENTATION('',(#979),#906);
#981=PROPERTY_DEFINITION_REPRESENTATION(#975,#980);
#982=SHAPE_REPRESENTATION('',(#952),#906);
#983=SHAPE_DEFINITION_REPRESENTATION(#974,#982);
#984=SHAPE_ASPECT('','',#1092,.F.);
#985=PROPERTY_DEFINITION('KLASSE','user defined attribute',#984);
#989=REPRESENTATION('',(#988),#906);
#990=PROPERTY_DEFINITION_REPRESENTATION(#985,#989);
#991=SHAPE_REPRESENTATION('',(#952),#906);
#992=SHAPE_DEFINITION_REPRESENTATION(#984,#991);
#993=SHAPE_ASPECT('','',#1092,.F.);
#994=PROPERTY_DEFINITION('METRISCH','user defined attribute',#993);
#998=REPRESENTATION('',(#997),#906);
#999=PROPERTY_DEFINITION_REPRESENTATION(#994,#998);
#1000=SHAPE_REPRESENTATION('',(#952),#906);
#1001=SHAPE_DEFINITION_REPRESENTATION(#993,#1000);
#1006=TRIMMED_CURVE('248',#1005,(PARAMETER_VALUE(0.E0)),(PARAMETER_VALUE(1.E0)),
.T.,.UNSPECIFIED.);
#1010=COMPOSITE_CURVE_SEGMENT(.CONTINUOUS.,.T.,#1006);
#1015=TRIMMED_CURVE('249',#1014,(PARAMETER_VALUE(0.E0)),(PARAMETER_VALUE(1.E0)),
.T.,.UNSPECIFIED.);
#1019=COMPOSITE_CURVE_SEGMENT(.CONTINUOUS.,.T.,#1015);
#1024=TRIMMED_CURVE('250',#1023,(PARAMETER_VALUE(0.E0)),(PARAMETER_VALUE(1.E0)),
.T.,.UNSPECIFIED.);
#1028=COMPOSITE_CURVE_SEGMENT(.CONTINUOUS.,.T.,#1024);
#1033=TRIMMED_CURVE('251',#1032,(PARAMETER_VALUE(0.E0)),(PARAMETER_VALUE(1.E0)),
.T.,.UNSPECIFIED.);
#1037=COMPOSITE_CURVE_SEGMENT(.CONTINUOUS.,.T.,#1033);
#1042=TRIMMED_CURVE('252',#1041,(PARAMETER_VALUE(0.E0)),(PARAMETER_VALUE(1.E0)),
.T.,.UNSPECIFIED.);
#1046=COMPOSITE_CURVE_SEGMENT(.CONTINUOUS.,.T.,#1042);
#1051=TRIMMED_CURVE('253',#1050,(PARAMETER_VALUE(0.E0)),(PARAMETER_VALUE(1.E0)),
.T.,.UNSPECIFIED.);
#1055=COMPOSITE_CURVE_SEGMENT(.CONTINUOUS.,.T.,#1051);
#1056=COMPOSITE_CURVE('247',(#1010,#1019,#1028,#1037,#1046,#1055),.F.);
#1066=(LENGTH_UNIT()NAMED_UNIT(*)SI_UNIT(.MILLI.,.METRE.));
#1067=(NAMED_UNIT(*)PLANE_ANGLE_UNIT()SI_UNIT($,.RADIAN.));
#1070=(NAMED_UNIT(*)SI_UNIT($,.STERADIAN.)SOLID_ANGLE_UNIT());
#1072=(GEOMETRIC_REPRESENTATION_CONTEXT(3)GLOBAL_UNCERTAINTY_ASSIGNED_CONTEXT((
#1071))GLOBAL_UNIT_ASSIGNED_CONTEXT((#1066,#1069,#1070))REPRESENTATION_CONTEXT(
'ID2','3'));
#1073=ADVANCED_BREP_SHAPE_REPRESENTATION('',(#798),#1072);
#1074=GEOMETRICALLY_BOUNDED_WIREFRAME_SHAPE_REPRESENTATION('',(#886),#1072);
#1075=CONSTRUCTIVE_GEOMETRY_REPRESENTATION('supplemental geometry',(#803,#808,
#813,#817,#826,#891,#952),#1072);
#1079=AXIS2_PLACEMENT_3D('',#1076,#1077,#1078);
#1080=SHAPE_REPRESENTATION('',(#1079),#1072);
#1091=PRODUCT_DEFINITION('design','',#1090,#1087);
#1092=PRODUCT_DEFINITION_SHAPE('','SHAPE FOR CABLE_CLAMP_2.',#1091);
#1093=SHAPE_ASPECT('','solid data associated with CABLE_CLAMP_2',#1092,.F.);
#1094=PROPERTY_DEFINITION('',
'shape for solid data with which properties are associated',#1093);
#1095=SHAPE_REPRESENTATION('',(#798),#1072);
#1096=SHAPE_DEFINITION_REPRESENTATION(#1094,#1095);
#1097=(LENGTH_UNIT()NAMED_UNIT(*)SI_UNIT(.MILLI.,.METRE.));
#1099=(MASS_UNIT()NAMED_UNIT(*)SI_UNIT(.KILO.,.GRAM.));
#1103=PROPERTY_DEFINITION('material_property','density',#1093);
#1104=REPRESENTATION('density',(#1102),#1072);
#1105=PROPERTY_DEFINITION_REPRESENTATION(#1103,#1104);
#1107=PROPERTY_DEFINITION('material property','material name',#1093);
#1108=REPRESENTATION('material name',(#1106),#1072);
#1109=PROPERTY_DEFINITION_REPRESENTATION(#1107,#1108);
#1110=SHAPE_ASPECT('','solid data associated with CABLE_CLAMP_2',#1092,.F.);
#1111=PROPERTY_DEFINITION('',
'shape for solid data with which properties are associated',#1110);
#1112=SHAPE_REPRESENTATION('',(#798),#1072);
#1113=SHAPE_DEFINITION_REPRESENTATION(#1111,#1112);
#1114=(LENGTH_UNIT()NAMED_UNIT(*)SI_UNIT(.MILLI.,.METRE.));
#1118=PROPERTY_DEFINITION('geometric validation property',
'area of CABLE_CLAMP_2',#1110);
#1119=REPRESENTATION('surface area',(#1117),#1072);
#1120=PROPERTY_DEFINITION_REPRESENTATION(#1118,#1119);
#1121=(LENGTH_UNIT()NAMED_UNIT(*)SI_UNIT(.MILLI.,.METRE.));
#1125=PROPERTY_DEFINITION('geometric validation property',
'volume of CABLE_CLAMP_2',#1110);
#1126=REPRESENTATION('volume',(#1124),#1072);
#1127=PROPERTY_DEFINITION_REPRESENTATION(#1125,#1126);
#1129=PROPERTY_DEFINITION('geometric validation property',
'centroid of CABLE_CLAMP_2',#1110);
#1130=REPRESENTATION('centroid',(#1128),#1072);
#1131=PROPERTY_DEFINITION_REPRESENTATION(#1129,#1130);
#1132=(LENGTH_UNIT()NAMED_UNIT(*)SI_UNIT(.MILLI.,.METRE.));
#1136=PROPERTY_DEFINITION('geometric validation property',
'area of CABLE_CLAMP_2',#1092);
#1137=REPRESENTATION('surface area',(#1135),#1072);
#1138=PROPERTY_DEFINITION_REPRESENTATION(#1136,#1137);
#1139=(LENGTH_UNIT()NAMED_UNIT(*)SI_UNIT(.MILLI.,.METRE.));
#1143=PROPERTY_DEFINITION('geometric validation property',
'volume of CABLE_CLAMP_2',#1092);
#1144=REPRESENTATION('volume',(#1142),#1072);
#1145=PROPERTY_DEFINITION_REPRESENTATION(#1143,#1144);
#1147=PROPERTY_DEFINITION('geometric validation property',
'centroid of CABLE_CLAMP_2',#1092);
#1148=REPRESENTATION('centroid',(#1146),#1072);
#1149=PROPERTY_DEFINITION_REPRESENTATION(#1147,#1148);
#1153=PRODUCT_DEFINITION('design','',#1152,#1087);
#1154=MAKE_FROM_USAGE_OPTION('Assign material STAHL_ALLGEMEIN to CABLE_CLAMP_2',
'make from','',#1091,#1153,1,'',#1157);
#1158=(LENGTH_UNIT()NAMED_UNIT(*)SI_UNIT(.MILLI.,.METRE.));
#1160=(MASS_UNIT()NAMED_UNIT(*)SI_UNIT(.KILO.,.GRAM.));
#1164=PROPERTY_DEFINITION('material_property','density',#1153);
#1165=REPRESENTATION('density',(#1163),#1072);
#1166=PROPERTY_DEFINITION_REPRESENTATION(#1164,#1165);
#1167=SHAPE_DEFINITION_REPRESENTATION(#1092,#1080);
#1210=POLYLINE('',(#1184,#1185,#1186,#1187,#1188,#1189,#1190,#1191,#1192,#1193,
#1194,#1195,#1196,#1197,#1198,#1199,#1200,#1201,#1202,#1203,#1204,#1205,#1206,
#1207,#1208,#1209));
#1381=POLYLINE('',(#1211,#1212,#1213,#1214,#1215,#1216,#1217,#1218,#1219,#1220,
#1221,#1222,#1223,#1224,#1225,#1226,#1227,#1228,#1229,#1230,#1231,#1232,#1233,
#1234,#1235,#1236,#1237,#1238,#1239,#1240,#1241,#1242,#1243,#1244,#1245,#1246,
#1247,#1248,#1249,#1250,#1251,#1252,#1253,#1254,#1255,#1256,#1257,#1258,#1259,
#1260,#1261,#1262,#1263,#1264,#1265,#1266,#1267,#1268,#1269,#1270,#1271,#1272,
#1273,#1274,#1275,#1276,#1277,#1278,#1279,#1280,#1281,#1282,#1283,#1284,#1285,
#1286,#1287,#1288,#1289,#1290,#1291,#1292,#1293,#1294,#1295,#1296,#1297,#1298,
#1299,#1300,#1301,#1302,#1303,#1304,#1305,#1306,#1307,#1308,#1309,#1310,#1311,
#1312,#1313,#1314,#1315,#1316,#1317,#1318,#1319,#1320,#1321,#1322,#1323,#1324,
#1325,#1326,#1327,#1328,#1329,#1330,#1331,#1332,#1333,#1334,#1335,#1336,#1337,
#1338,#1339,#1340,#1341,#1342,#1343,#1344,#1345,#1346,#1347,#1348,#1349,#1350,
#1351,#1352,#1353,#1354,#1355,#1356,#1357,#1358,#1359,#1360,#1361,#1362,#1363,
#1364,#1365,#1366,#1367,#1368,#1369,#1370,#1371,#1372,#1373,#1374,#1375,#1376,
#1377,#1378,#1379,#1380));
#1404=POLYLINE('',(#1382,#1383,#1384,#1385,#1386,#1387,#1388,#1389,#1390,#1391,
#1392,#1393,#1394,#1395,#1396,#1397,#1398,#1399,#1400,#1401,#1402,#1403));
#1410=POLYLINE('',(#1405,#1406,#1407,#1408,#1409));
#1531=POLYLINE('',(#1411,#1412,#1413,#1414,#1415,#1416,#1417,#1418,#1419,#1420,
#1421,#1422,#1423,#1424,#1425,#1426,#1427,#1428,#1429,#1430,#1431,#1432,#1433,
#1434,#1435,#1436,#1437,#1438,#1439,#1440,#1441,#1442,#1443,#1444,#1445,#1446,
#1447,#1448,#1449,#1450,#1451,#1452,#1453,#1454,#1455,#1456,#1457,#1458,#1459,
#1460,#1461,#1462,#1463,#1464,#1465,#1466,#1467,#1468,#1469,#1470,#1471,#1472,
#1473,#1474,#1475,#1476,#1477,#1478,#1479,#1480,#1481,#1482,#1483,#1484,#1485,
#1486,#1487,#1488,#1489,#1490,#1491,#1492,#1493,#1494,#1495,#1496,#1497,#1498,
#1499,#1500,#1501,#1502,#1503,#1504,#1505,#1506,#1507,#1508,#1509,#1510,#1511,
#1512,#1513,#1514,#1515,#1516,#1517,#1518,#1519,#1520,#1521,#1522,#1523,#1524,
#1525,#1526,#1527,#1528,#1529,#1530));
#1537=POLYLINE('',(#1532,#1533,#1534,#1535,#1536));
#1709=POLYLINE('',(#1538,#1539,#1540,#1541,#1542,#1543,#1544,#1545,#1546,#1547,
#1548,#1549,#1550,#1551,#1552,#1553,#1554,#1555,#1556,#1557,#1558,#1559,#1560,
#1561,#1562,#1563,#1564,#1565,#1566,#1567,#1568,#1569,#1570,#1571,#1572,#1573,
#1574,#1575,#1576,#1577,#1578,#1579,#1580,#1581,#1582,#1583,#1584,#1585,#1586,
#1587,#1588,#1589,#1590,#1591,#1592,#1593,#1594,#1595,#1596,#1597,#1598,#1599,
#1600,#1601,#1602,#1603,#1604,#1605,#1606,#1607,#1608,#1609,#1610,#1611,#1612,
#1613,#1614,#1615,#1616,#1617,#1618,#1619,#1620,#1621,#1622,#1623,#1624,#1625,
#1626,#1627,#1628,#1629,#1630,#1631,#1632,#1633,#1634,#1635,#1636,#1637,#1638,
#1639,#1640,#1641,#1642,#1643,#1644,#1645,#1646,#1647,#1648,#1649,#1650,#1651,
#1652,#1653,#1654,#1655,#1656,#1657,#1658,#1659,#1660,#1661,#1662,#1663,#1664,
#1665,#1666,#1667,#1668,#1669,#1670,#1671,#1672,#1673,#1674,#1675,#1676,#1677,
#1678,#1679,#1680,#1681,#1682,#1683,#1684,#1685,#1686,#1687,#1688,#1689,#1690,
#1691,#1692,#1693,#1694,#1695,#1696,#1697,#1698,#1699,#1700,#1701,#1702,#1703,
#1704,#1705,#1706,#1707,#1708));
#1799=POLYLINE('',(#1710,#1711,#1712,#1713,#1714,#1715,#1716,#1717,#1718,#1719,
#1720,#1721,#1722,#1723,#1724,#1725,#1726,#1727,#1728,#1729,#1730,#1731,#1732,
#1733,#1734,#1735,#1736,#1737,#1738,#1739,#1740,#1741,#1742,#1743,#1744,#1745,
#1746,#1747,#1748,#1749,#1750,#1751,#1752,#1753,#1754,#1755,#1756,#1757,#1758,
#1759,#1760,#1761,#1762,#1763,#1764,#1765,#1766,#1767,#1768,#1769,#1770,#1771,
#1772,#1773,#1774,#1775,#1776,#1777,#1778,#1779,#1780,#1781,#1782,#1783,#1784,
#1785,#1786,#1787,#1788,#1789,#1790,#1791,#1792,#1793,#1794,#1795,#1796,#1797,
#1798));
#1861=POLYLINE('',(#1800,#1801,#1802,#1803,#1804,#1805,#1806,#1807,#1808,#1809,
#1810,#1811,#1812,#1813,#1814,#1815,#1816,#1817,#1818,#1819,#1820,#1821,#1822,
#1823,#1824,#1825,#1826,#1827,#1828,#1829,#1830,#1831,#1832,#1833,#1834,#1835,
#1836,#1837,#1838,#1839,#1840,#1841,#1842,#1843,#1844,#1845,#1846,#1847,#1848,
#1849,#1850,#1851,#1852,#1853,#1854,#1855,#1856,#1857,#1858,#1859,#1860));
#1867=POLYLINE('',(#1862,#1863,#1864,#1865,#1866));
#1881=POLYLINE('',(#1868,#1869,#1870,#1871,#1872,#1873,#1874,#1875,#1876,#1877,
#1878,#1879,#1880));
#1926=POLYLINE('',(#1882,#1883,#1884,#1885,#1886,#1887,#1888,#1889,#1890,#1891,
#1892,#1893,#1894,#1895,#1896,#1897,#1898,#1899,#1900,#1901,#1902,#1903,#1904,
#1905,#1906,#1907,#1908,#1909,#1910,#1911,#1912,#1913,#1914,#1915,#1916,#1917,
#1918,#1919,#1920,#1921,#1922,#1923,#1924,#1925));
#1971=POLYLINE('',(#1927,#1928,#1929,#1930,#1931,#1932,#1933,#1934,#1935,#1936,
#1937,#1938,#1939,#1940,#1941,#1942,#1943,#1944,#1945,#1946,#1947,#1948,#1949,
#1950,#1951,#1952,#1953,#1954,#1955,#1956,#1957,#1958,#1959,#1960,#1961,#1962,
#1963,#1964,#1965,#1966,#1967,#1968,#1969,#1970));
#2035=POLYLINE('',(#1972,#1973,#1974,#1975,#1976,#1977,#1978,#1979,#1980,#1981,
#1982,#1983,#1984,#1985,#1986,#1987,#1988,#1989,#1990,#1991,#1992,#1993,#1994,
#1995,#1996,#1997,#1998,#1999,#2000,#2001,#2002,#2003,#2004,#2005,#2006,#2007,
#2008,#2009,#2010,#2011,#2012,#2013,#2014,#2015,#2016,#2017,#2018,#2019,#2020,
#2021,#2022,#2023,#2024,#2025,#2026,#2027,#2028,#2029,#2030,#2031,#2032,#2033,
#2034));
#2068=POLYLINE('',(#2036,#2037,#2038,#2039,#2040,#2041,#2042,#2043,#2044,#2045,
#2046,#2047,#2048,#2049,#2050,#2051,#2052,#2053,#2054,#2055,#2056,#2057,#2058,
#2059,#2060,#2061,#2062,#2063,#2064,#2065,#2066,#2067));
#2074=POLYLINE('',(#2069,#2070,#2071,#2072,#2073));
#2082=POLYLINE('',(#2075,#2076,#2077,#2078,#2079,#2080,#2081));
#2090=POLYLINE('',(#2083,#2084,#2085,#2086,#2087,#2088,#2089));
#2214=POLYLINE('',(#2091,#2092,#2093,#2094,#2095,#2096,#2097,#2098,#2099,#2100,
#2101,#2102,#2103,#2104,#2105,#2106,#2107,#2108,#2109,#2110,#2111,#2112,#2113,
#2114,#2115,#2116,#2117,#2118,#2119,#2120,#2121,#2122,#2123,#2124,#2125,#2126,
#2127,#2128,#2129,#2130,#2131,#2132,#2133,#2134,#2135,#2136,#2137,#2138,#2139,
#2140,#2141,#2142,#2143,#2144,#2145,#2146,#2147,#2148,#2149,#2150,#2151,#2152,
#2153,#2154,#2155,#2156,#2157,#2158,#2159,#2160,#2161,#2162,#2163,#2164,#2165,
#2166,#2167,#2168,#2169,#2170,#2171,#2172,#2173,#2174,#2175,#2176,#2177,#2178,
#2179,#2180,#2181,#2182,#2183,#2184,#2185,#2186,#2187,#2188,#2189,#2190,#2191,
#2192,#2193,#2194,#2195,#2196,#2197,#2198,#2199,#2200,#2201,#2202,#2203,#2204,
#2205,#2206,#2207,#2208,#2209,#2210,#2211,#2212,#2213));
#2220=POLYLINE('',(#2215,#2216,#2217,#2218,#2219));
#2341=POLYLINE('',(#2221,#2222,#2223,#2224,#2225,#2226,#2227,#2228,#2229,#2230,
#2231,#2232,#2233,#2234,#2235,#2236,#2237,#2238,#2239,#2240,#2241,#2242,#2243,
#2244,#2245,#2246,#2247,#2248,#2249,#2250,#2251,#2252,#2253,#2254,#2255,#2256,
#2257,#2258,#2259,#2260,#2261,#2262,#2263,#2264,#2265,#2266,#2267,#2268,#2269,
#2270,#2271,#2272,#2273,#2274,#2275,#2276,#2277,#2278,#2279,#2280,#2281,#2282,
#2283,#2284,#2285,#2286,#2287,#2288,#2289,#2290,#2291,#2292,#2293,#2294,#2295,
#2296,#2297,#2298,#2299,#2300,#2301,#2302,#2303,#2304,#2305,#2306,#2307,#2308,
#2309,#2310,#2311,#2312,#2313,#2314,#2315,#2316,#2317,#2318,#2319,#2320,#2321,
#2322,#2323,#2324,#2325,#2326,#2327,#2328,#2329,#2330,#2331,#2332,#2333,#2334,
#2335,#2336,#2337,#2338,#2339,#2340));
#2386=POLYLINE('',(#2342,#2343,#2344,#2345,#2346,#2347,#2348,#2349,#2350,#2351,
#2352,#2353,#2354,#2355,#2356,#2357,#2358,#2359,#2360,#2361,#2362,#2363,#2364,
#2365,#2366,#2367,#2368,#2369,#2370,#2371,#2372,#2373,#2374,#2375,#2376,#2377,
#2378,#2379,#2380,#2381,#2382,#2383,#2384,#2385));
#2431=POLYLINE('',(#2387,#2388,#2389,#2390,#2391,#2392,#2393,#2394,#2395,#2396,
#2397,#2398,#2399,#2400,#2401,#2402,#2403,#2404,#2405,#2406,#2407,#2408,#2409,
#2410,#2411,#2412,#2413,#2414,#2415,#2416,#2417,#2418,#2419,#2420,#2421,#2422,
#2423,#2424,#2425,#2426,#2427,#2428,#2429,#2430));
#2495=POLYLINE('',(#2432,#2433,#2434,#2435,#2436,#2437,#2438,#2439,#2440,#2441,
#2442,#2443,#2444,#2445,#2446,#2447,#2448,#2449,#2450,#2451,#2452,#2453,#2454,
#2455,#2456,#2457,#2458,#2459,#2460,#2461,#2462,#2463,#2464,#2465,#2466,#2467,
#2468,#2469,#2470,#2471,#2472,#2473,#2474,#2475,#2476,#2477,#2478,#2479,#2480,
#2481,#2482,#2483,#2484,#2485,#2486,#2487,#2488,#2489,#2490,#2491,#2492,#2493,
#2494));
#2528=POLYLINE('',(#2496,#2497,#2498,#2499,#2500,#2501,#2502,#2503,#2504,#2505,
#2506,#2507,#2508,#2509,#2510,#2511,#2512,#2513,#2514,#2515,#2516,#2517,#2518,
#2519,#2520,#2521,#2522,#2523,#2524,#2525,#2526,#2527));
#2534=POLYLINE('',(#2529,#2530,#2531,#2532,#2533));
#2542=POLYLINE('',(#2535,#2536,#2537,#2538,#2539,#2540,#2541));
#2550=POLYLINE('',(#2543,#2544,#2545,#2546,#2547,#2548,#2549));
#2602=POLYLINE('',(#2551,#2552,#2553,#2554,#2555,#2556,#2557,#2558,#2559,#2560,
#2561,#2562,#2563,#2564,#2565,#2566,#2567,#2568,#2569,#2570,#2571,#2572,#2573,
#2574,#2575,#2576,#2577,#2578,#2579,#2580,#2581,#2582,#2583,#2584,#2585,#2586,
#2587,#2588,#2589,#2590,#2591,#2592,#2593,#2594,#2595,#2596,#2597,#2598,#2599,
#2600,#2601));
#2773=POLYLINE('',(#2603,#2604,#2605,#2606,#2607,#2608,#2609,#2610,#2611,#2612,
#2613,#2614,#2615,#2616,#2617,#2618,#2619,#2620,#2621,#2622,#2623,#2624,#2625,
#2626,#2627,#2628,#2629,#2630,#2631,#2632,#2633,#2634,#2635,#2636,#2637,#2638,
#2639,#2640,#2641,#2642,#2643,#2644,#2645,#2646,#2647,#2648,#2649,#2650,#2651,
#2652,#2653,#2654,#2655,#2656,#2657,#2658,#2659,#2660,#2661,#2662,#2663,#2664,
#2665,#2666,#2667,#2668,#2669,#2670,#2671,#2672,#2673,#2674,#2675,#2676,#2677,
#2678,#2679,#2680,#2681,#2682,#2683,#2684,#2685,#2686,#2687,#2688,#2689,#2690,
#2691,#2692,#2693,#2694,#2695,#2696,#2697,#2698,#2699,#2700,#2701,#2702,#2703,
#2704,#2705,#2706,#2707,#2708,#2709,#2710,#2711,#2712,#2713,#2714,#2715,#2716,
#2717,#2718,#2719,#2720,#2721,#2722,#2723,#2724,#2725,#2726,#2727,#2728,#2729,
#2730,#2731,#2732,#2733,#2734,#2735,#2736,#2737,#2738,#2739,#2740,#2741,#2742,
#2743,#2744,#2745,#2746,#2747,#2748,#2749,#2750,#2751,#2752,#2753,#2754,#2755,
#2756,#2757,#2758,#2759,#2760,#2761,#2762,#2763,#2764,#2765,#2766,#2767,#2768,
#2769,#2770,#2771,#2772));
#2779=POLYLINE('',(#2774,#2775,#2776,#2777,#2778));
#2792=POLYLINE('',(#2780,#2781,#2782,#2783,#2784,#2785,#2786,#2787,#2788,#2789,
#2790,#2791));
#2797=POLYLINE('',(#2793,#2794,#2795,#2796));
#2883=POLYLINE('',(#2798,#2799,#2800,#2801,#2802,#2803,#2804,#2805,#2806,#2807,
#2808,#2809,#2810,#2811,#2812,#2813,#2814,#2815,#2816,#2817,#2818,#2819,#2820,
#2821,#2822,#2823,#2824,#2825,#2826,#2827,#2828,#2829,#2830,#2831,#2832,#2833,
#2834,#2835,#2836,#2837,#2838,#2839,#2840,#2841,#2842,#2843,#2844,#2845,#2846,
#2847,#2848,#2849,#2850,#2851,#2852,#2853,#2854,#2855,#2856,#2857,#2858,#2859,
#2860,#2861,#2862,#2863,#2864,#2865,#2866,#2867,#2868,#2869,#2870,#2871,#2872,
#2873,#2874,#2875,#2876,#2877,#2878,#2879,#2880,#2881,#2882));
#2949=POLYLINE('',(#2884,#2885,#2886,#2887,#2888,#2889,#2890,#2891,#2892,#2893,
#2894,#2895,#2896,#2897,#2898,#2899,#2900,#2901,#2902,#2903,#2904,#2905,#2906,
#2907,#2908,#2909,#2910,#2911,#2912,#2913,#2914,#2915,#2916,#2917,#2918,#2919,
#2920,#2921,#2922,#2923,#2924,#2925,#2926,#2927,#2928,#2929,#2930,#2931,#2932,
#2933,#2934,#2935,#2936,#2937,#2938,#2939,#2940,#2941,#2942,#2943,#2944,#2945,
#2946,#2947,#2948));
#3035=POLYLINE('',(#2950,#2951,#2952,#2953,#2954,#2955,#2956,#2957,#2958,#2959,
#2960,#2961,#2962,#2963,#2964,#2965,#2966,#2967,#2968,#2969,#2970,#2971,#2972,
#2973,#2974,#2975,#2976,#2977,#2978,#2979,#2980,#2981,#2982,#2983,#2984,#2985,
#2986,#2987,#2988,#2989,#2990,#2991,#2992,#2993,#2994,#2995,#2996,#2997,#2998,
#2999,#3000,#3001,#3002,#3003,#3004,#3005,#3006,#3007,#3008,#3009,#3010,#3011,
#3012,#3013,#3014,#3015,#3016,#3017,#3018,#3019,#3020,#3021,#3022,#3023,#3024,
#3025,#3026,#3027,#3028,#3029,#3030,#3031,#3032,#3033,#3034));
#3101=POLYLINE('',(#3036,#3037,#3038,#3039,#3040,#3041,#3042,#3043,#3044,#3045,
#3046,#3047,#3048,#3049,#3050,#3051,#3052,#3053,#3054,#3055,#3056,#3057,#3058,
#3059,#3060,#3061,#3062,#3063,#3064,#3065,#3066,#3067,#3068,#3069,#3070,#3071,
#3072,#3073,#3074,#3075,#3076,#3077,#3078,#3079,#3080,#3081,#3082,#3083,#3084,
#3085,#3086,#3087,#3088,#3089,#3090,#3091,#3092,#3093,#3094,#3095,#3096,#3097,
#3098,#3099,#3100));
#3153=POLYLINE('',(#3102,#3103,#3104,#3105,#3106,#3107,#3108,#3109,#3110,#3111,
#3112,#3113,#3114,#3115,#3116,#3117,#3118,#3119,#3120,#3121,#3122,#3123,#3124,
#3125,#3126,#3127,#3128,#3129,#3130,#3131,#3132,#3133,#3134,#3135,#3136,#3137,
#3138,#3139,#3140,#3141,#3142,#3143,#3144,#3145,#3146,#3147,#3148,#3149,#3150,
#3151,#3152));
#3163=POLYLINE('',(#3154,#3155,#3156,#3157,#3158,#3159,#3160,#3161,#3162));
#3177=POLYLINE('',(#3164,#3165,#3166,#3167,#3168,#3169,#3170,#3171,#3172,#3173,
#3174,#3175,#3176));
#3241=POLYLINE('',(#3178,#3179,#3180,#3181,#3182,#3183,#3184,#3185,#3186,#3187,
#3188,#3189,#3190,#3191,#3192,#3193,#3194,#3195,#3196,#3197,#3198,#3199,#3200,
#3201,#3202,#3203,#3204,#3205,#3206,#3207,#3208,#3209,#3210,#3211,#3212,#3213,
#3214,#3215,#3216,#3217,#3218,#3219,#3220,#3221,#3222,#3223,#3224,#3225,#3226,
#3227,#3228,#3229,#3230,#3231,#3232,#3233,#3234,#3235,#3236,#3237,#3238,#3239,
#3240));
#3274=POLYLINE('',(#3242,#3243,#3244,#3245,#3246,#3247,#3248,#3249,#3250,#3251,
#3252,#3253,#3254,#3255,#3256,#3257,#3258,#3259,#3260,#3261,#3262,#3263,#3264,
#3265,#3266,#3267,#3268,#3269,#3270,#3271,#3272,#3273));
#3362=POLYLINE('',(#3275,#3276,#3277,#3278,#3279,#3280,#3281,#3282,#3283,#3284,
#3285,#3286,#3287,#3288,#3289,#3290,#3291,#3292,#3293,#3294,#3295,#3296,#3297,
#3298,#3299,#3300,#3301,#3302,#3303,#3304,#3305,#3306,#3307,#3308,#3309,#3310,
#3311,#3312,#3313,#3314,#3315,#3316,#3317,#3318,#3319,#3320,#3321,#3322,#3323,
#3324,#3325,#3326,#3327,#3328,#3329,#3330,#3331,#3332,#3333,#3334,#3335,#3336,
#3337,#3338,#3339,#3340,#3341,#3342,#3343,#3344,#3345,#3346,#3347,#3348,#3349,
#3350,#3351,#3352,#3353,#3354,#3355,#3356,#3357,#3358,#3359,#3360,#3361));
#3367=POLYLINE('',(#3363,#3364,#3365,#3366));
#3370=POLYLINE('',(#3368,#3369));
#3373=POLYLINE('',(#3371,#3372));
#3374=GEOMETRIC_CURVE_SET('note',(#1210,#1381,#1404,#1410,#1531,#1537,#1709,
#1799,#1861,#1867,#1881,#1926,#1971,#2035,#2068,#2074,#2082,#2090,#2214,#2220,
#2341,#2386,#2431,#2495,#2528,#2534,#2542,#2550,#2602,#2773,#2779,#2792,#2797,
#2883,#2949,#3035,#3101,#3153,#3163,#3177,#3241,#3274,#3362,#3367,#3370,#3373));
#3378=SHAPE_ASPECT('','aspect to capture model element for association',#1092,
.T.);
#3379=DRAUGHTING_MODEL_ITEM_ASSOCIATION('','',#3378,#1176,#3377);
#3380=ITEM_IDENTIFIED_REPRESENTATION_USAGE('',$,#3378,#1073,SET_REPRESENTATION_ITEM((#654,#666)));
#3407=POLYLINE('',(#3381,#3382,#3383,#3384,#3385,#3386,#3387,#3388,#3389,#3390,
#3391,#3392,#3393,#3394,#3395,#3396,#3397,#3398,#3399,#3400,#3401,#3402,#3403,
#3404,#3405,#3406));
#3578=POLYLINE('',(#3408,#3409,#3410,#3411,#3412,#3413,#3414,#3415,#3416,#3417,
#3418,#3419,#3420,#3421,#3422,#3423,#3424,#3425,#3426,#3427,#3428,#3429,#3430,
#3431,#3432,#3433,#3434,#3435,#3436,#3437,#3438,#3439,#3440,#3441,#3442,#3443,
#3444,#3445,#3446,#3447,#3448,#3449,#3450,#3451,#3452,#3453,#3454,#3455,#3456,
#3457,#3458,#3459,#3460,#3461,#3462,#3463,#3464,#3465,#3466,#3467,#3468,#3469,
#3470,#3471,#3472,#3473,#3474,#3475,#3476,#3477,#3478,#3479,#3480,#3481,#3482,
#3483,#3484,#3485,#3486,#3487,#3488,#3489,#3490,#3491,#3492,#3493,#3494,#3495,
#3496,#3497,#3498,#3499,#3500,#3501,#3502,#3503,#3504,#3505,#3506,#3507,#3508,
#3509,#3510,#3511,#3512,#3513,#3514,#3515,#3516,#3517,#3518,#3519,#3520,#3521,
#3522,#3523,#3524,#3525,#3526,#3527,#3528,#3529,#3530,#3531,#3532,#3533,#3534,
#3535,#3536,#3537,#3538,#3539,#3540,#3541,#3542,#3543,#3544,#3545,#3546,#3547,
#3548,#3549,#3550,#3551,#3552,#3553,#3554,#3555,#3556,#3557,#3558,#3559,#3560,
#3561,#3562,#3563,#3564,#3565,#3566,#3567,#3568,#3569,#3570,#3571,#3572,#3573,
#3574,#3575,#3576,#3577));
#3601=POLYLINE('',(#3579,#3580,#3581,#3582,#3583,#3584,#3585,#3586,#3587,#3588,
#3589,#3590,#3591,#3592,#3593,#3594,#3595,#3596,#3597,#3598,#3599,#3600));
#3607=POLYLINE('',(#3602,#3603,#3604,#3605,#3606));
#3728=POLYLINE('',(#3608,#3609,#3610,#3611,#3612,#3613,#3614,#3615,#3616,#3617,
#3618,#3619,#3620,#3621,#3622,#3623,#3624,#3625,#3626,#3627,#3628,#3629,#3630,
#3631,#3632,#3633,#3634,#3635,#3636,#3637,#3638,#3639,#3640,#3641,#3642,#3643,
#3644,#3645,#3646,#3647,#3648,#3649,#3650,#3651,#3652,#3653,#3654,#3655,#3656,
#3657,#3658,#3659,#3660,#3661,#3662,#3663,#3664,#3665,#3666,#3667,#3668,#3669,
#3670,#3671,#3672,#3673,#3674,#3675,#3676,#3677,#3678,#3679,#3680,#3681,#3682,
#3683,#3684,#3685,#3686,#3687,#3688,#3689,#3690,#3691,#3692,#3693,#3694,#3695,
#3696,#3697,#3698,#3699,#3700,#3701,#3702,#3703,#3704,#3705,#3706,#3707,#3708,
#3709,#3710,#3711,#3712,#3713,#3714,#3715,#3716,#3717,#3718,#3719,#3720,#3721,
#3722,#3723,#3724,#3725,#3726,#3727));
#3734=POLYLINE('',(#3729,#3730,#3731,#3732,#3733));
#3906=POLYLINE('',(#3735,#3736,#3737,#3738,#3739,#3740,#3741,#3742,#3743,#3744,
#3745,#3746,#3747,#3748,#3749,#3750,#3751,#3752,#3753,#3754,#3755,#3756,#3757,
#3758,#3759,#3760,#3761,#3762,#3763,#3764,#3765,#3766,#3767,#3768,#3769,#3770,
#3771,#3772,#3773,#3774,#3775,#3776,#3777,#3778,#3779,#3780,#3781,#3782,#3783,
#3784,#3785,#3786,#3787,#3788,#3789,#3790,#3791,#3792,#3793,#3794,#3795,#3796,
#3797,#3798,#3799,#3800,#3801,#3802,#3803,#3804,#3805,#3806,#3807,#3808,#3809,
#3810,#3811,#3812,#3813,#3814,#3815,#3816,#3817,#3818,#3819,#3820,#3821,#3822,
#3823,#3824,#3825,#3826,#3827,#3828,#3829,#3830,#3831,#3832,#3833,#3834,#3835,
#3836,#3837,#3838,#3839,#3840,#3841,#3842,#3843,#3844,#3845,#3846,#3847,#3848,
#3849,#3850,#3851,#3852,#3853,#3854,#3855,#3856,#3857,#3858,#3859,#3860,#3861,
#3862,#3863,#3864,#3865,#3866,#3867,#3868,#3869,#3870,#3871,#3872,#3873,#3874,
#3875,#3876,#3877,#3878,#3879,#3880,#3881,#3882,#3883,#3884,#3885,#3886,#3887,
#3888,#3889,#3890,#3891,#3892,#3893,#3894,#3895,#3896,#3897,#3898,#3899,#3900,
#3901,#3902,#3903,#3904,#3905));
#3996=POLYLINE('',(#3907,#3908,#3909,#3910,#3911,#3912,#3913,#3914,#3915,#3916,
#3917,#3918,#3919,#3920,#3921,#3922,#3923,#3924,#3925,#3926,#3927,#3928,#3929,
#3930,#3931,#3932,#3933,#3934,#3935,#3936,#3937,#3938,#3939,#3940,#3941,#3942,
#3943,#3944,#3945,#3946,#3947,#3948,#3949,#3950,#3951,#3952,#3953,#3954,#3955,
#3956,#3957,#3958,#3959,#3960,#3961,#3962,#3963,#3964,#3965,#3966,#3967,#3968,
#3969,#3970,#3971,#3972,#3973,#3974,#3975,#3976,#3977,#3978,#3979,#3980,#3981,
#3982,#3983,#3984,#3985,#3986,#3987,#3988,#3989,#3990,#3991,#3992,#3993,#3994,
#3995));
#4058=POLYLINE('',(#3997,#3998,#3999,#4000,#4001,#4002,#4003,#4004,#4005,#4006,
#4007,#4008,#4009,#4010,#4011,#4012,#4013,#4014,#4015,#4016,#4017,#4018,#4019,
#4020,#4021,#4022,#4023,#4024,#4025,#4026,#4027,#4028,#4029,#4030,#4031,#4032,
#4033,#4034,#4035,#4036,#4037,#4038,#4039,#4040,#4041,#4042,#4043,#4044,#4045,
#4046,#4047,#4048,#4049,#4050,#4051,#4052,#4053,#4054,#4055,#4056,#4057));
#4064=POLYLINE('',(#4059,#4060,#4061,#4062,#4063));
#4078=POLYLINE('',(#4065,#4066,#4067,#4068,#4069,#4070,#4071,#4072,#4073,#4074,
#4075,#4076,#4077));
#4123=POLYLINE('',(#4079,#4080,#4081,#4082,#4083,#4084,#4085,#4086,#4087,#4088,
#4089,#4090,#4091,#4092,#4093,#4094,#4095,#4096,#4097,#4098,#4099,#4100,#4101,
#4102,#4103,#4104,#4105,#4106,#4107,#4108,#4109,#4110,#4111,#4112,#4113,#4114,
#4115,#4116,#4117,#4118,#4119,#4120,#4121,#4122));
#4168=POLYLINE('',(#4124,#4125,#4126,#4127,#4128,#4129,#4130,#4131,#4132,#4133,
#4134,#4135,#4136,#4137,#4138,#4139,#4140,#4141,#4142,#4143,#4144,#4145,#4146,
#4147,#4148,#4149,#4150,#4151,#4152,#4153,#4154,#4155,#4156,#4157,#4158,#4159,
#4160,#4161,#4162,#4163,#4164,#4165,#4166,#4167));
#4232=POLYLINE('',(#4169,#4170,#4171,#4172,#4173,#4174,#4175,#4176,#4177,#4178,
#4179,#4180,#4181,#4182,#4183,#4184,#4185,#4186,#4187,#4188,#4189,#4190,#4191,
#4192,#4193,#4194,#4195,#4196,#4197,#4198,#4199,#4200,#4201,#4202,#4203,#4204,
#4205,#4206,#4207,#4208,#4209,#4210,#4211,#4212,#4213,#4214,#4215,#4216,#4217,
#4218,#4219,#4220,#4221,#4222,#4223,#4224,#4225,#4226,#4227,#4228,#4229,#4230,
#4231));
#4265=POLYLINE('',(#4233,#4234,#4235,#4236,#4237,#4238,#4239,#4240,#4241,#4242,
#4243,#4244,#4245,#4246,#4247,#4248,#4249,#4250,#4251,#4252,#4253,#4254,#4255,
#4256,#4257,#4258,#4259,#4260,#4261,#4262,#4263,#4264));
#4271=POLYLINE('',(#4266,#4267,#4268,#4269,#4270));
#4279=POLYLINE('',(#4272,#4273,#4274,#4275,#4276,#4277,#4278));
#4287=POLYLINE('',(#4280,#4281,#4282,#4283,#4284,#4285,#4286));
#4411=POLYLINE('',(#4288,#4289,#4290,#4291,#4292,#4293,#4294,#4295,#4296,#4297,
#4298,#4299,#4300,#4301,#4302,#4303,#4304,#4305,#4306,#4307,#4308,#4309,#4310,
#4311,#4312,#4313,#4314,#4315,#4316,#4317,#4318,#4319,#4320,#4321,#4322,#4323,
#4324,#4325,#4326,#4327,#4328,#4329,#4330,#4331,#4332,#4333,#4334,#4335,#4336,
#4337,#4338,#4339,#4340,#4341,#4342,#4343,#4344,#4345,#4346,#4347,#4348,#4349,
#4350,#4351,#4352,#4353,#4354,#4355,#4356,#4357,#4358,#4359,#4360,#4361,#4362,
#4363,#4364,#4365,#4366,#4367,#4368,#4369,#4370,#4371,#4372,#4373,#4374,#4375,
#4376,#4377,#4378,#4379,#4380,#4381,#4382,#4383,#4384,#4385,#4386,#4387,#4388,
#4389,#4390,#4391,#4392,#4393,#4394,#4395,#4396,#4397,#4398,#4399,#4400,#4401,
#4402,#4403,#4404,#4405,#4406,#4407,#4408,#4409,#4410));
#4417=POLYLINE('',(#4412,#4413,#4414,#4415,#4416));
#4538=POLYLINE('',(#4418,#4419,#4420,#4421,#4422,#4423,#4424,#4425,#4426,#4427,
#4428,#4429,#4430,#4431,#4432,#4433,#4434,#4435,#4436,#4437,#4438,#4439,#4440,
#4441,#4442,#4443,#4444,#4445,#4446,#4447,#4448,#4449,#4450,#4451,#4452,#4453,
#4454,#4455,#4456,#4457,#4458,#4459,#4460,#4461,#4462,#4463,#4464,#4465,#4466,
#4467,#4468,#4469,#4470,#4471,#4472,#4473,#4474,#4475,#4476,#4477,#4478,#4479,
#4480,#4481,#4482,#4483,#4484,#4485,#4486,#4487,#4488,#4489,#4490,#4491,#4492,
#4493,#4494,#4495,#4496,#4497,#4498,#4499,#4500,#4501,#4502,#4503,#4504,#4505,
#4506,#4507,#4508,#4509,#4510,#4511,#4512,#4513,#4514,#4515,#4516,#4517,#4518,
#4519,#4520,#4521,#4522,#4523,#4524,#4525,#4526,#4527,#4528,#4529,#4530,#4531,
#4532,#4533,#4534,#4535,#4536,#4537));
#4583=POLYLINE('',(#4539,#4540,#4541,#4542,#4543,#4544,#4545,#4546,#4547,#4548,
#4549,#4550,#4551,#4552,#4553,#4554,#4555,#4556,#4557,#4558,#4559,#4560,#4561,
#4562,#4563,#4564,#4565,#4566,#4567,#4568,#4569,#4570,#4571,#4572,#4573,#4574,
#4575,#4576,#4577,#4578,#4579,#4580,#4581,#4582));
#4628=POLYLINE('',(#4584,#4585,#4586,#4587,#4588,#4589,#4590,#4591,#4592,#4593,
#4594,#4595,#4596,#4597,#4598,#4599,#4600,#4601,#4602,#4603,#4604,#4605,#4606,
#4607,#4608,#4609,#4610,#4611,#4612,#4613,#4614,#4615,#4616,#4617,#4618,#4619,
#4620,#4621,#4622,#4623,#4624,#4625,#4626,#4627));
#4692=POLYLINE('',(#4629,#4630,#4631,#4632,#4633,#4634,#4635,#4636,#4637,#4638,
#4639,#4640,#4641,#4642,#4643,#4644,#4645,#4646,#4647,#4648,#4649,#4650,#4651,
#4652,#4653,#4654,#4655,#4656,#4657,#4658,#4659,#4660,#4661,#4662,#4663,#4664,
#4665,#4666,#4667,#4668,#4669,#4670,#4671,#4672,#4673,#4674,#4675,#4676,#4677,
#4678,#4679,#4680,#4681,#4682,#4683,#4684,#4685,#4686,#4687,#4688,#4689,#4690,
#4691));
#4725=POLYLINE('',(#4693,#4694,#4695,#4696,#4697,#4698,#4699,#4700,#4701,#4702,
#4703,#4704,#4705,#4706,#4707,#4708,#4709,#4710,#4711,#4712,#4713,#4714,#4715,
#4716,#4717,#4718,#4719,#4720,#4721,#4722,#4723,#4724));
#4731=POLYLINE('',(#4726,#4727,#4728,#4729,#4730));
#4739=POLYLINE('',(#4732,#4733,#4734,#4735,#4736,#4737,#4738));
#4747=POLYLINE('',(#4740,#4741,#4742,#4743,#4744,#4745,#4746));
#4799=POLYLINE('',(#4748,#4749,#4750,#4751,#4752,#4753,#4754,#4755,#4756,#4757,
#4758,#4759,#4760,#4761,#4762,#4763,#4764,#4765,#4766,#4767,#4768,#4769,#4770,
#4771,#4772,#4773,#4774,#4775,#4776,#4777,#4778,#4779,#4780,#4781,#4782,#4783,
#4784,#4785,#4786,#4787,#4788,#4789,#4790,#4791,#4792,#4793,#4794,#4795,#4796,
#4797,#4798));
#4970=POLYLINE('',(#4800,#4801,#4802,#4803,#4804,#4805,#4806,#4807,#4808,#4809,
#4810,#4811,#4812,#4813,#4814,#4815,#4816,#4817,#4818,#4819,#4820,#4821,#4822,
#4823,#4824,#4825,#4826,#4827,#4828,#4829,#4830,#4831,#4832,#4833,#4834,#4835,
#4836,#4837,#4838,#4839,#4840,#4841,#4842,#4843,#4844,#4845,#4846,#4847,#4848,
#4849,#4850,#4851,#4852,#4853,#4854,#4855,#4856,#4857,#4858,#4859,#4860,#4861,
#4862,#4863,#4864,#4865,#4866,#4867,#4868,#4869,#4870,#4871,#4872,#4873,#4874,
#4875,#4876,#4877,#4878,#4879,#4880,#4881,#4882,#4883,#4884,#4885,#4886,#4887,
#4888,#4889,#4890,#4891,#4892,#4893,#4894,#4895,#4896,#4897,#4898,#4899,#4900,
#4901,#4902,#4903,#4904,#4905,#4906,#4907,#4908,#4909,#4910,#4911,#4912,#4913,
#4914,#4915,#4916,#4917,#4918,#4919,#4920,#4921,#4922,#4923,#4924,#4925,#4926,
#4927,#4928,#4929,#4930,#4931,#4932,#4933,#4934,#4935,#4936,#4937,#4938,#4939,
#4940,#4941,#4942,#4943,#4944,#4945,#4946,#4947,#4948,#4949,#4950,#4951,#4952,
#4953,#4954,#4955,#4956,#4957,#4958,#4959,#4960,#4961,#4962,#4963,#4964,#4965,
#4966,#4967,#4968,#4969));
#4976=POLYLINE('',(#4971,#4972,#4973,#4974,#4975));
#4989=POLYLINE('',(#4977,#4978,#4979,#4980,#4981,#4982,#4983,#4984,#4985,#4986,
#4987,#4988));
#4994=POLYLINE('',(#4990,#4991,#4992,#4993));
#5080=POLYLINE('',(#4995,#4996,#4997,#4998,#4999,#5000,#5001,#5002,#5003,#5004,
#5005,#5006,#5007,#5008,#5009,#5010,#5011,#5012,#5013,#5014,#5015,#5016,#5017,
#5018,#5019,#5020,#5021,#5022,#5023,#5024,#5025,#5026,#5027,#5028,#5029,#5030,
#5031,#5032,#5033,#5034,#5035,#5036,#5037,#5038,#5039,#5040,#5041,#5042,#5043,
#5044,#5045,#5046,#5047,#5048,#5049,#5050,#5051,#5052,#5053,#5054,#5055,#5056,
#5057,#5058,#5059,#5060,#5061,#5062,#5063,#5064,#5065,#5066,#5067,#5068,#5069,
#5070,#5071,#5072,#5073,#5074,#5075,#5076,#5077,#5078,#5079));
#5146=POLYLINE('',(#5081,#5082,#5083,#5084,#5085,#5086,#5087,#5088,#5089,#5090,
#5091,#5092,#5093,#5094,#5095,#5096,#5097,#5098,#5099,#5100,#5101,#5102,#5103,
#5104,#5105,#5106,#5107,#5108,#5109,#5110,#5111,#5112,#5113,#5114,#5115,#5116,
#5117,#5118,#5119,#5120,#5121,#5122,#5123,#5124,#5125,#5126,#5127,#5128,#5129,
#5130,#5131,#5132,#5133,#5134,#5135,#5136,#5137,#5138,#5139,#5140,#5141,#5142,
#5143,#5144,#5145));
#5232=POLYLINE('',(#5147,#5148,#5149,#5150,#5151,#5152,#5153,#5154,#5155,#5156,
#5157,#5158,#5159,#5160,#5161,#5162,#5163,#5164,#5165,#5166,#5167,#5168,#5169,
#5170,#5171,#5172,#5173,#5174,#5175,#5176,#5177,#5178,#5179,#5180,#5181,#5182,
#5183,#5184,#5185,#5186,#5187,#5188,#5189,#5190,#5191,#5192,#5193,#5194,#5195,
#5196,#5197,#5198,#5199,#5200,#5201,#5202,#5203,#5204,#5205,#5206,#5207,#5208,
#5209,#5210,#5211,#5212,#5213,#5214,#5215,#5216,#5217,#5218,#5219,#5220,#5221,
#5222,#5223,#5224,#5225,#5226,#5227,#5228,#5229,#5230,#5231));
#5298=POLYLINE('',(#5233,#5234,#5235,#5236,#5237,#5238,#5239,#5240,#5241,#5242,
#5243,#5244,#5245,#5246,#5247,#5248,#5249,#5250,#5251,#5252,#5253,#5254,#5255,
#5256,#5257,#5258,#5259,#5260,#5261,#5262,#5263,#5264,#5265,#5266,#5267,#5268,
#5269,#5270,#5271,#5272,#5273,#5274,#5275,#5276,#5277,#5278,#5279,#5280,#5281,
#5282,#5283,#5284,#5285,#5286,#5287,#5288,#5289,#5290,#5291,#5292,#5293,#5294,
#5295,#5296,#5297));
#5350=POLYLINE('',(#5299,#5300,#5301,#5302,#5303,#5304,#5305,#5306,#5307,#5308,
#5309,#5310,#5311,#5312,#5313,#5314,#5315,#5316,#5317,#5318,#5319,#5320,#5321,
#5322,#5323,#5324,#5325,#5326,#5327,#5328,#5329,#5330,#5331,#5332,#5333,#5334,
#5335,#5336,#5337,#5338,#5339,#5340,#5341,#5342,#5343,#5344,#5345,#5346,#5347,
#5348,#5349));
#5360=POLYLINE('',(#5351,#5352,#5353,#5354,#5355,#5356,#5357,#5358,#5359));
#5374=POLYLINE('',(#5361,#5362,#5363,#5364,#5365,#5366,#5367,#5368,#5369,#5370,
#5371,#5372,#5373));
#5438=POLYLINE('',(#5375,#5376,#5377,#5378,#5379,#5380,#5381,#5382,#5383,#5384,
#5385,#5386,#5387,#5388,#5389,#5390,#5391,#5392,#5393,#5394,#5395,#5396,#5397,
#5398,#5399,#5400,#5401,#5402,#5403,#5404,#5405,#5406,#5407,#5408,#5409,#5410,
#5411,#5412,#5413,#5414,#5415,#5416,#5417,#5418,#5419,#5420,#5421,#5422,#5423,
#5424,#5425,#5426,#5427,#5428,#5429,#5430,#5431,#5432,#5433,#5434,#5435,#5436,
#5437));
#5471=POLYLINE('',(#5439,#5440,#5441,#5442,#5443,#5444,#5445,#5446,#5447,#5448,
#5449,#5450,#5451,#5452,#5453,#5454,#5455,#5456,#5457,#5458,#5459,#5460,#5461,
#5462,#5463,#5464,#5465,#5466,#5467,#5468,#5469,#5470));
#5559=POLYLINE('',(#5472,#5473,#5474,#5475,#5476,#5477,#5478,#5479,#5480,#5481,
#5482,#5483,#5484,#5485,#5486,#5487,#5488,#5489,#5490,#5491,#5492,#5493,#5494,
#5495,#5496,#5497,#5498,#5499,#5500,#5501,#5502,#5503,#5504,#5505,#5506,#5507,
#5508,#5509,#5510,#5511,#5512,#5513,#5514,#5515,#5516,#5517,#5518,#5519,#5520,
#5521,#5522,#5523,#5524,#5525,#5526,#5527,#5528,#5529,#5530,#5531,#5532,#5533,
#5534,#5535,#5536,#5537,#5538,#5539,#5540,#5541,#5542,#5543,#5544,#5545,#5546,
#5547,#5548,#5549,#5550,#5551,#5552,#5553,#5554,#5555,#5556,#5557,#5558));
#5564=POLYLINE('',(#5560,#5561,#5562,#5563));
#5567=POLYLINE('',(#5565,#5566));
#5570=POLYLINE('',(#5568,#5569));
#5571=GEOMETRIC_CURVE_SET('note',(#3407,#3578,#3601,#3607,#3728,#3734,#3906,
#3996,#4058,#4064,#4078,#4123,#4168,#4232,#4265,#4271,#4279,#4287,#4411,#4417,
#4538,#4583,#4628,#4692,#4725,#4731,#4739,#4747,#4799,#4970,#4976,#4989,#4994,
#5080,#5146,#5232,#5298,#5350,#5360,#5374,#5438,#5471,#5559,#5564,#5567,#5570));
#5575=SHAPE_ASPECT('','aspect to capture model element for association',#1092,
.T.);
#5576=DRAUGHTING_MODEL_ITEM_ASSOCIATION('','',#5575,#1176,#5574);
#5577=ITEM_IDENTIFIED_REPRESENTATION_USAGE('',$,#5575,#1073,SET_REPRESENTATION_ITEM((#784,#796)));
#5593=PLANAR_BOX('',2.386554048656E1,2.013654978553E1,#5592);
#5615=PLANAR_BOX('',2.386554048656E1,2.013654978553E1,#5614);
#5637=PLANAR_BOX('',2.386554048656E1,2.013654978553E1,#5636);
#5659=PLANAR_BOX('',2.386554048656E1,2.013654978553E1,#5658);
#5666=PROPERTY_DEFINITION('CAD_APPROVED_BY','user defined attribute',#1153);
#5670=REPRESENTATION('',(#5669),#1072);
#5671=PROPERTY_DEFINITION_REPRESENTATION(#5666,#5670);
#5672=PROPERTY_DEFINITION('CAD_APPROVED_ON','user defined attribute',#1153);
#5676=REPRESENTATION('',(#5675),#1072);
#5677=PROPERTY_DEFINITION_REPRESENTATION(#5672,#5676);
#5678=PROPERTY_DEFINITION('CAD_CHANGE_NO','user defined attribute',#1153);
#5682=REPRESENTATION('',(#5681),#1072);
#5683=PROPERTY_DEFINITION_REPRESENTATION(#5678,#5682);
#5684=PROPERTY_DEFINITION('CAD_CHANGE_TEXT','user defined attribute',#1153);
#5688=REPRESENTATION('',(#5687),#1072);
#5689=PROPERTY_DEFINITION_REPRESENTATION(#5684,#5688);
#5690=PROPERTY_DEFINITION('CAD_CREATED_BY','user defined attribute',#1153);
#5694=REPRESENTATION('',(#5693),#1072);
#5695=PROPERTY_DEFINITION_REPRESENTATION(#5690,#5694);
#5696=PROPERTY_DEFINITION('CAD_CREATED_ON','user defined attribute',#1153);
#5700=REPRESENTATION('',(#5699),#1072);
#5701=PROPERTY_DEFINITION_REPRESENTATION(#5696,#5700);
#5702=PROPERTY_DEFINITION('CAD_LIFECYCLE_STATE','user defined attribute',#1153);
#5706=REPRESENTATION('',(#5705),#1072);
#5707=PROPERTY_DEFINITION_REPRESENTATION(#5702,#5706);
#5708=PROPERTY_DEFINITION('CAD_MODIFIED_BY','user defined attribute',#1153);
#5712=REPRESENTATION('',(#5711),#1072);
#5713=PROPERTY_DEFINITION_REPRESENTATION(#5708,#5712);
#5714=PROPERTY_DEFINITION('CAD_MODIFIED_ON','user defined attribute',#1153);
#5718=REPRESENTATION('',(#5717),#1072);
#5719=PROPERTY_DEFINITION_REPRESENTATION(#5714,#5718);
#5720=PROPERTY_DEFINITION('CAD_REVISION','user defined attribute',#1153);
#5724=REPRESENTATION('',(#5723),#1072);
#5725=PROPERTY_DEFINITION_REPRESENTATION(#5720,#5724);
#5726=PROPERTY_DEFINITION('DEPARTMENT','user defined attribute',#1153);
#5730=REPRESENTATION('',(#5729),#1072);
#5731=PROPERTY_DEFINITION_REPRESENTATION(#5726,#5730);
#5732=PROPERTY_DEFINITION('DESCRIPTION_1_DE','user defined attribute',#1153);
#5736=REPRESENTATION('',(#5735),#1072);
#5737=PROPERTY_DEFINITION_REPRESENTATION(#5732,#5736);
#5738=PROPERTY_DEFINITION('DESCRIPTION_1_EN','user defined attribute',#1153);
#5742=REPRESENTATION('',(#5741),#1072);
#5743=PROPERTY_DEFINITION_REPRESENTATION(#5738,#5742);
#5744=PROPERTY_DEFINITION('DESCRIPTION_2_DE','user defined attribute',#1153);
#5748=REPRESENTATION('',(#5747),#1072);
#5749=PROPERTY_DEFINITION_REPRESENTATION(#5744,#5748);
#5750=PROPERTY_DEFINITION('DESCRIPTION_2_EN','user defined attribute',#1153);
#5754=REPRESENTATION('',(#5753),#1072);
#5755=PROPERTY_DEFINITION_REPRESENTATION(#5750,#5754);
#5756=PROPERTY_DEFINITION('DRAWING_NO','user defined attribute',#1153);
#5760=REPRESENTATION('',(#5759),#1072);
#5761=PROPERTY_DEFINITION_REPRESENTATION(#5756,#5760);
#5762=PROPERTY_DEFINITION('MC_CHECKTYPE','user defined attribute',#1153);
#5766=REPRESENTATION('',(#5765),#1072);
#5767=PROPERTY_DEFINITION_REPRESENTATION(#5762,#5766);
#5768=PROPERTY_DEFINITION('COATING','user defined attribute',#1153);
#5772=REPRESENTATION('',(#5771),#1072);
#5773=PROPERTY_DEFINITION_REPRESENTATION(#5768,#5772);
#5774=PROPERTY_DEFINITION('COLORING','user defined attribute',#1153);
#5778=REPRESENTATION('',(#5777),#1072);
#5779=PROPERTY_DEFINITION_REPRESENTATION(#5774,#5778);
#5780=PROPERTY_DEFINITION('DESC_SEMIFINISHED','user defined attribute',#1153);
#5784=REPRESENTATION('',(#5783),#1072);
#5785=PROPERTY_DEFINITION_REPRESENTATION(#5780,#5784);
#5786=PROPERTY_DEFINITION('DIMENSION','user defined attribute',#1153);
#5790=REPRESENTATION('',(#5789),#1072);
#5791=PROPERTY_DEFINITION_REPRESENTATION(#5786,#5790);
#5792=PROPERTY_DEFINITION('HARDNESS','user defined attribute',#1153);
#5796=REPRESENTATION('',(#5795),#1072);
#5797=PROPERTY_DEFINITION_REPRESENTATION(#5792,#5796);
#5798=PROPERTY_DEFINITION('MASS','user defined attribute',#1153);
#5802=REPRESENTATION('',(#5801),#1072);
#5803=PROPERTY_DEFINITION_REPRESENTATION(#5798,#5802);
#5804=PROPERTY_DEFINITION('MATERIAL','user defined attribute',#1153);
#5808=REPRESENTATION('',(#5807),#1072);
#5809=PROPERTY_DEFINITION_REPRESENTATION(#5804,#5808);
#5810=PROPERTY_DEFINITION('PART_NO','user defined attribute',#1153);
#5814=REPRESENTATION('',(#5813),#1072);
#5815=PROPERTY_DEFINITION_REPRESENTATION(#5810,#5814);
#5816=PROPERTY_DEFINITION('PART_NO_SEMIFINISHED','user defined attribute',
#1153);
#5820=REPRESENTATION('',(#5819),#1072);
#5821=PROPERTY_DEFINITION_REPRESENTATION(#5816,#5820);
#5822=PROPERTY_DEFINITION('STANDARD','user defined attribute',#1153);
#5826=REPRESENTATION('',(#5825),#1072);
#5827=PROPERTY_DEFINITION_REPRESENTATION(#5822,#5826);
#5828=PROPERTY_DEFINITION('STANDARD_DIMENSION','user defined attribute',#1153);
#5832=REPRESENTATION('',(#5831),#1072);
#5833=PROPERTY_DEFINITION_REPRESENTATION(#5828,#5832);
#5834=PROPERTY_DEFINITION('STANDARD_EDGE','user defined attribute',#1153);
#5838=REPRESENTATION('',(#5837),#1072);
#5839=PROPERTY_DEFINITION_REPRESENTATION(#5834,#5838);
#5840=PROPERTY_DEFINITION('STANDARD_INFO_DE','user defined attribute',#1153);
#5844=REPRESENTATION('',(#5843),#1072);
#5845=PROPERTY_DEFINITION_REPRESENTATION(#5840,#5844);
#5846=PROPERTY_DEFINITION('STANDARD_INFO_EN','user defined attribute',#1153);
#5850=REPRESENTATION('',(#5849),#1072);
#5851=PROPERTY_DEFINITION_REPRESENTATION(#5846,#5850);
#5852=PROPERTY_DEFINITION('STANDARD_SURFACE','user defined attribute',#1153);
#5856=REPRESENTATION('',(#5855),#1072);
#5857=PROPERTY_DEFINITION_REPRESENTATION(#5852,#5856);
#5858=PROPERTY_DEFINITION('STANDARD_TOL_CLASS','user defined attribute',#1153);
#5862=REPRESENTATION('',(#5861),#1072);
#5863=PROPERTY_DEFINITION_REPRESENTATION(#5858,#5862);
#5864=PROPERTY_DEFINITION('SUPPLIER','user defined attribute',#1153);
#5868=REPRESENTATION('',(#5867),#1072);
#5869=PROPERTY_DEFINITION_REPRESENTATION(#5864,#5868);
#5870=PROPERTY_DEFINITION('CLASSIFICATION','user defined attribute',#1153);
#5874=REPRESENTATION('',(#5873),#1072);
#5875=PROPERTY_DEFINITION_REPRESENTATION(#5870,#5874);
#5876=PROPERTY_DEFINITION('CATEGORY','user defined attribute',#1153);
#5880=REPRESENTATION('',(#5879),#1072);
#5881=PROPERTY_DEFINITION_REPRESENTATION(#5876,#5880);
#5882=PROPERTY_DEFINITION('PROJECT','user defined attribute',#1153);
#5886=REPRESENTATION('',(#5885),#1072);
#5887=PROPERTY_DEFINITION_REPRESENTATION(#5882,#5886);
#5888=PROPERTY_DEFINITION('PROJECT_NO','user defined attribute',#1153);
#5892=REPRESENTATION('',(#5891),#1072);
#5893=PROPERTY_DEFINITION_REPRESENTATION(#5888,#5892);
#5894=PROPERTY_DEFINITION('ORDER_CODE','user defined attribute',#1153);
#5898=REPRESENTATION('',(#5897),#1072);
#5899=PROPERTY_DEFINITION_REPRESENTATION(#5894,#5898);
#5900=PROPERTY_DEFINITION('STANDARD_WELDING','user defined attribute',#1153);
#5904=REPRESENTATION('',(#5903),#1072);
#5905=PROPERTY_DEFINITION_REPRESENTATION(#5900,#5904);
#5906=PROPERTY_DEFINITION('CUSTOMER','user defined attribute',#1153);
#5910=REPRESENTATION('',(#5909),#1072);
#5911=PROPERTY_DEFINITION_REPRESENTATION(#5906,#5910);
#5912=PROPERTY_DEFINITION('HEAT_TREATMENT','user defined attribute',#1153);
#5916=REPRESENTATION('',(#5915),#1072);
#5917=PROPERTY_DEFINITION_REPRESENTATION(#5912,#5916);
#5918=PROPERTY_DEFINITION('PTC_COMMON_NAME','user defined attribute',#1153);
#5922=REPRESENTATION('',(#5921),#1072);
#5923=PROPERTY_DEFINITION_REPRESENTATION(#5918,#5922);
#5924=PROPERTY_DEFINITION('PTC_MASTER_MATERIAL','user defined attribute',#1153);
#5928=REPRESENTATION('',(#5927),#1072);
#5929=PROPERTY_DEFINITION_REPRESENTATION(#5924,#5928);
ENDSEC;
END-ISO-10303-21;
