ISO-10303-21;
HEADER;
FILE_DESCRIPTION((''),'2;1');
FILE_NAME('CABLE_CLAMP_1','2026-07-22T08:41:39',('morit'),(''),
'CREO PARAMETRIC BY PTC INC, 2025123','CREO PARAMETRIC BY PTC INC, 2025123','');
FILE_SCHEMA((
'AP242_MANAGED_MODEL_BASED_3D_ENGINEERING_MIM_LF { 1 0 10303 442 1 1 4 }'));
ENDSEC;
DATA;
#17=DIRECTION('',(1.E0,0.E0,0.E0));
#18=VECTOR('',#17,5.75E0);
#19=CARTESIAN_POINT('',(1.75E0,-5.E0,0.E0));
#20=LINE('66',#19,#18);
#21=DIRECTION('',(0.E0,0.E0,-1.E0));
#22=VECTOR('',#21,8.E0);
#23=CARTESIAN_POINT('',(7.5E0,-5.E0,0.E0));
#24=LINE('67',#23,#22);
#25=DIRECTION('',(-1.E0,0.E0,0.E0));
#26=VECTOR('',#25,1.5E1);
#27=CARTESIAN_POINT('',(7.5E0,-5.E0,-8.E0));
#28=LINE('68',#27,#26);
#29=DIRECTION('',(0.E0,0.E0,1.E0));
#30=VECTOR('',#29,8.E0);
#31=CARTESIAN_POINT('',(-7.5E0,-5.E0,-8.E0));
#32=LINE('69',#31,#30);
#33=DIRECTION('',(1.E0,0.E0,0.E0));
#34=VECTOR('',#33,5.75E0);
#35=CARTESIAN_POINT('',(-7.5E0,-5.E0,0.E0));
#36=LINE('70',#35,#34);
#37=CARTESIAN_POINT('',(0.E0,-5.E0,0.E0));
#38=DIRECTION('',(0.E0,-1.E0,0.E0));
#39=DIRECTION('',(-1.E0,0.E0,0.E0));
#40=AXIS2_PLACEMENT_3D('',#37,#38,#39);
#42=DIRECTION('',(0.E0,1.E0,0.E0));
#43=VECTOR('',#42,1.E1);
#44=CARTESIAN_POINT('',(1.75E0,-5.E0,0.E0));
#45=LINE('80',#44,#43);
#46=CARTESIAN_POINT('',(4.E0,0.E0,0.E0));
#47=DIRECTION('',(0.E0,0.E0,-1.E0));
#48=DIRECTION('',(1.E0,0.E0,0.E0));
#49=AXIS2_PLACEMENT_3D('',#46,#47,#48);
#51=CARTESIAN_POINT('',(4.E0,0.E0,0.E0));
#52=DIRECTION('',(0.E0,0.E0,-1.E0));
#53=DIRECTION('',(-1.E0,0.E0,0.E0));
#54=AXIS2_PLACEMENT_3D('',#51,#52,#53);
#56=DIRECTION('',(0.E0,1.E0,0.E0));
#57=VECTOR('',#56,1.E1);
#58=CARTESIAN_POINT('',(-1.75E0,-5.E0,0.E0));
#59=LINE('90',#58,#57);
#60=DIRECTION('',(0.E0,1.E0,0.E0));
#61=VECTOR('',#60,1.E1);
#62=CARTESIAN_POINT('',(-7.5E0,-5.E0,0.E0));
#63=LINE('88',#62,#61);
#64=CARTESIAN_POINT('',(-4.E0,0.E0,0.E0));
#65=DIRECTION('',(0.E0,0.E0,1.E0));
#66=DIRECTION('',(-1.E0,0.E0,0.E0));
#67=AXIS2_PLACEMENT_3D('',#64,#65,#66);
#69=CARTESIAN_POINT('',(-4.E0,0.E0,0.E0));
#70=DIRECTION('',(0.E0,0.E0,1.E0));
#71=DIRECTION('',(1.E0,0.E0,0.E0));
#72=AXIS2_PLACEMENT_3D('',#69,#70,#71);
#74=DIRECTION('',(0.E0,1.E0,0.E0));
#75=VECTOR('',#74,1.E1);
#76=CARTESIAN_POINT('',(-7.5E0,-5.E0,-8.E0));
#77=LINE('86',#76,#75);
#78=DIRECTION('',(0.E0,1.E0,0.E0));
#79=VECTOR('',#78,1.E1);
#80=CARTESIAN_POINT('',(7.5E0,-5.E0,-8.E0));
#81=LINE('84',#80,#79);
#82=CARTESIAN_POINT('',(4.E0,0.E0,-8.E0));
#83=DIRECTION('',(0.E0,0.E0,-1.E0));
#84=DIRECTION('',(1.E0,0.E0,0.E0));
#85=AXIS2_PLACEMENT_3D('',#82,#83,#84);
#87=CARTESIAN_POINT('',(4.E0,0.E0,-8.E0));
#88=DIRECTION('',(0.E0,0.E0,-1.E0));
#89=DIRECTION('',(-1.E0,0.E0,0.E0));
#90=AXIS2_PLACEMENT_3D('',#87,#88,#89);
#92=CARTESIAN_POINT('',(-4.E0,0.E0,-8.E0));
#93=DIRECTION('',(0.E0,0.E0,1.E0));
#94=DIRECTION('',(-1.E0,0.E0,0.E0));
#95=AXIS2_PLACEMENT_3D('',#92,#93,#94);
#97=CARTESIAN_POINT('',(-4.E0,0.E0,-8.E0));
#98=DIRECTION('',(0.E0,0.E0,1.E0));
#99=DIRECTION('',(1.E0,0.E0,0.E0));
#100=AXIS2_PLACEMENT_3D('',#97,#98,#99);
#102=DIRECTION('',(0.E0,1.E0,0.E0));
#103=VECTOR('',#102,1.E1);
#104=CARTESIAN_POINT('',(7.5E0,-5.E0,0.E0));
#105=LINE('82',#104,#103);
#106=DIRECTION('',(1.E0,0.E0,0.E0));
#107=VECTOR('',#106,5.75E0);
#108=CARTESIAN_POINT('',(1.75E0,5.E0,0.E0));
#109=LINE('73',#108,#107);
#110=CARTESIAN_POINT('',(0.E0,5.E0,0.E0));
#111=DIRECTION('',(0.E0,-1.E0,0.E0));
#112=DIRECTION('',(-1.E0,0.E0,0.E0));
#113=AXIS2_PLACEMENT_3D('',#110,#111,#112);
#115=DIRECTION('',(1.E0,0.E0,0.E0));
#116=VECTOR('',#115,5.75E0);
#117=CARTESIAN_POINT('',(-7.5E0,5.E0,0.E0));
#118=LINE('77',#117,#116);
#119=DIRECTION('',(0.E0,0.E0,1.E0));
#120=VECTOR('',#119,8.E0);
#121=CARTESIAN_POINT('',(-7.5E0,5.E0,-8.E0));
#122=LINE('76',#121,#120);
#123=DIRECTION('',(-1.E0,0.E0,0.E0));
#124=VECTOR('',#123,1.5E1);
#125=CARTESIAN_POINT('',(7.5E0,5.E0,-8.E0));
#126=LINE('75',#125,#124);
#127=DIRECTION('',(0.E0,0.E0,-1.E0));
#128=VECTOR('',#127,8.E0);
#129=CARTESIAN_POINT('',(7.5E0,5.E0,0.E0));
#130=LINE('74',#129,#128);
#131=CARTESIAN_POINT('',(4.E0,0.E0,-5.E0));
#132=DIRECTION('',(0.E0,0.E0,-1.E0));
#133=DIRECTION('',(1.E0,0.E0,0.E0));
#134=AXIS2_PLACEMENT_3D('',#131,#132,#133);
#136=DIRECTION('',(0.E0,0.E0,-1.E0));
#137=VECTOR('',#136,3.E0);
#138=CARTESIAN_POINT('',(7.5E-1,0.E0,-5.E0));
#139=LINE('161',#138,#137);
#140=CARTESIAN_POINT('',(4.E0,0.E0,-5.E0));
#141=DIRECTION('',(0.E0,0.E0,1.E0));
#142=DIRECTION('',(1.E0,0.E0,0.E0));
#143=AXIS2_PLACEMENT_3D('',#140,#141,#142);
#145=DIRECTION('',(0.E0,0.E0,-1.E0));
#146=VECTOR('',#145,3.E0);
#147=CARTESIAN_POINT('',(7.25E0,0.E0,-5.E0));
#148=LINE('160',#147,#146);
#149=CARTESIAN_POINT('',(4.E0,0.E0,-5.E0));
#150=DIRECTION('',(0.E0,0.E0,1.E0));
#151=DIRECTION('',(1.E0,0.E0,0.E0));
#152=AXIS2_PLACEMENT_3D('',#149,#150,#151);
#154=CARTESIAN_POINT('',(4.E0,0.E0,-5.E0));
#155=DIRECTION('',(0.E0,0.E0,-1.E0));
#156=DIRECTION('',(1.E0,0.E0,0.E0));
#157=AXIS2_PLACEMENT_3D('',#154,#155,#156);
#159=DIRECTION('',(0.E0,0.E0,-1.E0));
#160=VECTOR('',#159,5.E0);
#161=CARTESIAN_POINT('',(5.7E0,0.E0,0.E0));
#162=LINE('158',#161,#160);
#163=DIRECTION('',(0.E0,0.E0,-1.E0));
#164=VECTOR('',#163,5.E0);
#165=CARTESIAN_POINT('',(2.3E0,0.E0,0.E0));
#166=LINE('159',#165,#164);
#167=CARTESIAN_POINT('',(-4.E0,0.E0,-5.E0));
#168=DIRECTION('',(0.E0,0.E0,1.E0));
#169=DIRECTION('',(-1.E0,0.E0,0.E0));
#170=AXIS2_PLACEMENT_3D('',#167,#168,#169);
#172=DIRECTION('',(0.E0,0.E0,-1.E0));
#173=VECTOR('',#172,3.E0);
#174=CARTESIAN_POINT('',(-7.25E0,0.E0,-5.E0));
#175=LINE('224',#174,#173);
#176=CARTESIAN_POINT('',(-4.E0,0.E0,-5.E0));
#177=DIRECTION('',(0.E0,0.E0,-1.E0));
#178=DIRECTION('',(-1.E0,0.E0,0.E0));
#179=AXIS2_PLACEMENT_3D('',#176,#177,#178);
#181=DIRECTION('',(0.E0,0.E0,-1.E0));
#182=VECTOR('',#181,3.E0);
#183=CARTESIAN_POINT('',(-7.5E-1,0.E0,-5.E0));
#184=LINE('225',#183,#182);
#185=CARTESIAN_POINT('',(-4.E0,0.E0,-5.E0));
#186=DIRECTION('',(0.E0,0.E0,-1.E0));
#187=DIRECTION('',(-1.E0,0.E0,0.E0));
#188=AXIS2_PLACEMENT_3D('',#185,#186,#187);
#190=CARTESIAN_POINT('',(-4.E0,0.E0,-5.E0));
#191=DIRECTION('',(0.E0,0.E0,1.E0));
#192=DIRECTION('',(-1.E0,0.E0,0.E0));
#193=AXIS2_PLACEMENT_3D('',#190,#191,#192);
#195=DIRECTION('',(0.E0,0.E0,-1.E0));
#196=VECTOR('',#195,5.E0);
#197=CARTESIAN_POINT('',(-5.7E0,0.E0,0.E0));
#198=LINE('222',#197,#196);
#199=DIRECTION('',(0.E0,0.E0,-1.E0));
#200=VECTOR('',#199,5.E0);
#201=CARTESIAN_POINT('',(-2.3E0,0.E0,0.E0));
#202=LINE('223',#201,#200);
#203=CARTESIAN_POINT('',(1.75E0,-5.E0,0.E0));
#204=CARTESIAN_POINT('',(7.5E0,-5.E0,0.E0));
#205=VERTEX_POINT('',#203);
#206=VERTEX_POINT('',#204);
#207=CARTESIAN_POINT('',(7.5E0,-5.E0,-8.E0));
#208=VERTEX_POINT('',#207);
#209=CARTESIAN_POINT('',(-7.5E0,-5.E0,-8.E0));
#210=VERTEX_POINT('',#209);
#211=CARTESIAN_POINT('',(-7.5E0,-5.E0,0.E0));
#212=VERTEX_POINT('',#211);
#213=CARTESIAN_POINT('',(-1.75E0,-5.E0,0.E0));
#214=VERTEX_POINT('',#213);
#215=CARTESIAN_POINT('',(1.75E0,5.E0,0.E0));
#216=CARTESIAN_POINT('',(7.5E0,5.E0,0.E0));
#217=VERTEX_POINT('',#215);
#218=VERTEX_POINT('',#216);
#219=CARTESIAN_POINT('',(7.5E0,5.E0,-8.E0));
#220=VERTEX_POINT('',#219);
#221=CARTESIAN_POINT('',(-7.5E0,5.E0,-8.E0));
#222=VERTEX_POINT('',#221);
#223=CARTESIAN_POINT('',(-7.5E0,5.E0,0.E0));
#224=VERTEX_POINT('',#223);
#225=CARTESIAN_POINT('',(-1.75E0,5.E0,0.E0));
#226=VERTEX_POINT('',#225);
#227=CARTESIAN_POINT('',(5.7E0,0.E0,-5.E0));
#228=CARTESIAN_POINT('',(2.3E0,0.E0,-5.E0));
#229=VERTEX_POINT('',#227);
#230=VERTEX_POINT('',#228);
#231=CARTESIAN_POINT('',(7.25E0,0.E0,-5.E0));
#232=CARTESIAN_POINT('',(7.5E-1,0.E0,-5.E0));
#233=VERTEX_POINT('',#231);
#234=VERTEX_POINT('',#232);
#235=CARTESIAN_POINT('',(5.7E0,0.E0,0.E0));
#236=CARTESIAN_POINT('',(2.3E0,0.E0,0.E0));
#237=VERTEX_POINT('',#235);
#238=VERTEX_POINT('',#236);
#239=CARTESIAN_POINT('',(7.25E0,0.E0,-8.E0));
#240=CARTESIAN_POINT('',(7.5E-1,0.E0,-8.E0));
#241=VERTEX_POINT('',#239);
#242=VERTEX_POINT('',#240);
#243=CARTESIAN_POINT('',(-5.7E0,0.E0,-5.E0));
#244=CARTESIAN_POINT('',(-2.3E0,0.E0,-5.E0));
#245=VERTEX_POINT('',#243);
#246=VERTEX_POINT('',#244);
#247=CARTESIAN_POINT('',(-7.25E0,0.E0,-5.E0));
#248=CARTESIAN_POINT('',(-7.5E-1,0.E0,-5.E0));
#249=VERTEX_POINT('',#247);
#250=VERTEX_POINT('',#248);
#251=CARTESIAN_POINT('',(-5.7E0,0.E0,0.E0));
#252=VERTEX_POINT('',#251);
#253=CARTESIAN_POINT('',(-2.3E0,0.E0,0.E0));
#254=VERTEX_POINT('',#253);
#255=CARTESIAN_POINT('',(-7.25E0,0.E0,-8.E0));
#256=VERTEX_POINT('',#255);
#257=CARTESIAN_POINT('',(-7.5E-1,0.E0,-8.E0));
#258=VERTEX_POINT('',#257);
#259=CARTESIAN_POINT('',(0.E0,-5.E0,0.E0));
#260=DIRECTION('',(0.E0,1.E0,0.E0));
#261=DIRECTION('',(1.E0,0.E0,0.E0));
#262=AXIS2_PLACEMENT_3D('',#259,#260,#261);
#263=PLANE('65',#262);
#265=ORIENTED_EDGE('66',*,*,#264,.T.);
#267=ORIENTED_EDGE('67',*,*,#266,.T.);
#269=ORIENTED_EDGE('68',*,*,#268,.T.);
#271=ORIENTED_EDGE('69',*,*,#270,.T.);
#273=ORIENTED_EDGE('70',*,*,#272,.T.);
#275=ORIENTED_EDGE('71',*,*,#274,.T.);
#276=EDGE_LOOP('65',(#265,#267,#269,#271,#273,#275));
#277=FACE_OUTER_BOUND('65',#276,.F.);
#279=CARTESIAN_POINT('',(1.75E0,-5.E0,0.E0));
#280=DIRECTION('',(0.E0,0.E0,1.E0));
#281=DIRECTION('',(1.E0,0.E0,0.E0));
#282=AXIS2_PLACEMENT_3D('',#279,#280,#281);
#283=PLANE('79',#282);
#284=ORIENTED_EDGE('66',*,*,#264,.F.);
#286=ORIENTED_EDGE('80',*,*,#285,.T.);
#288=ORIENTED_EDGE('73',*,*,#287,.T.);
#290=ORIENTED_EDGE('82',*,*,#289,.F.);
#291=EDGE_LOOP('79',(#284,#286,#288,#290));
#292=FACE_OUTER_BOUND('79',#291,.F.);
#294=ORIENTED_EDGE('154',*,*,#293,.F.);
#296=ORIENTED_EDGE('155',*,*,#295,.F.);
#297=EDGE_LOOP('79',(#294,#296));
#298=FACE_BOUND('79',#297,.F.);
#300=CARTESIAN_POINT('',(0.E0,-5.E0,0.E0));
#301=DIRECTION('',(0.E0,1.E0,0.E0));
#302=DIRECTION('',(1.E0,0.E0,0.E0));
#303=AXIS2_PLACEMENT_3D('',#300,#301,#302);
#304=CYLINDRICAL_SURFACE('89',#303,1.75E0);
#305=ORIENTED_EDGE('71',*,*,#274,.F.);
#307=ORIENTED_EDGE('90',*,*,#306,.T.);
#309=ORIENTED_EDGE('78',*,*,#308,.T.);
#310=ORIENTED_EDGE('80',*,*,#285,.F.);
#311=EDGE_LOOP('89',(#305,#307,#309,#310));
#312=FACE_OUTER_BOUND('89',#311,.F.);
#314=CARTESIAN_POINT('',(-7.5E0,-5.E0,0.E0));
#315=DIRECTION('',(0.E0,0.E0,1.E0));
#316=DIRECTION('',(1.E0,0.E0,0.E0));
#317=AXIS2_PLACEMENT_3D('',#314,#315,#316);
#318=PLANE('87',#317);
#319=ORIENTED_EDGE('70',*,*,#272,.F.);
#321=ORIENTED_EDGE('88',*,*,#320,.T.);
#323=ORIENTED_EDGE('77',*,*,#322,.T.);
#324=ORIENTED_EDGE('90',*,*,#306,.F.);
#325=EDGE_LOOP('87',(#319,#321,#323,#324));
#326=FACE_OUTER_BOUND('87',#325,.F.);
#328=ORIENTED_EDGE('230',*,*,#327,.T.);
#330=ORIENTED_EDGE('231',*,*,#329,.T.);
#331=EDGE_LOOP('87',(#328,#330));
#332=FACE_BOUND('87',#331,.F.);
#334=CARTESIAN_POINT('',(-7.5E0,-5.E0,-8.E0));
#335=DIRECTION('',(-1.E0,0.E0,0.E0));
#336=DIRECTION('',(0.E0,0.E0,1.E0));
#337=AXIS2_PLACEMENT_3D('',#334,#335,#336);
#338=PLANE('85',#337);
#339=ORIENTED_EDGE('69',*,*,#270,.F.);
#341=ORIENTED_EDGE('86',*,*,#340,.T.);
#343=ORIENTED_EDGE('76',*,*,#342,.T.);
#344=ORIENTED_EDGE('88',*,*,#320,.F.);
#345=EDGE_LOOP('85',(#339,#341,#343,#344));
#346=FACE_OUTER_BOUND('85',#345,.F.);
#348=CARTESIAN_POINT('',(7.5E0,-5.E0,-8.E0));
#349=DIRECTION('',(0.E0,0.E0,-1.E0));
#350=DIRECTION('',(-1.E0,0.E0,0.E0));
#351=AXIS2_PLACEMENT_3D('',#348,#349,#350);
#352=PLANE('83',#351);
#353=ORIENTED_EDGE('68',*,*,#268,.F.);
#355=ORIENTED_EDGE('84',*,*,#354,.T.);
#357=ORIENTED_EDGE('75',*,*,#356,.T.);
#358=ORIENTED_EDGE('86',*,*,#340,.F.);
#359=EDGE_LOOP('83',(#353,#355,#357,#358));
#360=FACE_OUTER_BOUND('83',#359,.F.);
#362=ORIENTED_EDGE('156',*,*,#361,.T.);
#364=ORIENTED_EDGE('157',*,*,#363,.T.);
#365=EDGE_LOOP('83',(#362,#364));
#366=FACE_BOUND('83',#365,.F.);
#368=ORIENTED_EDGE('228',*,*,#367,.F.);
#370=ORIENTED_EDGE('229',*,*,#369,.F.);
#371=EDGE_LOOP('83',(#368,#370));
#372=FACE_BOUND('83',#371,.F.);
#374=CARTESIAN_POINT('',(7.5E0,-5.E0,0.E0));
#375=DIRECTION('',(1.E0,0.E0,0.E0));
#376=DIRECTION('',(0.E0,0.E0,-1.E0));
#377=AXIS2_PLACEMENT_3D('',#374,#375,#376);
#378=PLANE('81',#377);
#379=ORIENTED_EDGE('67',*,*,#266,.F.);
#380=ORIENTED_EDGE('82',*,*,#289,.T.);
#382=ORIENTED_EDGE('74',*,*,#381,.T.);
#383=ORIENTED_EDGE('84',*,*,#354,.F.);
#384=EDGE_LOOP('81',(#379,#380,#382,#383));
#385=FACE_OUTER_BOUND('81',#384,.F.);
#387=CARTESIAN_POINT('',(0.E0,5.E0,0.E0));
#388=DIRECTION('',(0.E0,1.E0,0.E0));
#389=DIRECTION('',(1.E0,0.E0,0.E0));
#390=AXIS2_PLACEMENT_3D('',#387,#388,#389);
#391=PLANE('72',#390);
#392=ORIENTED_EDGE('73',*,*,#287,.F.);
#393=ORIENTED_EDGE('78',*,*,#308,.F.);
#394=ORIENTED_EDGE('77',*,*,#322,.F.);
#395=ORIENTED_EDGE('76',*,*,#342,.F.);
#396=ORIENTED_EDGE('75',*,*,#356,.F.);
#397=ORIENTED_EDGE('74',*,*,#381,.F.);
#398=EDGE_LOOP('72',(#392,#393,#394,#395,#396,#397));
#399=FACE_OUTER_BOUND('72',#398,.F.);
#401=CARTESIAN_POINT('',(4.E0,0.E0,1.24E0));
#402=DIRECTION('',(0.E0,0.E0,-1.E0));
#403=DIRECTION('',(1.E0,0.E0,0.E0));
#404=AXIS2_PLACEMENT_3D('',#401,#402,#403);
#405=CYLINDRICAL_SURFACE('122',#404,3.25E0);
#406=ORIENTED_EDGE('156',*,*,#361,.F.);
#408=ORIENTED_EDGE('160',*,*,#407,.F.);
#410=ORIENTED_EDGE('123',*,*,#409,.T.);
#412=ORIENTED_EDGE('161',*,*,#411,.T.);
#413=EDGE_LOOP('122',(#406,#408,#410,#412));
#414=FACE_OUTER_BOUND('122',#413,.F.);
#416=CARTESIAN_POINT('',(4.E0,0.E0,1.24E0));
#417=DIRECTION('',(0.E0,0.E0,-1.E0));
#418=DIRECTION('',(1.E0,0.E0,0.E0));
#419=AXIS2_PLACEMENT_3D('',#416,#417,#418);
#420=CYLINDRICAL_SURFACE('148',#419,3.25E0);
#421=ORIENTED_EDGE('157',*,*,#363,.F.);
#422=ORIENTED_EDGE('161',*,*,#411,.F.);
#424=ORIENTED_EDGE('149',*,*,#423,.F.);
#425=ORIENTED_EDGE('160',*,*,#407,.T.);
#426=EDGE_LOOP('148',(#421,#422,#424,#425));
#427=FACE_OUTER_BOUND('148',#426,.F.);
#429=CARTESIAN_POINT('',(4.E0,0.E0,-5.E0));
#430=DIRECTION('',(0.E0,0.E0,-1.E0));
#431=DIRECTION('',(1.E0,0.E0,0.E0));
#432=AXIS2_PLACEMENT_3D('',#429,#430,#431);
#433=PLANE('120',#432);
#434=ORIENTED_EDGE('123',*,*,#409,.F.);
#435=ORIENTED_EDGE('149',*,*,#423,.T.);
#436=EDGE_LOOP('120',(#434,#435));
#437=FACE_OUTER_BOUND('120',#436,.F.);
#439=ORIENTED_EDGE('147',*,*,#438,.F.);
#441=ORIENTED_EDGE('121',*,*,#440,.T.);
#442=EDGE_LOOP('120',(#439,#441));
#443=FACE_BOUND('120',#442,.F.);
#445=CARTESIAN_POINT('',(4.E0,0.E0,1.24E0));
#446=DIRECTION('',(0.E0,0.E0,-1.E0));
#447=DIRECTION('',(1.E0,0.E0,0.E0));
#448=AXIS2_PLACEMENT_3D('',#445,#446,#447);
#449=CYLINDRICAL_SURFACE('144',#448,1.7E0);
#450=ORIENTED_EDGE('155',*,*,#295,.T.);
#452=ORIENTED_EDGE('158',*,*,#451,.T.);
#453=ORIENTED_EDGE('147',*,*,#438,.T.);
#455=ORIENTED_EDGE('159',*,*,#454,.F.);
#456=EDGE_LOOP('144',(#450,#452,#453,#455));
#457=FACE_OUTER_BOUND('144',#456,.F.);
#459=CARTESIAN_POINT('',(4.E0,0.E0,1.24E0));
#460=DIRECTION('',(0.E0,0.E0,-1.E0));
#461=DIRECTION('',(1.E0,0.E0,0.E0));
#462=AXIS2_PLACEMENT_3D('',#459,#460,#461);
#463=CYLINDRICAL_SURFACE('118',#462,1.7E0);
#464=ORIENTED_EDGE('154',*,*,#293,.T.);
#465=ORIENTED_EDGE('159',*,*,#454,.T.);
#466=ORIENTED_EDGE('121',*,*,#440,.F.);
#467=ORIENTED_EDGE('158',*,*,#451,.F.);
#468=EDGE_LOOP('118',(#464,#465,#466,#467));
#469=FACE_OUTER_BOUND('118',#468,.F.);
#471=CARTESIAN_POINT('',(-4.E0,0.E0,1.24E0));
#472=DIRECTION('',(0.E0,0.E0,1.E0));
#473=DIRECTION('',(-1.E0,0.E0,0.E0));
#474=AXIS2_PLACEMENT_3D('',#471,#472,#473);
#475=CYLINDRICAL_SURFACE('176',#474,3.25E0);
#477=ORIENTED_EDGE('224',*,*,#476,.T.);
#478=ORIENTED_EDGE('228',*,*,#367,.T.);
#480=ORIENTED_EDGE('225',*,*,#479,.F.);
#482=ORIENTED_EDGE('202',*,*,#481,.F.);
#483=EDGE_LOOP('176',(#477,#478,#480,#482));
#484=FACE_OUTER_BOUND('176',#483,.F.);
#486=CARTESIAN_POINT('',(-4.E0,0.E0,1.24E0));
#487=DIRECTION('',(0.E0,0.E0,1.E0));
#488=DIRECTION('',(-1.E0,0.E0,0.E0));
#489=AXIS2_PLACEMENT_3D('',#486,#487,#488);
#490=CYLINDRICAL_SURFACE('184',#489,3.25E0);
#491=ORIENTED_EDGE('224',*,*,#476,.F.);
#493=ORIENTED_EDGE('220',*,*,#492,.T.);
#494=ORIENTED_EDGE('225',*,*,#479,.T.);
#495=ORIENTED_EDGE('229',*,*,#369,.T.);
#496=EDGE_LOOP('184',(#491,#493,#494,#495));
#497=FACE_OUTER_BOUND('184',#496,.F.);
#499=CARTESIAN_POINT('',(-4.E0,0.E0,-5.E0));
#500=DIRECTION('',(0.E0,0.E0,1.E0));
#501=DIRECTION('',(-1.E0,0.E0,0.E0));
#502=AXIS2_PLACEMENT_3D('',#499,#500,#501);
#503=PLANE('175',#502);
#504=ORIENTED_EDGE('202',*,*,#481,.T.);
#505=ORIENTED_EDGE('220',*,*,#492,.F.);
#506=EDGE_LOOP('175',(#504,#505));
#507=FACE_OUTER_BOUND('175',#506,.F.);
#509=ORIENTED_EDGE('219',*,*,#508,.T.);
#511=ORIENTED_EDGE('201',*,*,#510,.F.);
#512=EDGE_LOOP('175',(#509,#511));
#513=FACE_BOUND('175',#512,.F.);
#515=CARTESIAN_POINT('',(-4.E0,0.E0,1.24E0));
#516=DIRECTION('',(0.E0,0.E0,1.E0));
#517=DIRECTION('',(-1.E0,0.E0,0.E0));
#518=AXIS2_PLACEMENT_3D('',#515,#516,#517);
#519=CYLINDRICAL_SURFACE('182',#518,1.7E0);
#521=ORIENTED_EDGE('222',*,*,#520,.F.);
#522=ORIENTED_EDGE('231',*,*,#329,.F.);
#524=ORIENTED_EDGE('223',*,*,#523,.T.);
#525=ORIENTED_EDGE('219',*,*,#508,.F.);
#526=EDGE_LOOP('182',(#521,#522,#524,#525));
#527=FACE_OUTER_BOUND('182',#526,.F.);
#529=CARTESIAN_POINT('',(-4.E0,0.E0,1.24E0));
#530=DIRECTION('',(0.E0,0.E0,1.E0));
#531=DIRECTION('',(-1.E0,0.E0,0.E0));
#532=AXIS2_PLACEMENT_3D('',#529,#530,#531);
#533=CYLINDRICAL_SURFACE('174',#532,1.7E0);
#534=ORIENTED_EDGE('222',*,*,#520,.T.);
#535=ORIENTED_EDGE('201',*,*,#510,.T.);
#536=ORIENTED_EDGE('223',*,*,#523,.F.);
#537=ORIENTED_EDGE('230',*,*,#327,.F.);
#538=EDGE_LOOP('174',(#534,#535,#536,#537));
#539=FACE_OUTER_BOUND('174',#538,.F.);
#543=CARTESIAN_POINT('',(0.E0,0.E0,0.E0));
#544=DIRECTION('',(1.E0,0.E0,0.E0));
#545=DIRECTION('',(0.E0,1.E0,0.E0));
#546=AXIS2_PLACEMENT_3D('',#543,#544,#545);
#547=PLANE('RECHTS',#546);
#548=CARTESIAN_POINT('',(0.E0,0.E0,0.E0));
#549=DIRECTION('',(0.E0,1.E0,0.E0));
#550=DIRECTION('',(0.E0,0.E0,1.E0));
#551=AXIS2_PLACEMENT_3D('',#548,#549,#550);
#552=PLANE('OBEN',#551);
#553=CARTESIAN_POINT('',(0.E0,0.E0,0.E0));
#554=DIRECTION('',(0.E0,0.E0,1.E0));
#555=DIRECTION('',(1.E0,0.E0,0.E0));
#556=AXIS2_PLACEMENT_3D('',#553,#554,#555);
#557=PLANE('VORNE',#556);
#558=CARTESIAN_POINT('',(0.E0,0.E0,0.E0));
#559=DIRECTION('',(0.E0,0.E0,1.E0));
#560=DIRECTION('',(1.E0,0.E0,0.E0));
#561=AXIS2_PLACEMENT_3D('PRT_CSYS_DEF',#558,#559,#560);
#562=DRAUGHTING_PRE_DEFINED_CURVE_FONT('continuous');
#563=CURVE_STYLE('',#562,POSITIVE_LENGTH_MEASURE(2.E-2),#6);
#564=PRESENTATION_STYLE_ASSIGNMENT((#563));
#565=STYLED_ITEM('',(#564),#561);
#566=DIRECTION('',(-1.E0,0.E0,0.E0));
#567=VECTOR('',#566,1.5E1);
#568=CARTESIAN_POINT('',(7.5E0,0.E0,0.E0));
#569=LINE('',#568,#567);
#571=CURVE_STYLE('',#562,POSITIVE_LENGTH_MEASURE(2.E-2),#4);
#572=PRESENTATION_STYLE_ASSIGNMENT((#571));
#573=STYLED_ITEM('',(#572),#570);
#574=DIRECTION('',(1.E0,0.E0,0.E0));
#575=VECTOR('',#574,5.75E0);
#576=CARTESIAN_POINT('',(1.75E0,0.E0,0.E0));
#577=LINE('',#576,#575);
#579=CURVE_STYLE('',#562,POSITIVE_LENGTH_MEASURE(2.E-2),#1);
#580=PRESENTATION_STYLE_ASSIGNMENT((#579));
#581=STYLED_ITEM('',(#580),#578);
#583=DIRECTION('',(0.E0,0.E0,-1.E0));
#584=VECTOR('',#583,8.E0);
#585=CARTESIAN_POINT('',(7.5E0,0.E0,0.E0));
#586=LINE('',#585,#584);
#588=CURVE_STYLE('',#562,POSITIVE_LENGTH_MEASURE(2.E-2),#1);
#589=PRESENTATION_STYLE_ASSIGNMENT((#588));
#590=STYLED_ITEM('',(#589),#587);
#592=DIRECTION('',(-1.E0,0.E0,0.E0));
#593=VECTOR('',#592,1.5E1);
#594=CARTESIAN_POINT('',(7.5E0,0.E0,-8.E0));
#595=LINE('',#594,#593);
#597=CURVE_STYLE('',#562,POSITIVE_LENGTH_MEASURE(2.E-2),#1);
#598=PRESENTATION_STYLE_ASSIGNMENT((#597));
#599=STYLED_ITEM('',(#598),#596);
#601=DIRECTION('',(0.E0,0.E0,1.E0));
#602=VECTOR('',#601,8.E0);
#603=CARTESIAN_POINT('',(-7.5E0,0.E0,-8.E0));
#604=LINE('',#603,#602);
#606=CURVE_STYLE('',#562,POSITIVE_LENGTH_MEASURE(2.E-2),#1);
#607=PRESENTATION_STYLE_ASSIGNMENT((#606));
#608=STYLED_ITEM('',(#607),#605);
#610=DIRECTION('',(1.E0,0.E0,0.E0));
#611=VECTOR('',#610,5.75E0);
#612=CARTESIAN_POINT('',(-7.5E0,0.E0,0.E0));
#613=LINE('',#612,#611);
#615=CURVE_STYLE('',#562,POSITIVE_LENGTH_MEASURE(2.E-2),#1);
#616=PRESENTATION_STYLE_ASSIGNMENT((#615));
#617=STYLED_ITEM('',(#616),#614);
#619=CARTESIAN_POINT('',(0.E0,0.E0,0.E0));
#620=DIRECTION('',(0.E0,-1.E0,0.E0));
#621=DIRECTION('',(-1.E0,0.E0,0.E0));
#622=AXIS2_PLACEMENT_3D('',#619,#620,#621);
#625=CURVE_STYLE('',#562,POSITIVE_LENGTH_MEASURE(2.E-2),#1);
#626=PRESENTATION_STYLE_ASSIGNMENT((#625));
#627=STYLED_ITEM('',(#626),#624);
#631=DIRECTION('',(0.E0,0.E0,-1.E0));
#632=VECTOR('',#631,8.E0);
#633=CARTESIAN_POINT('',(4.E0,0.E0,0.E0));
#634=LINE('',#633,#632);
#636=CURVE_STYLE('',#562,POSITIVE_LENGTH_MEASURE(2.E-2),#4);
#637=PRESENTATION_STYLE_ASSIGNMENT((#636));
#638=STYLED_ITEM('',(#637),#635);
#641=GENERAL_PROPERTY('','GEWINDESERIE','user defined attribute');
#642=GENERAL_PROPERTY_ASSOCIATION('user defined attribute','',#641,#640);
#643=DESCRIPTIVE_REPRESENTATION_ITEM('GEWINDESERIE','ISO');
#646=PLANE_ANGLE_MEASURE_WITH_UNIT(PLANE_ANGLE_MEASURE(1.745329251994E-2),#645);
#647=(CONVERSION_BASED_UNIT('DEGREE',#646)NAMED_UNIT(*)PLANE_ANGLE_UNIT());
#649=UNCERTAINTY_MEASURE_WITH_UNIT(LENGTH_MEASURE(1.E-2),#644,'closure',
'Maximum model space distance between geometric entities at asserted connectivities');
#657=GENERAL_PROPERTY('','SCHRAUBEN_GROESSE','user defined attribute');
#658=GENERAL_PROPERTY_ASSOCIATION('user defined attribute','',#657,#656);
#659=DESCRIPTIVE_REPRESENTATION_ITEM('SCHRAUBEN_GROESSE','M3x.5');
#666=GENERAL_PROPERTY('','ANSENKDURCHMESSER','user defined attribute');
#667=GENERAL_PROPERTY_ASSOCIATION('user defined attribute','',#666,#665);
#669=MEASURE_REPRESENTATION_ITEM('ANSENKDURCHMESSER',LENGTH_MEASURE(6.5E0),
#668);
#676=GENERAL_PROPERTY('','ANSENKTIEFE','user defined attribute');
#677=GENERAL_PROPERTY_ASSOCIATION('user defined attribute','',#676,#675);
#679=MEASURE_REPRESENTATION_ITEM('ANSENKTIEFE',LENGTH_MEASURE(3.E0),#678);
#686=GENERAL_PROPERTY('','BOHR_DURCHM','user defined attribute');
#687=GENERAL_PROPERTY_ASSOCIATION('user defined attribute','',#686,#685);
#689=MEASURE_REPRESENTATION_ITEM('BOHR_DURCHM',LENGTH_MEASURE(3.4E0),#688);
#696=GENERAL_PROPERTY('','KLASSE','user defined attribute');
#697=GENERAL_PROPERTY_ASSOCIATION('user defined attribute','',#696,#695);
#698=DESCRIPTIVE_REPRESENTATION_ITEM('KLASSE','H');
#705=GENERAL_PROPERTY('','METRISCH','user defined attribute');
#706=GENERAL_PROPERTY_ASSOCIATION('user defined attribute','',#705,#704);
#707=DESCRIPTIVE_REPRESENTATION_ITEM('METRISCH','JA');
#712=DIRECTION('',(0.E0,0.E0,1.E0));
#713=VECTOR('',#712,8.E0);
#714=CARTESIAN_POINT('',(-4.E0,0.E0,-8.E0));
#715=LINE('',#714,#713);
#717=CURVE_STYLE('',#562,POSITIVE_LENGTH_MEASURE(2.E-2),#4);
#718=PRESENTATION_STYLE_ASSIGNMENT((#717));
#719=STYLED_ITEM('',(#718),#716);
#722=GENERAL_PROPERTY('','GEWINDESERIE','user defined attribute');
#723=GENERAL_PROPERTY_ASSOCIATION('user defined attribute','',#722,#721);
#724=DESCRIPTIVE_REPRESENTATION_ITEM('GEWINDESERIE','ISO');
#731=GENERAL_PROPERTY('','SCHRAUBEN_GROESSE','user defined attribute');
#732=GENERAL_PROPERTY_ASSOCIATION('user defined attribute','',#731,#730);
#733=DESCRIPTIVE_REPRESENTATION_ITEM('SCHRAUBEN_GROESSE','M3x.5');
#740=GENERAL_PROPERTY('','ANSENKDURCHMESSER','user defined attribute');
#741=GENERAL_PROPERTY_ASSOCIATION('user defined attribute','',#740,#739);
#743=MEASURE_REPRESENTATION_ITEM('ANSENKDURCHMESSER',LENGTH_MEASURE(6.5E0),
#742);
#750=GENERAL_PROPERTY('','ANSENKTIEFE','user defined attribute');
#751=GENERAL_PROPERTY_ASSOCIATION('user defined attribute','',#750,#749);
#753=MEASURE_REPRESENTATION_ITEM('ANSENKTIEFE',LENGTH_MEASURE(3.E0),#752);
#760=GENERAL_PROPERTY('','BOHR_DURCHM','user defined attribute');
#761=GENERAL_PROPERTY_ASSOCIATION('user defined attribute','',#760,#759);
#763=MEASURE_REPRESENTATION_ITEM('BOHR_DURCHM',LENGTH_MEASURE(3.4E0),#762);
#770=GENERAL_PROPERTY('','KLASSE','user defined attribute');
#771=GENERAL_PROPERTY_ASSOCIATION('user defined attribute','',#770,#769);
#772=DESCRIPTIVE_REPRESENTATION_ITEM('KLASSE','H');
#779=GENERAL_PROPERTY('','METRISCH','user defined attribute');
#780=GENERAL_PROPERTY_ASSOCIATION('user defined attribute','',#779,#778);
#781=DESCRIPTIVE_REPRESENTATION_ITEM('METRISCH','JA');
#786=PRESENTATION_LAYER_ASSIGNMENT('_26_BEZUGSACHSEN','',(#570,#635,#716));
#787=PRESENTATION_LAYER_ASSIGNMENT('_27_BEZUGSEBENEN','',(#547,#552,#557));
#788=PRESENTATION_LAYER_ASSIGNMENT('_29_KOORDINATENSYSTEME','',(#561));
#789=PRESENTATION_LAYER_ASSIGNMENT('_00_PRT_START_FEATURES','',(#547,#552,#557,
#561,#570));
#790=PRESENTATION_LAYER_ASSIGNMENT('_21_KURVEN','',(#629));
#791=PRESENTATION_LAYER_ASSIGNMENT('.BLACK_HOLE','',(#629,#910));
#792=PRESENTATION_LAYER_ASSIGNMENT('_30_VOLUMEN','',(#635));
#793=PRESENTATION_LAYER_ASSIGNMENT('_34_BOHRUNGEN','',(#635,#716));
#794=INVISIBILITY((#791));
#797=PLANE_ANGLE_MEASURE_WITH_UNIT(PLANE_ANGLE_MEASURE(1.745329251994E-2),#796);
#798=(CONVERSION_BASED_UNIT('DEGREE',#797)NAMED_UNIT(*)PLANE_ANGLE_UNIT());
#800=UNCERTAINTY_MEASURE_WITH_UNIT(LENGTH_MEASURE(1.E-2),#795,'closure',
'Maximum model space distance between geometric entities at asserted connectivities');
#630=GEOMETRIC_CURVE_SET('54',(#629));
#805=CARTESIAN_POINT('',(0.E0,0.E0,0.E0));
#806=DIRECTION('',(0.E0,0.E0,1.E0));
#807=DIRECTION('',(1.E0,0.E0,0.E0));
#810=SHAPE_REPRESENTATION_RELATIONSHIP('','',#809,#802);
#811=SHAPE_REPRESENTATION_RELATIONSHIP('','',#809,#803);
#812=CONSTRUCTIVE_GEOMETRY_REPRESENTATION_RELATIONSHIP('','',#809,#804);
#813=MECHANICAL_DESIGN_GEOMETRIC_PRESENTATION_REPRESENTATION('',(#565,#573,#581,
#590,#599,#608,#617,#627,#638,#719),#801);
#814=APPLICATION_CONTEXT('automotive design');
#815=APPLICATION_PROTOCOL_DEFINITION('international standard',
'config_control_design',1994,#814);
#816=PRODUCT_DEFINITION_CONTEXT('',#814,'design');
#817=PRODUCT_CONTEXT('',#814,'mechanical');
#818=PRODUCT('CABLE_CLAMP_1','CABLE_CLAMP_1','NOT SPECIFIED',(#817));
#819=PRODUCT_DEFINITION_FORMATION_WITH_SPECIFIED_SOURCE('6','LAST_VERSION',#818,
.MADE.);
#827=DERIVED_UNIT_ELEMENT(#826,-3.E0);
#829=DERIVED_UNIT_ELEMENT(#828,1.E0);
#830=DERIVED_UNIT((#827,#829));
#831=MEASURE_REPRESENTATION_ITEM('density measure',POSITIVE_RATIO_MEASURE(
7.85E-6),#830);
#835=DESCRIPTIVE_REPRESENTATION_ITEM('STAHL_ALLGEMEIN','');
#844=DERIVED_UNIT_ELEMENT(#843,2.E0);
#845=AREA_UNIT((#844));
#846=MEASURE_REPRESENTATION_ITEM('surface area measure',AREA_MEASURE(
9.033761965728E2),#845);
#851=DERIVED_UNIT_ELEMENT(#850,3.E0);
#852=VOLUME_UNIT((#851));
#853=MEASURE_REPRESENTATION_ITEM('volume measure',VOLUME_MEASURE(
8.620039015152E2),#852);
#857=CARTESIAN_POINT('centre point',(2.263869026851E-7,1.367360152990E-6,
-3.762339133314E0));
#862=DERIVED_UNIT_ELEMENT(#861,2.E0);
#863=AREA_UNIT((#862));
#864=MEASURE_REPRESENTATION_ITEM('surface area measure',AREA_MEASURE(
9.033761965728E2),#863);
#869=DERIVED_UNIT_ELEMENT(#868,3.E0);
#870=VOLUME_UNIT((#869));
#871=MEASURE_REPRESENTATION_ITEM('volume measure',VOLUME_MEASURE(
8.620039015152E2),#870);
#875=CARTESIAN_POINT('centre point',(2.263869026851E-7,1.367360152990E-6,
-3.762339133314E0));
#879=PRODUCT_CONTEXT('',#814,'mechanical');
#880=PRODUCT('STAHL_ALLGEMEIN','allgemeiner Stahl','NOT SPECIFIED',(#879));
#881=PRODUCT_DEFINITION_FORMATION_WITH_SPECIFIED_SOURCE('','LAST_VERSION',#880,
.MADE.);
#884=DIMENSIONAL_EXPONENTS(0.E0,0.E0,0.E0,0.E0,0.E0,0.E0,0.E0);
#885=NAMED_UNIT(#884);
#886=MEASURE_WITH_UNIT(COUNT_MEASURE(1.E0),#885);
#888=DERIVED_UNIT_ELEMENT(#887,-3.E0);
#890=DERIVED_UNIT_ELEMENT(#889,1.E0);
#891=DERIVED_UNIT((#888,#890));
#892=MEASURE_REPRESENTATION_ITEM('density measure',POSITIVE_RATIO_MEASURE(
7.85E-6),#891);
#897=CARTESIAN_POINT('',(0.E0,0.E0,0.E0));
#898=DIRECTION('',(0.E0,0.E0,1.E0));
#899=DIRECTION('',(1.E0,0.E0,0.E0));
#900=AXIS2_PLACEMENT_3D('',#897,#898,#899);
#901=REPRESENTATION_MAP(#900,#809);
#902=MAPPED_ITEM('',#901,#900);
#903=PRESENTATION_STYLE_ASSIGNMENT((.NULL.));
#904=STYLED_ITEM('',(#903),#902);
#905=DRAUGHTING_MODEL('',(#900,#902,#904,#912),#801);
#906=CARTESIAN_POINT('',(0.E0,0.E0,-4.E0));
#907=DIRECTION('',(0.E0,0.E0,0.E0));
#908=DIRECTION('',(1.E0,0.E0,0.E0));
#909=AXIS2_PLACEMENT_3D('',#906,#907,#908);
#910=PLANE('current',#909);
#911=PRESENTATION_STYLE_ASSIGNMENT((.NULL.));
#912=ANNOTATION_PLANE('',(#911),#910,(#3106,#5303));
#913=CARTESIAN_POINT('',(4.838108331674E2,4.230691324248E2,
-1.515824502955E-11));
#914=CARTESIAN_POINT('',(4.838108331674E2,4.253375017766E2,
-1.515824502955E-11));
#915=CARTESIAN_POINT('',(4.842661930394E2,4.253375017766E2,
-1.515824502955E-11));
#916=CARTESIAN_POINT('',(4.848058792108E2,4.237268752070E2,
-1.515824502955E-11));
#917=CARTESIAN_POINT('',(4.848396099690E2,4.236256839753E2,
-1.515824502955E-11));
#918=CARTESIAN_POINT('',(4.848733407271E2,4.235329254332E2,
-1.515824502955E-11));
#919=CARTESIAN_POINT('',(4.848986379019E2,4.234570319723E2,
-1.515824502955E-11));
#920=CARTESIAN_POINT('',(4.849155038769E2,4.233980038904E2,
-1.515824502955E-11));
#921=CARTESIAN_POINT('',(4.849239362685E2,4.234317342016E2,
-1.515824502955E-11));
#922=CARTESIAN_POINT('',(4.849408010516E2,4.234654646618E2,
-1.515824502955E-11));
#923=CARTESIAN_POINT('',(4.849492334432E2,4.235076276626E2,
-1.515824502955E-11));
#924=CARTESIAN_POINT('',(4.849660994182E2,4.235497906633E2,
-1.515824502955E-11));
#925=CARTESIAN_POINT('',(4.849829642014E2,4.235919536641E2,
-1.515824502955E-11));
#926=CARTESIAN_POINT('',(4.849998301764E2,4.236425492054E2,
-1.515824502955E-11));
#927=CARTESIAN_POINT('',(4.850166949595E2,4.237015774363E2,
-1.515824502955E-11));
#928=CARTESIAN_POINT('',(4.850419921343E2,4.237606056672E2,
-1.515824502955E-11));
#929=CARTESIAN_POINT('',(4.855901118891E2,4.253375017766E2,
-1.515824502955E-11));
#930=CARTESIAN_POINT('',(4.860033086113E2,4.253375017766E2,
-1.515824502955E-11));
#931=CARTESIAN_POINT('',(4.860033086113E2,4.230691324248E2,
-1.515824502955E-11));
#932=CARTESIAN_POINT('',(4.856997353634E2,4.230691324248E2,
-1.515824502955E-11));
#933=CARTESIAN_POINT('',(4.856997353634E2,4.249664676083E2,
-1.515824502955E-11));
#934=CARTESIAN_POINT('',(4.850251273511E2,4.230691324248E2,
-1.515824502955E-11));
#935=CARTESIAN_POINT('',(4.847637172529E2,4.230691324248E2,
-1.515824502955E-11));
#936=CARTESIAN_POINT('',(4.841144064154E2,4.249917653789E2,
-1.515824502955E-11));
#937=CARTESIAN_POINT('',(4.841144064154E2,4.230691324248E2,
-1.515824502955E-11));
#938=CARTESIAN_POINT('',(4.838108331674E2,4.230691324248E2,
-1.515824502955E-11));
#940=CARTESIAN_POINT('',(4.863659109840E2,4.236678469761E2,
-1.515824502955E-11));
#941=CARTESIAN_POINT('',(4.866441870573E2,4.237015774363E2,
-1.515824502955E-11));
#942=CARTESIAN_POINT('',(4.866526194488E2,4.236425492054E2,
-1.515824502955E-11));
#943=CARTESIAN_POINT('',(4.866694842320E2,4.235919536641E2,
-1.515824502955E-11));
#944=CARTESIAN_POINT('',(4.866863502070E2,4.235413579738E2,
-1.515824502955E-11));
#945=CARTESIAN_POINT('',(4.867032149902E2,4.234991949730E2,
-1.515824502955E-11));
#946=CARTESIAN_POINT('',(4.867285121649E2,4.234570319723E2,
-1.515824502955E-11));
#947=CARTESIAN_POINT('',(4.867453781399E2,4.234233016610E2,
-1.515824502955E-11));
#948=CARTESIAN_POINT('',(4.867706753147E2,4.233895712008E2,
-1.515824502955E-11));
#949=CARTESIAN_POINT('',(4.867959736812E2,4.233642734302E2,
-1.515824502955E-11));
#950=CARTESIAN_POINT('',(4.868550016141E2,4.233136778888E2,
-1.515824502955E-11));
#951=CARTESIAN_POINT('',(4.869224619386E2,4.232883799692E2,
-1.515824502955E-11));
#952=CARTESIAN_POINT('',(4.869983558466E2,4.232630821985E2,
-1.515824502955E-11));
#953=CARTESIAN_POINT('',(4.870826821460E2,4.232630821985E2,
-1.515824502955E-11));
#954=CARTESIAN_POINT('',(4.871248452958E2,4.232630821985E2,
-1.515824502955E-11));
#955=CARTESIAN_POINT('',(4.871754408371E2,4.232715148881E2,
-1.515824502955E-11));
#956=CARTESIAN_POINT('',(4.872176039869E2,4.232799474286E2,
-1.515824502955E-11));
#957=CARTESIAN_POINT('',(4.872597659448E2,4.232968126587E2,
-1.515824502955E-11));
#958=CARTESIAN_POINT('',(4.873019290945E2,4.233136778888E2,
-1.515824502955E-11));
#959=CARTESIAN_POINT('',(4.873440922443E2,4.233389756595E2,
-1.515824502955E-11));
#960=CARTESIAN_POINT('',(4.873778230024E2,4.233642734302E2,
-1.515824502955E-11));
#961=CARTESIAN_POINT('',(4.874115537606E2,4.233980038904E2,
-1.515824502955E-11));
#962=CARTESIAN_POINT('',(4.874452833269E2,4.234317342016E2,
-1.515824502955E-11));
#963=CARTESIAN_POINT('',(4.874705816935E2,4.234654646618E2,
-1.515824502955E-11));
#964=CARTESIAN_POINT('',(4.874874464767E2,4.235076276626E2,
-1.515824502955E-11));
#965=CARTESIAN_POINT('',(4.875127448432E2,4.235497906633E2,
-1.515824502955E-11));
#966=CARTESIAN_POINT('',(4.875211772348E2,4.235919536641E2,
-1.515824502955E-11));
#967=CARTESIAN_POINT('',(4.875380420180E2,4.236341166649E2,
-1.515824502955E-11));
#968=CARTESIAN_POINT('',(4.875380420180E2,4.236847122062E2,
-1.515824502955E-11));
#969=CARTESIAN_POINT('',(4.875464744096E2,4.237353078965E2,
-1.515824502955E-11));
#970=CARTESIAN_POINT('',(4.875380420180E2,4.237774708973E2,
-1.515824502955E-11));
#971=CARTESIAN_POINT('',(4.875380420180E2,4.238280664386E2,
-1.515824502955E-11));
#972=CARTESIAN_POINT('',(4.875211772348E2,4.238702294394E2,
-1.515824502955E-11));
#973=CARTESIAN_POINT('',(4.875127448432E2,4.239123924401E2,
-1.515824502955E-11));
#974=CARTESIAN_POINT('',(4.874958788682E2,4.239461229003E2,
-1.515824502955E-11));
#975=CARTESIAN_POINT('',(4.874705816935E2,4.239798532116E2,
-1.515824502955E-11));
#976=CARTESIAN_POINT('',(4.874452833269E2,4.240220162123E2,
-1.515824502955E-11));
#977=CARTESIAN_POINT('',(4.874199861522E2,4.240473139830E2,
-1.515824502955E-11));
#978=CARTESIAN_POINT('',(4.873862553940E2,4.240810444432E2,
-1.515824502955E-11));
#979=CARTESIAN_POINT('',(4.873525246358E2,4.241063422139E2,
-1.515824502955E-11));
#980=CARTESIAN_POINT('',(4.873187950695E2,4.241232074440E2,
-1.515824502955E-11));
#981=CARTESIAN_POINT('',(4.872766319198E2,4.241400726741E2,
-1.515824502955E-11));
#982=CARTESIAN_POINT('',(4.872344687700E2,4.241569379042E2,
-1.515824502955E-11));
#983=CARTESIAN_POINT('',(4.871923056203E2,4.241653704447E2,
-1.515824502955E-11));
#984=CARTESIAN_POINT('',(4.871501424705E2,4.241738029853E2,
-1.515824502955E-11));
#985=CARTESIAN_POINT('',(4.870995469292E2,4.241738029853E2,
-1.515824502955E-11));
#986=CARTESIAN_POINT('',(4.870573837795E2,4.241738029853E2,
-1.515824502955E-11));
#987=CARTESIAN_POINT('',(4.870152206297E2,4.241653704447E2,
-1.515824502955E-11));
#988=CARTESIAN_POINT('',(4.869646250884E2,4.241569379042E2,
-1.515824502955E-11));
#989=CARTESIAN_POINT('',(4.869055971555E2,4.241485052146E2,
-1.515824502955E-11));
#990=CARTESIAN_POINT('',(4.869393279136E2,4.243930506787E2,
-1.515824502955E-11));
#991=CARTESIAN_POINT('',(4.869646250884E2,4.243846179891E2,
-1.515824502955E-11));
#992=CARTESIAN_POINT('',(4.869814910634E2,4.243846179891E2,
-1.515824502955E-11));
#993=CARTESIAN_POINT('',(4.870658161710E2,4.243930506787E2,
-1.515824502955E-11));
#994=CARTESIAN_POINT('',(4.871501424705E2,4.244099157598E2,
-1.515824502955E-11));
#995=CARTESIAN_POINT('',(4.872260363784E2,4.244352135304E2,
-1.515824502955E-11));
#996=CARTESIAN_POINT('',(4.873019290945E2,4.244773766802E2,
-1.515824502955E-11));
#997=CARTESIAN_POINT('',(4.873356598527E2,4.245026744509E2,
-1.515824502955E-11));
#998=CARTESIAN_POINT('',(4.873609582193E2,4.245279722215E2,
-1.515824502955E-11));
#999=CARTESIAN_POINT('',(4.873862553940E2,4.245617026817E2,
-1.515824502955E-11));
#1000=CARTESIAN_POINT('',(4.874031201772E2,4.245954331419E2,
-1.515824502955E-11));
#1001=CARTESIAN_POINT('',(4.874199861522E2,4.246291636021E2,
-1.515824502955E-11));
#1002=CARTESIAN_POINT('',(4.874284185438E2,4.246713264539E2,
-1.515824502955E-11));
#1003=CARTESIAN_POINT('',(4.874368509353E2,4.247134896037E2,
-1.515824502955E-11));
#1004=CARTESIAN_POINT('',(4.874452833269E2,4.247640851450E2,
-1.515824502955E-11));
#1005=CARTESIAN_POINT('',(4.874368509353E2,4.248315457674E2,
-1.515824502955E-11));
#1006=CARTESIAN_POINT('',(4.874115537606E2,4.248990066878E2,
-1.515824502955E-11));
#1007=CARTESIAN_POINT('',(4.873862553940E2,4.249580349187E2,
-1.515824502955E-11));
#1008=CARTESIAN_POINT('',(4.873356598527E2,4.250170631496E2,
-1.515824502955E-11));
#1009=CARTESIAN_POINT('',(4.872850643114E2,4.250592260014E2,
-1.515824502955E-11));
#1010=CARTESIAN_POINT('',(4.872176039869E2,4.250929564616E2,
-1.515824502955E-11));
#1011=CARTESIAN_POINT('',(4.871501424705E2,4.251098215427E2,
-1.515824502955E-11));
#1012=CARTESIAN_POINT('',(4.870742497545E2,4.251182542322E2,
-1.515824502955E-11));
#1013=CARTESIAN_POINT('',(4.869983558466E2,4.251098215427E2,
-1.515824502955E-11));
#1014=CARTESIAN_POINT('',(4.869224619386E2,4.250845237720E2,
-1.515824502955E-11));
#1015=CARTESIAN_POINT('',(4.868634340057E2,4.250592260014E2,
-1.515824502955E-11));
#1016=CARTESIAN_POINT('',(4.868044060728E2,4.250086304600E2,
-1.515824502955E-11));
#1017=CARTESIAN_POINT('',(4.867791077062E2,4.249833326894E2,
-1.515824502955E-11));
#1018=CARTESIAN_POINT('',(4.867538105315E2,4.249496022292E2,
-1.515824502955E-11));
#1019=CARTESIAN_POINT('',(4.867369457483E2,4.249158717690E2,
-1.515824502955E-11));
#1020=CARTESIAN_POINT('',(4.867116473817E2,4.248821416067E2,
-1.515824502955E-11));
#1021=CARTESIAN_POINT('',(4.867032149902E2,4.248399784570E2,
-1.515824502955E-11));
#1022=CARTESIAN_POINT('',(4.866863502070E2,4.247978156052E2,
-1.515824502955E-11));
#1023=CARTESIAN_POINT('',(4.866779166236E2,4.247472197659E2,
-1.515824502955E-11));
#1024=CARTESIAN_POINT('',(4.866694842320E2,4.247050569141E2,
-1.515824502955E-11));
#1025=CARTESIAN_POINT('',(4.863912081588E2,4.247556524554E2,
-1.515824502955E-11));
#1026=CARTESIAN_POINT('',(4.863996417422E2,4.248231133759E2,
-1.515824502955E-11));
#1027=CARTESIAN_POINT('',(4.864165065254E2,4.248821416067E2,
-1.515824502955E-11));
#1028=CARTESIAN_POINT('',(4.864418037001E2,4.249411695396E2,
-1.515824502955E-11));
#1029=CARTESIAN_POINT('',(4.864671020667E2,4.250001977705E2,
-1.515824502955E-11));
#1030=CARTESIAN_POINT('',(4.865008328249E2,4.250507936098E2,
-1.515824502955E-11));
#1031=CARTESIAN_POINT('',(4.865345623912E2,4.251013891511E2,
-1.515824502955E-11));
#1032=CARTESIAN_POINT('',(4.865767255409E2,4.251435520029E2,
-1.515824502955E-11));
#1033=CARTESIAN_POINT('',(4.866188886907E2,4.251857151526E2,
-1.515824502955E-11));
#1034=CARTESIAN_POINT('',(4.866610518404E2,4.252194456129E2,
-1.515824502955E-11));
#1035=CARTESIAN_POINT('',(4.867116473817E2,4.252531757751E2,
-1.515824502955E-11));
#1036=CARTESIAN_POINT('',(4.867622429231E2,4.252784735458E2,
-1.515824502955E-11));
#1037=CARTESIAN_POINT('',(4.868212708560E2,4.253037716144E2,
-1.515824502955E-11));
#1038=CARTESIAN_POINT('',(4.868718663973E2,4.253206366955E2,
-1.515824502955E-11));
#1039=CARTESIAN_POINT('',(4.869308955221E2,4.253290693851E2,
-1.515824502955E-11));
#1040=CARTESIAN_POINT('',(4.869983558466E2,4.253375017766E2,
-1.515824502955E-11));
#1041=CARTESIAN_POINT('',(4.870658161710E2,4.253459344662E2,
-1.515824502955E-11));
#1042=CARTESIAN_POINT('',(4.871501424705E2,4.253375017766E2,
-1.515824502955E-11));
#1043=CARTESIAN_POINT('',(4.872429011616E2,4.253206366955E2,
-1.515824502955E-11));
#1044=CARTESIAN_POINT('',(4.873187950695E2,4.252953389248E2,
-1.515824502955E-11));
#1045=CARTESIAN_POINT('',(4.874031201772E2,4.252616084646E2,
-1.515824502955E-11));
#1046=CARTESIAN_POINT('',(4.874705816935E2,4.252194456129E2,
-1.515824502955E-11));
#1047=CARTESIAN_POINT('',(4.875380420180E2,4.251688497736E2,
-1.515824502955E-11));
#1048=CARTESIAN_POINT('',(4.875886375593E2,4.251098215427E2,
-1.515824502955E-11));
#1049=CARTESIAN_POINT('',(4.876392331006E2,4.250423609202E2,
-1.515824502955E-11));
#1050=CARTESIAN_POINT('',(4.876729638588E2,4.249748999998E2,
-1.515824502955E-11));
#1051=CARTESIAN_POINT('',(4.876982622254E2,4.249074393774E2,
-1.515824502955E-11));
#1052=CARTESIAN_POINT('',(4.877151270086E2,4.248315457674E2,
-1.515824502955E-11));
#1053=CARTESIAN_POINT('',(4.877235594001E2,4.247556524554E2,
-1.515824502955E-11));
#1054=CARTESIAN_POINT('',(4.877151270086E2,4.246881915350E2,
-1.515824502955E-11));
#1055=CARTESIAN_POINT('',(4.876982622254E2,4.246122982230E2,
-1.515824502955E-11));
#1056=CARTESIAN_POINT('',(4.876729638588E2,4.245532699922E2,
-1.515824502955E-11));
#1057=CARTESIAN_POINT('',(4.876392331006E2,4.244858093697E2,
-1.515824502955E-11));
#1058=CARTESIAN_POINT('',(4.875970699509E2,4.244352135304E2,
-1.515824502955E-11));
#1059=CARTESIAN_POINT('',(4.875464744096E2,4.243846179891E2,
-1.515824502955E-11));
#1060=CARTESIAN_POINT('',(4.874790140851E2,4.243340224478E2,
-1.515824502955E-11));
#1061=CARTESIAN_POINT('',(4.874115537606E2,4.243002919876E2,
-1.515824502955E-11));
#1062=CARTESIAN_POINT('',(4.874537157185E2,4.242834269065E2,
-1.515824502955E-11));
#1063=CARTESIAN_POINT('',(4.875043112598E2,4.242665616764E2,
-1.515824502955E-11));
#1064=CARTESIAN_POINT('',(4.875464744096E2,4.242496964463E2,
-1.515824502955E-11));
#1065=CARTESIAN_POINT('',(4.875886375593E2,4.242243986756E2,
-1.515824502955E-11));
#1066=CARTESIAN_POINT('',(4.876223683175E2,4.241991009049E2,
-1.515824502955E-11));
#1067=CARTESIAN_POINT('',(4.876560990756E2,4.241738029853E2,
-1.515824502955E-11));
#1068=CARTESIAN_POINT('',(4.876898286420E2,4.241400726741E2,
-1.515824502955E-11));
#1069=CARTESIAN_POINT('',(4.877235594001E2,4.241063422139E2,
-1.515824502955E-11));
#1070=CARTESIAN_POINT('',(4.877488577667E2,4.240726119026E2,
-1.515824502955E-11));
#1071=CARTESIAN_POINT('',(4.877741549415E2,4.240304489019E2,
-1.515824502955E-11));
#1072=CARTESIAN_POINT('',(4.877910197246E2,4.239882859011E2,
-1.515824502955E-11));
#1073=CARTESIAN_POINT('',(4.878078856996E2,4.239461229003E2,
-1.515824502955E-11));
#1074=CARTESIAN_POINT('',(4.878247504828E2,4.238955272100E2,
-1.515824502955E-11));
#1075=CARTESIAN_POINT('',(4.878331828744E2,4.238449316687E2,
-1.515824502955E-11));
#1076=CARTESIAN_POINT('',(4.878331828744E2,4.237943359784E2,
-1.515824502955E-11));
#1077=CARTESIAN_POINT('',(4.878416152659E2,4.237437404371E2,
-1.515824502955E-11));
#1078=CARTESIAN_POINT('',(4.878331828744E2,4.236678469761E2,
-1.515824502955E-11));
#1079=CARTESIAN_POINT('',(4.878247504828E2,4.236003862047E2,
-1.515824502955E-11));
#1080=CARTESIAN_POINT('',(4.878078856996E2,4.235329254332E2,
-1.515824502955E-11));
#1081=CARTESIAN_POINT('',(4.877825873330E2,4.234654646618E2,
-1.515824502955E-11));
#1082=CARTESIAN_POINT('',(4.877572901583E2,4.234064364309E2,
-1.515824502955E-11));
#1083=CARTESIAN_POINT('',(4.877151270086E2,4.233474082001E2,
-1.515824502955E-11));
#1084=CARTESIAN_POINT('',(4.876729638588E2,4.232883799692E2,
-1.515824502955E-11));
#1085=CARTESIAN_POINT('',(4.876223683175E2,4.232377844279E2,
-1.515824502955E-11));
#1086=CARTESIAN_POINT('',(4.875633403846E2,4.231871888865E2,
-1.515824502955E-11));
#1087=CARTESIAN_POINT('',(4.875043112598E2,4.231450258858E2,
-1.515824502955E-11));
#1088=CARTESIAN_POINT('',(4.874452833269E2,4.231112954256E2,
-1.515824502955E-11));
#1089=CARTESIAN_POINT('',(4.873778230024E2,4.230859976549E2,
-1.515824502955E-11));
#1090=CARTESIAN_POINT('',(4.873103614861E2,4.230691324248E2,
-1.515824502955E-11));
#1091=CARTESIAN_POINT('',(4.872344687700E2,4.230522671947E2,
-1.515824502955E-11));
#1092=CARTESIAN_POINT('',(4.871585748621E2,4.230438346541E2,
-1.515824502955E-11));
#1093=CARTESIAN_POINT('',(4.870742497545E2,4.230354020391E2,
-1.515824502955E-11));
#1094=CARTESIAN_POINT('',(4.870067882381E2,4.230438346541E2,
-1.515824502955E-11));
#1095=CARTESIAN_POINT('',(4.869393279136E2,4.230522671947E2,
-1.515824502955E-11));
#1096=CARTESIAN_POINT('',(4.868718663973E2,4.230606998098E2,
-1.515824502955E-11));
#1097=CARTESIAN_POINT('',(4.868044060728E2,4.230775650399E2,
-1.515824502955E-11));
#1098=CARTESIAN_POINT('',(4.867453781399E2,4.231028628105E2,
-1.515824502955E-11));
#1099=CARTESIAN_POINT('',(4.866863502070E2,4.231281606557E2,
-1.515824502955E-11));
#1100=CARTESIAN_POINT('',(4.866357534738E2,4.231618909669E2,
-1.515824502955E-11));
#1101=CARTESIAN_POINT('',(4.865851579325E2,4.232040539677E2,
-1.515824502955E-11));
#1102=CARTESIAN_POINT('',(4.865429959746E2,4.232546496580E2,
-1.515824502955E-11));
#1103=CARTESIAN_POINT('',(4.865008328249E2,4.233052451993E2,
-1.515824502955E-11));
#1104=CARTESIAN_POINT('',(4.864586696751E2,4.233558408896E2,
-1.515824502955E-11));
#1105=CARTESIAN_POINT('',(4.864333713085E2,4.234064364309E2,
-1.515824502955E-11));
#1106=CARTESIAN_POINT('',(4.864080741338E2,4.234654646618E2,
-1.515824502955E-11));
#1107=CARTESIAN_POINT('',(4.863827757672E2,4.235329254332E2,
-1.515824502955E-11));
#1108=CARTESIAN_POINT('',(4.863743433756E2,4.235919536641E2,
-1.515824502955E-11));
#1109=CARTESIAN_POINT('',(4.863659109840E2,4.236678469761E2,
-1.515824502955E-11));
#1111=CARTESIAN_POINT('',(4.880018354734E2,4.230691324248E2,
-1.515824502955E-11));
#1112=CARTESIAN_POINT('',(4.885836847945E2,4.239123924401E2,
-1.515824502955E-11));
#1113=CARTESIAN_POINT('',(4.880355662315E2,4.247134896037E2,
-1.515824502955E-11));
#1114=CARTESIAN_POINT('',(4.883644366542E2,4.247134896037E2,
-1.515824502955E-11));
#1115=CARTESIAN_POINT('',(4.886342803359E2,4.243087246771E2,
-1.515824502955E-11));
#1116=CARTESIAN_POINT('',(4.886680110940E2,4.242581289868E2,
-1.515824502955E-11));
#1117=CARTESIAN_POINT('',(4.887017406603E2,4.242159659861E2,
-1.515824502955E-11));
#1118=CARTESIAN_POINT('',(4.887270390269E2,4.241738029853E2,
-1.515824502955E-11));
#1119=CARTESIAN_POINT('',(4.887439038101E2,4.241316399845E2,
-1.515824502955E-11));
#1120=CARTESIAN_POINT('',(4.887776345683E2,4.241906682154E2,
-1.515824502955E-11));
#1121=CARTESIAN_POINT('',(4.888113653264E2,4.242412639057E2,
-1.515824502955E-11));
#1122=CARTESIAN_POINT('',(4.888450948927E2,4.242834269065E2,
-1.515824502955E-11));
#1123=CARTESIAN_POINT('',(4.888788256509E2,4.243255899072E2,
-1.515824502955E-11));
#1124=CARTESIAN_POINT('',(4.891486693326E2,4.247134896037E2,
-1.515824502955E-11));
#1125=CARTESIAN_POINT('',(4.894859733387E2,4.247134896037E2,
-1.515824502955E-11));
#1126=CARTESIAN_POINT('',(4.889209888007E2,4.239039598996E2,
-1.515824502955E-11));
#1127=CARTESIAN_POINT('',(4.895112705134E2,4.230691324248E2,
-1.515824502955E-11));
#1128=CARTESIAN_POINT('',(4.891739665073E2,4.230691324248E2,
-1.515824502955E-11));
#1129=CARTESIAN_POINT('',(4.888366625012E2,4.235582232039E2,
-1.515824502955E-11));
#1130=CARTESIAN_POINT('',(4.887607697851E2,4.236847122062E2,
-1.515824502955E-11));
#1131=CARTESIAN_POINT('',(4.883391394795E2,4.230691324248E2,
-1.515824502955E-11));
#1132=CARTESIAN_POINT('',(4.880018354734E2,4.230691324248E2,
-1.515824502955E-11));
#1134=CARTESIAN_POINT('',(4.898485745195E2,4.230691324248E2,
-1.515824502955E-11));
#1135=CARTESIAN_POINT('',(4.898485745195E2,4.233811386603E2,
-1.515824502955E-11));
#1136=CARTESIAN_POINT('',(4.901605807550E2,4.233811386603E2,
-1.515824502955E-11));
#1137=CARTESIAN_POINT('',(4.901605807550E2,4.230691324248E2,
-1.515824502955E-11));
#1138=CARTESIAN_POINT('',(4.898485745195E2,4.230691324248E2,
-1.515824502955E-11));
#1140=CARTESIAN_POINT('',(4.905822110606E2,4.236678469761E2,
-1.515824502955E-11));
#1141=CARTESIAN_POINT('',(4.908773519170E2,4.236931448957E2,
-1.515824502955E-11));
#1142=CARTESIAN_POINT('',(4.908857843086E2,4.236341166649E2,
-1.515824502955E-11));
#1143=CARTESIAN_POINT('',(4.908942172961E2,4.235919536641E2,
-1.515824502955E-11));
#1144=CARTESIAN_POINT('',(4.909110820793E2,4.235413579738E2,
-1.515824502955E-11));
#1145=CARTESIAN_POINT('',(4.909279474583E2,4.234991949730E2,
-1.515824502955E-11));
#1146=CARTESIAN_POINT('',(4.909448128374E2,4.234654646618E2,
-1.515824502955E-11));
#1147=CARTESIAN_POINT('',(4.909701106081E2,4.234317342016E2,
-1.515824502955E-11));
#1148=CARTESIAN_POINT('',(4.909954083787E2,4.233980038904E2,
-1.515824502955E-11));
#1149=CARTESIAN_POINT('',(4.910207061494E2,4.233642734302E2,
-1.515824502955E-11));
#1150=CARTESIAN_POINT('',(4.910544363117E2,4.233389756595E2,
-1.515824502955E-11));
#1151=CARTESIAN_POINT('',(4.910797340823E2,4.233221104294E2,
-1.515824502955E-11));
#1152=CARTESIAN_POINT('',(4.911134648405E2,4.233052451993E2,
-1.515824502955E-11));
#1153=CARTESIAN_POINT('',(4.911471950027E2,4.232883799692E2,
-1.515824502955E-11));
#1154=CARTESIAN_POINT('',(4.911893581525E2,4.232715148881E2,
-1.515824502955E-11));
#1155=CARTESIAN_POINT('',(4.912230883147E2,4.232630821985E2,
-1.515824502955E-11));
#1156=CARTESIAN_POINT('',(4.912652514645E2,4.232630821985E2,
-1.515824502955E-11));
#1157=CARTESIAN_POINT('',(4.913074146142E2,4.232630821985E2,
-1.515824502955E-11));
#1158=CARTESIAN_POINT('',(4.913580101555E2,4.232630821985E2,
-1.515824502955E-11));
#1159=CARTESIAN_POINT('',(4.914086056969E2,4.232715148881E2,
-1.515824502955E-11));
#1160=CARTESIAN_POINT('',(4.914507688466E2,4.232799474286E2,
-1.515824502955E-11));
#1161=CARTESIAN_POINT('',(4.914929319964E2,4.232968126587E2,
-1.515824502955E-11));
#1162=CARTESIAN_POINT('',(4.915350945502E2,4.233221104294E2,
-1.515824502955E-11));
#1163=CARTESIAN_POINT('',(4.915772576999E2,4.233474082001E2,
-1.515824502955E-11));
#1164=CARTESIAN_POINT('',(4.916109878622E2,4.233727059707E2,
-1.515824502955E-11));
#1165=CARTESIAN_POINT('',(4.916447186203E2,4.234148689715E2,
-1.515824502955E-11));
#1166=CARTESIAN_POINT('',(4.916784487826E2,4.234485994317E2,
-1.515824502955E-11));
#1167=CARTESIAN_POINT('',(4.917037465532E2,4.234907624325E2,
-1.515824502955E-11));
#1168=CARTESIAN_POINT('',(4.917290443239E2,4.235413579738E2,
-1.515824502955E-11));
#1169=CARTESIAN_POINT('',(4.917543420946E2,4.235919536641E2,
-1.515824502955E-11));
#1170=CARTESIAN_POINT('',(4.917627750821E2,4.236425492054E2,
-1.515824502955E-11));
#1171=CARTESIAN_POINT('',(4.917796398652E2,4.236931448957E2,
-1.515824502955E-11));
#1172=CARTESIAN_POINT('',(4.917796398652E2,4.237521729776E2,
-1.515824502955E-11));
#1173=CARTESIAN_POINT('',(4.917880728527E2,4.238112012085E2,
-1.515824502955E-11));
#1174=CARTESIAN_POINT('',(4.917796398652E2,4.238702294394E2,
-1.515824502955E-11));
#1175=CARTESIAN_POINT('',(4.917796398652E2,4.239292576702E2,
-1.515824502955E-11));
#1176=CARTESIAN_POINT('',(4.917627750821E2,4.239798532116E2,
-1.515824502955E-11));
#1177=CARTESIAN_POINT('',(4.917543420946E2,4.240304489019E2,
-1.515824502955E-11));
#1178=CARTESIAN_POINT('',(4.917290443239E2,4.240726119026E2,
-1.515824502955E-11));
#1179=CARTESIAN_POINT('',(4.917121795408E2,4.241147749034E2,
-1.515824502955E-11));
#1180=CARTESIAN_POINT('',(4.916868817701E2,4.241569379042E2,
-1.515824502955E-11));
#1181=CARTESIAN_POINT('',(4.916531510119E2,4.241906682154E2,
-1.515824502955E-11));
#1182=CARTESIAN_POINT('',(4.916194208497E2,4.242243986756E2,
-1.515824502955E-11));
#1183=CARTESIAN_POINT('',(4.915856900915E2,4.242496964463E2,
-1.515824502955E-11));
#1184=CARTESIAN_POINT('',(4.915435275377E2,4.242749942169E2,
-1.515824502955E-11));
#1185=CARTESIAN_POINT('',(4.915013643879E2,4.242918594470E2,
-1.515824502955E-11));
#1186=CARTESIAN_POINT('',(4.914592012382E2,4.243087246771E2,
-1.515824502955E-11));
#1187=CARTESIAN_POINT('',(4.914086056969E2,4.243171572177E2,
-1.515824502955E-11));
#1188=CARTESIAN_POINT('',(4.913580101555E2,4.243255899072E2,
-1.515824502955E-11));
#1189=CARTESIAN_POINT('',(4.912989822226E2,4.243340224478E2,
-1.515824502955E-11));
#1190=CARTESIAN_POINT('',(4.912315213022E2,4.243255899072E2,
-1.515824502955E-11));
#1191=CARTESIAN_POINT('',(4.911724927734E2,4.243171572177E2,
-1.515824502955E-11));
#1192=CARTESIAN_POINT('',(4.911134648405E2,4.242918594470E2,
-1.515824502955E-11));
#1193=CARTESIAN_POINT('',(4.910544363117E2,4.242665616764E2,
-1.515824502955E-11));
#1194=CARTESIAN_POINT('',(4.910038407703E2,4.242328312162E2,
-1.515824502955E-11));
#1195=CARTESIAN_POINT('',(4.909616782165E2,4.241991009049E2,
-1.515824502955E-11));
#1196=CARTESIAN_POINT('',(4.909195150668E2,4.241569379042E2,
-1.515824502955E-11));
#1197=CARTESIAN_POINT('',(4.908942172961E2,4.241147749034E2,
-1.515824502955E-11));
#1198=CARTESIAN_POINT('',(4.906328066020E2,4.241485052146E2,
-1.515824502955E-11));
#1199=CARTESIAN_POINT('',(4.908520541463E2,4.253122040060E2,
-1.515824502955E-11));
#1200=CARTESIAN_POINT('',(4.919735902349E2,4.253122040060E2,
-1.515824502955E-11));
#1201=CARTESIAN_POINT('',(4.919735902349E2,4.250507936098E2,
-1.515824502955E-11));
#1202=CARTESIAN_POINT('',(4.910628692992E2,4.250507936098E2,
-1.515824502955E-11));
#1203=CARTESIAN_POINT('',(4.909448128374E2,4.244352135304E2,
-1.515824502955E-11));
#1204=CARTESIAN_POINT('',(4.909954083787E2,4.244689439906E2,
-1.515824502955E-11));
#1205=CARTESIAN_POINT('',(4.910544363117E2,4.244942417613E2,
-1.515824502955E-11));
#1206=CARTESIAN_POINT('',(4.911050318530E2,4.245195395320E2,
-1.515824502955E-11));
#1207=CARTESIAN_POINT('',(4.911556279902E2,4.245364049111E2,
-1.515824502955E-11));
#1208=CARTESIAN_POINT('',(4.912062235316E2,4.245532699922E2,
-1.515824502955E-11));
#1209=CARTESIAN_POINT('',(4.912652514645E2,4.245617026817E2,
-1.515824502955E-11));
#1210=CARTESIAN_POINT('',(4.913158470058E2,4.245701353713E2,
-1.515824502955E-11));
#1211=CARTESIAN_POINT('',(4.913748755346E2,4.245785677628E2,
-1.515824502955E-11));
#1212=CARTESIAN_POINT('',(4.914507688466E2,4.245701353713E2,
-1.515824502955E-11));
#1213=CARTESIAN_POINT('',(4.915182297670E2,4.245617026817E2,
-1.515824502955E-11));
#1214=CARTESIAN_POINT('',(4.915856900915E2,4.245448376006E2,
-1.515824502955E-11));
#1215=CARTESIAN_POINT('',(4.916447186203E2,4.245195395320E2,
-1.515824502955E-11));
#1216=CARTESIAN_POINT('',(4.917121795408E2,4.244942417613E2,
-1.515824502955E-11));
#1217=CARTESIAN_POINT('',(4.917712074737E2,4.244605115991E2,
-1.515824502955E-11));
#1218=CARTESIAN_POINT('',(4.918218030150E2,4.244183484493E2,
-1.515824502955E-11));
#1219=CARTESIAN_POINT('',(4.918723985563E2,4.243677529080E2,
-1.515824502955E-11));
#1220=CARTESIAN_POINT('',(4.919229940976E2,4.243171572177E2,
-1.515824502955E-11));
#1221=CARTESIAN_POINT('',(4.919651572474E2,4.242581289868E2,
-1.515824502955E-11));
#1222=CARTESIAN_POINT('',(4.919988880056E2,4.241991009049E2,
-1.515824502955E-11));
#1223=CARTESIAN_POINT('',(4.920241857762E2,4.241316399845E2,
-1.515824502955E-11));
#1224=CARTESIAN_POINT('',(4.920494835469E2,4.240641792131E2,
-1.515824502955E-11));
#1225=CARTESIAN_POINT('',(4.920663483300E2,4.239967184417E2,
-1.515824502955E-11));
#1226=CARTESIAN_POINT('',(4.920747813175E2,4.239208249807E2,
-1.515824502955E-11));
#1227=CARTESIAN_POINT('',(4.920832137091E2,4.238364989792E2,
-1.515824502955E-11));
#1228=CARTESIAN_POINT('',(4.920747813175E2,4.237606056672E2,
-1.515824502955E-11));
#1229=CARTESIAN_POINT('',(4.920663483300E2,4.236931448957E2,
-1.515824502955E-11));
#1230=CARTESIAN_POINT('',(4.920579159385E2,4.236172514348E2,
-1.515824502955E-11));
#1231=CARTESIAN_POINT('',(4.920326181678E2,4.235497906633E2,
-1.515824502955E-11));
#1232=CARTESIAN_POINT('',(4.920073203971E2,4.234907624325E2,
-1.515824502955E-11));
#1233=CARTESIAN_POINT('',(4.919820226265E2,4.234233016610E2,
-1.515824502955E-11));
#1234=CARTESIAN_POINT('',(4.919398594767E2,4.233642734302E2,
-1.515824502955E-11));
#1235=CARTESIAN_POINT('',(4.918976963270E2,4.233052451993E2,
-1.515824502955E-11));
#1236=CARTESIAN_POINT('',(4.918471007856E2,4.232462169684E2,
-1.515824502955E-11));
#1237=CARTESIAN_POINT('',(4.917796398652E2,4.231871888865E2,
-1.515824502955E-11));
#1238=CARTESIAN_POINT('',(4.917121795408E2,4.231365931962E2,
-1.515824502955E-11));
#1239=CARTESIAN_POINT('',(4.916447186203E2,4.231028628105E2,
-1.515824502955E-11));
#1240=CARTESIAN_POINT('',(4.915688253084E2,4.230691324248E2,
-1.515824502955E-11));
#1241=CARTESIAN_POINT('',(4.914844990089E2,4.230606998098E2,
-1.515824502955E-11));
#1242=CARTESIAN_POINT('',(4.914001733053E2,4.230438346541E2,
-1.515824502955E-11));
#1243=CARTESIAN_POINT('',(4.913074146142E2,4.230354020391E2,
-1.515824502955E-11));
#1244=CARTESIAN_POINT('',(4.912315213022E2,4.230438346541E2,
-1.515824502955E-11));
#1245=CARTESIAN_POINT('',(4.911556279902E2,4.230522671947E2,
-1.515824502955E-11));
#1246=CARTESIAN_POINT('',(4.910881670698E2,4.230606998098E2,
-1.515824502955E-11));
#1247=CARTESIAN_POINT('',(4.910291385410E2,4.230775650399E2,
-1.515824502955E-11));
#1248=CARTESIAN_POINT('',(4.909616782165E2,4.231028628105E2,
-1.515824502955E-11));
#1249=CARTESIAN_POINT('',(4.909026496877E2,4.231281606557E2,
-1.515824502955E-11));
#1250=CARTESIAN_POINT('',(4.908520541463E2,4.231618909669E2,
-1.515824502955E-11));
#1251=CARTESIAN_POINT('',(4.908014586050E2,4.232040539677E2,
-1.515824502955E-11));
#1252=CARTESIAN_POINT('',(4.907508630637E2,4.232462169684E2,
-1.515824502955E-11));
#1253=CARTESIAN_POINT('',(4.907171323055E2,4.232968126587E2,
-1.515824502955E-11));
#1254=CARTESIAN_POINT('',(4.906749697517E2,4.233474082001E2,
-1.515824502955E-11));
#1255=CARTESIAN_POINT('',(4.906496719810E2,4.234064364309E2,
-1.515824502955E-11));
#1256=CARTESIAN_POINT('',(4.906243742104E2,4.234654646618E2,
-1.515824502955E-11));
#1257=CARTESIAN_POINT('',(4.905990758438E2,4.235244928927E2,
-1.515824502955E-11));
#1258=CARTESIAN_POINT('',(4.905906434522E2,4.235919536641E2,
-1.515824502955E-11));
#1259=CARTESIAN_POINT('',(4.905822110606E2,4.236678469761E2,
-1.515824502955E-11));
#1261=CARTESIAN_POINT('',(4.933734018007E2,4.230691324248E2,
-1.515824502955E-11));
#1262=CARTESIAN_POINT('',(4.933734018007E2,4.253375017766E2,
-1.515824502955E-11));
#1263=CARTESIAN_POINT('',(4.936769750487E2,4.253375017766E2,
-1.515824502955E-11));
#1264=CARTESIAN_POINT('',(4.936769750487E2,4.230691324248E2,
-1.515824502955E-11));
#1265=CARTESIAN_POINT('',(4.933734018007E2,4.230691324248E2,
-1.515824502955E-11));
#1267=CARTESIAN_POINT('',(4.941070377459E2,4.238027686679E2,
-1.515824502955E-11));
#1268=CARTESIAN_POINT('',(4.943937462107E2,4.238280664386E2,
-1.515824502955E-11));
#1269=CARTESIAN_POINT('',(4.944021786023E2,4.237437404371E2,
-1.515824502955E-11));
#1270=CARTESIAN_POINT('',(4.944190439813E2,4.236678469761E2,
-1.515824502955E-11));
#1271=CARTESIAN_POINT('',(4.944527741436E2,4.236003862047E2,
-1.515824502955E-11));
#1272=CARTESIAN_POINT('',(4.944865049018E2,4.235413579738E2,
-1.515824502955E-11));
#1273=CARTESIAN_POINT('',(4.945202350640E2,4.234907624325E2,
-1.515824502955E-11));
#1274=CARTESIAN_POINT('',(4.945792635928E2,4.234485994317E2,
-1.515824502955E-11));
#1275=CARTESIAN_POINT('',(4.946382915257E2,4.234064364309E2,
-1.515824502955E-11));
#1276=CARTESIAN_POINT('',(4.947057524461E2,4.233642734302E2,
-1.515824502955E-11));
#1277=CARTESIAN_POINT('',(4.947900781497E2,4.233389756595E2,
-1.515824502955E-11));
#1278=CARTESIAN_POINT('',(4.948744044492E2,4.233221104294E2,
-1.515824502955E-11));
#1279=CARTESIAN_POINT('',(4.949587301528E2,4.233052451993E2,
-1.515824502955E-11));
#1280=CARTESIAN_POINT('',(4.950514891418E2,4.233052451993E2,
-1.515824502955E-11));
#1281=CARTESIAN_POINT('',(4.951358151433E2,4.233052451993E2,
-1.515824502955E-11));
#1282=CARTESIAN_POINT('',(4.952117084553E2,4.233136778888E2,
-1.515824502955E-11));
#1283=CARTESIAN_POINT('',(4.952876017673E2,4.233305429700E2,
-1.515824502955E-11));
#1284=CARTESIAN_POINT('',(4.953550626877E2,4.233558408896E2,
-1.515824502955E-11));
#1285=CARTESIAN_POINT('',(4.954140909186E2,4.233811386603E2,
-1.515824502955E-11));
#1286=CARTESIAN_POINT('',(4.954646864599E2,4.234148689715E2,
-1.515824502955E-11));
#1287=CARTESIAN_POINT('',(4.955152820013E2,4.234485994317E2,
-1.515824502955E-11));
#1288=CARTESIAN_POINT('',(4.955490124615E2,4.234907624325E2,
-1.515824502955E-11));
#1289=CARTESIAN_POINT('',(4.955743102321E2,4.235413579738E2,
-1.515824502955E-11));
#1290=CARTESIAN_POINT('',(4.955996080028E2,4.235835209746E2,
-1.515824502955E-11));
#1291=CARTESIAN_POINT('',(4.956080406923E2,4.236341166649E2,
-1.515824502955E-11));
#1292=CARTESIAN_POINT('',(4.956164733819E2,4.236847122062E2,
-1.515824502955E-11));
#1293=CARTESIAN_POINT('',(4.956080406923E2,4.237353078965E2,
-1.515824502955E-11));
#1294=CARTESIAN_POINT('',(4.955996080028E2,4.237859034378E2,
-1.515824502955E-11));
#1295=CARTESIAN_POINT('',(4.955743102321E2,4.238280664386E2,
-1.515824502955E-11));
#1296=CARTESIAN_POINT('',(4.955490124615E2,4.238702294394E2,
-1.515824502955E-11));
#1297=CARTESIAN_POINT('',(4.955152820013E2,4.239123924401E2,
-1.515824502955E-11));
#1298=CARTESIAN_POINT('',(4.954646864599E2,4.239461229003E2,
-1.515824502955E-11));
#1299=CARTESIAN_POINT('',(4.954140909186E2,4.239714206710E2,
-1.515824502955E-11));
#1300=CARTESIAN_POINT('',(4.953466299982E2,4.240051509822E2,
-1.515824502955E-11));
#1301=CARTESIAN_POINT('',(4.953213322275E2,4.240135836718E2,
-1.515824502955E-11));
#1302=CARTESIAN_POINT('',(4.952876017673E2,4.240220162123E2,
-1.515824502955E-11));
#1303=CARTESIAN_POINT('',(4.952454389155E2,4.240388814424E2,
-1.515824502955E-11));
#1304=CARTESIAN_POINT('',(4.952032757658E2,4.240473139830E2,
-1.515824502955E-11));
#1305=CARTESIAN_POINT('',(4.951442475349E2,4.240641792131E2,
-1.515824502955E-11));
#1306=CARTESIAN_POINT('',(4.950852193041E2,4.240810444432E2,
-1.515824502955E-11));
#1307=CARTESIAN_POINT('',(4.950177586816E2,4.240979096733E2,
-1.515824502955E-11));
#1308=CARTESIAN_POINT('',(4.949418653696E2,4.241147749034E2,
-1.515824502955E-11));
#1309=CARTESIAN_POINT('',(4.948659720576E2,4.241316399845E2,
-1.515824502955E-11));
#1310=CARTESIAN_POINT('',(4.947985111372E2,4.241485052146E2,
-1.515824502955E-11));
#1311=CARTESIAN_POINT('',(4.947394826084E2,4.241653704447E2,
-1.515824502955E-11));
#1312=CARTESIAN_POINT('',(4.946804546755E2,4.241906682154E2,
-1.515824502955E-11));
#1313=CARTESIAN_POINT('',(4.946298591342E2,4.242075334455E2,
-1.515824502955E-11));
#1314=CARTESIAN_POINT('',(4.945792635928E2,4.242243986756E2,
-1.515824502955E-11));
#1315=CARTESIAN_POINT('',(4.945371004431E2,4.242412639057E2,
-1.515824502955E-11));
#1316=CARTESIAN_POINT('',(4.945033702808E2,4.242581289868E2,
-1.515824502955E-11));
#1317=CARTESIAN_POINT('',(4.944274763729E2,4.243002919876E2,
-1.515824502955E-11));
#1318=CARTESIAN_POINT('',(4.943684484400E2,4.243508876779E2,
-1.515824502955E-11));
#1319=CARTESIAN_POINT('',(4.943094205071E2,4.244099157598E2,
-1.515824502955E-11));
#1320=CARTESIAN_POINT('',(4.942672573574E2,4.244689439906E2,
-1.515824502955E-11));
#1321=CARTESIAN_POINT('',(4.942335265992E2,4.245279722215E2,
-1.515824502955E-11));
#1322=CARTESIAN_POINT('',(4.942082288285E2,4.246038655335E2,
-1.515824502955E-11));
#1323=CARTESIAN_POINT('',(4.941913640454E2,4.246713264539E2,
-1.515824502955E-11));
#1324=CARTESIAN_POINT('',(4.941913640454E2,4.247472197659E2,
-1.515824502955E-11));
#1325=CARTESIAN_POINT('',(4.941913640454E2,4.248315457674E2,
-1.515824502955E-11));
#1326=CARTESIAN_POINT('',(4.942082288285E2,4.249158717690E2,
-1.515824502955E-11));
#1327=CARTESIAN_POINT('',(4.942419595867E2,4.249917653789E2,
-1.515824502955E-11));
#1328=CARTESIAN_POINT('',(4.942841221405E2,4.250676586909E2,
-1.515824502955E-11));
#1329=CARTESIAN_POINT('',(4.943347182778E2,4.251435520029E2,
-1.515824502955E-11));
#1330=CARTESIAN_POINT('',(4.944021786023E2,4.252025802338E2,
-1.515824502955E-11));
#1331=CARTESIAN_POINT('',(4.944780725102E2,4.252531757751E2,
-1.515824502955E-11));
#1332=CARTESIAN_POINT('',(4.945708306053E2,4.252953389248E2,
-1.515824502955E-11));
#1333=CARTESIAN_POINT('',(4.946635892964E2,4.253290693851E2,
-1.515824502955E-11));
#1334=CARTESIAN_POINT('',(4.947647803791E2,4.253543671557E2,
-1.515824502955E-11));
#1335=CARTESIAN_POINT('',(4.948744044492E2,4.253712322368E2,
-1.515824502955E-11));
#1336=CARTESIAN_POINT('',(4.949840285194E2,4.253796649264E2,
-1.515824502955E-11));
#1337=CARTESIAN_POINT('',(4.951020846831E2,4.253712322368E2,
-1.515824502955E-11));
#1338=CARTESIAN_POINT('',(4.952201411449E2,4.253543671557E2,
-1.515824502955E-11));
#1339=CARTESIAN_POINT('',(4.953297649171E2,4.253290693851E2,
-1.515824502955E-11));
#1340=CARTESIAN_POINT('',(4.954225233102E2,4.252953389248E2,
-1.515824502955E-11));
#1341=CARTESIAN_POINT('',(4.955152820013E2,4.252531757751E2,
-1.515824502955E-11));
#1342=CARTESIAN_POINT('',(4.955911753132E2,4.251941475442E2,
-1.515824502955E-11));
#1343=CARTESIAN_POINT('',(4.956670689232E2,4.251266869218E2,
-1.515824502955E-11));
#1344=CARTESIAN_POINT('',(4.957176644645E2,4.250592260014E2,
-1.515824502955E-11));
#1345=CARTESIAN_POINT('',(4.957682600059E2,4.249748999998E2,
-1.515824502955E-11));
#1346=CARTESIAN_POINT('',(4.958019904661E2,4.248905739983E2,
-1.515824502955E-11));
#1347=CARTESIAN_POINT('',(4.958188555472E2,4.247978156052E2,
-1.515824502955E-11));
#1348=CARTESIAN_POINT('',(4.958357209263E2,4.247050569141E2,
-1.515824502955E-11));
#1349=CARTESIAN_POINT('',(4.955490124615E2,4.246797591435E2,
-1.515824502955E-11));
#1350=CARTESIAN_POINT('',(4.955405797719E2,4.247303546848E2,
-1.515824502955E-11));
#1351=CARTESIAN_POINT('',(4.955237146908E2,4.247725175366E2,
-1.515824502955E-11));
#1352=CARTESIAN_POINT('',(4.955152820013E2,4.248231133759E2,
-1.515824502955E-11));
#1353=CARTESIAN_POINT('',(4.954899842306E2,4.248652762276E2,
-1.515824502955E-11));
#1354=CARTESIAN_POINT('',(4.954731191495E2,4.248990066878E2,
-1.515824502955E-11));
#1355=CARTESIAN_POINT('',(4.954478213788E2,4.249327371481E2,
-1.515824502955E-11));
#1356=CARTESIAN_POINT('',(4.954225233102E2,4.249664676083E2,
-1.515824502955E-11));
#1357=CARTESIAN_POINT('',(4.953887931479E2,4.250001977705E2,
-1.515824502955E-11));
#1358=CARTESIAN_POINT('',(4.953550626877E2,4.250254955412E2,
-1.515824502955E-11));
#1359=CARTESIAN_POINT('',(4.953128995380E2,4.250423609202E2,
-1.515824502955E-11));
#1360=CARTESIAN_POINT('',(4.952707366862E2,4.250592260014E2,
-1.515824502955E-11));
#1361=CARTESIAN_POINT('',(4.952201411449E2,4.250760913805E2,
-1.515824502955E-11));
#1362=CARTESIAN_POINT('',(4.951695453056E2,4.250929564616E2,
-1.515824502955E-11));
#1363=CARTESIAN_POINT('',(4.951189497643E2,4.251013891511E2,
-1.515824502955E-11));
#1364=CARTESIAN_POINT('',(4.950599215334E2,4.251013891511E2,
-1.515824502955E-11));
#1365=CARTESIAN_POINT('',(4.949924609109E2,4.251098215427E2,
-1.515824502955E-11));
#1366=CARTESIAN_POINT('',(4.949249999905E2,4.251013891511E2,
-1.515824502955E-11));
#1367=CARTESIAN_POINT('',(4.948659720576E2,4.251013891511E2,
-1.515824502955E-11));
#1368=CARTESIAN_POINT('',(4.948153765163E2,4.250929564616E2,
-1.515824502955E-11));
#1369=CARTESIAN_POINT('',(4.947563479875E2,4.250845237720E2,
-1.515824502955E-11));
#1370=CARTESIAN_POINT('',(4.947141848377E2,4.250676586909E2,
-1.515824502955E-11));
#1371=CARTESIAN_POINT('',(4.946720222839E2,4.250507936098E2,
-1.515824502955E-11));
#1372=CARTESIAN_POINT('',(4.946298591342E2,4.250254955412E2,
-1.515824502955E-11));
#1373=CARTESIAN_POINT('',(4.945961283760E2,4.250086304600E2,
-1.515824502955E-11));
#1374=CARTESIAN_POINT('',(4.945708306053E2,4.249833326894E2,
-1.515824502955E-11));
#1375=CARTESIAN_POINT('',(4.945455328347E2,4.249580349187E2,
-1.515824502955E-11));
#1376=CARTESIAN_POINT('',(4.945202350640E2,4.249243044585E2,
-1.515824502955E-11));
#1377=CARTESIAN_POINT('',(4.945033702808E2,4.248990066878E2,
-1.515824502955E-11));
#1378=CARTESIAN_POINT('',(4.944949372933E2,4.248652762276E2,
-1.515824502955E-11));
#1379=CARTESIAN_POINT('',(4.944780725102E2,4.248315457674E2,
-1.515824502955E-11));
#1380=CARTESIAN_POINT('',(4.944780725102E2,4.247978156052E2,
-1.515824502955E-11));
#1381=CARTESIAN_POINT('',(4.944780725102E2,4.247640851450E2,
-1.515824502955E-11));
#1382=CARTESIAN_POINT('',(4.944780725102E2,4.247050569141E2,
-1.515824502955E-11));
#1383=CARTESIAN_POINT('',(4.944949372933E2,4.246544613728E2,
-1.515824502955E-11));
#1384=CARTESIAN_POINT('',(4.945202350640E2,4.246122982230E2,
-1.515824502955E-11));
#1385=CARTESIAN_POINT('',(4.945623982137E2,4.245701353713E2,
-1.515824502955E-11));
#1386=CARTESIAN_POINT('',(4.945876959844E2,4.245448376006E2,
-1.515824502955E-11));
#1387=CARTESIAN_POINT('',(4.946214261467E2,4.245279722215E2,
-1.515824502955E-11));
#1388=CARTESIAN_POINT('',(4.946635892964E2,4.245111071404E2,
-1.515824502955E-11));
#1389=CARTESIAN_POINT('',(4.947141848377E2,4.244858093697E2,
-1.515824502955E-11));
#1390=CARTESIAN_POINT('',(4.947816457581E2,4.244689439906E2,
-1.515824502955E-11));
#1391=CARTESIAN_POINT('',(4.948491066785E2,4.244436462200E2,
-1.515824502955E-11));
#1392=CARTESIAN_POINT('',(4.949249999905E2,4.244267811389E2,
-1.515824502955E-11));
#1393=CARTESIAN_POINT('',(4.950093259921E2,4.244014833682E2,
-1.515824502955E-11));
#1394=CARTESIAN_POINT('',(4.951020846831E2,4.243846179891E2,
-1.515824502955E-11));
#1395=CARTESIAN_POINT('',(4.951779779951E2,4.243677529080E2,
-1.515824502955E-11));
#1396=CARTESIAN_POINT('',(4.952538713071E2,4.243424549883E2,
-1.515824502955E-11));
#1397=CARTESIAN_POINT('',(4.953213322275E2,4.243255899072E2,
-1.515824502955E-11));
#1398=CARTESIAN_POINT('',(4.953803604584E2,4.243087246771E2,
-1.515824502955E-11));
#1399=CARTESIAN_POINT('',(4.954309559997E2,4.242918594470E2,
-1.515824502955E-11));
#1400=CARTESIAN_POINT('',(4.954731191495E2,4.242749942169E2,
-1.515824502955E-11));
#1401=CARTESIAN_POINT('',(4.955152820013E2,4.242581289868E2,
-1.515824502955E-11));
#1402=CARTESIAN_POINT('',(4.956080406923E2,4.242159659861E2,
-1.515824502955E-11));
#1403=CARTESIAN_POINT('',(4.956839340043E2,4.241569379042E2,
-1.515824502955E-11));
#1404=CARTESIAN_POINT('',(4.957513949247E2,4.240979096733E2,
-1.515824502955E-11));
#1405=CARTESIAN_POINT('',(4.958019904661E2,4.240304489019E2,
-1.515824502955E-11));
#1406=CARTESIAN_POINT('',(4.958441533178E2,4.239545554409E2,
-1.515824502955E-11));
#1407=CARTESIAN_POINT('',(4.958778837781E2,4.238786619799E2,
-1.515824502955E-11));
#1408=CARTESIAN_POINT('',(4.958947491571E2,4.237943359784E2,
-1.515824502955E-11));
#1409=CARTESIAN_POINT('',(4.959031815487E2,4.237100099769E2,
-1.515824502955E-11));
#1410=CARTESIAN_POINT('',(4.958947491571E2,4.236172514348E2,
-1.515824502955E-11));
#1411=CARTESIAN_POINT('',(4.958694513865E2,4.235329254332E2,
-1.515824502955E-11));
#1412=CARTESIAN_POINT('',(4.958441533178E2,4.234485994317E2,
-1.515824502955E-11));
#1413=CARTESIAN_POINT('',(4.957935577765E2,4.233642734302E2,
-1.515824502955E-11));
#1414=CARTESIAN_POINT('',(4.957429622352E2,4.232968126587E2,
-1.515824502955E-11));
#1415=CARTESIAN_POINT('',(4.956670689232E2,4.232293518873E2,
-1.515824502955E-11));
#1416=CARTESIAN_POINT('',(4.955911753132E2,4.231703236564E2,
-1.515824502955E-11));
#1417=CARTESIAN_POINT('',(4.954984169201E2,4.231197280406E2,
-1.515824502955E-11));
#1418=CARTESIAN_POINT('',(4.953972255395E2,4.230775650399E2,
-1.515824502955E-11));
#1419=CARTESIAN_POINT('',(4.952960344569E2,4.230606998098E2,
-1.515824502955E-11));
#1420=CARTESIAN_POINT('',(4.951864106847E2,4.230438346541E2,
-1.515824502955E-11));
#1421=CARTESIAN_POINT('',(4.950683542229E2,4.230354020391E2,
-1.515824502955E-11));
#1422=CARTESIAN_POINT('',(4.949924609109E2,4.230438346541E2,
-1.515824502955E-11));
#1423=CARTESIAN_POINT('',(4.949165675990E2,4.230438346541E2,
-1.515824502955E-11));
#1424=CARTESIAN_POINT('',(4.948491066785E2,4.230522671947E2,
-1.515824502955E-11));
#1425=CARTESIAN_POINT('',(4.947816457581E2,4.230606998098E2,
-1.515824502955E-11));
#1426=CARTESIAN_POINT('',(4.947226178252E2,4.230691324248E2,
-1.515824502955E-11));
#1427=CARTESIAN_POINT('',(4.946635892964E2,4.230859976549E2,
-1.515824502955E-11));
#1428=CARTESIAN_POINT('',(4.946045613635E2,4.231028628105E2,
-1.515824502955E-11));
#1429=CARTESIAN_POINT('',(4.945539658222E2,4.231197280406E2,
-1.515824502955E-11));
#1430=CARTESIAN_POINT('',(4.944527741436E2,4.231703236564E2,
-1.515824502955E-11));
#1431=CARTESIAN_POINT('',(4.943684484400E2,4.232293518873E2,
-1.515824502955E-11));
#1432=CARTESIAN_POINT('',(4.942925551280E2,4.233052451993E2,
-1.515824502955E-11));
#1433=CARTESIAN_POINT('',(4.942250942076E2,4.233895712008E2,
-1.515824502955E-11));
#1434=CARTESIAN_POINT('',(4.941744986663E2,4.234823298919E2,
-1.515824502955E-11));
#1435=CARTESIAN_POINT('',(4.941407685041E2,4.235835209746E2,
-1.515824502955E-11));
#1436=CARTESIAN_POINT('',(4.941154701375E2,4.236847122062E2,
-1.515824502955E-11));
#1437=CARTESIAN_POINT('',(4.941070377459E2,4.238027686679E2,
-1.515824502955E-11));
#1439=CARTESIAN_POINT('',(4.962151877842E2,4.241738029853E2,
-1.515824502955E-11));
#1440=CARTESIAN_POINT('',(4.962151877842E2,4.243087246771E2,
-1.515824502955E-11));
#1441=CARTESIAN_POINT('',(4.962320531633E2,4.244436462200E2,
-1.515824502955E-11));
#1442=CARTESIAN_POINT('',(4.962573509339E2,4.245617026817E2,
-1.515824502955E-11));
#1443=CARTESIAN_POINT('',(4.962826487046E2,4.246797591435E2,
-1.515824502955E-11));
#1444=CARTESIAN_POINT('',(4.963332442459E2,4.247809502261E2,
-1.515824502955E-11));
#1445=CARTESIAN_POINT('',(4.963838397872E2,4.248821416067E2,
-1.515824502955E-11));
#1446=CARTESIAN_POINT('',(4.964428680181E2,4.249748999998E2,
-1.515824502955E-11));
#1447=CARTESIAN_POINT('',(4.965103289385E2,4.250592260014E2,
-1.515824502955E-11));
#1448=CARTESIAN_POINT('',(4.965946549401E2,4.251351196113E2,
-1.515824502955E-11));
#1449=CARTESIAN_POINT('',(4.966789809416E2,4.251941475442E2,
-1.515824502955E-11));
#1450=CARTESIAN_POINT('',(4.967633069431E2,4.252531757751E2,
-1.515824502955E-11));
#1451=CARTESIAN_POINT('',(4.968644980258E2,4.252953389248E2,
-1.515824502955E-11));
#1452=CARTESIAN_POINT('',(4.969656894064E2,4.253290693851E2,
-1.515824502955E-11));
#1453=CARTESIAN_POINT('',(4.970668804890E2,4.253543671557E2,
-1.515824502955E-11));
#1454=CARTESIAN_POINT('',(4.971765042612E2,4.253712322368E2,
-1.515824502955E-11));
#1455=CARTESIAN_POINT('',(4.972945607230E2,4.253796649264E2,
-1.515824502955E-11));
#1456=CARTESIAN_POINT('',(4.973704540350E2,4.253712322368E2,
-1.515824502955E-11));
#1457=CARTESIAN_POINT('',(4.974463476449E2,4.253627995473E2,
-1.515824502955E-11));
#1458=CARTESIAN_POINT('',(4.975222409569E2,4.253543671557E2,
-1.515824502955E-11));
#1459=CARTESIAN_POINT('',(4.975981342689E2,4.253375017766E2,
-1.515824502955E-11));
#1460=CARTESIAN_POINT('',(4.976655950403E2,4.253206366955E2,
-1.515824502955E-11));
#1461=CARTESIAN_POINT('',(4.977330559607E2,4.252953389248E2,
-1.515824502955E-11));
#1462=CARTESIAN_POINT('',(4.978005167322E2,4.252616084646E2,
-1.515824502955E-11));
#1463=CARTESIAN_POINT('',(4.978595449630E2,4.252278780044E2,
-1.515824502955E-11));
#1464=CARTESIAN_POINT('',(4.979270057345E2,4.251857151526E2,
-1.515824502955E-11));
#1465=CARTESIAN_POINT('',(4.979776012758E2,4.251435520029E2,
-1.515824502955E-11));
#1466=CARTESIAN_POINT('',(4.980366295067E2,4.250929564616E2,
-1.515824502955E-11));
#1467=CARTESIAN_POINT('',(4.980872250480E2,4.250423609202E2,
-1.515824502955E-11));
#1468=CARTESIAN_POINT('',(4.981293880487E2,4.249917653789E2,
-1.515824502955E-11));
#1469=CARTESIAN_POINT('',(4.981715510495E2,4.249327371481E2,
-1.515824502955E-11));
#1470=CARTESIAN_POINT('',(4.982137140503E2,4.248737089172E2,
-1.515824502955E-11));
#1471=CARTESIAN_POINT('',(4.982474445105E2,4.248062479968E2,
-1.515824502955E-11));
#1472=CARTESIAN_POINT('',(4.982811749707E2,4.247387873743E2,
-1.515824502955E-11));
#1473=CARTESIAN_POINT('',(4.983064727414E2,4.246713264539E2,
-1.515824502955E-11));
#1474=CARTESIAN_POINT('',(4.983233379715E2,4.245954331419E2,
-1.515824502955E-11));
#1475=CARTESIAN_POINT('',(4.983486357421E2,4.245195395320E2,
-1.515824502955E-11));
#1476=CARTESIAN_POINT('',(4.983570682827E2,4.244436462200E2,
-1.515824502955E-11));
#1477=CARTESIAN_POINT('',(4.983739335128E2,4.243677529080E2,
-1.515824502955E-11));
#1478=CARTESIAN_POINT('',(4.983739335128E2,4.242834269065E2,
-1.515824502955E-11));
#1479=CARTESIAN_POINT('',(4.983823662023E2,4.241991009049E2,
-1.515824502955E-11));
#1480=CARTESIAN_POINT('',(4.983739335128E2,4.241147749034E2,
-1.515824502955E-11));
#1481=CARTESIAN_POINT('',(4.983655009722E2,4.240304489019E2,
-1.515824502955E-11));
#1482=CARTESIAN_POINT('',(4.983570682827E2,4.239545554409E2,
-1.515824502955E-11));
#1483=CARTESIAN_POINT('',(4.983402030526E2,4.238702294394E2,
-1.515824502955E-11));
#1484=CARTESIAN_POINT('',(4.983233379715E2,4.237943359784E2,
-1.515824502955E-11));
#1485=CARTESIAN_POINT('',(4.982980400518E2,4.237268752070E2,
-1.515824502955E-11));
#1486=CARTESIAN_POINT('',(4.982727422811E2,4.236509818950E2,
-1.515824502955E-11));
#1487=CARTESIAN_POINT('',(4.982390119699E2,4.235835209746E2,
-1.515824502955E-11));
#1488=CARTESIAN_POINT('',(4.982052815097E2,4.235160602031E2,
-1.515824502955E-11));
#1489=CARTESIAN_POINT('',(4.981631185090E2,4.234570319723E2,
-1.515824502955E-11));
#1490=CARTESIAN_POINT('',(4.981209555082E2,4.233980038904E2,
-1.515824502955E-11));
#1491=CARTESIAN_POINT('',(4.980703599669E2,4.233474082001E2,
-1.515824502955E-11));
#1492=CARTESIAN_POINT('',(4.980197642766E2,4.232968126587E2,
-1.515824502955E-11));
#1493=CARTESIAN_POINT('',(4.979691687352E2,4.232462169684E2,
-1.515824502955E-11));
#1494=CARTESIAN_POINT('',(4.979101405044E2,4.232040539677E2,
-1.515824502955E-11));
#1495=CARTESIAN_POINT('',(4.978426797329E2,4.231703236564E2,
-1.515824502955E-11));
#1496=CARTESIAN_POINT('',(4.977836515021E2,4.231365931962E2,
-1.515824502955E-11));
#1497=CARTESIAN_POINT('',(4.977161907306E2,4.231112954256E2,
-1.515824502955E-11));
#1498=CARTESIAN_POINT('',(4.976487299592E2,4.230859976549E2,
-1.515824502955E-11));
#1499=CARTESIAN_POINT('',(4.975812690388E2,4.230691324248E2,
-1.515824502955E-11));
#1500=CARTESIAN_POINT('',(4.975138082674E2,4.230606998098E2,
-1.515824502955E-11));
#1501=CARTESIAN_POINT('',(4.974379149554E2,4.230522671947E2,
-1.515824502955E-11));
#1502=CARTESIAN_POINT('',(4.973704540350E2,4.230438346541E2,
-1.515824502955E-11));
#1503=CARTESIAN_POINT('',(4.972945607230E2,4.230354020391E2,
-1.515824502955E-11));
#1504=CARTESIAN_POINT('',(4.972186674110E2,4.230438346541E2,
-1.515824502955E-11));
#1505=CARTESIAN_POINT('',(4.971427738010E2,4.230522671947E2,
-1.515824502955E-11));
#1506=CARTESIAN_POINT('',(4.970668804890E2,4.230606998098E2,
-1.515824502955E-11));
#1507=CARTESIAN_POINT('',(4.969909871770E2,4.230691324248E2,
-1.515824502955E-11));
#1508=CARTESIAN_POINT('',(4.969235262566E2,4.230944301955E2,
-1.515824502955E-11));
#1509=CARTESIAN_POINT('',(4.968560656342E2,4.231197280406E2,
-1.515824502955E-11));
#1510=CARTESIAN_POINT('',(4.967886047138E2,4.231534584263E2,
-1.515824502955E-11));
#1511=CARTESIAN_POINT('',(4.967211437934E2,4.231871888865E2,
-1.515824502955E-11));
#1512=CARTESIAN_POINT('',(4.966621155625E2,4.232293518873E2,
-1.515824502955E-11));
#1513=CARTESIAN_POINT('',(4.966030876296E2,4.232715148881E2,
-1.515824502955E-11));
#1514=CARTESIAN_POINT('',(4.965524917903E2,4.233136778888E2,
-1.515824502955E-11));
#1515=CARTESIAN_POINT('',(4.965018962490E2,4.233727059707E2,
-1.515824502955E-11));
#1516=CARTESIAN_POINT('',(4.964597333972E2,4.234233016610E2,
-1.515824502955E-11));
#1517=CARTESIAN_POINT('',(4.964175702474E2,4.234823298919E2,
-1.515824502955E-11));
#1518=CARTESIAN_POINT('',(4.963754073957E2,4.235413579738E2,
-1.515824502955E-11));
#1519=CARTESIAN_POINT('',(4.963416769355E2,4.236088188942E2,
-1.515824502955E-11));
#1520=CARTESIAN_POINT('',(4.963079464753E2,4.236762796656E2,
-1.515824502955E-11));
#1521=CARTESIAN_POINT('',(4.962826487046E2,4.237437404371E2,
-1.515824502955E-11));
#1522=CARTESIAN_POINT('',(4.962657833255E2,4.238112012085E2,
-1.515824502955E-11));
#1523=CARTESIAN_POINT('',(4.962404855548E2,4.238786619799E2,
-1.515824502955E-11));
#1524=CARTESIAN_POINT('',(4.962320531633E2,4.239545554409E2,
-1.515824502955E-11));
#1525=CARTESIAN_POINT('',(4.962151877842E2,4.240220162123E2,
-1.515824502955E-11));
#1526=CARTESIAN_POINT('',(4.962151877842E2,4.240979096733E2,
-1.515824502955E-11));
#1527=CARTESIAN_POINT('',(4.962151877842E2,4.241738029853E2,
-1.515824502955E-11));
#1529=CARTESIAN_POINT('',(4.965271940196E2,4.241738029853E2,
-1.515824502955E-11));
#1530=CARTESIAN_POINT('',(4.965271940196E2,4.240726119026E2,
-1.515824502955E-11));
#1531=CARTESIAN_POINT('',(4.965356267092E2,4.239798532116E2,
-1.515824502955E-11));
#1532=CARTESIAN_POINT('',(4.965524917903E2,4.238870946695E2,
-1.515824502955E-11));
#1533=CARTESIAN_POINT('',(4.965777895610E2,4.238112012085E2,
-1.515824502955E-11));
#1534=CARTESIAN_POINT('',(4.966115200212E2,4.237353078965E2,
-1.515824502955E-11));
#1535=CARTESIAN_POINT('',(4.966452504814E2,4.236594144355E2,
-1.515824502955E-11));
#1536=CARTESIAN_POINT('',(4.966874136311E2,4.235919536641E2,
-1.515824502955E-11));
#1537=CARTESIAN_POINT('',(4.967464415640E2,4.235329254332E2,
-1.515824502955E-11));
#1538=CARTESIAN_POINT('',(4.967970374033E2,4.234823298919E2,
-1.515824502955E-11));
#1539=CARTESIAN_POINT('',(4.968560656342E2,4.234317342016E2,
-1.515824502955E-11));
#1540=CARTESIAN_POINT('',(4.969235262566E2,4.233895712008E2,
-1.515824502955E-11));
#1541=CARTESIAN_POINT('',(4.969909871770E2,4.233558408896E2,
-1.515824502955E-11));
#1542=CARTESIAN_POINT('',(4.970584477995E2,4.233305429700E2,
-1.515824502955E-11));
#1543=CARTESIAN_POINT('',(4.971343414094E2,4.233136778888E2,
-1.515824502955E-11));
#1544=CARTESIAN_POINT('',(4.972102347214E2,4.233052451993E2,
-1.515824502955E-11));
#1545=CARTESIAN_POINT('',(4.972945607230E2,4.233052451993E2,
-1.515824502955E-11));
#1546=CARTESIAN_POINT('',(4.973788867245E2,4.233052451993E2,
-1.515824502955E-11));
#1547=CARTESIAN_POINT('',(4.974547800365E2,4.233136778888E2,
-1.515824502955E-11));
#1548=CARTESIAN_POINT('',(4.975306734975E2,4.233305429700E2,
-1.515824502955E-11));
#1549=CARTESIAN_POINT('',(4.975981342689E2,4.233558408896E2,
-1.515824502955E-11));
#1550=CARTESIAN_POINT('',(4.976655950403E2,4.233895712008E2,
-1.515824502955E-11));
#1551=CARTESIAN_POINT('',(4.977330559607E2,4.234317342016E2,
-1.515824502955E-11));
#1552=CARTESIAN_POINT('',(4.977920840426E2,4.234823298919E2,
-1.515824502955E-11));
#1553=CARTESIAN_POINT('',(4.978511122735E2,4.235329254332E2,
-1.515824502955E-11));
#1554=CARTESIAN_POINT('',(4.979017079638E2,4.236003862047E2,
-1.515824502955E-11));
#1555=CARTESIAN_POINT('',(4.979438709646E2,4.236678469761E2,
-1.515824502955E-11));
#1556=CARTESIAN_POINT('',(4.979776012758E2,4.237437404371E2,
-1.515824502955E-11));
#1557=CARTESIAN_POINT('',(4.980113317360E2,4.238196338980E2,
-1.515824502955E-11));
#1558=CARTESIAN_POINT('',(4.980366295067E2,4.239039598996E2,
-1.515824502955E-11));
#1559=CARTESIAN_POINT('',(4.980534947368E2,4.239967184417E2,
-1.515824502955E-11));
#1560=CARTESIAN_POINT('',(4.980619272773E2,4.240979096733E2,
-1.515824502955E-11));
#1561=CARTESIAN_POINT('',(4.980703599669E2,4.241991009049E2,
-1.515824502955E-11));
#1562=CARTESIAN_POINT('',(4.980619272773E2,4.243340224478E2,
-1.515824502955E-11));
#1563=CARTESIAN_POINT('',(4.980450620472E2,4.244605115991E2,
-1.515824502955E-11));
#1564=CARTESIAN_POINT('',(4.980113317360E2,4.245701353713E2,
-1.515824502955E-11));
#1565=CARTESIAN_POINT('',(4.979691687352E2,4.246797591435E2,
-1.515824502955E-11));
#1566=CARTESIAN_POINT('',(4.979185730449E2,4.247725175366E2,
-1.515824502955E-11));
#1567=CARTESIAN_POINT('',(4.978595449630E2,4.248568435381E2,
-1.515824502955E-11));
#1568=CARTESIAN_POINT('',(4.977836515021E2,4.249327371481E2,
-1.515824502955E-11));
#1569=CARTESIAN_POINT('',(4.976993255005E2,4.249917653789E2,
-1.515824502955E-11));
#1570=CARTESIAN_POINT('',(4.976065669584E2,4.250423609202E2,
-1.515824502955E-11));
#1571=CARTESIAN_POINT('',(4.975138082674E2,4.250760913805E2,
-1.515824502955E-11));
#1572=CARTESIAN_POINT('',(4.974041844952E2,4.251013891511E2,
-1.515824502955E-11));
#1573=CARTESIAN_POINT('',(4.972945607230E2,4.251098215427E2,
-1.515824502955E-11));
#1574=CARTESIAN_POINT('',(4.972186674110E2,4.251013891511E2,
-1.515824502955E-11));
#1575=CARTESIAN_POINT('',(4.971427738010E2,4.250929564616E2,
-1.515824502955E-11));
#1576=CARTESIAN_POINT('',(4.970753131786E2,4.250760913805E2,
-1.515824502955E-11));
#1577=CARTESIAN_POINT('',(4.969994195686E2,4.250507936098E2,
-1.515824502955E-11));
#1578=CARTESIAN_POINT('',(4.969319589462E2,4.250254955412E2,
-1.515824502955E-11));
#1579=CARTESIAN_POINT('',(4.968729307153E2,4.249833326894E2,
-1.515824502955E-11));
#1580=CARTESIAN_POINT('',(4.968139024844E2,4.249411695396E2,
-1.515824502955E-11));
#1581=CARTESIAN_POINT('',(4.967548742536E2,4.248905739983E2,
-1.515824502955E-11));
#1582=CARTESIAN_POINT('',(4.966958460227E2,4.248315457674E2,
-1.515824502955E-11));
#1583=CARTESIAN_POINT('',(4.966536831709E2,4.247640851450E2,
-1.515824502955E-11));
#1584=CARTESIAN_POINT('',(4.966115200212E2,4.246881915350E2,
-1.515824502955E-11));
#1585=CARTESIAN_POINT('',(4.965777895610E2,4.246038655335E2,
-1.515824502955E-11));
#1586=CARTESIAN_POINT('',(4.965524917903E2,4.245111071404E2,
-1.515824502955E-11));
#1587=CARTESIAN_POINT('',(4.965356267092E2,4.244014833682E2,
-1.515824502955E-11));
#1588=CARTESIAN_POINT('',(4.965271940196E2,4.242918594470E2,
-1.515824502955E-11));
#1589=CARTESIAN_POINT('',(4.965271940196E2,4.241738029853E2,
-1.515824502955E-11));
#1591=CARTESIAN_POINT('',(4.995123345707E2,4.237521729776E2,
-1.515824502955E-11));
#1592=CARTESIAN_POINT('',(4.995123345707E2,4.240304489019E2,
-1.515824502955E-11));
#1593=CARTESIAN_POINT('',(5.003724597789E2,4.240304489019E2,
-1.515824502955E-11));
#1594=CARTESIAN_POINT('',(5.003724597789E2,4.237521729776E2,
-1.515824502955E-11));
#1595=CARTESIAN_POINT('',(4.995123345707E2,4.237521729776E2,
-1.515824502955E-11));
#1597=CARTESIAN_POINT('',(5.015951868011E2,4.230691324248E2,
-1.515824502955E-11));
#1598=CARTESIAN_POINT('',(5.015951868011E2,4.253375017766E2,
-1.515824502955E-11));
#1599=CARTESIAN_POINT('',(5.018987603470E2,4.253375017766E2,
-1.515824502955E-11));
#1600=CARTESIAN_POINT('',(5.018987603470E2,4.244099157598E2,
-1.515824502955E-11));
#1601=CARTESIAN_POINT('',(5.030708919769E2,4.244099157598E2,
-1.515824502955E-11));
#1602=CARTESIAN_POINT('',(5.030708919769E2,4.253375017766E2,
-1.515824502955E-11));
#1603=CARTESIAN_POINT('',(5.033744655228E2,4.253375017766E2,
-1.515824502955E-11));
#1604=CARTESIAN_POINT('',(5.033744655228E2,4.230691324248E2,
-1.515824502955E-11));
#1605=CARTESIAN_POINT('',(5.030708919769E2,4.230691324248E2,
-1.515824502955E-11));
#1606=CARTESIAN_POINT('',(5.030708919769E2,4.241400726741E2,
-1.515824502955E-11));
#1607=CARTESIAN_POINT('',(5.018987603470E2,4.241400726741E2,
-1.515824502955E-11));
#1608=CARTESIAN_POINT('',(5.018987603470E2,4.230691324248E2,
-1.515824502955E-11));
#1609=CARTESIAN_POINT('',(5.015951868011E2,4.230691324248E2,
-1.515824502955E-11));
#1611=CARTESIAN_POINT('',(5.047574120075E2,4.230691324248E2,
-1.515824502955E-11));
#1612=CARTESIAN_POINT('',(5.047574120075E2,4.253375017766E2,
-1.515824502955E-11));
#1613=CARTESIAN_POINT('',(5.055332114004E2,4.253375017766E2,
-1.515824502955E-11));
#1614=CARTESIAN_POINT('',(5.055922393333E2,4.253290693851E2,
-1.515824502955E-11));
#1615=CARTESIAN_POINT('',(5.056512672662E2,4.253290693851E2,
-1.515824502955E-11));
#1616=CARTESIAN_POINT('',(5.057102957950E2,4.253290693851E2,
-1.515824502955E-11));
#1617=CARTESIAN_POINT('',(5.057608913364E2,4.253290693851E2,
-1.515824502955E-11));
#1618=CARTESIAN_POINT('',(5.058114868777E2,4.253206366955E2,
-1.515824502955E-11));
#1619=CARTESIAN_POINT('',(5.058536500274E2,4.253122040060E2,
-1.515824502955E-11));
#1620=CARTESIAN_POINT('',(5.058958131772E2,4.253122040060E2,
-1.515824502955E-11));
#1621=CARTESIAN_POINT('',(5.059295433394E2,4.253037716144E2,
-1.515824502955E-11));
#1622=CARTESIAN_POINT('',(5.060223020305E2,4.252700411542E2,
-1.515824502955E-11));
#1623=CARTESIAN_POINT('',(5.061066277341E2,4.252363106940E2,
-1.515824502955E-11));
#1624=CARTESIAN_POINT('',(5.061909540336E2,4.251941475442E2,
-1.515824502955E-11));
#1625=CARTESIAN_POINT('',(5.062584149540E2,4.251351196113E2,
-1.515824502955E-11));
#1626=CARTESIAN_POINT('',(5.063427406575E2,4.250592260014E2,
-1.515824502955E-11));
#1627=CARTESIAN_POINT('',(5.064186339695E2,4.249664676083E2,
-1.515824502955E-11));
#1628=CARTESIAN_POINT('',(5.064776624984E2,4.248652762276E2,
-1.515824502955E-11));
#1629=CARTESIAN_POINT('',(5.065282580397E2,4.247472197659E2,
-1.515824502955E-11));
#1630=CARTESIAN_POINT('',(5.065704211894E2,4.246291636021E2,
-1.515824502955E-11));
#1631=CARTESIAN_POINT('',(5.065957189601E2,4.244942417613E2,
-1.515824502955E-11));
#1632=CARTESIAN_POINT('',(5.066125837433E2,4.243593202185E2,
-1.515824502955E-11));
#1633=CARTESIAN_POINT('',(5.066210167308E2,4.242075334455E2,
-1.515824502955E-11));
#1634=CARTESIAN_POINT('',(5.066125837433E2,4.240894769838E2,
-1.515824502955E-11));
#1635=CARTESIAN_POINT('',(5.066041513517E2,4.239714206710E2,
-1.515824502955E-11));
#1636=CARTESIAN_POINT('',(5.065872859726E2,4.238533642093E2,
-1.515824502955E-11));
#1637=CARTESIAN_POINT('',(5.065535558103E2,4.237521729776E2,
-1.515824502955E-11));
#1638=CARTESIAN_POINT('',(5.065282580397E2,4.236594144355E2,
-1.515824502955E-11));
#1639=CARTESIAN_POINT('',(5.064860948899E2,4.235750884340E2,
-1.515824502955E-11));
#1640=CARTESIAN_POINT('',(5.064439317402E2,4.234907624325E2,
-1.515824502955E-11));
#1641=CARTESIAN_POINT('',(5.064017691864E2,4.234233016610E2,
-1.515824502955E-11));
#1642=CARTESIAN_POINT('',(5.063511730491E2,4.233642734302E2,
-1.515824502955E-11));
#1643=CARTESIAN_POINT('',(5.063090104953E2,4.233052451993E2,
-1.515824502955E-11));
#1644=CARTESIAN_POINT('',(5.062499819665E2,4.232546496580E2,
-1.515824502955E-11));
#1645=CARTESIAN_POINT('',(5.061993864251E2,4.232209191978E2,
-1.515824502955E-11));
#1646=CARTESIAN_POINT('',(5.061403584922E2,4.231787561970E2,
-1.515824502955E-11));
#1647=CARTESIAN_POINT('',(5.060728975718E2,4.231534584263E2,
-1.515824502955E-11));
#1648=CARTESIAN_POINT('',(5.060054366514E2,4.231281606557E2,
-1.515824502955E-11));
#1649=CARTESIAN_POINT('',(5.059295433394E2,4.231028628105E2,
-1.515824502955E-11));
#1650=CARTESIAN_POINT('',(5.058452170399E2,4.230859976549E2,
-1.515824502955E-11));
#1651=CARTESIAN_POINT('',(5.057608913364E2,4.230775650399E2,
-1.515824502955E-11));
#1652=CARTESIAN_POINT('',(5.056681326453E2,4.230691324248E2,
-1.515824502955E-11));
#1653=CARTESIAN_POINT('',(5.055669415626E2,4.230691324248E2,
-1.515824502955E-11));
#1654=CARTESIAN_POINT('',(5.047574120075E2,4.230691324248E2,
-1.515824502955E-11));
#1656=CARTESIAN_POINT('',(5.050609855534E2,4.233389756595E2,
-1.515824502955E-11));
#1657=CARTESIAN_POINT('',(5.055332114004E2,4.233389756595E2,
-1.515824502955E-11));
#1658=CARTESIAN_POINT('',(5.056428348746E2,4.233389756595E2,
-1.515824502955E-11));
#1659=CARTESIAN_POINT('',(5.057355935657E2,4.233474082001E2,
-1.515824502955E-11));
#1660=CARTESIAN_POINT('',(5.058114868777E2,4.233558408896E2,
-1.515824502955E-11));
#1661=CARTESIAN_POINT('',(5.058789477981E2,4.233727059707E2,
-1.515824502955E-11));
#1662=CARTESIAN_POINT('',(5.059379757310E2,4.233980038904E2,
-1.515824502955E-11));
#1663=CARTESIAN_POINT('',(5.059970042598E2,4.234233016610E2,
-1.515824502955E-11));
#1664=CARTESIAN_POINT('',(5.060391674096E2,4.234570319723E2,
-1.515824502955E-11));
#1665=CARTESIAN_POINT('',(5.060813299634E2,4.234907624325E2,
-1.515824502955E-11));
#1666=CARTESIAN_POINT('',(5.061319255047E2,4.235497906633E2,
-1.515824502955E-11));
#1667=CARTESIAN_POINT('',(5.061740886545E2,4.236172514348E2,
-1.515824502955E-11));
#1668=CARTESIAN_POINT('',(5.062162518042E2,4.236931448957E2,
-1.515824502955E-11));
#1669=CARTESIAN_POINT('',(5.062499819665E2,4.237774708973E2,
-1.515824502955E-11));
#1670=CARTESIAN_POINT('',(5.062752797371E2,4.238786619799E2,
-1.515824502955E-11));
#1671=CARTESIAN_POINT('',(5.062921451162E2,4.239798532116E2,
-1.515824502955E-11));
#1672=CARTESIAN_POINT('',(5.063005775078E2,4.240894769838E2,
-1.515824502955E-11));
#1673=CARTESIAN_POINT('',(5.063090104953E2,4.242159659861E2,
-1.515824502955E-11));
#1674=CARTESIAN_POINT('',(5.063005775078E2,4.243002919876E2,
-1.515824502955E-11));
#1675=CARTESIAN_POINT('',(5.063005775078E2,4.243846179891E2,
-1.515824502955E-11));
#1676=CARTESIAN_POINT('',(5.062921451162E2,4.244605115991E2,
-1.515824502955E-11));
#1677=CARTESIAN_POINT('',(5.062752797371E2,4.245279722215E2,
-1.515824502955E-11));
#1678=CARTESIAN_POINT('',(5.062584149540E2,4.245954331419E2,
-1.515824502955E-11));
#1679=CARTESIAN_POINT('',(5.062415495749E2,4.246544613728E2,
-1.515824502955E-11));
#1680=CARTESIAN_POINT('',(5.062162518042E2,4.247134896037E2,
-1.515824502955E-11));
#1681=CARTESIAN_POINT('',(5.061909540336E2,4.247640851450E2,
-1.515824502955E-11));
#1682=CARTESIAN_POINT('',(5.061572232754E2,4.248062479968E2,
-1.515824502955E-11));
#1683=CARTESIAN_POINT('',(5.061319255047E2,4.248484111465E2,
-1.515824502955E-11));
#1684=CARTESIAN_POINT('',(5.060981953425E2,4.248905739983E2,
-1.515824502955E-11));
#1685=CARTESIAN_POINT('',(5.060644651802E2,4.249243044585E2,
-1.515824502955E-11));
#1686=CARTESIAN_POINT('',(5.060307344221E2,4.249496022292E2,
-1.515824502955E-11));
#1687=CARTESIAN_POINT('',(5.059885712723E2,4.249748999998E2,
-1.515824502955E-11));
#1688=CARTESIAN_POINT('',(5.059464087185E2,4.250001977705E2,
-1.515824502955E-11));
#1689=CARTESIAN_POINT('',(5.059126779603E2,4.250170631496E2,
-1.515824502955E-11));
#1690=CARTESIAN_POINT('',(5.058789477981E2,4.250254955412E2,
-1.515824502955E-11));
#1691=CARTESIAN_POINT('',(5.058452170399E2,4.250339282307E2,
-1.515824502955E-11));
#1692=CARTESIAN_POINT('',(5.058030544861E2,4.250423609202E2,
-1.515824502955E-11));
#1693=CARTESIAN_POINT('',(5.057524589448E2,4.250507936098E2,
-1.515824502955E-11));
#1694=CARTESIAN_POINT('',(5.057018634035E2,4.250592260014E2,
-1.515824502955E-11));
#1695=CARTESIAN_POINT('',(5.056512672662E2,4.250592260014E2,
-1.515824502955E-11));
#1696=CARTESIAN_POINT('',(5.055922393333E2,4.250592260014E2,
-1.515824502955E-11));
#1697=CARTESIAN_POINT('',(5.055247784129E2,4.250676586909E2,
-1.515824502955E-11));
#1698=CARTESIAN_POINT('',(5.050609855534E2,4.250676586909E2,
-1.515824502955E-11));
#1699=CARTESIAN_POINT('',(5.050609855534E2,4.233389756595E2,
-1.515824502955E-11));
#1701=CARTESIAN_POINT('',(5.070426464405E2,4.230691324248E2,
-1.515824502955E-11));
#1702=CARTESIAN_POINT('',(5.070426464405E2,4.253375017766E2,
-1.515824502955E-11));
#1703=CARTESIAN_POINT('',(5.080461260673E2,4.253375017766E2,
-1.515824502955E-11));
#1704=CARTESIAN_POINT('',(5.081135869877E2,4.253290693851E2,
-1.515824502955E-11));
#1705=CARTESIAN_POINT('',(5.081810473121E2,4.253290693851E2,
-1.515824502955E-11));
#1706=CARTESIAN_POINT('',(5.082485082326E2,4.253206366955E2,
-1.515824502955E-11));
#1707=CARTESIAN_POINT('',(5.083075367614E2,4.253206366955E2,
-1.515824502955E-11));
#1708=CARTESIAN_POINT('',(5.083581323027E2,4.253122040060E2,
-1.515824502955E-11));
#1709=CARTESIAN_POINT('',(5.084087278440E2,4.252953389248E2,
-1.515824502955E-11));
#1710=CARTESIAN_POINT('',(5.084593233854E2,4.252869062353E2,
-1.515824502955E-11));
#1711=CARTESIAN_POINT('',(5.085014865351E2,4.252700411542E2,
-1.515824502955E-11));
#1712=CARTESIAN_POINT('',(5.085773798471E2,4.252363106940E2,
-1.515824502955E-11));
#1713=CARTESIAN_POINT('',(5.086364077800E2,4.251857151526E2,
-1.515824502955E-11));
#1714=CARTESIAN_POINT('',(5.086954363088E2,4.251266869218E2,
-1.515824502955E-11));
#1715=CARTESIAN_POINT('',(5.087460318502E2,4.250592260014E2,
-1.515824502955E-11));
#1716=CARTESIAN_POINT('',(5.087881949999E2,4.249748999998E2,
-1.515824502955E-11));
#1717=CARTESIAN_POINT('',(5.088219251622E2,4.248905739983E2,
-1.515824502955E-11));
#1718=CARTESIAN_POINT('',(5.088387905412E2,4.248062479968E2,
-1.515824502955E-11));
#1719=CARTESIAN_POINT('',(5.088472229328E2,4.247134896037E2,
-1.515824502955E-11));
#1720=CARTESIAN_POINT('',(5.088387905412E2,4.246544613728E2,
-1.515824502955E-11));
#1721=CARTESIAN_POINT('',(5.088303575537E2,4.245954331419E2,
-1.515824502955E-11));
#1722=CARTESIAN_POINT('',(5.088219251622E2,4.245448376006E2,
-1.515824502955E-11));
#1723=CARTESIAN_POINT('',(5.088050597831E2,4.244858093697E2,
-1.515824502955E-11));
#1724=CARTESIAN_POINT('',(5.087797620124E2,4.244436462200E2,
-1.515824502955E-11));
#1725=CARTESIAN_POINT('',(5.087544642418E2,4.243930506787E2,
-1.515824502955E-11));
#1726=CARTESIAN_POINT('',(5.087207340795E2,4.243508876779E2,
-1.515824502955E-11));
#1727=CARTESIAN_POINT('',(5.086870033213E2,4.243087246771E2,
-1.515824502955E-11));
#1728=CARTESIAN_POINT('',(5.086448407675E2,4.242665616764E2,
-1.515824502955E-11));
#1729=CARTESIAN_POINT('',(5.086026776178E2,4.242328312162E2,
-1.515824502955E-11));
#1730=CARTESIAN_POINT('',(5.085520820764E2,4.241991009049E2,
-1.515824502955E-11));
#1731=CARTESIAN_POINT('',(5.084930535476E2,4.241653704447E2,
-1.515824502955E-11));
#1732=CARTESIAN_POINT('',(5.084255932231E2,4.241485052146E2,
-1.515824502955E-11));
#1733=CARTESIAN_POINT('',(5.083581323027E2,4.241232074440E2,
-1.515824502955E-11));
#1734=CARTESIAN_POINT('',(5.082906713823E2,4.241063422139E2,
-1.515824502955E-11));
#1735=CARTESIAN_POINT('',(5.082063450828E2,4.240979096733E2,
-1.515824502955E-11));
#1736=CARTESIAN_POINT('',(5.082653736116E2,4.240641792131E2,
-1.515824502955E-11));
#1737=CARTESIAN_POINT('',(5.083159691530E2,4.240388814424E2,
-1.515824502955E-11));
#1738=CARTESIAN_POINT('',(5.083581323027E2,4.240051509822E2,
-1.515824502955E-11));
#1739=CARTESIAN_POINT('',(5.083918624650E2,4.239798532116E2,
-1.515824502955E-11));
#1740=CARTESIAN_POINT('',(5.084508909938E2,4.239208249807E2,
-1.515824502955E-11));
#1741=CARTESIAN_POINT('',(5.085183513183E2,4.238449316687E2,
-1.515824502955E-11));
#1742=CARTESIAN_POINT('',(5.085773798471E2,4.237690382077E2,
-1.515824502955E-11));
#1743=CARTESIAN_POINT('',(5.086364077800E2,4.236762796656E2,
-1.515824502955E-11));
#1744=CARTESIAN_POINT('',(5.090243073275E2,4.230691324248E2,
-1.515824502955E-11));
#1745=CARTESIAN_POINT('',(5.086532731591E2,4.230691324248E2,
-1.515824502955E-11));
#1746=CARTESIAN_POINT('',(5.083581323027E2,4.235329254332E2,
-1.515824502955E-11));
#1747=CARTESIAN_POINT('',(5.082906713823E2,4.236341166649E2,
-1.515824502955E-11));
#1748=CARTESIAN_POINT('',(5.082400758410E2,4.237184426664E2,
-1.515824502955E-11));
#1749=CARTESIAN_POINT('',(5.081894802997E2,4.237859034378E2,
-1.515824502955E-11));
#1750=CARTESIAN_POINT('',(5.081388847583E2,4.238449316687E2,
-1.515824502955E-11));
#1751=CARTESIAN_POINT('',(5.080967216086E2,4.238955272100E2,
-1.515824502955E-11));
#1752=CARTESIAN_POINT('',(5.080629914463E2,4.239376902108E2,
-1.515824502955E-11));
#1753=CARTESIAN_POINT('',(5.080208282966E2,4.239714206710E2,
-1.515824502955E-11));
#1754=CARTESIAN_POINT('',(5.079870975384E2,4.239967184417E2,
-1.515824502955E-11));
#1755=CARTESIAN_POINT('',(5.079196372139E2,4.240304489019E2,
-1.515824502955E-11));
#1756=CARTESIAN_POINT('',(5.078521762935E2,4.240557466725E2,
-1.515824502955E-11));
#1757=CARTESIAN_POINT('',(5.078268785229E2,4.240641792131E2,
-1.515824502955E-11));
#1758=CARTESIAN_POINT('',(5.077847153731E2,4.240641792131E2,
-1.515824502955E-11));
#1759=CARTESIAN_POINT('',(5.077425522234E2,4.240641792131E2,
-1.515824502955E-11));
#1760=CARTESIAN_POINT('',(5.076835242905E2,4.240726119026E2,
-1.515824502955E-11));
#1761=CARTESIAN_POINT('',(5.073462202843E2,4.240726119026E2,
-1.515824502955E-11));
#1762=CARTESIAN_POINT('',(5.073462202843E2,4.230691324248E2,
-1.515824502955E-11));
#1763=CARTESIAN_POINT('',(5.070426464405E2,4.230691324248E2,
-1.515824502955E-11));
#1765=CARTESIAN_POINT('',(5.073462202843E2,4.243424549883E2,
-1.515824502955E-11));
#1766=CARTESIAN_POINT('',(5.079786651468E2,4.243424549883E2,
-1.515824502955E-11));
#1767=CARTESIAN_POINT('',(5.080798562295E2,4.243424549883E2,
-1.515824502955E-11));
#1768=CARTESIAN_POINT('',(5.081641825290E2,4.243508876779E2,
-1.515824502955E-11));
#1769=CARTESIAN_POINT('',(5.082400758410E2,4.243593202185E2,
-1.515824502955E-11));
#1770=CARTESIAN_POINT('',(5.082991037739E2,4.243761855975E2,
-1.515824502955E-11));
#1771=CARTESIAN_POINT('',(5.083496993152E2,4.244014833682E2,
-1.515824502955E-11));
#1772=CARTESIAN_POINT('',(5.084002954525E2,4.244352135304E2,
-1.515824502955E-11));
#1773=CARTESIAN_POINT('',(5.084424580063E2,4.244689439906E2,
-1.515824502955E-11));
#1774=CARTESIAN_POINT('',(5.084761887645E2,4.245111071404E2,
-1.515824502955E-11));
#1775=CARTESIAN_POINT('',(5.085014865351E2,4.245617026817E2,
-1.515824502955E-11));
#1776=CARTESIAN_POINT('',(5.085183513183E2,4.246122982230E2,
-1.515824502955E-11));
#1777=CARTESIAN_POINT('',(5.085267843058E2,4.246628937644E2,
-1.515824502955E-11));
#1778=CARTESIAN_POINT('',(5.085352166974E2,4.247134896037E2,
-1.515824502955E-11));
#1779=CARTESIAN_POINT('',(5.085267843058E2,4.247556524554E2,
-1.515824502955E-11));
#1780=CARTESIAN_POINT('',(5.085267843058E2,4.247893829157E2,
-1.515824502955E-11));
#1781=CARTESIAN_POINT('',(5.085183513183E2,4.248315457674E2,
-1.515824502955E-11));
#1782=CARTESIAN_POINT('',(5.085014865351E2,4.248652762276E2,
-1.515824502955E-11));
#1783=CARTESIAN_POINT('',(5.084846211560E2,4.248905739983E2,
-1.515824502955E-11));
#1784=CARTESIAN_POINT('',(5.084677557770E2,4.249243044585E2,
-1.515824502955E-11));
#1785=CARTESIAN_POINT('',(5.084424580063E2,4.249496022292E2,
-1.515824502955E-11));
#1786=CARTESIAN_POINT('',(5.084171602356E2,4.249748999998E2,
-1.515824502955E-11));
#1787=CARTESIAN_POINT('',(5.083834300734E2,4.250001977705E2,
-1.515824502955E-11));
#1788=CARTESIAN_POINT('',(5.083496993152E2,4.250254955412E2,
-1.515824502955E-11));
#1789=CARTESIAN_POINT('',(5.083159691530E2,4.250423609202E2,
-1.515824502955E-11));
#1790=CARTESIAN_POINT('',(5.082653736116E2,4.250507936098E2,
-1.515824502955E-11));
#1791=CARTESIAN_POINT('',(5.082232104619E2,4.250676586909E2,
-1.515824502955E-11));
#1792=CARTESIAN_POINT('',(5.081726149206E2,4.250760913805E2,
-1.515824502955E-11));
#1793=CARTESIAN_POINT('',(5.081135869877E2,4.250760913805E2,
-1.515824502955E-11));
#1794=CARTESIAN_POINT('',(5.080545584588E2,4.250845237720E2,
-1.515824502955E-11));
#1795=CARTESIAN_POINT('',(5.073462202843E2,4.250845237720E2,
-1.515824502955E-11));
#1796=CARTESIAN_POINT('',(5.073462202843E2,4.243424549883E2,
-1.515824502955E-11));
#1798=CARTESIAN_POINT('',(5.093616113336E2,4.230691324248E2,
-1.515824502955E-11));
#1799=CARTESIAN_POINT('',(5.093616113336E2,4.253375017766E2,
-1.515824502955E-11));
#1800=CARTESIAN_POINT('',(5.096651851775E2,4.253375017766E2,
-1.515824502955E-11));
#1801=CARTESIAN_POINT('',(5.096651851775E2,4.230691324248E2,
-1.515824502955E-11));
#1802=CARTESIAN_POINT('',(5.093616113336E2,4.230691324248E2,
-1.515824502955E-11));
#1804=CARTESIAN_POINT('',(5.101795735782E2,4.230691324248E2,
-1.515824502955E-11));
#1805=CARTESIAN_POINT('',(5.101795735782E2,4.253375017766E2,
-1.515824502955E-11));
#1806=CARTESIAN_POINT('',(5.104831480181E2,4.253375017766E2,
-1.515824502955E-11));
#1807=CARTESIAN_POINT('',(5.104831480181E2,4.233389756595E2,
-1.515824502955E-11));
#1808=CARTESIAN_POINT('',(5.116046835107E2,4.233389756595E2,
-1.515824502955E-11));
#1809=CARTESIAN_POINT('',(5.116046835107E2,4.230691324248E2,
-1.515824502955E-11));
#1810=CARTESIAN_POINT('',(5.101795735782E2,4.230691324248E2,
-1.515824502955E-11));
#1812=CARTESIAN_POINT('',(5.119419875168E2,4.230691324248E2,
-1.515824502955E-11));
#1813=CARTESIAN_POINT('',(5.119419875168E2,4.253375017766E2,
-1.515824502955E-11));
#1814=CARTESIAN_POINT('',(5.122455607648E2,4.253375017766E2,
-1.515824502955E-11));
#1815=CARTESIAN_POINT('',(5.122455607648E2,4.233389756595E2,
-1.515824502955E-11));
#1816=CARTESIAN_POINT('',(5.133670962574E2,4.233389756595E2,
-1.515824502955E-11));
#1817=CARTESIAN_POINT('',(5.133670962574E2,4.230691324248E2,
-1.515824502955E-11));
#1818=CARTESIAN_POINT('',(5.119419875168E2,4.230691324248E2,
-1.515824502955E-11));
#1820=CARTESIAN_POINT('',(4.793668519630E2,4.199364214828E2,
-1.515824502955E-11));
#1821=CARTESIAN_POINT('',(4.793668519630E2,4.196665782481E2,
-1.515824502955E-11));
#1822=CARTESIAN_POINT('',(4.778658505064E2,4.196665782481E2,
-1.515824502955E-11));
#1823=CARTESIAN_POINT('',(4.778658505064E2,4.197087412489E2,
-1.515824502955E-11));
#1824=CARTESIAN_POINT('',(4.778658505064E2,4.197593367902E2,
-1.515824502955E-11));
#1825=CARTESIAN_POINT('',(4.778827152895E2,4.198099324805E2,
-1.515824502955E-11));
#1826=CARTESIAN_POINT('',(4.778911464893E2,4.198520954813E2,
-1.515824502955E-11));
#1827=CARTESIAN_POINT('',(4.779248784393E2,4.199364214828E2,
-1.515824502955E-11));
#1828=CARTESIAN_POINT('',(4.779670415890E2,4.200123147948E2,
-1.515824502955E-11));
#1829=CARTESIAN_POINT('',(4.780176359385E2,4.200797757152E2,
-1.515824502955E-11));
#1830=CARTESIAN_POINT('',(4.780766638714E2,4.201556690272E2,
-1.515824502955E-11));
#1831=CARTESIAN_POINT('',(4.781441253877E2,4.202315624882E2,
-1.515824502955E-11));
#1832=CARTESIAN_POINT('',(4.782284516872E2,4.203158884897E2,
-1.515824502955E-11));
#1833=CARTESIAN_POINT('',(4.783296427699E2,4.204086470318E2,
-1.515824502955E-11));
#1834=CARTESIAN_POINT('',(4.784392674360E2,4.205014057229E2,
-1.515824502955E-11));
#1835=CARTESIAN_POINT('',(4.785320249352E2,4.205772990349E2,
-1.515824502955E-11));
#1836=CARTESIAN_POINT('',(4.786163512347E2,4.206447598808E2,
-1.515824502955E-11));
#1837=CARTESIAN_POINT('',(4.786838127510E2,4.207122206522E2,
-1.515824502955E-11));
#1838=CARTESIAN_POINT('',(4.787512718837E2,4.207712488831E2,
-1.515824502955E-11));
#1839=CARTESIAN_POINT('',(4.788103022003E2,4.208302770394E2,
-1.515824502955E-11));
#1840=CARTESIAN_POINT('',(4.788693301332E2,4.208893052703E2,
-1.515824502955E-11));
#1841=CARTESIAN_POINT('',(4.789114932829E2,4.209399008861E2,
-1.515824502955E-11));
#1842=CARTESIAN_POINT('',(4.789452228492E2,4.209820638869E2,
-1.515824502955E-11));
#1843=CARTESIAN_POINT('',(4.789789524156E2,4.210242268877E2,
-1.515824502955E-11));
#1844=CARTESIAN_POINT('',(4.790042507822E2,4.210663898884E2,
-1.515824502955E-11));
#1845=CARTESIAN_POINT('',(4.790295491487E2,4.211169855042E2,
-1.515824502955E-11));
#1846=CARTESIAN_POINT('',(4.790464139319E2,4.211591485050E2,
-1.515824502955E-11));
#1847=CARTESIAN_POINT('',(4.790632787151E2,4.211928788907E2,
-1.515824502955E-11));
#1848=CARTESIAN_POINT('',(4.790801434982E2,4.212350418915E2,
-1.515824502955E-11));
#1849=CARTESIAN_POINT('',(4.790801434982E2,4.212772048923E2,
-1.515824502955E-11));
#1850=CARTESIAN_POINT('',(4.790885770816E2,4.213193678930E2,
-1.515824502955E-11));
#1851=CARTESIAN_POINT('',(4.790801434982E2,4.213615308938E2,
-1.515824502955E-11));
#1852=CARTESIAN_POINT('',(4.790801434982E2,4.213952612795E2,
-1.515824502955E-11));
#1853=CARTESIAN_POINT('',(4.790632787151E2,4.214374242803E2,
-1.515824502955E-11));
#1854=CARTESIAN_POINT('',(4.790548475153E2,4.214711546660E2,
-1.515824502955E-11));
#1855=CARTESIAN_POINT('',(4.790379803485E2,4.215048850889E2,
-1.515824502955E-11));
#1856=CARTESIAN_POINT('',(4.790126843656E2,4.215386154747E2,
-1.515824502955E-11));
#1857=CARTESIAN_POINT('',(4.789873859990E2,4.215723458790E2,
-1.515824502955E-11));
#1858=CARTESIAN_POINT('',(4.789620876324E2,4.215976436869E2,
-1.515824502955E-11));
#1859=CARTESIAN_POINT('',(4.789283580661E2,4.216229414948E2,
-1.515824502955E-11));
#1860=CARTESIAN_POINT('',(4.788946261161E2,4.216482392841E2,
-1.515824502955E-11));
#1861=CARTESIAN_POINT('',(4.788608965498E2,4.216651044956E2,
-1.515824502955E-11));
#1862=CARTESIAN_POINT('',(4.788271669834E2,4.216819696884E2,
-1.515824502955E-11));
#1863=CARTESIAN_POINT('',(4.787850038337E2,4.216988348813E2,
-1.515824502955E-11));
#1864=CARTESIAN_POINT('',(4.787428406839E2,4.217072674963E2,
-1.515824502955E-11));
#1865=CARTESIAN_POINT('',(4.786922439508E2,4.217072674963E2,
-1.515824502955E-11));
#1866=CARTESIAN_POINT('',(4.786500808010E2,4.217157000928E2,
-1.515824502955E-11));
#1867=CARTESIAN_POINT('',(4.785994864515E2,4.217072674963E2,
-1.515824502955E-11));
#1868=CARTESIAN_POINT('',(4.785488897184E2,4.217072674963E2,
-1.515824502955E-11));
#1869=CARTESIAN_POINT('',(4.785067265686E2,4.216904022849E2,
-1.515824502955E-11));
#1870=CARTESIAN_POINT('',(4.784645634189E2,4.216819696884E2,
-1.515824502955E-11));
#1871=CARTESIAN_POINT('',(4.784224002691E2,4.216651044956E2,
-1.515824502955E-11));
#1872=CARTESIAN_POINT('',(4.783802395031E2,4.216398066877E2,
-1.515824502955E-11));
#1873=CARTESIAN_POINT('',(4.783465075531E2,4.216145088798E2,
-1.515824502955E-11));
#1874=CARTESIAN_POINT('',(4.783127779867E2,4.215892110905E2,
-1.515824502955E-11));
#1875=CARTESIAN_POINT('',(4.782874796201E2,4.215554806675E2,
-1.515824502955E-11));
#1876=CARTESIAN_POINT('',(4.782621812536E2,4.215217502818E2,
-1.515824502955E-11));
#1877=CARTESIAN_POINT('',(4.782368852707E2,4.214795872810E2,
-1.515824502955E-11));
#1878=CARTESIAN_POINT('',(4.782200181038E2,4.214458568953E2,
-1.515824502955E-11));
#1879=CARTESIAN_POINT('',(4.782115869041E2,4.213952612795E2,
-1.515824502955E-11));
#1880=CARTESIAN_POINT('',(4.782031533207E2,4.213530982787E2,
-1.515824502955E-11));
#1881=CARTESIAN_POINT('',(4.781947221209E2,4.213025026629E2,
-1.515824502955E-11));
#1882=CARTESIAN_POINT('',(4.781947221209E2,4.212519070844E2,
-1.515824502955E-11));
#1883=CARTESIAN_POINT('',(4.779164448559E2,4.212856374701E2,
-1.515824502955E-11));
#1884=CARTESIAN_POINT('',(4.779248784393E2,4.213615308938E2,
-1.515824502955E-11));
#1885=CARTESIAN_POINT('',(4.779333096390E2,4.214289916652E2,
-1.515824502955E-11));
#1886=CARTESIAN_POINT('',(4.779586080056E2,4.215048850889E2,
-1.515824502955E-11));
#1887=CARTESIAN_POINT('',(4.779839063722E2,4.215639132826E2,
-1.515824502955E-11));
#1888=CARTESIAN_POINT('',(4.780092047388E2,4.216229414948E2,
-1.515824502955E-11));
#1889=CARTESIAN_POINT('',(4.780513678885E2,4.216735370920E2,
-1.515824502955E-11));
#1890=CARTESIAN_POINT('',(4.780850974548E2,4.217241326892E2,
-1.515824502955E-11));
#1891=CARTESIAN_POINT('',(4.781356941880E2,4.217747282864E2,
-1.515824502955E-11));
#1892=CARTESIAN_POINT('',(4.781862885375E2,4.218084586907E2,
-1.515824502955E-11));
#1893=CARTESIAN_POINT('',(4.782368852707E2,4.218421890904E2,
-1.515824502955E-11));
#1894=CARTESIAN_POINT('',(4.782959132036E2,4.218759194921E2,
-1.515824502955E-11));
#1895=CARTESIAN_POINT('',(4.783633723362E2,4.219012172934E2,
-1.515824502955E-11));
#1896=CARTESIAN_POINT('',(4.784308338525E2,4.219180824909E2,
-1.515824502955E-11));
#1897=CARTESIAN_POINT('',(4.784982953689E2,4.219265150920E2,
-1.515824502955E-11));
#1898=CARTESIAN_POINT('',(4.785741880849E2,4.219349476930E2,
-1.515824502955E-11));
#1899=CARTESIAN_POINT('',(4.786500808010E2,4.219433802941E2,
-1.515824502955E-11));
#1900=CARTESIAN_POINT('',(4.787344071005E2,4.219349476930E2,
-1.515824502955E-11));
#1901=CARTESIAN_POINT('',(4.788103022003E2,4.219265150920E2,
-1.515824502955E-11));
#1902=CARTESIAN_POINT('',(4.788777613329E2,4.219180824909E2,
-1.515824502955E-11));
#1903=CARTESIAN_POINT('',(4.789452228492E2,4.218927846923E2,
-1.515824502955E-11));
#1904=CARTESIAN_POINT('',(4.790126843656E2,4.218674868919E2,
-1.515824502955E-11));
#1905=CARTESIAN_POINT('',(4.790717122985E2,4.218337564893E2,
-1.515824502955E-11));
#1906=CARTESIAN_POINT('',(4.791223066480E2,4.218000260897E2,
-1.515824502955E-11));
#1907=CARTESIAN_POINT('',(4.791729033811E2,4.217578630935E2,
-1.515824502955E-11));
#1908=CARTESIAN_POINT('',(4.792150665309E2,4.217157000928E2,
-1.515824502955E-11));
#1909=CARTESIAN_POINT('',(4.792572296806E2,4.216651044956E2,
-1.515824502955E-11));
#1910=CARTESIAN_POINT('',(4.792909592470E2,4.216145088798E2,
-1.515824502955E-11));
#1911=CARTESIAN_POINT('',(4.793162576135E2,4.215554806675E2,
-1.515824502955E-11));
#1912=CARTESIAN_POINT('',(4.793331223967E2,4.214964524739E2,
-1.515824502955E-11));
#1913=CARTESIAN_POINT('',(4.793499871799E2,4.214374242803E2,
-1.515824502955E-11));
#1914=CARTESIAN_POINT('',(4.793584207633E2,4.213783960867E2,
-1.515824502955E-11));
#1915=CARTESIAN_POINT('',(4.793668519630E2,4.213109352780E2,
-1.515824502955E-11));
#1916=CARTESIAN_POINT('',(4.793584207633E2,4.212434745065E2,
-1.515824502955E-11));
#1917=CARTESIAN_POINT('',(4.793499871799E2,4.211760136606E2,
-1.515824502955E-11));
#1918=CARTESIAN_POINT('',(4.793331223967E2,4.211085528892E2,
-1.515824502955E-11));
#1919=CARTESIAN_POINT('',(4.793078240301E2,4.210410920433E2,
-1.515824502955E-11));
#1920=CARTESIAN_POINT('',(4.792740944638E2,4.209736312718E2,
-1.515824502955E-11));
#1921=CARTESIAN_POINT('',(4.792319313140E2,4.209061705004E2,
-1.515824502955E-11));
#1922=CARTESIAN_POINT('',(4.791813345809E2,4.208387096545E2,
-1.515824502955E-11));
#1923=CARTESIAN_POINT('',(4.791223066480E2,4.207712488831E2,
-1.515824502955E-11));
#1924=CARTESIAN_POINT('',(4.790885770816E2,4.207290858823E2,
-1.515824502955E-11));
#1925=CARTESIAN_POINT('',(4.790464139319E2,4.206869228815E2,
-1.515824502955E-11));
#1926=CARTESIAN_POINT('',(4.789958171987E2,4.206447598808E2,
-1.515824502955E-11));
#1927=CARTESIAN_POINT('',(4.789452228492E2,4.205941642650E2,
-1.515824502955E-11));
#1928=CARTESIAN_POINT('',(4.788946261161E2,4.205435687236E2,
-1.515824502955E-11));
#1929=CARTESIAN_POINT('',(4.788271669834E2,4.204845404928E2,
-1.515824502955E-11));
#1930=CARTESIAN_POINT('',(4.787597054671E2,4.204339448025E2,
-1.515824502955E-11));
#1931=CARTESIAN_POINT('',(4.786922439508E2,4.203664840310E2,
-1.515824502955E-11));
#1932=CARTESIAN_POINT('',(4.786332160179E2,4.203158884897E2,
-1.515824502955E-11));
#1933=CARTESIAN_POINT('',(4.785741880849E2,4.202737254889E2,
-1.515824502955E-11));
#1934=CARTESIAN_POINT('',(4.785235937355E2,4.202315624882E2,
-1.515824502955E-11));
#1935=CARTESIAN_POINT('',(4.784814305857E2,4.201893994874E2,
-1.515824502955E-11));
#1936=CARTESIAN_POINT('',(4.784476986357E2,4.201556690272E2,
-1.515824502955E-11));
#1937=CARTESIAN_POINT('',(4.784139690694E2,4.201303712565E2,
-1.515824502955E-11));
#1938=CARTESIAN_POINT('',(4.783886707028E2,4.201050734859E2,
-1.515824502955E-11));
#1939=CARTESIAN_POINT('',(4.783633723362E2,4.200797757152E2,
-1.515824502955E-11));
#1940=CARTESIAN_POINT('',(4.782959132036E2,4.200038822542E2,
-1.515824502955E-11));
#1941=CARTESIAN_POINT('',(4.782453164704E2,4.199364214828E2,
-1.515824502955E-11));
#1942=CARTESIAN_POINT('',(4.793668519630E2,4.199364214828E2,
-1.515824502955E-11));
#1944=CARTESIAN_POINT('',(4.798137794434E2,4.196665782481E2,
-1.515824502955E-11));
#1945=CARTESIAN_POINT('',(4.798137794434E2,4.199785844836E2,
-1.515824502955E-11));
#1946=CARTESIAN_POINT('',(4.801257862748E2,4.199785844836E2,
-1.515824502955E-11));
#1947=CARTESIAN_POINT('',(4.801257862748E2,4.196665782481E2,
-1.515824502955E-11));
#1948=CARTESIAN_POINT('',(4.798137794434E2,4.196665782481E2,
-1.515824502955E-11));
#1950=CARTESIAN_POINT('',(4.805474165804E2,4.202652927994E2,
-1.515824502955E-11));
#1951=CARTESIAN_POINT('',(4.808425574368E2,4.202905907190E2,
-1.515824502955E-11));
#1952=CARTESIAN_POINT('',(4.808509898283E2,4.202315624882E2,
-1.515824502955E-11));
#1953=CARTESIAN_POINT('',(4.808594234118E2,4.201893994874E2,
-1.515824502955E-11));
#1954=CARTESIAN_POINT('',(4.808762881949E2,4.201388037971E2,
-1.515824502955E-11));
#1955=CARTESIAN_POINT('',(4.808931529781E2,4.200966407963E2,
-1.515824502955E-11));
#1956=CARTESIAN_POINT('',(4.809100189531E2,4.200629104851E2,
-1.515824502955E-11));
#1957=CARTESIAN_POINT('',(4.809353161278E2,4.200291800249E2,
-1.515824502955E-11));
#1958=CARTESIAN_POINT('',(4.809606144944E2,4.199954497137E2,
-1.515824502955E-11));
#1959=CARTESIAN_POINT('',(4.809859116692E2,4.199617192535E2,
-1.515824502955E-11));
#1960=CARTESIAN_POINT('',(4.810196424273E2,4.199364214828E2,
-1.515824502955E-11));
#1961=CARTESIAN_POINT('',(4.810449396021E2,4.199195562527E2,
-1.515824502955E-11));
#1962=CARTESIAN_POINT('',(4.810786703602E2,4.199026910226E2,
-1.515824502955E-11));
#1963=CARTESIAN_POINT('',(4.811124011184E2,4.198858257925E2,
-1.515824502955E-11));
#1964=CARTESIAN_POINT('',(4.811545642682E2,4.198689607114E2,
-1.515824502955E-11));
#1965=CARTESIAN_POINT('',(4.811882938345E2,4.198605280218E2,
-1.515824502955E-11));
#1966=CARTESIAN_POINT('',(4.812304569842E2,4.198605280218E2,
-1.515824502955E-11));
#1967=CARTESIAN_POINT('',(4.812726201340E2,4.198605280218E2,
-1.515824502955E-11));
#1968=CARTESIAN_POINT('',(4.813232156753E2,4.198605280218E2,
-1.515824502955E-11));
#1969=CARTESIAN_POINT('',(4.813738112166E2,4.198689607114E2,
-1.515824502955E-11));
#1970=CARTESIAN_POINT('',(4.814159743664E2,4.198773932519E2,
-1.515824502955E-11));
#1971=CARTESIAN_POINT('',(4.814581375161E2,4.198942584820E2,
-1.515824502955E-11));
#1972=CARTESIAN_POINT('',(4.815003006659E2,4.199195562527E2,
-1.515824502955E-11));
#1973=CARTESIAN_POINT('',(4.815424638156E2,4.199448540234E2,
-1.515824502955E-11));
#1974=CARTESIAN_POINT('',(4.815761933819E2,4.199701517940E2,
-1.515824502955E-11));
#1975=CARTESIAN_POINT('',(4.816099241401E2,4.200123147948E2,
-1.515824502955E-11));
#1976=CARTESIAN_POINT('',(4.816436548983E2,4.200460452550E2,
-1.515824502955E-11));
#1977=CARTESIAN_POINT('',(4.816689520730E2,4.200882082558E2,
-1.515824502955E-11));
#1978=CARTESIAN_POINT('',(4.816942504396E2,4.201388037971E2,
-1.515824502955E-11));
#1979=CARTESIAN_POINT('',(4.817195476143E2,4.201893994874E2,
-1.515824502955E-11));
#1980=CARTESIAN_POINT('',(4.817279811978E2,4.202399950287E2,
-1.515824502955E-11));
#1981=CARTESIAN_POINT('',(4.817448459809E2,4.202905907190E2,
-1.515824502955E-11));
#1982=CARTESIAN_POINT('',(4.817448459809E2,4.203496188009E2,
-1.515824502955E-11));
#1983=CARTESIAN_POINT('',(4.817532783725E2,4.204086470318E2,
-1.515824502955E-11));
#1984=CARTESIAN_POINT('',(4.817448459809E2,4.204676752627E2,
-1.515824502955E-11));
#1985=CARTESIAN_POINT('',(4.817448459809E2,4.205267034935E2,
-1.515824502955E-11));
#1986=CARTESIAN_POINT('',(4.817279811978E2,4.205772990349E2,
-1.515824502955E-11));
#1987=CARTESIAN_POINT('',(4.817195476143E2,4.206278946507E2,
-1.515824502955E-11));
#1988=CARTESIAN_POINT('',(4.816942504396E2,4.206700576514E2,
-1.515824502955E-11));
#1989=CARTESIAN_POINT('',(4.816773856564E2,4.207122206522E2,
-1.515824502955E-11));
#1990=CARTESIAN_POINT('',(4.816520872898E2,4.207543836530E2,
-1.515824502955E-11));
#1991=CARTESIAN_POINT('',(4.816183565317E2,4.207881140387E2,
-1.515824502955E-11));
#1992=CARTESIAN_POINT('',(4.815846269654E2,4.208218444989E2,
-1.515824502955E-11));
#1993=CARTESIAN_POINT('',(4.815508962072E2,4.208471422696E2,
-1.515824502955E-11));
#1994=CARTESIAN_POINT('',(4.815087330574E2,4.208724400402E2,
-1.515824502955E-11));
#1995=CARTESIAN_POINT('',(4.814665699077E2,4.208893052703E2,
-1.515824502955E-11));
#1996=CARTESIAN_POINT('',(4.814244067579E2,4.209061705004E2,
-1.515824502955E-11));
#1997=CARTESIAN_POINT('',(4.813738112166E2,4.209146030410E2,
-1.515824502955E-11));
#1998=CARTESIAN_POINT('',(4.813232156753E2,4.209230356560E2,
-1.515824502955E-11));
#1999=CARTESIAN_POINT('',(4.812641877424E2,4.209314682711E2,
-1.515824502955E-11));
#2000=CARTESIAN_POINT('',(4.811967274179E2,4.209230356560E2,
-1.515824502955E-11));
#2001=CARTESIAN_POINT('',(4.811376982931E2,4.209146030410E2,
-1.515824502955E-11));
#2002=CARTESIAN_POINT('',(4.810786703602E2,4.208893052703E2,
-1.515824502955E-11));
#2003=CARTESIAN_POINT('',(4.810196424273E2,4.208640074997E2,
-1.515824502955E-11));
#2004=CARTESIAN_POINT('',(4.809690468860E2,4.208302770394E2,
-1.515824502955E-11));
#2005=CARTESIAN_POINT('',(4.809268837363E2,4.207965466537E2,
-1.515824502955E-11));
#2006=CARTESIAN_POINT('',(4.808847205865E2,4.207543836530E2,
-1.515824502955E-11));
#2007=CARTESIAN_POINT('',(4.808594234118E2,4.207122206522E2,
-1.515824502955E-11));
#2008=CARTESIAN_POINT('',(4.805980121217E2,4.207459510379E2,
-1.515824502955E-11));
#2009=CARTESIAN_POINT('',(4.808172602620E2,4.219096498921E2,
-1.515824502955E-11));
#2010=CARTESIAN_POINT('',(4.819387957546E2,4.219096498921E2,
-1.515824502955E-11));
#2011=CARTESIAN_POINT('',(4.819387957546E2,4.216482392841E2,
-1.515824502955E-11));
#2012=CARTESIAN_POINT('',(4.810280748189E2,4.216482392841E2,
-1.515824502955E-11));
#2013=CARTESIAN_POINT('',(4.809100189531E2,4.210326595027E2,
-1.515824502955E-11));
#2014=CARTESIAN_POINT('',(4.809606144944E2,4.210663898884E2,
-1.515824502955E-11));
#2015=CARTESIAN_POINT('',(4.810196424273E2,4.210916876591E2,
-1.515824502955E-11));
#2016=CARTESIAN_POINT('',(4.810702379687E2,4.211169855042E2,
-1.515824502955E-11));
#2017=CARTESIAN_POINT('',(4.811208335100E2,4.211338506599E2,
-1.515824502955E-11));
#2018=CARTESIAN_POINT('',(4.811714290513E2,4.211507158900E2,
-1.515824502955E-11));
#2019=CARTESIAN_POINT('',(4.812304569842E2,4.211591485050E2,
-1.515824502955E-11));
#2020=CARTESIAN_POINT('',(4.812810525255E2,4.211675810456E2,
-1.515824502955E-11));
#2021=CARTESIAN_POINT('',(4.813400816503E2,4.211760136606E2,
-1.515824502955E-11));
#2022=CARTESIAN_POINT('',(4.814159743664E2,4.211675810456E2,
-1.515824502955E-11));
#2023=CARTESIAN_POINT('',(4.814834358827E2,4.211591485050E2,
-1.515824502955E-11));
#2024=CARTESIAN_POINT('',(4.815508962072E2,4.211422832749E2,
-1.515824502955E-11));
#2025=CARTESIAN_POINT('',(4.816099241401E2,4.211169855042E2,
-1.515824502955E-11));
#2026=CARTESIAN_POINT('',(4.816773856564E2,4.210916876591E2,
-1.515824502955E-11));
#2027=CARTESIAN_POINT('',(4.817364135893E2,4.210579572734E2,
-1.515824502955E-11));
#2028=CARTESIAN_POINT('',(4.817870091307E2,4.210157942726E2,
-1.515824502955E-11));
#2029=CARTESIAN_POINT('',(4.818376046720E2,4.209651986568E2,
-1.515824502955E-11));
#2030=CARTESIAN_POINT('',(4.818882002133E2,4.209146030410E2,
-1.515824502955E-11));
#2031=CARTESIAN_POINT('',(4.819303633631E2,4.208555748846E2,
-1.515824502955E-11));
#2032=CARTESIAN_POINT('',(4.819640929294E2,4.207965466537E2,
-1.515824502955E-11));
#2033=CARTESIAN_POINT('',(4.819893912960E2,4.207290858823E2,
-1.515824502955E-11));
#2034=CARTESIAN_POINT('',(4.820146896626E2,4.206616250364E2,
-1.515824502955E-11));
#2035=CARTESIAN_POINT('',(4.820315544457E2,4.205941642650E2,
-1.515824502955E-11));
#2036=CARTESIAN_POINT('',(4.820399868373E2,4.205182708040E2,
-1.515824502955E-11));
#2037=CARTESIAN_POINT('',(4.820484192289E2,4.204339448025E2,
-1.515824502955E-11));
#2038=CARTESIAN_POINT('',(4.820399868373E2,4.203580514905E2,
-1.515824502955E-11));
#2039=CARTESIAN_POINT('',(4.820315544457E2,4.202905907190E2,
-1.515824502955E-11));
#2040=CARTESIAN_POINT('',(4.820231220541E2,4.202146972581E2,
-1.515824502955E-11));
#2041=CARTESIAN_POINT('',(4.819978236875E2,4.201472364866E2,
-1.515824502955E-11));
#2042=CARTESIAN_POINT('',(4.819725265128E2,4.200882082558E2,
-1.515824502955E-11));
#2043=CARTESIAN_POINT('',(4.819472281462E2,4.200207474843E2,
-1.515824502955E-11));
#2044=CARTESIAN_POINT('',(4.819050649965E2,4.199617192535E2,
-1.515824502955E-11));
#2045=CARTESIAN_POINT('',(4.818629018467E2,4.199026910226E2,
-1.515824502955E-11));
#2046=CARTESIAN_POINT('',(4.818123063054E2,4.198436627917E2,
-1.515824502955E-11));
#2047=CARTESIAN_POINT('',(4.817448459809E2,4.197846347098E2,
-1.515824502955E-11));
#2048=CARTESIAN_POINT('',(4.816773856564E2,4.197340390195E2,
-1.515824502955E-11));
#2049=CARTESIAN_POINT('',(4.816099241401E2,4.197003087083E2,
-1.515824502955E-11));
#2050=CARTESIAN_POINT('',(4.815340314240E2,4.196665782481E2,
-1.515824502955E-11));
#2051=CARTESIAN_POINT('',(4.814497051245E2,4.196581457075E2,
-1.515824502955E-11));
#2052=CARTESIAN_POINT('',(4.813653788250E2,4.196412804774E2,
-1.515824502955E-11));
#2053=CARTESIAN_POINT('',(4.812726201340E2,4.196328477879E2,
-1.515824502955E-11));
#2054=CARTESIAN_POINT('',(4.811967274179E2,4.196412804774E2,
-1.515824502955E-11));
#2055=CARTESIAN_POINT('',(4.811208335100E2,4.196497130180E2,
-1.515824502955E-11));
#2056=CARTESIAN_POINT('',(4.810533731855E2,4.196581457075E2,
-1.515824502955E-11));
#2057=CARTESIAN_POINT('',(4.809943440607E2,4.196750107887E2,
-1.515824502955E-11));
#2058=CARTESIAN_POINT('',(4.809268837363E2,4.197003087083E2,
-1.515824502955E-11));
#2059=CARTESIAN_POINT('',(4.808678558034E2,4.197256064790E2,
-1.515824502955E-11));
#2060=CARTESIAN_POINT('',(4.808172602620E2,4.197593367902E2,
-1.515824502955E-11));
#2061=CARTESIAN_POINT('',(4.807666647207E2,4.198014997910E2,
-1.515824502955E-11));
#2062=CARTESIAN_POINT('',(4.807160691794E2,4.198436627917E2,
-1.515824502955E-11));
#2063=CARTESIAN_POINT('',(4.806823384212E2,4.198942584820E2,
-1.515824502955E-11));
#2064=CARTESIAN_POINT('',(4.806401752715E2,4.199448540234E2,
-1.515824502955E-11));
#2065=CARTESIAN_POINT('',(4.806148769049E2,4.200038822542E2,
-1.515824502955E-11));
#2066=CARTESIAN_POINT('',(4.805895797301E2,4.200629104851E2,
-1.515824502955E-11));
#2067=CARTESIAN_POINT('',(4.805642813635E2,4.201219387160E2,
-1.515824502955E-11));
#2068=CARTESIAN_POINT('',(4.805558489720E2,4.201893994874E2,
-1.515824502955E-11));
#2069=CARTESIAN_POINT('',(4.805474165804E2,4.202652927994E2,
-1.515824502955E-11));
#2071=CARTESIAN_POINT('',(4.833048765623E2,4.196665782481E2,
-1.515824502955E-11));
#2072=CARTESIAN_POINT('',(4.833048765623E2,4.219349476930E2,
-1.515824502955E-11));
#2073=CARTESIAN_POINT('',(4.840806756572E2,4.219349476930E2,
-1.515824502955E-11));
#2074=CARTESIAN_POINT('',(4.841397047820E2,4.219265150920E2,
-1.515824502955E-11));
#2075=CARTESIAN_POINT('',(4.841987327149E2,4.219265150920E2,
-1.515824502955E-11));
#2076=CARTESIAN_POINT('',(4.842577606478E2,4.219265150920E2,
-1.515824502955E-11));
#2077=CARTESIAN_POINT('',(4.843083561891E2,4.219265150920E2,
-1.515824502955E-11));
#2078=CARTESIAN_POINT('',(4.843589517304E2,4.219180824909E2,
-1.515824502955E-11));
#2079=CARTESIAN_POINT('',(4.844011148802E2,4.219096498921E2,
-1.515824502955E-11));
#2080=CARTESIAN_POINT('',(4.844432780299E2,4.219096498921E2,
-1.515824502955E-11));
#2081=CARTESIAN_POINT('',(4.844770087881E2,4.219012172934E2,
-1.515824502955E-11));
#2082=CARTESIAN_POINT('',(4.845697674792E2,4.218674868919E2,
-1.515824502955E-11));
#2083=CARTESIAN_POINT('',(4.846540925868E2,4.218337564893E2,
-1.515824502955E-11));
#2084=CARTESIAN_POINT('',(4.847384188863E2,4.217915934886E2,
-1.515824502955E-11));
#2085=CARTESIAN_POINT('',(4.848058792108E2,4.217325652856E2,
-1.515824502955E-11));
#2086=CARTESIAN_POINT('',(4.848902055103E2,4.216566718805E2,
-1.515824502955E-11));
#2087=CARTESIAN_POINT('',(4.849660994182E2,4.215639132826E2,
-1.515824502955E-11));
#2088=CARTESIAN_POINT('',(4.850251273511E2,4.214627220882E2,
-1.515824502955E-11));
#2089=CARTESIAN_POINT('',(4.850757228924E2,4.213446656637E2,
-1.515824502955E-11));
#2090=CARTESIAN_POINT('',(4.851178860422E2,4.212266092764E2,
-1.515824502955E-11));
#2091=CARTESIAN_POINT('',(4.851431832169E2,4.210916876591E2,
-1.515824502955E-11));
#2092=CARTESIAN_POINT('',(4.851600491919E2,4.209567660417E2,
-1.515824502955E-11));
#2093=CARTESIAN_POINT('',(4.851684815835E2,4.208049792688E2,
-1.515824502955E-11));
#2094=CARTESIAN_POINT('',(4.851600491919E2,4.206869228815E2,
-1.515824502955E-11));
#2095=CARTESIAN_POINT('',(4.851516168004E2,4.205688664943E2,
-1.515824502955E-11));
#2096=CARTESIAN_POINT('',(4.851347508253E2,4.204508100326E2,
-1.515824502955E-11));
#2097=CARTESIAN_POINT('',(4.851010212590E2,4.203496188009E2,
-1.515824502955E-11));
#2098=CARTESIAN_POINT('',(4.850757228924E2,4.202568602588E2,
-1.515824502955E-11));
#2099=CARTESIAN_POINT('',(4.850335597427E2,4.201725342573E2,
-1.515824502955E-11));
#2100=CARTESIAN_POINT('',(4.849913965929E2,4.200882082558E2,
-1.515824502955E-11));
#2101=CARTESIAN_POINT('',(4.849492334432E2,4.200207474843E2,
-1.515824502955E-11));
#2102=CARTESIAN_POINT('',(4.848986379019E2,4.199617192535E2,
-1.515824502955E-11));
#2103=CARTESIAN_POINT('',(4.848564759440E2,4.199026910226E2,
-1.515824502955E-11));
#2104=CARTESIAN_POINT('',(4.847974468192E2,4.198520954813E2,
-1.515824502955E-11));
#2105=CARTESIAN_POINT('',(4.847468512779E2,4.198183650211E2,
-1.515824502955E-11));
#2106=CARTESIAN_POINT('',(4.846878233450E2,4.197762020203E2,
-1.515824502955E-11));
#2107=CARTESIAN_POINT('',(4.846203630205E2,4.197509042496E2,
-1.515824502955E-11));
#2108=CARTESIAN_POINT('',(4.845529015042E2,4.197256064790E2,
-1.515824502955E-11));
#2109=CARTESIAN_POINT('',(4.844770087881E2,4.197003087083E2,
-1.515824502955E-11));
#2110=CARTESIAN_POINT('',(4.843926824886E2,4.196834434782E2,
-1.515824502955E-11));
#2111=CARTESIAN_POINT('',(4.843083561891E2,4.196750107887E2,
-1.515824502955E-11));
#2112=CARTESIAN_POINT('',(4.842155974980E2,4.196665782481E2,
-1.515824502955E-11));
#2113=CARTESIAN_POINT('',(4.841144064154E2,4.196665782481E2,
-1.515824502955E-11));
#2114=CARTESIAN_POINT('',(4.833048765623E2,4.196665782481E2,
-1.515824502955E-11));
#2116=CARTESIAN_POINT('',(4.836084510021E2,4.199364214828E2,
-1.515824502955E-11));
#2117=CARTESIAN_POINT('',(4.840806756572E2,4.199364214828E2,
-1.515824502955E-11));
#2118=CARTESIAN_POINT('',(4.841903003233E2,4.199364214828E2,
-1.515824502955E-11));
#2119=CARTESIAN_POINT('',(4.842830590144E2,4.199448540234E2,
-1.515824502955E-11));
#2120=CARTESIAN_POINT('',(4.843589517304E2,4.199532867129E2,
-1.515824502955E-11));
#2121=CARTESIAN_POINT('',(4.844264132468E2,4.199701517940E2,
-1.515824502955E-11));
#2122=CARTESIAN_POINT('',(4.844854411797E2,4.199954497137E2,
-1.515824502955E-11));
#2123=CARTESIAN_POINT('',(4.845444691126E2,4.200207474843E2,
-1.515824502955E-11));
#2124=CARTESIAN_POINT('',(4.845866322623E2,4.200544777956E2,
-1.515824502955E-11));
#2125=CARTESIAN_POINT('',(4.846287954121E2,4.200882082558E2,
-1.515824502955E-11));
#2126=CARTESIAN_POINT('',(4.846793909534E2,4.201472364866E2,
-1.515824502955E-11));
#2127=CARTESIAN_POINT('',(4.847215541032E2,4.202146972581E2,
-1.515824502955E-11));
#2128=CARTESIAN_POINT('',(4.847637172529E2,4.202905907190E2,
-1.515824502955E-11));
#2129=CARTESIAN_POINT('',(4.847974468192E2,4.203749167206E2,
-1.515824502955E-11));
#2130=CARTESIAN_POINT('',(4.848227451858E2,4.204761078032E2,
-1.515824502955E-11));
#2131=CARTESIAN_POINT('',(4.848396099690E2,4.205772990349E2,
-1.515824502955E-11));
#2132=CARTESIAN_POINT('',(4.848480423605E2,4.206869228815E2,
-1.515824502955E-11));
#2133=CARTESIAN_POINT('',(4.848564759440E2,4.208134118838E2,
-1.515824502955E-11));
#2134=CARTESIAN_POINT('',(4.848480423605E2,4.208977378854E2,
-1.515824502955E-11));
#2135=CARTESIAN_POINT('',(4.848480423605E2,4.209820638869E2,
-1.515824502955E-11));
#2136=CARTESIAN_POINT('',(4.848396099690E2,4.210579572734E2,
-1.515824502955E-11));
#2137=CARTESIAN_POINT('',(4.848227451858E2,4.211254180448E2,
-1.515824502955E-11));
#2138=CARTESIAN_POINT('',(4.848058792108E2,4.211928788907E2,
-1.515824502955E-11));
#2139=CARTESIAN_POINT('',(4.847890144276E2,4.212519070844E2,
-1.515824502955E-11));
#2140=CARTESIAN_POINT('',(4.847637172529E2,4.213109352780E2,
-1.515824502955E-11));
#2141=CARTESIAN_POINT('',(4.847384188863E2,4.213615308938E2,
-1.515824502955E-11));
#2142=CARTESIAN_POINT('',(4.847046881281E2,4.214036938946E2,
-1.515824502955E-11));
#2143=CARTESIAN_POINT('',(4.846793909534E2,4.214458568953E2,
-1.515824502955E-11));
#2144=CARTESIAN_POINT('',(4.846456601952E2,4.214880198961E2,
-1.515824502955E-11));
#2145=CARTESIAN_POINT('',(4.846119294371E2,4.215217502818E2,
-1.515824502955E-11));
#2146=CARTESIAN_POINT('',(4.845781998708E2,4.215470480897E2,
-1.515824502955E-11));
#2147=CARTESIAN_POINT('',(4.845360367210E2,4.215723458790E2,
-1.515824502955E-11));
#2148=CARTESIAN_POINT('',(4.844938735713E2,4.215976436869E2,
-1.515824502955E-11));
#2149=CARTESIAN_POINT('',(4.844601428131E2,4.216145088798E2,
-1.515824502955E-11));
#2150=CARTESIAN_POINT('',(4.844264132468E2,4.216229414948E2,
-1.515824502955E-11));
#2151=CARTESIAN_POINT('',(4.843926824886E2,4.216313740912E2,
-1.515824502955E-11));
#2152=CARTESIAN_POINT('',(4.843505193389E2,4.216398066877E2,
-1.515824502955E-11));
#2153=CARTESIAN_POINT('',(4.842999237975E2,4.216482392841E2,
-1.515824502955E-11));
#2154=CARTESIAN_POINT('',(4.842493282562E2,4.216566718805E2,
-1.515824502955E-11));
#2155=CARTESIAN_POINT('',(4.841987327149E2,4.216566718805E2,
-1.515824502955E-11));
#2156=CARTESIAN_POINT('',(4.841397047820E2,4.216566718805E2,
-1.515824502955E-11));
#2157=CARTESIAN_POINT('',(4.840722432656E2,4.216651044956E2,
-1.515824502955E-11));
#2158=CARTESIAN_POINT('',(4.836084510021E2,4.216651044956E2,
-1.515824502955E-11));
#2159=CARTESIAN_POINT('',(4.836084510021E2,4.199364214828E2,
-1.515824502955E-11));
#2161=CARTESIAN_POINT('',(4.855901118891E2,4.196665782481E2,
-1.515824502955E-11));
#2162=CARTESIAN_POINT('',(4.855901118891E2,4.219349476930E2,
-1.515824502955E-11));
#2163=CARTESIAN_POINT('',(4.865935915159E2,4.219349476930E2,
-1.515824502955E-11));
#2164=CARTESIAN_POINT('',(4.866610518404E2,4.219265150920E2,
-1.515824502955E-11));
#2165=CARTESIAN_POINT('',(4.867285121649E2,4.219265150920E2,
-1.515824502955E-11));
#2166=CARTESIAN_POINT('',(4.867959736812E2,4.219180824909E2,
-1.515824502955E-11));
#2167=CARTESIAN_POINT('',(4.868550016141E2,4.219180824909E2,
-1.515824502955E-11));
#2168=CARTESIAN_POINT('',(4.869055971555E2,4.219096498921E2,
-1.515824502955E-11));
#2169=CARTESIAN_POINT('',(4.869561926968E2,4.218927846923E2,
-1.515824502955E-11));
#2170=CARTESIAN_POINT('',(4.870067882381E2,4.218843520923E2,
-1.515824502955E-11));
#2171=CARTESIAN_POINT('',(4.870489513879E2,4.218674868919E2,
-1.515824502955E-11));
#2172=CARTESIAN_POINT('',(4.871248452958E2,4.218337564893E2,
-1.515824502955E-11));
#2173=CARTESIAN_POINT('',(4.871838732287E2,4.217831608921E2,
-1.515824502955E-11));
#2174=CARTESIAN_POINT('',(4.872429011616E2,4.217241326892E2,
-1.515824502955E-11));
#2175=CARTESIAN_POINT('',(4.872934967029E2,4.216566718805E2,
-1.515824502955E-11));
#2176=CARTESIAN_POINT('',(4.873356598527E2,4.215723458790E2,
-1.515824502955E-11));
#2177=CARTESIAN_POINT('',(4.873693906108E2,4.214880198961E2,
-1.515824502955E-11));
#2178=CARTESIAN_POINT('',(4.873862553940E2,4.214036938946E2,
-1.515824502955E-11));
#2179=CARTESIAN_POINT('',(4.873946877856E2,4.213109352780E2,
-1.515824502955E-11));
#2180=CARTESIAN_POINT('',(4.873862553940E2,4.212519070844E2,
-1.515824502955E-11));
#2181=CARTESIAN_POINT('',(4.873778230024E2,4.211928788907E2,
-1.515824502955E-11));
#2182=CARTESIAN_POINT('',(4.873693906108E2,4.211422832749E2,
-1.515824502955E-11));
#2183=CARTESIAN_POINT('',(4.873525246358E2,4.210832550440E2,
-1.515824502955E-11));
#2184=CARTESIAN_POINT('',(4.873272274611E2,4.210410920433E2,
-1.515824502955E-11));
#2185=CARTESIAN_POINT('',(4.873019290945E2,4.209904965020E2,
-1.515824502955E-11));
#2186=CARTESIAN_POINT('',(4.872681995282E2,4.209483335012E2,
-1.515824502955E-11));
#2187=CARTESIAN_POINT('',(4.872344687700E2,4.209061705004E2,
-1.515824502955E-11));
#2188=CARTESIAN_POINT('',(4.871923056203E2,4.208640074997E2,
-1.515824502955E-11));
#2189=CARTESIAN_POINT('',(4.871501424705E2,4.208302770394E2,
-1.515824502955E-11));
#2190=CARTESIAN_POINT('',(4.870995469292E2,4.207965466537E2,
-1.515824502955E-11));
#2191=CARTESIAN_POINT('',(4.870405189963E2,4.207628162680E2,
-1.515824502955E-11));
#2192=CARTESIAN_POINT('',(4.869730574800E2,4.207459510379E2,
-1.515824502955E-11));
#2193=CARTESIAN_POINT('',(4.869055971555E2,4.207206532673E2,
-1.515824502955E-11));
#2194=CARTESIAN_POINT('',(4.868381368310E2,4.207037880372E2,
-1.515824502955E-11));
#2195=CARTESIAN_POINT('',(4.867538105315E2,4.206953554966E2,
-1.515824502955E-11));
#2196=CARTESIAN_POINT('',(4.868128384644E2,4.206616250364E2,
-1.515824502955E-11));
#2197=CARTESIAN_POINT('',(4.868634340057E2,4.206363272657E2,
-1.515824502955E-11));
#2198=CARTESIAN_POINT('',(4.869055971555E2,4.206025968055E2,
-1.515824502955E-11));
#2199=CARTESIAN_POINT('',(4.869393279136E2,4.205772990349E2,
-1.515824502955E-11));
#2200=CARTESIAN_POINT('',(4.869983558466E2,4.205182708040E2,
-1.515824502955E-11));
#2201=CARTESIAN_POINT('',(4.870658161710E2,4.204423774920E2,
-1.515824502955E-11));
#2202=CARTESIAN_POINT('',(4.871248452958E2,4.203664840310E2,
-1.515824502955E-11));
#2203=CARTESIAN_POINT('',(4.871838732287E2,4.202737254889E2,
-1.515824502955E-11));
#2204=CARTESIAN_POINT('',(4.875717727762E2,4.196665782481E2,
-1.515824502955E-11));
#2205=CARTESIAN_POINT('',(4.872007380119E2,4.196665782481E2,
-1.515824502955E-11));
#2206=CARTESIAN_POINT('',(4.869055971555E2,4.201303712565E2,
-1.515824502955E-11));
#2207=CARTESIAN_POINT('',(4.868381368310E2,4.202315624882E2,
-1.515824502955E-11));
#2208=CARTESIAN_POINT('',(4.867875412897E2,4.203158884897E2,
-1.515824502955E-11));
#2209=CARTESIAN_POINT('',(4.867369457483E2,4.203833492611E2,
-1.515824502955E-11));
#2210=CARTESIAN_POINT('',(4.866863502070E2,4.204423774920E2,
-1.515824502955E-11));
#2211=CARTESIAN_POINT('',(4.866441870573E2,4.204929730333E2,
-1.515824502955E-11));
#2212=CARTESIAN_POINT('',(4.866104562991E2,4.205351360341E2,
-1.515824502955E-11));
#2213=CARTESIAN_POINT('',(4.865682931493E2,4.205688664943E2,
-1.515824502955E-11));
#2214=CARTESIAN_POINT('',(4.865345623912E2,4.205941642650E2,
-1.515824502955E-11));
#2215=CARTESIAN_POINT('',(4.864671020667E2,4.206278946507E2,
-1.515824502955E-11));
#2216=CARTESIAN_POINT('',(4.863996417422E2,4.206531924958E2,
-1.515824502955E-11));
#2217=CARTESIAN_POINT('',(4.863743433756E2,4.206616250364E2,
-1.515824502955E-11));
#2218=CARTESIAN_POINT('',(4.863321802259E2,4.206616250364E2,
-1.515824502955E-11));
#2219=CARTESIAN_POINT('',(4.862900170761E2,4.206616250364E2,
-1.515824502955E-11));
#2220=CARTESIAN_POINT('',(4.862309891432E2,4.206700576514E2,
-1.515824502955E-11));
#2221=CARTESIAN_POINT('',(4.858936851371E2,4.206700576514E2,
-1.515824502955E-11));
#2222=CARTESIAN_POINT('',(4.858936851371E2,4.196665782481E2,
-1.515824502955E-11));
#2223=CARTESIAN_POINT('',(4.855901118891E2,4.196665782481E2,
-1.515824502955E-11));
#2225=CARTESIAN_POINT('',(4.858936851371E2,4.209399008861E2,
-1.515824502955E-11));
#2226=CARTESIAN_POINT('',(4.865261299996E2,4.209399008861E2,
-1.515824502955E-11));
#2227=CARTESIAN_POINT('',(4.866273210823E2,4.209399008861E2,
-1.515824502955E-11));
#2228=CARTESIAN_POINT('',(4.867116473817E2,4.209483335012E2,
-1.515824502955E-11));
#2229=CARTESIAN_POINT('',(4.867875412897E2,4.209567660417E2,
-1.515824502955E-11));
#2230=CARTESIAN_POINT('',(4.868465692226E2,4.209736312718E2,
-1.515824502955E-11));
#2231=CARTESIAN_POINT('',(4.868971647639E2,4.209989290425E2,
-1.515824502955E-11));
#2232=CARTESIAN_POINT('',(4.869477603052E2,4.210326595027E2,
-1.515824502955E-11));
#2233=CARTESIAN_POINT('',(4.869899234550E2,4.210663898884E2,
-1.515824502955E-11));
#2234=CARTESIAN_POINT('',(4.870236542131E2,4.211085528892E2,
-1.515824502955E-11));
#2235=CARTESIAN_POINT('',(4.870489513879E2,4.211591485050E2,
-1.515824502955E-11));
#2236=CARTESIAN_POINT('',(4.870658161710E2,4.212097440463E2,
-1.515824502955E-11));
#2237=CARTESIAN_POINT('',(4.870742497545E2,4.212603396622E2,
-1.515824502955E-11));
#2238=CARTESIAN_POINT('',(4.870826821460E2,4.213109352780E2,
-1.515824502955E-11));
#2239=CARTESIAN_POINT('',(4.870742497545E2,4.213530982787E2,
-1.515824502955E-11));
#2240=CARTESIAN_POINT('',(4.870742497545E2,4.213868286645E2,
-1.515824502955E-11));
#2241=CARTESIAN_POINT('',(4.870658161710E2,4.214289916652E2,
-1.515824502955E-11));
#2242=CARTESIAN_POINT('',(4.870489513879E2,4.214627220882E2,
-1.515824502955E-11));
#2243=CARTESIAN_POINT('',(4.870320866047E2,4.214880198961E2,
-1.515824502955E-11));
#2244=CARTESIAN_POINT('',(4.870152206297E2,4.215217502818E2,
-1.515824502955E-11));
#2245=CARTESIAN_POINT('',(4.869899234550E2,4.215470480897E2,
-1.515824502955E-11));
#2246=CARTESIAN_POINT('',(4.869646250884E2,4.215723458790E2,
-1.515824502955E-11));
#2247=CARTESIAN_POINT('',(4.869308955221E2,4.215976436869E2,
-1.515824502955E-11));
#2248=CARTESIAN_POINT('',(4.868971647639E2,4.216229414948E2,
-1.515824502955E-11));
#2249=CARTESIAN_POINT('',(4.868634340057E2,4.216398066877E2,
-1.515824502955E-11));
#2250=CARTESIAN_POINT('',(4.868128384644E2,4.216482392841E2,
-1.515824502955E-11));
#2251=CARTESIAN_POINT('',(4.867706753147E2,4.216651044956E2,
-1.515824502955E-11));
#2252=CARTESIAN_POINT('',(4.867200797733E2,4.216735370920E2,
-1.515824502955E-11));
#2253=CARTESIAN_POINT('',(4.866610518404E2,4.216735370920E2,
-1.515824502955E-11));
#2254=CARTESIAN_POINT('',(4.866020239075E2,4.216819696884E2,
-1.515824502955E-11));
#2255=CARTESIAN_POINT('',(4.858936851371E2,4.216819696884E2,
-1.515824502955E-11));
#2256=CARTESIAN_POINT('',(4.858936851371E2,4.209399008861E2,
-1.515824502955E-11));
#2258=CARTESIAN_POINT('',(4.879090767823E2,4.196665782481E2,
-1.515824502955E-11));
#2259=CARTESIAN_POINT('',(4.879090767823E2,4.219349476930E2,
-1.515824502955E-11));
#2260=CARTESIAN_POINT('',(4.882126500302E2,4.219349476930E2,
-1.515824502955E-11));
#2261=CARTESIAN_POINT('',(4.882126500302E2,4.196665782481E2,
-1.515824502955E-11));
#2262=CARTESIAN_POINT('',(4.879090767823E2,4.196665782481E2,
-1.515824502955E-11));
#2264=CARTESIAN_POINT('',(4.887270390269E2,4.196665782481E2,
-1.515824502955E-11));
#2265=CARTESIAN_POINT('',(4.887270390269E2,4.219349476930E2,
-1.515824502955E-11));
#2266=CARTESIAN_POINT('',(4.890306122749E2,4.219349476930E2,
-1.515824502955E-11));
#2267=CARTESIAN_POINT('',(4.890306122749E2,4.199364214828E2,
-1.515824502955E-11));
#2268=CARTESIAN_POINT('',(4.901521483634E2,4.199364214828E2,
-1.515824502955E-11));
#2269=CARTESIAN_POINT('',(4.901521483634E2,4.196665782481E2,
-1.515824502955E-11));
#2270=CARTESIAN_POINT('',(4.887270390269E2,4.196665782481E2,
-1.515824502955E-11));
#2272=CARTESIAN_POINT('',(4.904894523696E2,4.196665782481E2,
-1.515824502955E-11));
#2273=CARTESIAN_POINT('',(4.904894523696E2,4.219349476930E2,
-1.515824502955E-11));
#2274=CARTESIAN_POINT('',(4.907930262134E2,4.219349476930E2,
-1.515824502955E-11));
#2275=CARTESIAN_POINT('',(4.907930262134E2,4.199364214828E2,
-1.515824502955E-11));
#2276=CARTESIAN_POINT('',(4.919145617061E2,4.199364214828E2,
-1.515824502955E-11));
#2277=CARTESIAN_POINT('',(4.919145617061E2,4.196665782481E2,
-1.515824502955E-11));
#2278=CARTESIAN_POINT('',(4.904894523696E2,4.196665782481E2,
-1.515824502955E-11));
#2280=CARTESIAN_POINT('',(4.936348124949E2,4.190004027764E2,
-1.515824502955E-11));
#2281=CARTESIAN_POINT('',(4.935251884247E2,4.191521896984E2,
-1.515824502955E-11));
#2282=CARTESIAN_POINT('',(4.934239973421E2,4.193208417014E2,
-1.515824502955E-11));
#2283=CARTESIAN_POINT('',(4.933312386510E2,4.194979262450E2,
-1.515824502955E-11));
#2284=CARTESIAN_POINT('',(4.932469123515E2,4.196750107887E2,
-1.515824502955E-11));
#2285=CARTESIAN_POINT('',(4.932131821892E2,4.197762020203E2,
-1.515824502955E-11));
#2286=CARTESIAN_POINT('',(4.931794520270E2,4.198689607114E2,
-1.515824502955E-11));
#2287=CARTESIAN_POINT('',(4.931541542563E2,4.199701517940E2,
-1.515824502955E-11));
#2288=CARTESIAN_POINT('',(4.931288564857E2,4.200713430257E2,
-1.515824502955E-11));
#2289=CARTESIAN_POINT('',(4.931119911066E2,4.201725342573E2,
-1.515824502955E-11));
#2290=CARTESIAN_POINT('',(4.931035581191E2,4.202737254889E2,
-1.515824502955E-11));
#2291=CARTESIAN_POINT('',(4.930951257275E2,4.203749167206E2,
-1.515824502955E-11));
#2292=CARTESIAN_POINT('',(4.930951257275E2,4.204845404928E2,
-1.515824502955E-11));
#2293=CARTESIAN_POINT('',(4.930951257275E2,4.206616250364E2,
-1.515824502955E-11));
#2294=CARTESIAN_POINT('',(4.931204234982E2,4.208387096545E2,
-1.515824502955E-11));
#2295=CARTESIAN_POINT('',(4.931541542563E2,4.210157942726E2,
-1.515824502955E-11));
#2296=CARTESIAN_POINT('',(4.932047497977E2,4.211844462757E2,
-1.515824502955E-11));
#2297=CARTESIAN_POINT('',(4.932469123515E2,4.212856374701E2,
-1.515824502955E-11));
#2298=CARTESIAN_POINT('',(4.932890755012E2,4.213783960867E2,
-1.515824502955E-11));
#2299=CARTESIAN_POINT('',(4.933312386510E2,4.214795872810E2,
-1.515824502955E-11));
#2300=CARTESIAN_POINT('',(4.933818341923E2,4.215723458790E2,
-1.515824502955E-11));
#2301=CARTESIAN_POINT('',(4.934408621252E2,4.216735370920E2,
-1.515824502955E-11));
#2302=CARTESIAN_POINT('',(4.934998906540E2,4.217747282864E2,
-1.515824502955E-11));
#2303=CARTESIAN_POINT('',(4.935589185869E2,4.218674868919E2,
-1.515824502955E-11));
#2304=CARTESIAN_POINT('',(4.936348124949E2,4.219686780974E2,
-1.515824502955E-11));
#2305=CARTESIAN_POINT('',(4.938371946602E2,4.219686780974E2,
-1.515824502955E-11));
#2306=CARTESIAN_POINT('',(4.937865991188E2,4.218843520923E2,
-1.515824502955E-11));
#2307=CARTESIAN_POINT('',(4.937444359691E2,4.218168912918E2,
-1.515824502955E-11));
#2308=CARTESIAN_POINT('',(4.937107058069E2,4.217494304878E2,
-1.515824502955E-11));
#2309=CARTESIAN_POINT('',(4.936769750487E2,4.216904022849E2,
-1.515824502955E-11));
#2310=CARTESIAN_POINT('',(4.936516772780E2,4.216313740912E2,
-1.515824502955E-11));
#2311=CARTESIAN_POINT('',(4.936263795074E2,4.215892110905E2,
-1.515824502955E-11));
#2312=CARTESIAN_POINT('',(4.936010817367E2,4.215470480897E2,
-1.515824502955E-11));
#2313=CARTESIAN_POINT('',(4.935842163576E2,4.215048850889E2,
-1.515824502955E-11));
#2314=CARTESIAN_POINT('',(4.935420538038E2,4.213952612795E2,
-1.515824502955E-11));
#2315=CARTESIAN_POINT('',(4.934998906540E2,4.212856374701E2,
-1.515824502955E-11));
#2316=CARTESIAN_POINT('',(4.934661604918E2,4.211760136606E2,
-1.515824502955E-11));
#2317=CARTESIAN_POINT('',(4.934324297336E2,4.210579572734E2,
-1.515824502955E-11));
#2318=CARTESIAN_POINT('',(4.934071319630E2,4.209146030410E2,
-1.515824502955E-11));
#2319=CARTESIAN_POINT('',(4.933818341923E2,4.207712488831E2,
-1.515824502955E-11));
#2320=CARTESIAN_POINT('',(4.933734018007E2,4.206278946507E2,
-1.515824502955E-11));
#2321=CARTESIAN_POINT('',(4.933734018007E2,4.204845404928E2,
-1.515824502955E-11));
#2322=CARTESIAN_POINT('',(4.933734018007E2,4.202990232596E2,
-1.515824502955E-11));
#2323=CARTESIAN_POINT('',(4.933986995714E2,4.201050734859E2,
-1.515824502955E-11));
#2324=CARTESIAN_POINT('',(4.934324297336E2,4.199195562527E2,
-1.515824502955E-11));
#2325=CARTESIAN_POINT('',(4.934830252750E2,4.197340390195E2,
-1.515824502955E-11));
#2326=CARTESIAN_POINT('',(4.935504861954E2,4.195569544759E2,
-1.515824502955E-11));
#2327=CARTESIAN_POINT('',(4.936263795074E2,4.193714372427E2,
-1.515824502955E-11));
#2328=CARTESIAN_POINT('',(4.937275705900E2,4.191859201586E2,
-1.515824502955E-11));
#2329=CARTESIAN_POINT('',(4.938371946602E2,4.190004027764E2,
-1.515824502955E-11));
#2330=CARTESIAN_POINT('',(4.936348124949E2,4.190004027764E2,
-1.515824502955E-11));
#2332=CARTESIAN_POINT('',(4.949755955319E2,4.202652927994E2,
-1.515824502955E-11));
#2333=CARTESIAN_POINT('',(4.952538713071E2,4.202990232596E2,
-1.515824502955E-11));
#2334=CARTESIAN_POINT('',(4.952623039967E2,4.202399950287E2,
-1.515824502955E-11));
#2335=CARTESIAN_POINT('',(4.952791693758E2,4.201893994874E2,
-1.515824502955E-11));
#2336=CARTESIAN_POINT('',(4.952960344569E2,4.201388037971E2,
-1.515824502955E-11));
#2337=CARTESIAN_POINT('',(4.953128995380E2,4.200966407963E2,
-1.515824502955E-11));
#2338=CARTESIAN_POINT('',(4.953381973087E2,4.200544777956E2,
-1.515824502955E-11));
#2339=CARTESIAN_POINT('',(4.953550626877E2,4.200207474843E2,
-1.515824502955E-11));
#2340=CARTESIAN_POINT('',(4.953803604584E2,4.199870170241E2,
-1.515824502955E-11));
#2341=CARTESIAN_POINT('',(4.954056582291E2,4.199617192535E2,
-1.515824502955E-11));
#2342=CARTESIAN_POINT('',(4.954646864599E2,4.199111237121E2,
-1.515824502955E-11));
#2343=CARTESIAN_POINT('',(4.955321473803E2,4.198858257925E2,
-1.515824502955E-11));
#2344=CARTESIAN_POINT('',(4.956080406923E2,4.198605280218E2,
-1.515824502955E-11));
#2345=CARTESIAN_POINT('',(4.956923666939E2,4.198605280218E2,
-1.515824502955E-11));
#2346=CARTESIAN_POINT('',(4.957345295457E2,4.198605280218E2,
-1.515824502955E-11));
#2347=CARTESIAN_POINT('',(4.957851253849E2,4.198689607114E2,
-1.515824502955E-11));
#2348=CARTESIAN_POINT('',(4.958272882367E2,4.198773932519E2,
-1.515824502955E-11));
#2349=CARTESIAN_POINT('',(4.958694513865E2,4.198942584820E2,
-1.515824502955E-11));
#2350=CARTESIAN_POINT('',(4.959116142383E2,4.199111237121E2,
-1.515824502955E-11));
#2351=CARTESIAN_POINT('',(4.959537773880E2,4.199364214828E2,
-1.515824502955E-11));
#2352=CARTESIAN_POINT('',(4.959875075502E2,4.199617192535E2,
-1.515824502955E-11));
#2353=CARTESIAN_POINT('',(4.960212380105E2,4.199954497137E2,
-1.515824502955E-11));
#2354=CARTESIAN_POINT('',(4.960549684707E2,4.200291800249E2,
-1.515824502955E-11));
#2355=CARTESIAN_POINT('',(4.960802662413E2,4.200629104851E2,
-1.515824502955E-11));
#2356=CARTESIAN_POINT('',(4.960971313224E2,4.201050734859E2,
-1.515824502955E-11));
#2357=CARTESIAN_POINT('',(4.961224293911E2,4.201472364866E2,
-1.515824502955E-11));
#2358=CARTESIAN_POINT('',(4.961308617826E2,4.201893994874E2,
-1.515824502955E-11));
#2359=CARTESIAN_POINT('',(4.961477271617E2,4.202315624882E2,
-1.515824502955E-11));
#2360=CARTESIAN_POINT('',(4.961477271617E2,4.202821580295E2,
-1.515824502955E-11));
#2361=CARTESIAN_POINT('',(4.961561595533E2,4.203327537198E2,
-1.515824502955E-11));
#2362=CARTESIAN_POINT('',(4.961477271617E2,4.203749167206E2,
-1.515824502955E-11));
#2363=CARTESIAN_POINT('',(4.961477271617E2,4.204255122619E2,
-1.515824502955E-11));
#2364=CARTESIAN_POINT('',(4.961308617826E2,4.204676752627E2,
-1.515824502955E-11));
#2365=CARTESIAN_POINT('',(4.961224293911E2,4.205098382634E2,
-1.515824502955E-11));
#2366=CARTESIAN_POINT('',(4.961055640120E2,4.205435687236E2,
-1.515824502955E-11));
#2367=CARTESIAN_POINT('',(4.960802662413E2,4.205772990349E2,
-1.515824502955E-11));
#2368=CARTESIAN_POINT('',(4.960549684707E2,4.206194620356E2,
-1.515824502955E-11));
#2369=CARTESIAN_POINT('',(4.960296707E2,4.206447598808E2,-1.515824502955E-11));
#2370=CARTESIAN_POINT('',(4.959959402398E2,4.206784902665E2,
-1.515824502955E-11));
#2371=CARTESIAN_POINT('',(4.959622097796E2,4.207037880372E2,
-1.515824502955E-11));
#2372=CARTESIAN_POINT('',(4.959284793194E2,4.207206532673E2,
-1.515824502955E-11));
#2373=CARTESIAN_POINT('',(4.958863164676E2,4.207375184974E2,
-1.515824502955E-11));
#2374=CARTESIAN_POINT('',(4.958441533178E2,4.207543836530E2,
-1.515824502955E-11));
#2375=CARTESIAN_POINT('',(4.958019904661E2,4.207628162680E2,
-1.515824502955E-11));
#2376=CARTESIAN_POINT('',(4.957598273163E2,4.207712488831E2,
-1.515824502955E-11));
#2377=CARTESIAN_POINT('',(4.957092317750E2,4.207712488831E2,
-1.515824502955E-11));
#2378=CARTESIAN_POINT('',(4.956670689232E2,4.207712488831E2,
-1.515824502955E-11));
#2379=CARTESIAN_POINT('',(4.956249057735E2,4.207628162680E2,
-1.515824502955E-11));
#2380=CARTESIAN_POINT('',(4.955743102321E2,4.207543836530E2,
-1.515824502955E-11));
#2381=CARTESIAN_POINT('',(4.955152820013E2,4.207459510379E2,
-1.515824502955E-11));
#2382=CARTESIAN_POINT('',(4.955490124615E2,4.209904965020E2,
-1.515824502955E-11));
#2383=CARTESIAN_POINT('',(4.955743102321E2,4.209820638869E2,
-1.515824502955E-11));
#2384=CARTESIAN_POINT('',(4.955911753132E2,4.209820638869E2,
-1.515824502955E-11));
#2385=CARTESIAN_POINT('',(4.956755013148E2,4.209904965020E2,
-1.515824502955E-11));
#2386=CARTESIAN_POINT('',(4.957598273163E2,4.210073616576E2,
-1.515824502955E-11));
#2387=CARTESIAN_POINT('',(4.958357209263E2,4.210326595027E2,
-1.515824502955E-11));
#2388=CARTESIAN_POINT('',(4.959116142383E2,4.210748225035E2,
-1.515824502955E-11));
#2389=CARTESIAN_POINT('',(4.959453446985E2,4.211001202741E2,
-1.515824502955E-11));
#2390=CARTESIAN_POINT('',(4.959706424691E2,4.211254180448E2,
-1.515824502955E-11));
#2391=CARTESIAN_POINT('',(4.959959402398E2,4.211591485050E2,
-1.515824502955E-11));
#2392=CARTESIAN_POINT('',(4.960128053209E2,4.211928788907E2,
-1.515824502955E-11));
#2393=CARTESIAN_POINT('',(4.960296707E2,4.212266092764E2,-1.515824502955E-11));
#2394=CARTESIAN_POINT('',(4.960381033895E2,4.212687722772E2,
-1.515824502955E-11));
#2395=CARTESIAN_POINT('',(4.960465357811E2,4.213109352780E2,
-1.515824502955E-11));
#2396=CARTESIAN_POINT('',(4.960549684707E2,4.213615308938E2,
-1.515824502955E-11));
#2397=CARTESIAN_POINT('',(4.960465357811E2,4.214289916652E2,
-1.515824502955E-11));
#2398=CARTESIAN_POINT('',(4.960212380105E2,4.214964524739E2,
-1.515824502955E-11));
#2399=CARTESIAN_POINT('',(4.959959402398E2,4.215554806675E2,
-1.515824502955E-11));
#2400=CARTESIAN_POINT('',(4.959453446985E2,4.216145088798E2,
-1.515824502955E-11));
#2401=CARTESIAN_POINT('',(4.958947491571E2,4.216566718805E2,
-1.515824502955E-11));
#2402=CARTESIAN_POINT('',(4.958272882367E2,4.216904022849E2,
-1.515824502955E-11));
#2403=CARTESIAN_POINT('',(4.957598273163E2,4.217072674963E2,
-1.515824502955E-11));
#2404=CARTESIAN_POINT('',(4.956839340043E2,4.217157000928E2,
-1.515824502955E-11));
#2405=CARTESIAN_POINT('',(4.956080406923E2,4.217072674963E2,
-1.515824502955E-11));
#2406=CARTESIAN_POINT('',(4.955321473803E2,4.216819696884E2,
-1.515824502955E-11));
#2407=CARTESIAN_POINT('',(4.954731191495E2,4.216566718805E2,
-1.515824502955E-11));
#2408=CARTESIAN_POINT('',(4.954140909186E2,4.216060762833E2,
-1.515824502955E-11));
#2409=CARTESIAN_POINT('',(4.953887931479E2,4.215807784754E2,
-1.515824502955E-11));
#2410=CARTESIAN_POINT('',(4.953634953773E2,4.215470480897E2,
-1.515824502955E-11));
#2411=CARTESIAN_POINT('',(4.953466299982E2,4.215133176668E2,
-1.515824502955E-11));
#2412=CARTESIAN_POINT('',(4.953213322275E2,4.214795872810E2,
-1.515824502955E-11));
#2413=CARTESIAN_POINT('',(4.953128995380E2,4.214374242803E2,
-1.515824502955E-11));
#2414=CARTESIAN_POINT('',(4.952960344569E2,4.213952612795E2,
-1.515824502955E-11));
#2415=CARTESIAN_POINT('',(4.952876017673E2,4.213446656637E2,
-1.515824502955E-11));
#2416=CARTESIAN_POINT('',(4.952791693758E2,4.213025026629E2,
-1.515824502955E-11));
#2417=CARTESIAN_POINT('',(4.950008933025E2,4.213530982787E2,
-1.515824502955E-11));
#2418=CARTESIAN_POINT('',(4.950093259921E2,4.214205590874E2,
-1.515824502955E-11));
#2419=CARTESIAN_POINT('',(4.950261913712E2,4.214795872810E2,
-1.515824502955E-11));
#2420=CARTESIAN_POINT('',(4.950514891418E2,4.215386154747E2,
-1.515824502955E-11));
#2421=CARTESIAN_POINT('',(4.950767869125E2,4.215976436869E2,
-1.515824502955E-11));
#2422=CARTESIAN_POINT('',(4.951105173727E2,4.216482392841E2,
-1.515824502955E-11));
#2423=CARTESIAN_POINT('',(4.951442475349E2,4.216988348813E2,
-1.515824502955E-11));
#2424=CARTESIAN_POINT('',(4.951864106847E2,4.217409978914E2,
-1.515824502955E-11));
#2425=CARTESIAN_POINT('',(4.952285735365E2,4.217831608921E2,
-1.515824502955E-11));
#2426=CARTESIAN_POINT('',(4.952707366862E2,4.218168912918E2,
-1.515824502955E-11));
#2427=CARTESIAN_POINT('',(4.953213322275E2,4.218506216915E2,
-1.515824502955E-11));
#2428=CARTESIAN_POINT('',(4.953719277689E2,4.218759194921E2,
-1.515824502955E-11));
#2429=CARTESIAN_POINT('',(4.954309559997E2,4.219012172934E2,
-1.515824502955E-11));
#2430=CARTESIAN_POINT('',(4.954815515411E2,4.219180824909E2,
-1.515824502955E-11));
#2431=CARTESIAN_POINT('',(4.955405797719E2,4.219265150920E2,
-1.515824502955E-11));
#2432=CARTESIAN_POINT('',(4.956080406923E2,4.219349476930E2,
-1.515824502955E-11));
#2433=CARTESIAN_POINT('',(4.956755013148E2,4.219433802941E2,
-1.515824502955E-11));
#2434=CARTESIAN_POINT('',(4.957598273163E2,4.219349476930E2,
-1.515824502955E-11));
#2435=CARTESIAN_POINT('',(4.958525860074E2,4.219180824909E2,
-1.515824502955E-11));
#2436=CARTESIAN_POINT('',(4.959284793194E2,4.218927846923E2,
-1.515824502955E-11));
#2437=CARTESIAN_POINT('',(4.960128053209E2,4.218590542914E2,
-1.515824502955E-11));
#2438=CARTESIAN_POINT('',(4.960802662413E2,4.218168912918E2,
-1.515824502955E-11));
#2439=CARTESIAN_POINT('',(4.961477271617E2,4.217662956900E2,
-1.515824502955E-11));
#2440=CARTESIAN_POINT('',(4.961983227031E2,4.217072674963E2,
-1.515824502955E-11));
#2441=CARTESIAN_POINT('',(4.962489182444E2,4.216398066877E2,
-1.515824502955E-11));
#2442=CARTESIAN_POINT('',(4.962826487046E2,4.215723458790E2,
-1.515824502955E-11));
#2443=CARTESIAN_POINT('',(4.963079464753E2,4.215048850889E2,
-1.515824502955E-11));
#2444=CARTESIAN_POINT('',(4.963248115564E2,4.214289916652E2,
-1.515824502955E-11));
#2445=CARTESIAN_POINT('',(4.963332442459E2,4.213530982787E2,
-1.515824502955E-11));
#2446=CARTESIAN_POINT('',(4.963248115564E2,4.212856374701E2,
-1.515824502955E-11));
#2447=CARTESIAN_POINT('',(4.963079464753E2,4.212097440463E2,
-1.515824502955E-11));
#2448=CARTESIAN_POINT('',(4.962826487046E2,4.211507158900E2,
-1.515824502955E-11));
#2449=CARTESIAN_POINT('',(4.962489182444E2,4.210832550440E2,
-1.515824502955E-11));
#2450=CARTESIAN_POINT('',(4.962067553926E2,4.210326595027E2,
-1.515824502955E-11));
#2451=CARTESIAN_POINT('',(4.961561595533E2,4.209820638869E2,
-1.515824502955E-11));
#2452=CARTESIAN_POINT('',(4.960886989309E2,4.209314682711E2,
-1.515824502955E-11));
#2453=CARTESIAN_POINT('',(4.960212380105E2,4.208977378854E2,
-1.515824502955E-11));
#2454=CARTESIAN_POINT('',(4.960634011602E2,4.208808726553E2,
-1.515824502955E-11));
#2455=CARTESIAN_POINT('',(4.961139967015E2,4.208640074997E2,
-1.515824502955E-11));
#2456=CARTESIAN_POINT('',(4.961561595533E2,4.208471422696E2,
-1.515824502955E-11));
#2457=CARTESIAN_POINT('',(4.961983227031E2,4.208218444989E2,
-1.515824502955E-11));
#2458=CARTESIAN_POINT('',(4.962320531633E2,4.207965466537E2,
-1.515824502955E-11));
#2459=CARTESIAN_POINT('',(4.962657833255E2,4.207712488831E2,
-1.515824502955E-11));
#2460=CARTESIAN_POINT('',(4.962995137857E2,4.207375184974E2,
-1.515824502955E-11));
#2461=CARTESIAN_POINT('',(4.963332442459E2,4.207037880372E2,
-1.515824502955E-11));
#2462=CARTESIAN_POINT('',(4.963585420166E2,4.206700576514E2,
-1.515824502955E-11));
#2463=CARTESIAN_POINT('',(4.963838397872E2,4.206278946507E2,
-1.515824502955E-11));
#2464=CARTESIAN_POINT('',(4.964007051663E2,4.205857317244E2,
-1.515824502955E-11));
#2465=CARTESIAN_POINT('',(4.964175702474E2,4.205435687236E2,
-1.515824502955E-11));
#2466=CARTESIAN_POINT('',(4.964344356265E2,4.204929730333E2,
-1.515824502955E-11));
#2467=CARTESIAN_POINT('',(4.964428680181E2,4.204423774920E2,
-1.515824502955E-11));
#2468=CARTESIAN_POINT('',(4.964428680181E2,4.203917818017E2,
-1.515824502955E-11));
#2469=CARTESIAN_POINT('',(4.964513007077E2,4.203411862604E2,
-1.515824502955E-11));
#2470=CARTESIAN_POINT('',(4.964428680181E2,4.202652927994E2,
-1.515824502955E-11));
#2471=CARTESIAN_POINT('',(4.964344356265E2,4.201978320280E2,
-1.515824502955E-11));
#2472=CARTESIAN_POINT('',(4.964175702474E2,4.201303712565E2,
-1.515824502955E-11));
#2473=CARTESIAN_POINT('',(4.963922724768E2,4.200629104851E2,
-1.515824502955E-11));
#2474=CARTESIAN_POINT('',(4.963669747061E2,4.200038822542E2,
-1.515824502955E-11));
#2475=CARTESIAN_POINT('',(4.963248115564E2,4.199448540234E2,
-1.515824502955E-11));
#2476=CARTESIAN_POINT('',(4.962826487046E2,4.198858257925E2,
-1.515824502955E-11));
#2477=CARTESIAN_POINT('',(4.962320531633E2,4.198352302512E2,
-1.515824502955E-11));
#2478=CARTESIAN_POINT('',(4.961730249324E2,4.197846347098E2,
-1.515824502955E-11));
#2479=CARTESIAN_POINT('',(4.961139967015E2,4.197424717091E2,
-1.515824502955E-11));
#2480=CARTESIAN_POINT('',(4.960549684707E2,4.197087412489E2,
-1.515824502955E-11));
#2481=CARTESIAN_POINT('',(4.959875075502E2,4.196834434782E2,
-1.515824502955E-11));
#2482=CARTESIAN_POINT('',(4.959200469278E2,4.196665782481E2,
-1.515824502955E-11));
#2483=CARTESIAN_POINT('',(4.958441533178E2,4.196497130180E2,
-1.515824502955E-11));
#2484=CARTESIAN_POINT('',(4.957682600059E2,4.196412804774E2,
-1.515824502955E-11));
#2485=CARTESIAN_POINT('',(4.956839340043E2,4.196328477879E2,
-1.515824502955E-11));
#2486=CARTESIAN_POINT('',(4.956164733819E2,4.196412804774E2,
-1.515824502955E-11));
#2487=CARTESIAN_POINT('',(4.955490124615E2,4.196497130180E2,
-1.515824502955E-11));
#2488=CARTESIAN_POINT('',(4.954815515411E2,4.196581457075E2,
-1.515824502955E-11));
#2489=CARTESIAN_POINT('',(4.954140909186E2,4.196750107887E2,
-1.515824502955E-11));
#2490=CARTESIAN_POINT('',(4.953550626877E2,4.197003087083E2,
-1.515824502955E-11));
#2491=CARTESIAN_POINT('',(4.952960344569E2,4.197256064790E2,
-1.515824502955E-11));
#2492=CARTESIAN_POINT('',(4.952454389155E2,4.197593367902E2,
-1.515824502955E-11));
#2493=CARTESIAN_POINT('',(4.951948433742E2,4.198014997910E2,
-1.515824502955E-11));
#2494=CARTESIAN_POINT('',(4.951526802245E2,4.198520954813E2,
-1.515824502955E-11));
#2495=CARTESIAN_POINT('',(4.951105173727E2,4.199026910226E2,
-1.515824502955E-11));
#2496=CARTESIAN_POINT('',(4.950683542229E2,4.199532867129E2,
-1.515824502955E-11));
#2497=CARTESIAN_POINT('',(4.950430564523E2,4.200038822542E2,
-1.515824502955E-11));
#2498=CARTESIAN_POINT('',(4.950177586816E2,4.200629104851E2,
-1.515824502955E-11));
#2499=CARTESIAN_POINT('',(4.949924609109E2,4.201303712565E2,
-1.515824502955E-11));
#2500=CARTESIAN_POINT('',(4.949840285194E2,4.201893994874E2,
-1.515824502955E-11));
#2501=CARTESIAN_POINT('',(4.949755955319E2,4.202652927994E2,
-1.515824502955E-11));
#2503=CARTESIAN_POINT('',(4.968729307153E2,4.196665782481E2,
-1.515824502955E-11));
#2504=CARTESIAN_POINT('',(4.968729307153E2,4.199785844836E2,
-1.515824502955E-11));
#2505=CARTESIAN_POINT('',(4.971849369508E2,4.199785844836E2,
-1.515824502955E-11));
#2506=CARTESIAN_POINT('',(4.971849369508E2,4.196665782481E2,
-1.515824502955E-11));
#2507=CARTESIAN_POINT('',(4.968729307153E2,4.196665782481E2,
-1.515824502955E-11));
#2509=CARTESIAN_POINT('',(4.985088552046E2,4.196665782481E2,
-1.515824502955E-11));
#2510=CARTESIAN_POINT('',(4.985088552046E2,4.202062647175E2,
-1.515824502955E-11));
#2511=CARTESIAN_POINT('',(4.975053757268E2,4.202062647175E2,
-1.515824502955E-11));
#2512=CARTESIAN_POINT('',(4.975053757268E2,4.204592427221E2,
-1.515824502955E-11));
#2513=CARTESIAN_POINT('',(4.985678832865E2,4.219265150920E2,
-1.515824502955E-11));
#2514=CARTESIAN_POINT('',(4.987871309054E2,4.219265150920E2,
-1.515824502955E-11));
#2515=CARTESIAN_POINT('',(4.987871309054E2,4.204592427221E2,
-1.515824502955E-11));
#2516=CARTESIAN_POINT('',(4.990907045258E2,4.204592427221E2,
-1.515824502955E-11));
#2517=CARTESIAN_POINT('',(4.990907045258E2,4.202062647175E2,
-1.515824502955E-11));
#2518=CARTESIAN_POINT('',(4.987871309054E2,4.202062647175E2,
-1.515824502955E-11));
#2519=CARTESIAN_POINT('',(4.987871309054E2,4.196665782481E2,
-1.515824502955E-11));
#2520=CARTESIAN_POINT('',(4.985088552046E2,4.196665782481E2,
-1.515824502955E-11));
#2522=CARTESIAN_POINT('',(4.985088552046E2,4.204592427221E2,
-1.515824502955E-11));
#2523=CARTESIAN_POINT('',(4.985088552046E2,4.214711546660E2,
-1.515824502955E-11));
#2524=CARTESIAN_POINT('',(4.977752189615E2,4.204592427221E2,
-1.515824502955E-11));
#2525=CARTESIAN_POINT('',(4.985088552046E2,4.204592427221E2,
-1.515824502955E-11));
#2527=CARTESIAN_POINT('',(4.993689803756E2,4.207796814981E2,
-1.515824502955E-11));
#2528=CARTESIAN_POINT('',(4.993689803756E2,4.208808726553E2,
-1.515824502955E-11));
#2529=CARTESIAN_POINT('',(4.993689803756E2,4.209736312718E2,
-1.515824502955E-11));
#2530=CARTESIAN_POINT('',(4.993774129534E2,4.210663898884E2,
-1.515824502955E-11));
#2531=CARTESIAN_POINT('',(4.993858455684E2,4.211422832749E2,
-1.515824502955E-11));
#2532=CARTESIAN_POINT('',(4.993942781462E2,4.212266092764E2,
-1.515824502955E-11));
#2533=CARTESIAN_POINT('',(4.994111433391E2,4.212940700851E2,
-1.515824502955E-11));
#2534=CARTESIAN_POINT('',(4.994280085692E2,4.213699634716E2,
-1.515824502955E-11));
#2535=CARTESIAN_POINT('',(4.994448737620E2,4.214289916652E2,
-1.515824502955E-11));
#2536=CARTESIAN_POINT('',(4.994701715699E2,4.214880198961E2,
-1.515824502955E-11));
#2537=CARTESIAN_POINT('',(4.994954693406E2,4.215470480897E2,
-1.515824502955E-11));
#2538=CARTESIAN_POINT('',(4.995207671485E2,4.215976436869E2,
-1.515824502955E-11));
#2539=CARTESIAN_POINT('',(4.995544975715E2,4.216482392841E2,
-1.515824502955E-11));
#2540=CARTESIAN_POINT('',(4.995797953421E2,4.216904022849E2,
-1.515824502955E-11));
#2541=CARTESIAN_POINT('',(4.996219583429E2,4.217325652856E2,
-1.515824502955E-11));
#2542=CARTESIAN_POINT('',(4.996556887659E2,4.217747282864E2,
-1.515824502955E-11));
#2543=CARTESIAN_POINT('',(4.996978517666E2,4.218084586907E2,
-1.515824502955E-11));
#2544=CARTESIAN_POINT('',(4.997400147674E2,4.218421890904E2,
-1.515824502955E-11));
#2545=CARTESIAN_POINT('',(4.997821777682E2,4.218674868919E2,
-1.515824502955E-11));
#2546=CARTESIAN_POINT('',(4.998327733654E2,4.218843520923E2,
-1.515824502955E-11));
#2547=CARTESIAN_POINT('',(4.998833689625E2,4.219096498921E2,
-1.515824502955E-11));
#2548=CARTESIAN_POINT('',(4.999339645691E2,4.219180824909E2,
-1.515824502955E-11));
#2549=CARTESIAN_POINT('',(4.999845601686E2,4.219349476930E2,
-1.515824502955E-11));
#2550=CARTESIAN_POINT('',(5.000435883692E2,4.219349476930E2,
-1.515824502955E-11));
#2551=CARTESIAN_POINT('',(5.001110491685E2,4.219433802941E2,
-1.515824502955E-11));
#2552=CARTESIAN_POINT('',(5.001953751794E2,4.219349476930E2,
-1.515824502955E-11));
#2553=CARTESIAN_POINT('',(5.002797011809E2,4.219180824909E2,
-1.515824502955E-11));
#2554=CARTESIAN_POINT('',(5.003555945860E2,4.219012172934E2,
-1.515824502955E-11));
#2555=CARTESIAN_POINT('',(5.004314879725E2,4.218674868919E2,
-1.515824502955E-11));
#2556=CARTESIAN_POINT('',(5.004989487812E2,4.218253238929E2,
-1.515824502955E-11));
#2557=CARTESIAN_POINT('',(5.005579769748E2,4.217747282864E2,
-1.515824502955E-11));
#2558=CARTESIAN_POINT('',(5.006085725906E2,4.217157000928E2,
-1.515824502955E-11));
#2559=CARTESIAN_POINT('',(5.006591681692E2,4.216566718805E2,
-1.515824502955E-11));
#2560=CARTESIAN_POINT('',(5.007013311700E2,4.215807784754E2,
-1.515824502955E-11));
#2561=CARTESIAN_POINT('',(5.007350615557E2,4.215048850889E2,
-1.515824502955E-11));
#2562=CARTESIAN_POINT('',(5.007687920159E2,4.214121264724E2,
-1.515824502955E-11));
#2563=CARTESIAN_POINT('',(5.007940897865E2,4.213193678930E2,
-1.515824502955E-11));
#2564=CARTESIAN_POINT('',(5.008109550166E2,4.212687722772E2,
-1.515824502955E-11));
#2565=CARTESIAN_POINT('',(5.008193875572E2,4.212097440463E2,
-1.515824502955E-11));
#2566=CARTESIAN_POINT('',(5.008278201723E2,4.211507158900E2,
-1.515824502955E-11));
#2567=CARTESIAN_POINT('',(5.008362527873E2,4.210832550440E2,
-1.515824502955E-11));
#2568=CARTESIAN_POINT('',(5.008446854024E2,4.210157942726E2,
-1.515824502955E-11));
#2569=CARTESIAN_POINT('',(5.008446854024E2,4.209399008861E2,
-1.515824502955E-11));
#2570=CARTESIAN_POINT('',(5.008446854024E2,4.208640074997E2,
-1.515824502955E-11));
#2571=CARTESIAN_POINT('',(5.008531180174E2,4.207796814981E2,
-1.515824502955E-11));
#2572=CARTESIAN_POINT('',(5.008446854024E2,4.206869228815E2,
-1.515824502955E-11));
#2573=CARTESIAN_POINT('',(5.008446854024E2,4.205941642650E2,
-1.515824502955E-11));
#2574=CARTESIAN_POINT('',(5.008362527873E2,4.205098382634E2,
-1.515824502955E-11));
#2575=CARTESIAN_POINT('',(5.008278201723E2,4.204255122619E2,
-1.515824502955E-11));
#2576=CARTESIAN_POINT('',(5.008193875572E2,4.203411862604E2,
-1.515824502955E-11));
#2577=CARTESIAN_POINT('',(5.008025224016E2,4.202737254889E2,
-1.515824502955E-11));
#2578=CARTESIAN_POINT('',(5.007856571715E2,4.202062647175E2,
-1.515824502955E-11));
#2579=CARTESIAN_POINT('',(5.007687920159E2,4.201388037971E2,
-1.515824502955E-11));
#2580=CARTESIAN_POINT('',(5.007434941707E2,4.200797757152E2,
-1.515824502955E-11));
#2581=CARTESIAN_POINT('',(5.007181964001E2,4.200207474843E2,
-1.515824502955E-11));
#2582=CARTESIAN_POINT('',(5.006928985549E2,4.199701517940E2,
-1.515824502955E-11));
#2583=CARTESIAN_POINT('',(5.006676007842E2,4.199195562527E2,
-1.515824502955E-11));
#2584=CARTESIAN_POINT('',(5.006338703985E2,4.198773932519E2,
-1.515824502955E-11));
#2585=CARTESIAN_POINT('',(5.006001399756E2,4.198352302512E2,
-1.515824502955E-11));
#2586=CARTESIAN_POINT('',(5.005579769748E2,4.197930672504E2,
-1.515824502955E-11));
#2587=CARTESIAN_POINT('',(5.005242465891E2,4.197593367902E2,
-1.515824502955E-11));
#2588=CARTESIAN_POINT('',(5.004820835883E2,4.197256064790E2,
-1.515824502955E-11));
#2589=CARTESIAN_POINT('',(5.004314879725E2,4.197003087083E2,
-1.515824502955E-11));
#2590=CARTESIAN_POINT('',(5.003893249717E2,4.196834434782E2,
-1.515824502955E-11));
#2591=CARTESIAN_POINT('',(5.003387293932E2,4.196665782481E2,
-1.515824502955E-11));
#2592=CARTESIAN_POINT('',(5.002797011809E2,4.196581457075E2,
-1.515824502955E-11));
#2593=CARTESIAN_POINT('',(5.002291055837E2,4.196412804774E2,
-1.515824502955E-11));
#2594=CARTESIAN_POINT('',(5.001700773715E2,4.196412804774E2,
-1.515824502955E-11));
#2595=CARTESIAN_POINT('',(5.001110491685E2,4.196328477879E2,
-1.515824502955E-11));
#2596=CARTESIAN_POINT('',(5.000267231693E2,4.196412804774E2,
-1.515824502955E-11));
#2597=CARTESIAN_POINT('',(4.999508297666E2,4.196497130180E2,
-1.515824502955E-11));
#2598=CARTESIAN_POINT('',(4.998833689625E2,4.196665782481E2,
-1.515824502955E-11));
#2599=CARTESIAN_POINT('',(4.998159081725E2,4.196834434782E2,
-1.515824502955E-11));
#2600=CARTESIAN_POINT('',(4.997484473638E2,4.197171737894E2,
-1.515824502955E-11));
#2601=CARTESIAN_POINT('',(4.996894191702E2,4.197593367902E2,
-1.515824502955E-11));
#2602=CARTESIAN_POINT('',(4.996388235730E2,4.198014997910E2,
-1.515824502955E-11));
#2603=CARTESIAN_POINT('',(4.995882279572E2,4.198605280218E2,
-1.515824502955E-11));
#2604=CARTESIAN_POINT('',(4.995376323414E2,4.199364214828E2,
-1.515824502955E-11));
#2605=CARTESIAN_POINT('',(4.994954693406E2,4.200207474843E2,
-1.515824502955E-11));
#2606=CARTESIAN_POINT('',(4.994533063398E2,4.201219387160E2,
-1.515824502955E-11));
#2607=CARTESIAN_POINT('',(4.994195759541E2,4.202315624882E2,
-1.515824502955E-11));
#2608=CARTESIAN_POINT('',(4.993942781462E2,4.203580514905E2,
-1.515824502955E-11));
#2609=CARTESIAN_POINT('',(4.993774129534E2,4.204845404928E2,
-1.515824502955E-11));
#2610=CARTESIAN_POINT('',(4.993689803756E2,4.206278946507E2,
-1.515824502955E-11));
#2611=CARTESIAN_POINT('',(4.993689803756E2,4.207796814981E2,
-1.515824502955E-11));
#2613=CARTESIAN_POINT('',(4.996472561508E2,4.207881140387E2,
-1.515824502955E-11));
#2614=CARTESIAN_POINT('',(4.996472561508E2,4.206531924958E2,
-1.515824502955E-11));
#2615=CARTESIAN_POINT('',(4.996556887659E2,4.205267034935E2,
-1.515824502955E-11));
#2616=CARTESIAN_POINT('',(4.996641213437E2,4.204170797213E2,
-1.515824502955E-11));
#2617=CARTESIAN_POINT('',(4.996725539587E2,4.203158884897E2,
-1.515824502955E-11));
#2618=CARTESIAN_POINT('',(4.996978517666E2,4.202315624882E2,
-1.515824502955E-11));
#2619=CARTESIAN_POINT('',(4.997147169595E2,4.201556690272E2,
-1.515824502955E-11));
#2620=CARTESIAN_POINT('',(4.997484473638E2,4.200882082558E2,
-1.515824502955E-11));
#2621=CARTESIAN_POINT('',(4.997737451717E2,4.200376127144E2,
-1.515824502955E-11));
#2622=CARTESIAN_POINT('',(4.998074755574E2,4.199954497137E2,
-1.515824502955E-11));
#2623=CARTESIAN_POINT('',(4.998496385675E2,4.199617192535E2,
-1.515824502955E-11));
#2624=CARTESIAN_POINT('',(4.998833689625E2,4.199279887933E2,
-1.515824502955E-11));
#2625=CARTESIAN_POINT('',(4.999255319680E2,4.199026910226E2,
-1.515824502955E-11));
#2626=CARTESIAN_POINT('',(4.999676949687E2,4.198858257925E2,
-1.515824502955E-11));
#2627=CARTESIAN_POINT('',(5.000098579695E2,4.198689607114E2,
-1.515824502955E-11));
#2628=CARTESIAN_POINT('',(5.000604535714E2,4.198605280218E2,
-1.515824502955E-11));
#2629=CARTESIAN_POINT('',(5.001110491685E2,4.198605280218E2,
-1.515824502955E-11));
#2630=CARTESIAN_POINT('',(5.001532121693E2,4.198605280218E2,
-1.515824502955E-11));
#2631=CARTESIAN_POINT('',(5.002038077758E2,4.198689607114E2,
-1.515824502955E-11));
#2632=CARTESIAN_POINT('',(5.002459707766E2,4.198858257925E2,
-1.515824502955E-11));
#2633=CARTESIAN_POINT('',(5.002881337773E2,4.199026910226E2,
-1.515824502955E-11));
#2634=CARTESIAN_POINT('',(5.003302967781E2,4.199279887933E2,
-1.515824502955E-11));
#2635=CARTESIAN_POINT('',(5.003640271638E2,4.199617192535E2,
-1.515824502955E-11));
#2636=CARTESIAN_POINT('',(5.004061901646E2,4.199954497137E2,
-1.515824502955E-11));
#2637=CARTESIAN_POINT('',(5.004399205876E2,4.200376127144E2,
-1.515824502955E-11));
#2638=CARTESIAN_POINT('',(5.004652183955E2,4.200882082558E2,
-1.515824502955E-11));
#2639=CARTESIAN_POINT('',(5.004989487812E2,4.201556690272E2,
-1.515824502955E-11));
#2640=CARTESIAN_POINT('',(5.005158139740E2,4.202315624882E2,
-1.515824502955E-11));
#2641=CARTESIAN_POINT('',(5.005411117819E2,4.203158884897E2,
-1.515824502955E-11));
#2642=CARTESIAN_POINT('',(5.005495443970E2,4.204170797213E2,
-1.515824502955E-11));
#2643=CARTESIAN_POINT('',(5.005664095899E2,4.205267034935E2,
-1.515824502955E-11));
#2644=CARTESIAN_POINT('',(5.005664095899E2,4.206531924958E2,
-1.515824502955E-11));
#2645=CARTESIAN_POINT('',(5.005748421677E2,4.207881140387E2,
-1.515824502955E-11));
#2646=CARTESIAN_POINT('',(5.005664095899E2,4.209146030410E2,
-1.515824502955E-11));
#2647=CARTESIAN_POINT('',(5.005664095899E2,4.210410920433E2,
-1.515824502955E-11));
#2648=CARTESIAN_POINT('',(5.005495443970E2,4.211507158900E2,
-1.515824502955E-11));
#2649=CARTESIAN_POINT('',(5.005411117819E2,4.212519070844E2,
-1.515824502955E-11));
#2650=CARTESIAN_POINT('',(5.005158139740E2,4.213362330859E2,
-1.515824502955E-11));
#2651=CARTESIAN_POINT('',(5.004989487812E2,4.214121264724E2,
-1.515824502955E-11));
#2652=CARTESIAN_POINT('',(5.004652183955E2,4.214795872810E2,
-1.515824502955E-11));
#2653=CARTESIAN_POINT('',(5.004399205876E2,4.215301828969E2,
-1.515824502955E-11));
#2654=CARTESIAN_POINT('',(5.004061901646E2,4.215723458790E2,
-1.515824502955E-11));
#2655=CARTESIAN_POINT('',(5.003640271638E2,4.216060762833E2,
-1.515824502955E-11));
#2656=CARTESIAN_POINT('',(5.003302967781E2,4.216398066877E2,
-1.515824502955E-11));
#2657=CARTESIAN_POINT('',(5.002881337773E2,4.216651044956E2,
-1.515824502955E-11));
#2658=CARTESIAN_POINT('',(5.002459707766E2,4.216819696884E2,
-1.515824502955E-11));
#2659=CARTESIAN_POINT('',(5.002038077758E2,4.216988348813E2,
-1.515824502955E-11));
#2660=CARTESIAN_POINT('',(5.001532121693E2,4.217072674963E2,
-1.515824502955E-11));
#2661=CARTESIAN_POINT('',(5.001026165721E2,4.217157000928E2,
-1.515824502955E-11));
#2662=CARTESIAN_POINT('',(5.000520209703E2,4.217072674963E2,
-1.515824502955E-11));
#2663=CARTESIAN_POINT('',(5.000098579695E2,4.216988348813E2,
-1.515824502955E-11));
#2664=CARTESIAN_POINT('',(4.999676949687E2,4.216904022849E2,
-1.515824502955E-11));
#2665=CARTESIAN_POINT('',(4.999255319680E2,4.216735370920E2,
-1.515824502955E-11));
#2666=CARTESIAN_POINT('',(4.998918015683E2,4.216482392841E2,
-1.515824502955E-11));
#2667=CARTESIAN_POINT('',(4.998496385675E2,4.216229414948E2,
-1.515824502955E-11));
#2668=CARTESIAN_POINT('',(4.998159081725E2,4.215892110905E2,
-1.515824502955E-11));
#2669=CARTESIAN_POINT('',(4.997906103646E2,4.215470480897E2,
-1.515824502955E-11));
#2670=CARTESIAN_POINT('',(4.997568799602E2,4.214880198961E2,
-1.515824502955E-11));
#2671=CARTESIAN_POINT('',(4.997231495559E2,4.214205590874E2,
-1.515824502955E-11));
#2672=CARTESIAN_POINT('',(4.996978517666E2,4.213446656637E2,
-1.515824502955E-11));
#2673=CARTESIAN_POINT('',(4.996809865738E2,4.212519070844E2,
-1.515824502955E-11));
#2674=CARTESIAN_POINT('',(4.996641213437E2,4.211507158900E2,
-1.515824502955E-11));
#2675=CARTESIAN_POINT('',(4.996556887659E2,4.210410920433E2,
-1.515824502955E-11));
#2676=CARTESIAN_POINT('',(4.996472561508E2,4.209146030410E2,
-1.515824502955E-11));
#2677=CARTESIAN_POINT('',(4.996472561508E2,4.207881140387E2,
-1.515824502955E-11));
#2679=CARTESIAN_POINT('',(5.011313937927E2,4.207796814981E2,
-1.515824502955E-11));
#2680=CARTESIAN_POINT('',(5.011313937927E2,4.208808726553E2,
-1.515824502955E-11));
#2681=CARTESIAN_POINT('',(5.011313937927E2,4.209736312718E2,
-1.515824502955E-11));
#2682=CARTESIAN_POINT('',(5.011398264077E2,4.210663898884E2,
-1.515824502955E-11));
#2683=CARTESIAN_POINT('',(5.011482590228E2,4.211422832749E2,
-1.515824502955E-11));
#2684=CARTESIAN_POINT('',(5.011566915633E2,4.212266092764E2,
-1.515824502955E-11));
#2685=CARTESIAN_POINT('',(5.011735567934E2,4.212940700851E2,
-1.515824502955E-11));
#2686=CARTESIAN_POINT('',(5.011904220235E2,4.213699634716E2,
-1.515824502955E-11));
#2687=CARTESIAN_POINT('',(5.012072871791E2,4.214289916652E2,
-1.515824502955E-11));
#2688=CARTESIAN_POINT('',(5.012325850243E2,4.214880198961E2,
-1.515824502955E-11));
#2689=CARTESIAN_POINT('',(5.012578827950E2,4.215470480897E2,
-1.515824502955E-11));
#2690=CARTESIAN_POINT('',(5.012831805656E2,4.215976436869E2,
-1.515824502955E-11));
#2691=CARTESIAN_POINT('',(5.013169110258E2,4.216482392841E2,
-1.515824502955E-11));
#2692=CARTESIAN_POINT('',(5.013422087965E2,4.216904022849E2,
-1.515824502955E-11));
#2693=CARTESIAN_POINT('',(5.013843717973E2,4.217325652856E2,
-1.515824502955E-11));
#2694=CARTESIAN_POINT('',(5.014181022575E2,4.217747282864E2,
-1.515824502955E-11));
#2695=CARTESIAN_POINT('',(5.014602652582E2,4.218084586907E2,
-1.515824502955E-11));
#2696=CARTESIAN_POINT('',(5.015024282590E2,4.218421890904E2,
-1.515824502955E-11));
#2697=CARTESIAN_POINT('',(5.015445912598E2,4.218674868919E2,
-1.515824502955E-11));
#2698=CARTESIAN_POINT('',(5.015951868011E2,4.218843520923E2,
-1.515824502955E-11));
#2699=CARTESIAN_POINT('',(5.016457823424E2,4.219096498921E2,
-1.515824502955E-11));
#2700=CARTESIAN_POINT('',(5.016963780327E2,4.219180824909E2,
-1.515824502955E-11));
#2701=CARTESIAN_POINT('',(5.017469735741E2,4.219349476930E2,
-1.515824502955E-11));
#2702=CARTESIAN_POINT('',(5.018060018049E2,4.219349476930E2,
-1.515824502955E-11));
#2703=CARTESIAN_POINT('',(5.018734625764E2,4.219433802941E2,
-1.515824502955E-11));
#2704=CARTESIAN_POINT('',(5.019577885779E2,4.219349476930E2,
-1.515824502955E-11));
#2705=CARTESIAN_POINT('',(5.020421145794E2,4.219180824909E2,
-1.515824502955E-11));
#2706=CARTESIAN_POINT('',(5.021180080404E2,4.219012172934E2,
-1.515824502955E-11));
#2707=CARTESIAN_POINT('',(5.021939013524E2,4.218674868919E2,
-1.515824502955E-11));
#2708=CARTESIAN_POINT('',(5.022613622728E2,4.218253238929E2,
-1.515824502955E-11));
#2709=CARTESIAN_POINT('',(5.023203903547E2,4.217747282864E2,
-1.515824502955E-11));
#2710=CARTESIAN_POINT('',(5.023709860450E2,4.217157000928E2,
-1.515824502955E-11));
#2711=CARTESIAN_POINT('',(5.024215815863E2,4.216566718805E2,
-1.515824502955E-11));
#2712=CARTESIAN_POINT('',(5.024637445871E2,4.215807784754E2,
-1.515824502955E-11));
#2713=CARTESIAN_POINT('',(5.024974750473E2,4.215048850889E2,
-1.515824502955E-11));
#2714=CARTESIAN_POINT('',(5.025312055075E2,4.214121264724E2,
-1.515824502955E-11));
#2715=CARTESIAN_POINT('',(5.025565032781E2,4.213193678930E2,
-1.515824502955E-11));
#2716=CARTESIAN_POINT('',(5.025733683593E2,4.212687722772E2,
-1.515824502955E-11));
#2717=CARTESIAN_POINT('',(5.025818010488E2,4.212097440463E2,
-1.515824502955E-11));
#2718=CARTESIAN_POINT('',(5.025902337384E2,4.211507158900E2,
-1.515824502955E-11));
#2719=CARTESIAN_POINT('',(5.025986661299E2,4.210832550440E2,
-1.515824502955E-11));
#2720=CARTESIAN_POINT('',(5.026070988195E2,4.210157942726E2,
-1.515824502955E-11));
#2721=CARTESIAN_POINT('',(5.026070988195E2,4.209399008861E2,
-1.515824502955E-11));
#2722=CARTESIAN_POINT('',(5.026070988195E2,4.208640074997E2,
-1.515824502955E-11));
#2723=CARTESIAN_POINT('',(5.026155315090E2,4.207796814981E2,
-1.515824502955E-11));
#2724=CARTESIAN_POINT('',(5.026070988195E2,4.206869228815E2,
-1.515824502955E-11));
#2725=CARTESIAN_POINT('',(5.026070988195E2,4.205941642650E2,
-1.515824502955E-11));
#2726=CARTESIAN_POINT('',(5.025986661299E2,4.205098382634E2,
-1.515824502955E-11));
#2727=CARTESIAN_POINT('',(5.025902337384E2,4.204255122619E2,
-1.515824502955E-11));
#2728=CARTESIAN_POINT('',(5.025818010488E2,4.203411862604E2,
-1.515824502955E-11));
#2729=CARTESIAN_POINT('',(5.025649359677E2,4.202737254889E2,
-1.515824502955E-11));
#2730=CARTESIAN_POINT('',(5.025480705886E2,4.202062647175E2,
-1.515824502955E-11));
#2731=CARTESIAN_POINT('',(5.025312055075E2,4.201388037971E2,
-1.515824502955E-11));
#2732=CARTESIAN_POINT('',(5.025059077368E2,4.200797757152E2,
-1.515824502955E-11));
#2733=CARTESIAN_POINT('',(5.024806098172E2,4.200207474843E2,
-1.515824502955E-11));
#2734=CARTESIAN_POINT('',(5.024553120465E2,4.199701517940E2,
-1.515824502955E-11));
#2735=CARTESIAN_POINT('',(5.024300142758E2,4.199195562527E2,
-1.515824502955E-11));
#2736=CARTESIAN_POINT('',(5.023962838156E2,4.198773932519E2,
-1.515824502955E-11));
#2737=CARTESIAN_POINT('',(5.023625533554E2,4.198352302512E2,
-1.515824502955E-11));
#2738=CARTESIAN_POINT('',(5.023203903547E2,4.197930672504E2,
-1.515824502955E-11));
#2739=CARTESIAN_POINT('',(5.022866600434E2,4.197593367902E2,
-1.515824502955E-11));
#2740=CARTESIAN_POINT('',(5.022444970427E2,4.197256064790E2,
-1.515824502955E-11));
#2741=CARTESIAN_POINT('',(5.021939013524E2,4.197003087083E2,
-1.515824502955E-11));
#2742=CARTESIAN_POINT('',(5.021517383516E2,4.196834434782E2,
-1.515824502955E-11));
#2743=CARTESIAN_POINT('',(5.021011428103E2,4.196665782481E2,
-1.515824502955E-11));
#2744=CARTESIAN_POINT('',(5.020421145794E2,4.196581457075E2,
-1.515824502955E-11));
#2745=CARTESIAN_POINT('',(5.019915190381E2,4.196412804774E2,
-1.515824502955E-11));
#2746=CARTESIAN_POINT('',(5.019324908072E2,4.196412804774E2,
-1.515824502955E-11));
#2747=CARTESIAN_POINT('',(5.018734625764E2,4.196328477879E2,
-1.515824502955E-11));
#2748=CARTESIAN_POINT('',(5.017891365748E2,4.196412804774E2,
-1.515824502955E-11));
#2749=CARTESIAN_POINT('',(5.017132432628E2,4.196497130180E2,
-1.515824502955E-11));
#2750=CARTESIAN_POINT('',(5.016457823424E2,4.196665782481E2,
-1.515824502955E-11));
#2751=CARTESIAN_POINT('',(5.015783215710E2,4.196834434782E2,
-1.515824502955E-11));
#2752=CARTESIAN_POINT('',(5.015108607996E2,4.197171737894E2,
-1.515824502955E-11));
#2753=CARTESIAN_POINT('',(5.014518325687E2,4.197593367902E2,
-1.515824502955E-11));
#2754=CARTESIAN_POINT('',(5.014012370274E2,4.198014997910E2,
-1.515824502955E-11));
#2755=CARTESIAN_POINT('',(5.013506413371E2,4.198605280218E2,
-1.515824502955E-11));
#2756=CARTESIAN_POINT('',(5.013000457957E2,4.199364214828E2,
-1.515824502955E-11));
#2757=CARTESIAN_POINT('',(5.012578827950E2,4.200207474843E2,
-1.515824502955E-11));
#2758=CARTESIAN_POINT('',(5.012157197942E2,4.201219387160E2,
-1.515824502955E-11));
#2759=CARTESIAN_POINT('',(5.011819894085E2,4.202315624882E2,
-1.515824502955E-11));
#2760=CARTESIAN_POINT('',(5.011566915633E2,4.203580514905E2,
-1.515824502955E-11));
#2761=CARTESIAN_POINT('',(5.011398264077E2,4.204845404928E2,
-1.515824502955E-11));
#2762=CARTESIAN_POINT('',(5.011313937927E2,4.206278946507E2,
-1.515824502955E-11));
#2763=CARTESIAN_POINT('',(5.011313937927E2,4.207796814981E2,
-1.515824502955E-11));
#2765=CARTESIAN_POINT('',(5.014096695679E2,4.207881140387E2,
-1.515824502955E-11));
#2766=CARTESIAN_POINT('',(5.014096695679E2,4.206531924958E2,
-1.515824502955E-11));
#2767=CARTESIAN_POINT('',(5.014181022575E2,4.205267034935E2,
-1.515824502955E-11));
#2768=CARTESIAN_POINT('',(5.014265347980E2,4.204170797213E2,
-1.515824502955E-11));
#2769=CARTESIAN_POINT('',(5.014349673386E2,4.203158884897E2,
-1.515824502955E-11));
#2770=CARTESIAN_POINT('',(5.014602652582E2,4.202315624882E2,
-1.515824502955E-11));
#2771=CARTESIAN_POINT('',(5.014771303394E2,4.201556690272E2,
-1.515824502955E-11));
#2772=CARTESIAN_POINT('',(5.015108607996E2,4.200882082558E2,
-1.515824502955E-11));
#2773=CARTESIAN_POINT('',(5.015361585702E2,4.200376127144E2,
-1.515824502955E-11));
#2774=CARTESIAN_POINT('',(5.015698890304E2,4.199954497137E2,
-1.515824502955E-11));
#2775=CARTESIAN_POINT('',(5.016120520312E2,4.199617192535E2,
-1.515824502955E-11));
#2776=CARTESIAN_POINT('',(5.016457823424E2,4.199279887933E2,
-1.515824502955E-11));
#2777=CARTESIAN_POINT('',(5.016879453432E2,4.199026910226E2,
-1.515824502955E-11));
#2778=CARTESIAN_POINT('',(5.017301083439E2,4.198858257925E2,
-1.515824502955E-11));
#2779=CARTESIAN_POINT('',(5.017722713447E2,4.198689607114E2,
-1.515824502955E-11));
#2780=CARTESIAN_POINT('',(5.018228670350E2,4.198605280218E2,
-1.515824502955E-11));
#2781=CARTESIAN_POINT('',(5.018734625764E2,4.198605280218E2,
-1.515824502955E-11));
#2782=CARTESIAN_POINT('',(5.019156255771E2,4.198605280218E2,
-1.515824502955E-11));
#2783=CARTESIAN_POINT('',(5.019662212674E2,4.198689607114E2,
-1.515824502955E-11));
#2784=CARTESIAN_POINT('',(5.020083842682E2,4.198858257925E2,
-1.515824502955E-11));
#2785=CARTESIAN_POINT('',(5.020505472690E2,4.199026910226E2,
-1.515824502955E-11));
#2786=CARTESIAN_POINT('',(5.020927102697E2,4.199279887933E2,
-1.515824502955E-11));
#2787=CARTESIAN_POINT('',(5.021264405809E2,4.199617192535E2,
-1.515824502955E-11));
#2788=CARTESIAN_POINT('',(5.021686035817E2,4.199954497137E2,
-1.515824502955E-11));
#2789=CARTESIAN_POINT('',(5.022023340419E2,4.200376127144E2,
-1.515824502955E-11));
#2790=CARTESIAN_POINT('',(5.022276318126E2,4.200882082558E2,
-1.515824502955E-11));
#2791=CARTESIAN_POINT('',(5.022613622728E2,4.201556690272E2,
-1.515824502955E-11));
#2792=CARTESIAN_POINT('',(5.022782273539E2,4.202315624882E2,
-1.515824502955E-11));
#2793=CARTESIAN_POINT('',(5.023035252736E2,4.203158884897E2,
-1.515824502955E-11));
#2794=CARTESIAN_POINT('',(5.023119578141E2,4.204170797213E2,
-1.515824502955E-11));
#2795=CARTESIAN_POINT('',(5.023288230442E2,4.205267034935E2,
-1.515824502955E-11));
#2796=CARTESIAN_POINT('',(5.023288230442E2,4.206531924958E2,
-1.515824502955E-11));
#2797=CARTESIAN_POINT('',(5.023372555848E2,4.207881140387E2,
-1.515824502955E-11));
#2798=CARTESIAN_POINT('',(5.023288230442E2,4.209146030410E2,
-1.515824502955E-11));
#2799=CARTESIAN_POINT('',(5.023288230442E2,4.210410920433E2,
-1.515824502955E-11));
#2800=CARTESIAN_POINT('',(5.023119578141E2,4.211507158900E2,
-1.515824502955E-11));
#2801=CARTESIAN_POINT('',(5.023035252736E2,4.212519070844E2,
-1.515824502955E-11));
#2802=CARTESIAN_POINT('',(5.022782273539E2,4.213362330859E2,
-1.515824502955E-11));
#2803=CARTESIAN_POINT('',(5.022613622728E2,4.214121264724E2,
-1.515824502955E-11));
#2804=CARTESIAN_POINT('',(5.022276318126E2,4.214795872810E2,
-1.515824502955E-11));
#2805=CARTESIAN_POINT('',(5.022023340419E2,4.215301828969E2,
-1.515824502955E-11));
#2806=CARTESIAN_POINT('',(5.021686035817E2,4.215723458790E2,
-1.515824502955E-11));
#2807=CARTESIAN_POINT('',(5.021264405809E2,4.216060762833E2,
-1.515824502955E-11));
#2808=CARTESIAN_POINT('',(5.020927102697E2,4.216398066877E2,
-1.515824502955E-11));
#2809=CARTESIAN_POINT('',(5.020505472690E2,4.216651044956E2,
-1.515824502955E-11));
#2810=CARTESIAN_POINT('',(5.020083842682E2,4.216819696884E2,
-1.515824502955E-11));
#2811=CARTESIAN_POINT('',(5.019662212674E2,4.216988348813E2,
-1.515824502955E-11));
#2812=CARTESIAN_POINT('',(5.019156255771E2,4.217072674963E2,
-1.515824502955E-11));
#2813=CARTESIAN_POINT('',(5.018650300358E2,4.217157000928E2,
-1.515824502955E-11));
#2814=CARTESIAN_POINT('',(5.018144343455E2,4.217072674963E2,
-1.515824502955E-11));
#2815=CARTESIAN_POINT('',(5.017722713447E2,4.216988348813E2,
-1.515824502955E-11));
#2816=CARTESIAN_POINT('',(5.017301083439E2,4.216904022849E2,
-1.515824502955E-11));
#2817=CARTESIAN_POINT('',(5.016879453432E2,4.216735370920E2,
-1.515824502955E-11));
#2818=CARTESIAN_POINT('',(5.016542150320E2,4.216482392841E2,
-1.515824502955E-11));
#2819=CARTESIAN_POINT('',(5.016120520312E2,4.216229414948E2,
-1.515824502955E-11));
#2820=CARTESIAN_POINT('',(5.015783215710E2,4.215892110905E2,
-1.515824502955E-11));
#2821=CARTESIAN_POINT('',(5.015530238003E2,4.215470480897E2,
-1.515824502955E-11));
#2822=CARTESIAN_POINT('',(5.015192933401E2,4.214880198961E2,
-1.515824502955E-11));
#2823=CARTESIAN_POINT('',(5.014855630289E2,4.214205590874E2,
-1.515824502955E-11));
#2824=CARTESIAN_POINT('',(5.014602652582E2,4.213446656637E2,
-1.515824502955E-11));
#2825=CARTESIAN_POINT('',(5.014434000281E2,4.212519070844E2,
-1.515824502955E-11));
#2826=CARTESIAN_POINT('',(5.014265347980E2,4.211507158900E2,
-1.515824502955E-11));
#2827=CARTESIAN_POINT('',(5.014181022575E2,4.210410920433E2,
-1.515824502955E-11));
#2828=CARTESIAN_POINT('',(5.014096695679E2,4.209146030410E2,
-1.515824502955E-11));
#2829=CARTESIAN_POINT('',(5.014096695679E2,4.207881140387E2,
-1.515824502955E-11));
#2831=CARTESIAN_POINT('',(5.040322081560E2,4.190004027764E2,
-1.515824502955E-11));
#2832=CARTESIAN_POINT('',(5.038298259907E2,4.190004027764E2,
-1.515824502955E-11));
#2833=CARTESIAN_POINT('',(5.039310170733E2,4.191859201586E2,
-1.515824502955E-11));
#2834=CARTESIAN_POINT('',(5.040322081560E2,4.193714372427E2,
-1.515824502955E-11));
#2835=CARTESIAN_POINT('',(5.041081017659E2,4.195569544759E2,
-1.515824502955E-11));
#2836=CARTESIAN_POINT('',(5.041755623884E2,4.197340390195E2,
-1.515824502955E-11));
#2837=CARTESIAN_POINT('',(5.042261579297E2,4.199195562527E2,
-1.515824502955E-11));
#2838=CARTESIAN_POINT('',(5.042598883899E2,4.201050734859E2,
-1.515824502955E-11));
#2839=CARTESIAN_POINT('',(5.042851861606E2,4.202990232596E2,
-1.515824502955E-11));
#2840=CARTESIAN_POINT('',(5.042936188501E2,4.204845404928E2,
-1.515824502955E-11));
#2841=CARTESIAN_POINT('',(5.042851861606E2,4.206278946507E2,
-1.515824502955E-11));
#2842=CARTESIAN_POINT('',(5.042767537690E2,4.207712488831E2,
-1.515824502955E-11));
#2843=CARTESIAN_POINT('',(5.042514559983E2,4.209146030410E2,
-1.515824502955E-11));
#2844=CARTESIAN_POINT('',(5.042261579297E2,4.210579572734E2,
-1.515824502955E-11));
#2845=CARTESIAN_POINT('',(5.041924277675E2,4.211675810456E2,
-1.515824502955E-11));
#2846=CARTESIAN_POINT('',(5.041586973073E2,4.212856374701E2,
-1.515824502955E-11));
#2847=CARTESIAN_POINT('',(5.041165341575E2,4.213952612795E2,
-1.515824502955E-11));
#2848=CARTESIAN_POINT('',(5.040743713057E2,4.215048850889E2,
-1.515824502955E-11));
#2849=CARTESIAN_POINT('',(5.040575059266E2,4.215386154747E2,
-1.515824502955E-11));
#2850=CARTESIAN_POINT('',(5.040406408455E2,4.215807784754E2,
-1.515824502955E-11));
#2851=CARTESIAN_POINT('',(5.040153430749E2,4.216313740912E2,
-1.515824502955E-11));
#2852=CARTESIAN_POINT('',(5.039816126146E2,4.216904022849E2,
-1.515824502955E-11));
#2853=CARTESIAN_POINT('',(5.039478821544E2,4.217494304878E2,
-1.515824502955E-11));
#2854=CARTESIAN_POINT('',(5.039141519922E2,4.218168912918E2,
-1.515824502955E-11));
#2855=CARTESIAN_POINT('',(5.038719888425E2,4.218843520923E2,
-1.515824502955E-11));
#2856=CARTESIAN_POINT('',(5.038298259907E2,4.219686780974E2,
-1.515824502955E-11));
#2857=CARTESIAN_POINT('',(5.040322081560E2,4.219686780974E2,
-1.515824502955E-11));
#2858=CARTESIAN_POINT('',(5.040996690764E2,4.218674868919E2,
-1.515824502955E-11));
#2859=CARTESIAN_POINT('',(5.041586973073E2,4.217747282864E2,
-1.515824502955E-11));
#2860=CARTESIAN_POINT('',(5.042177255381E2,4.216735370920E2,
-1.515824502955E-11));
#2861=CARTESIAN_POINT('',(5.042767537690E2,4.215723458790E2,
-1.515824502955E-11));
#2862=CARTESIAN_POINT('',(5.043273493103E2,4.214795872810E2,
-1.515824502955E-11));
#2863=CARTESIAN_POINT('',(5.043695121621E2,4.213783960867E2,
-1.515824502955E-11));
#2864=CARTESIAN_POINT('',(5.044116753118E2,4.212856374701E2,
-1.515824502955E-11));
#2865=CARTESIAN_POINT('',(5.044538381636E2,4.211844462757E2,
-1.515824502955E-11));
#2866=CARTESIAN_POINT('',(5.045044340029E2,4.210157942726E2,
-1.515824502955E-11));
#2867=CARTESIAN_POINT('',(5.045381641652E2,4.208387096545E2,
-1.515824502955E-11));
#2868=CARTESIAN_POINT('',(5.045634622338E2,4.206616250364E2,
-1.515824502955E-11));
#2869=CARTESIAN_POINT('',(5.045718946254E2,4.204845404928E2,
-1.515824502955E-11));
#2870=CARTESIAN_POINT('',(5.045634622338E2,4.203749167206E2,
-1.515824502955E-11));
#2871=CARTESIAN_POINT('',(5.045550295442E2,4.202737254889E2,
-1.515824502955E-11));
#2872=CARTESIAN_POINT('',(5.045465968547E2,4.201725342573E2,
-1.515824502955E-11));
#2873=CARTESIAN_POINT('',(5.045297317736E2,4.200713430257E2,
-1.515824502955E-11));
#2874=CARTESIAN_POINT('',(5.045044340029E2,4.199701517940E2,
-1.515824502955E-11));
#2875=CARTESIAN_POINT('',(5.044791359343E2,4.198689607114E2,
-1.515824502955E-11));
#2876=CARTESIAN_POINT('',(5.044454057721E2,4.197762020203E2,
-1.515824502955E-11));
#2877=CARTESIAN_POINT('',(5.044116753118E2,4.196750107887E2,
-1.515824502955E-11));
#2878=CARTESIAN_POINT('',(5.043273493103E2,4.194979262450E2,
-1.515824502955E-11));
#2879=CARTESIAN_POINT('',(5.042345906192E2,4.193208417014E2,
-1.515824502955E-11));
#2880=CARTESIAN_POINT('',(5.041333995366E2,4.191521896984E2,
-1.515824502955E-11));
#2881=CARTESIAN_POINT('',(5.040322081560E2,4.190004027764E2,
-1.515824502955E-11));
#2883=CARTESIAN_POINT('',(5.072618939848E2,4.196665782481E2,
-1.515824502955E-11));
#2884=CARTESIAN_POINT('',(5.072618939848E2,4.216651044956E2,
-1.515824502955E-11));
#2885=CARTESIAN_POINT('',(5.065198250522E2,4.216651044956E2,
-1.515824502955E-11));
#2886=CARTESIAN_POINT('',(5.065198250522E2,4.219349476930E2,
-1.515824502955E-11));
#2887=CARTESIAN_POINT('',(5.083075367614E2,4.219349476930E2,
-1.515824502955E-11));
#2888=CARTESIAN_POINT('',(5.083075367614E2,4.216651044956E2,
-1.515824502955E-11));
#2889=CARTESIAN_POINT('',(5.075654678287E2,4.216651044956E2,
-1.515824502955E-11));
#2890=CARTESIAN_POINT('',(5.075654678287E2,4.196665782481E2,
-1.515824502955E-11));
#2891=CARTESIAN_POINT('',(5.072618939848E2,4.196665782481E2,
-1.515824502955E-11));
#2893=CARTESIAN_POINT('',(5.086279753884E2,4.196665782481E2,
-1.515824502955E-11));
#2894=CARTESIAN_POINT('',(5.086279753884E2,4.219349476930E2,
-1.515824502955E-11));
#2895=CARTESIAN_POINT('',(5.089315492323E2,4.219349476930E2,
-1.515824502955E-11));
#2896=CARTESIAN_POINT('',(5.089315492323E2,4.210073616576E2,
-1.515824502955E-11));
#2897=CARTESIAN_POINT('',(5.101036808622E2,4.210073616576E2,
-1.515824502955E-11));
#2898=CARTESIAN_POINT('',(5.101036808622E2,4.219349476930E2,
-1.515824502955E-11));
#2899=CARTESIAN_POINT('',(5.104072541101E2,4.219349476930E2,
-1.515824502955E-11));
#2900=CARTESIAN_POINT('',(5.104072541101E2,4.196665782481E2,
-1.515824502955E-11));
#2901=CARTESIAN_POINT('',(5.101036808622E2,4.196665782481E2,
-1.515824502955E-11));
#2902=CARTESIAN_POINT('',(5.101036808622E2,4.207375184974E2,
-1.515824502955E-11));
#2903=CARTESIAN_POINT('',(5.089315492323E2,4.207375184974E2,
-1.515824502955E-11));
#2904=CARTESIAN_POINT('',(5.089315492323E2,4.196665782481E2,
-1.515824502955E-11));
#2905=CARTESIAN_POINT('',(5.086279753884E2,4.196665782481E2,
-1.515824502955E-11));
#2907=CARTESIAN_POINT('',(5.109132095234E2,4.196665782481E2,
-1.515824502955E-11));
#2908=CARTESIAN_POINT('',(5.109132095234E2,4.219349476930E2,
-1.515824502955E-11));
#2909=CARTESIAN_POINT('',(5.119166891502E2,4.219349476930E2,
-1.515824502955E-11));
#2910=CARTESIAN_POINT('',(5.119841506666E2,4.219265150920E2,
-1.515824502955E-11));
#2911=CARTESIAN_POINT('',(5.120516109910E2,4.219265150920E2,
-1.515824502955E-11));
#2912=CARTESIAN_POINT('',(5.121190713155E2,4.219180824909E2,
-1.515824502955E-11));
#2913=CARTESIAN_POINT('',(5.121781004403E2,4.219180824909E2,
-1.515824502955E-11));
#2914=CARTESIAN_POINT('',(5.122286959816E2,4.219096498921E2,
-1.515824502955E-11));
#2915=CARTESIAN_POINT('',(5.122792915229E2,4.218927846923E2,
-1.515824502955E-11));
#2916=CARTESIAN_POINT('',(5.123298870643E2,4.218843520923E2,
-1.515824502955E-11));
#2917=CARTESIAN_POINT('',(5.123720502140E2,4.218674868919E2,
-1.515824502955E-11));
#2918=CARTESIAN_POINT('',(5.124479429301E2,4.218337564893E2,
-1.515824502955E-11));
#2919=CARTESIAN_POINT('',(5.125069720548E2,4.217831608921E2,
-1.515824502955E-11));
#2920=CARTESIAN_POINT('',(5.125659999877E2,4.217241326892E2,
-1.515824502955E-11));
#2921=CARTESIAN_POINT('',(5.126165955291E2,4.216566718805E2,
-1.515824502955E-11));
#2922=CARTESIAN_POINT('',(5.126587586788E2,4.215723458790E2,
-1.515824502955E-11));
#2923=CARTESIAN_POINT('',(5.126924882451E2,4.214880198961E2,
-1.515824502955E-11));
#2924=CARTESIAN_POINT('',(5.127093542201E2,4.214036938946E2,
-1.515824502955E-11));
#2925=CARTESIAN_POINT('',(5.127177866117E2,4.213109352780E2,
-1.515824502955E-11));
#2926=CARTESIAN_POINT('',(5.127093542201E2,4.212519070844E2,
-1.515824502955E-11));
#2927=CARTESIAN_POINT('',(5.127009218286E2,4.211928788907E2,
-1.515824502955E-11));
#2928=CARTESIAN_POINT('',(5.126924882451E2,4.211422832749E2,
-1.515824502955E-11));
#2929=CARTESIAN_POINT('',(5.126756234620E2,4.210832550440E2,
-1.515824502955E-11));
#2930=CARTESIAN_POINT('',(5.126503250954E2,4.210410920433E2,
-1.515824502955E-11));
#2931=CARTESIAN_POINT('',(5.126250279206E2,4.209904965020E2,
-1.515824502955E-11));
#2932=CARTESIAN_POINT('',(5.125912971625E2,4.209483335012E2,
-1.515824502955E-11));
#2933=CARTESIAN_POINT('',(5.125575675962E2,4.209061705004E2,
-1.515824502955E-11));
#2934=CARTESIAN_POINT('',(5.125154044464E2,4.208640074997E2,
-1.515824502955E-11));
#2935=CARTESIAN_POINT('',(5.124732412967E2,4.208302770394E2,
-1.515824502955E-11));
#2936=CARTESIAN_POINT('',(5.124226457553E2,4.207965466537E2,
-1.515824502955E-11));
#2937=CARTESIAN_POINT('',(5.123636178224E2,4.207628162680E2,
-1.515824502955E-11));
#2938=CARTESIAN_POINT('',(5.122961563061E2,4.207459510379E2,
-1.515824502955E-11));
#2939=CARTESIAN_POINT('',(5.122286959816E2,4.207206532673E2,
-1.515824502955E-11));
#2940=CARTESIAN_POINT('',(5.121612344653E2,4.207037880372E2,
-1.515824502955E-11));
#2941=CARTESIAN_POINT('',(5.120769093576E2,4.206953554966E2,
-1.515824502955E-11));
#2942=CARTESIAN_POINT('',(5.121359372905E2,4.206616250364E2,
-1.515824502955E-11));
#2943=CARTESIAN_POINT('',(5.121865328319E2,4.206363272657E2,
-1.515824502955E-11));
#2944=CARTESIAN_POINT('',(5.122286959816E2,4.206025968055E2,
-1.515824502955E-11));
#2945=CARTESIAN_POINT('',(5.122624255479E2,4.205772990349E2,
-1.515824502955E-11));
#2946=CARTESIAN_POINT('',(5.123214546727E2,4.205182708040E2,
-1.515824502955E-11));
#2947=CARTESIAN_POINT('',(5.123889149972E2,4.204423774920E2,
-1.515824502955E-11));
#2948=CARTESIAN_POINT('',(5.124479429301E2,4.203664840310E2,
-1.515824502955E-11));
#2949=CARTESIAN_POINT('',(5.125069720548E2,4.202737254889E2,
-1.515824502955E-11));
#2950=CARTESIAN_POINT('',(5.128948716023E2,4.196665782481E2,
-1.515824502955E-11));
#2951=CARTESIAN_POINT('',(5.125238368380E2,4.196665782481E2,
-1.515824502955E-11));
#2952=CARTESIAN_POINT('',(5.122286959816E2,4.201303712565E2,
-1.515824502955E-11));
#2953=CARTESIAN_POINT('',(5.121612344653E2,4.202315624882E2,
-1.515824502955E-11));
#2954=CARTESIAN_POINT('',(5.121106389239E2,4.203158884897E2,
-1.515824502955E-11));
#2955=CARTESIAN_POINT('',(5.120600433826E2,4.203833492611E2,
-1.515824502955E-11));
#2956=CARTESIAN_POINT('',(5.120094478413E2,4.204423774920E2,
-1.515824502955E-11));
#2957=CARTESIAN_POINT('',(5.119672846915E2,4.204929730333E2,
-1.515824502955E-11));
#2958=CARTESIAN_POINT('',(5.119335551252E2,4.205351360341E2,
-1.515824502955E-11));
#2959=CARTESIAN_POINT('',(5.118913919755E2,4.205688664943E2,
-1.515824502955E-11));
#2960=CARTESIAN_POINT('',(5.118576612173E2,4.205941642650E2,
-1.515824502955E-11));
#2961=CARTESIAN_POINT('',(5.117902008928E2,4.206278946507E2,
-1.515824502955E-11));
#2962=CARTESIAN_POINT('',(5.117227393765E2,4.206531924958E2,
-1.515824502955E-11));
#2963=CARTESIAN_POINT('',(5.116974422018E2,4.206616250364E2,
-1.515824502955E-11));
#2964=CARTESIAN_POINT('',(5.116552790520E2,4.206616250364E2,
-1.515824502955E-11));
#2965=CARTESIAN_POINT('',(5.116131159023E2,4.206616250364E2,
-1.515824502955E-11));
#2966=CARTESIAN_POINT('',(5.115540879693E2,4.206700576514E2,
-1.515824502955E-11));
#2967=CARTESIAN_POINT('',(5.112167839632E2,4.206700576514E2,
-1.515824502955E-11));
#2968=CARTESIAN_POINT('',(5.112167839632E2,4.196665782481E2,
-1.515824502955E-11));
#2969=CARTESIAN_POINT('',(5.109132095234E2,4.196665782481E2,
-1.515824502955E-11));
#2971=CARTESIAN_POINT('',(5.112167839632E2,4.209399008861E2,
-1.515824502955E-11));
#2972=CARTESIAN_POINT('',(5.118492288257E2,4.209399008861E2,
-1.515824502955E-11));
#2973=CARTESIAN_POINT('',(5.119504199084E2,4.209399008861E2,
-1.515824502955E-11));
#2974=CARTESIAN_POINT('',(5.120347462079E2,4.209483335012E2,
-1.515824502955E-11));
#2975=CARTESIAN_POINT('',(5.121106389239E2,4.209567660417E2,
-1.515824502955E-11));
#2976=CARTESIAN_POINT('',(5.121696680487E2,4.209736312718E2,
-1.515824502955E-11));
#2977=CARTESIAN_POINT('',(5.122202635900E2,4.209989290425E2,
-1.515824502955E-11));
#2978=CARTESIAN_POINT('',(5.122708591314E2,4.210326595027E2,
-1.515824502955E-11));
#2979=CARTESIAN_POINT('',(5.123130210892E2,4.210663898884E2,
-1.515824502955E-11));
#2980=CARTESIAN_POINT('',(5.123467518474E2,4.211085528892E2,
-1.515824502955E-11));
#2981=CARTESIAN_POINT('',(5.123720502140E2,4.211591485050E2,
-1.515824502955E-11));
#2982=CARTESIAN_POINT('',(5.123889149972E2,4.212097440463E2,
-1.515824502955E-11));
#2983=CARTESIAN_POINT('',(5.123973473887E2,4.212603396622E2,
-1.515824502955E-11));
#2984=CARTESIAN_POINT('',(5.124057797803E2,4.213109352780E2,
-1.515824502955E-11));
#2985=CARTESIAN_POINT('',(5.123973473887E2,4.213530982787E2,
-1.515824502955E-11));
#2986=CARTESIAN_POINT('',(5.123973473887E2,4.213868286645E2,
-1.515824502955E-11));
#2987=CARTESIAN_POINT('',(5.123889149972E2,4.214289916652E2,
-1.515824502955E-11));
#2988=CARTESIAN_POINT('',(5.123720502140E2,4.214627220882E2,
-1.515824502955E-11));
#2989=CARTESIAN_POINT('',(5.123551842390E2,4.214880198961E2,
-1.515824502955E-11));
#2990=CARTESIAN_POINT('',(5.123383194558E2,4.215217502818E2,
-1.515824502955E-11));
#2991=CARTESIAN_POINT('',(5.123130210892E2,4.215470480897E2,
-1.515824502955E-11));
#2992=CARTESIAN_POINT('',(5.122877239145E2,4.215723458790E2,
-1.515824502955E-11));
#2993=CARTESIAN_POINT('',(5.122539931563E2,4.215976436869E2,
-1.515824502955E-11));
#2994=CARTESIAN_POINT('',(5.122202635900E2,4.216229414948E2,
-1.515824502955E-11));
#2995=CARTESIAN_POINT('',(5.121865328319E2,4.216398066877E2,
-1.515824502955E-11));
#2996=CARTESIAN_POINT('',(5.121359372905E2,4.216482392841E2,
-1.515824502955E-11));
#2997=CARTESIAN_POINT('',(5.120937741408E2,4.216651044956E2,
-1.515824502955E-11));
#2998=CARTESIAN_POINT('',(5.120431785995E2,4.216735370920E2,
-1.515824502955E-11));
#2999=CARTESIAN_POINT('',(5.119841506666E2,4.216735370920E2,
-1.515824502955E-11));
#3000=CARTESIAN_POINT('',(5.119251215418E2,4.216819696884E2,
-1.515824502955E-11));
#3001=CARTESIAN_POINT('',(5.112167839632E2,4.216819696884E2,
-1.515824502955E-11));
#3002=CARTESIAN_POINT('',(5.112167839632E2,4.209399008861E2,
-1.515824502955E-11));
#3004=CARTESIAN_POINT('',(5.146657167406E2,4.219349476930E2,
-1.515824502955E-11));
#3005=CARTESIAN_POINT('',(5.149777235719E2,4.219349476930E2,
-1.515824502955E-11));
#3006=CARTESIAN_POINT('',(5.149777235719E2,4.206194620356E2,
-1.515824502955E-11));
#3007=CARTESIAN_POINT('',(5.149692911804E2,4.205435687236E2,
-1.515824502955E-11));
#3008=CARTESIAN_POINT('',(5.149692911804E2,4.204592427221E2,
-1.515824502955E-11));
#3009=CARTESIAN_POINT('',(5.149608575969E2,4.203833492611E2,
-1.515824502955E-11));
#3010=CARTESIAN_POINT('',(5.149524252054E2,4.203158884897E2,
-1.515824502955E-11));
#3011=CARTESIAN_POINT('',(5.149439928138E2,4.202484277183E2,
-1.515824502955E-11));
#3012=CARTESIAN_POINT('',(5.149271280306E2,4.201893994874E2,
-1.515824502955E-11));
#3013=CARTESIAN_POINT('',(5.149186956390E2,4.201303712565E2,
-1.515824502955E-11));
#3014=CARTESIAN_POINT('',(5.148933972725E2,4.200797757152E2,
-1.515824502955E-11));
#3015=CARTESIAN_POINT('',(5.148765324893E2,4.200291800249E2,
-1.515824502955E-11));
#3016=CARTESIAN_POINT('',(5.148512341227E2,4.199870170241E2,
-1.515824502955E-11));
#3017=CARTESIAN_POINT('',(5.148175033645E2,4.199448540234E2,
-1.515824502955E-11));
#3018=CARTESIAN_POINT('',(5.147922061898E2,4.199026910226E2,
-1.515824502955E-11));
#3019=CARTESIAN_POINT('',(5.147500430401E2,4.198605280218E2,
-1.515824502955E-11));
#3020=CARTESIAN_POINT('',(5.147078798903E2,4.198183650211E2,
-1.515824502955E-11));
#3021=CARTESIAN_POINT('',(5.146657167406E2,4.197846347098E2,
-1.515824502955E-11));
#3022=CARTESIAN_POINT('',(5.146151211992E2,4.197509042496E2,
-1.515824502955E-11));
#3023=CARTESIAN_POINT('',(5.145645256579E2,4.197256064790E2,
-1.515824502955E-11));
#3024=CARTESIAN_POINT('',(5.145054977250E2,4.197003087083E2,
-1.515824502955E-11));
#3025=CARTESIAN_POINT('',(5.144464697921E2,4.196750107887E2,
-1.515824502955E-11));
#3026=CARTESIAN_POINT('',(5.143874418592E2,4.196665782481E2,
-1.515824502955E-11));
#3027=CARTESIAN_POINT('',(5.143199803428E2,4.196581457075E2,
-1.515824502955E-11));
#3028=CARTESIAN_POINT('',(5.142440876268E2,4.196412804774E2,
-1.515824502955E-11));
#3029=CARTESIAN_POINT('',(5.141681937189E2,4.196412804774E2,
-1.515824502955E-11));
#3030=CARTESIAN_POINT('',(5.140922998110E2,4.196328477879E2,
-1.515824502955E-11));
#3031=CARTESIAN_POINT('',(5.140079747033E2,4.196412804774E2,
-1.515824502955E-11));
#3032=CARTESIAN_POINT('',(5.139405131870E2,4.196412804774E2,
-1.515824502955E-11));
#3033=CARTESIAN_POINT('',(5.138646204709E2,4.196497130180E2,
-1.515824502955E-11));
#3034=CARTESIAN_POINT('',(5.137971589546E2,4.196665782481E2,
-1.515824502955E-11));
#3035=CARTESIAN_POINT('',(5.137381310217E2,4.196750107887E2,
-1.515824502955E-11));
#3036=CARTESIAN_POINT('',(5.136791030888E2,4.196918760188E2,
-1.515824502955E-11));
#3037=CARTESIAN_POINT('',(5.136200751559E2,4.197087412489E2,
-1.515824502955E-11));
#3038=CARTESIAN_POINT('',(5.135694796145E2,4.197424717091E2,
-1.515824502955E-11));
#3039=CARTESIAN_POINT('',(5.135188840732E2,4.197677694797E2,
-1.515824502955E-11));
#3040=CARTESIAN_POINT('',(5.134767209235E2,4.198014997910E2,
-1.515824502955E-11));
#3041=CARTESIAN_POINT('',(5.134345577737E2,4.198352302512E2,
-1.515824502955E-11));
#3042=CARTESIAN_POINT('',(5.133923946240E2,4.198689607114E2,
-1.515824502955E-11));
#3043=CARTESIAN_POINT('',(5.133586638658E2,4.199111237121E2,
-1.515824502955E-11));
#3044=CARTESIAN_POINT('',(5.133333666911E2,4.199617192535E2,
-1.515824502955E-11));
#3045=CARTESIAN_POINT('',(5.133080683245E2,4.200038822542E2,
-1.515824502955E-11));
#3046=CARTESIAN_POINT('',(5.132827711497E2,4.200544777956E2,
-1.515824502955E-11));
#3047=CARTESIAN_POINT('',(5.132574727831E2,4.201135060264E2,
-1.515824502955E-11));
#3048=CARTESIAN_POINT('',(5.13240608E2,4.201725342573E2,-1.515824502955E-11));
#3049=CARTESIAN_POINT('',(5.132321756084E2,4.202315624882E2,
-1.515824502955E-11));
#3050=CARTESIAN_POINT('',(5.132153096334E2,4.202990232596E2,
-1.515824502955E-11));
#3051=CARTESIAN_POINT('',(5.132068772418E2,4.203749167206E2,
-1.515824502955E-11));
#3052=CARTESIAN_POINT('',(5.131984448502E2,4.204508100326E2,
-1.515824502955E-11));
#3053=CARTESIAN_POINT('',(5.131984448502E2,4.205351360341E2,
-1.515824502955E-11));
#3054=CARTESIAN_POINT('',(5.131984448502E2,4.206194620356E2,
-1.515824502955E-11));
#3055=CARTESIAN_POINT('',(5.131984448502E2,4.219349476930E2,
-1.515824502955E-11));
#3056=CARTESIAN_POINT('',(5.135104504898E2,4.219349476930E2,
-1.515824502955E-11));
#3057=CARTESIAN_POINT('',(5.135104504898E2,4.206278946507E2,
-1.515824502955E-11));
#3058=CARTESIAN_POINT('',(5.135104504898E2,4.205604338048E2,
-1.515824502955E-11));
#3059=CARTESIAN_POINT('',(5.135104504898E2,4.204929730333E2,
-1.515824502955E-11));
#3060=CARTESIAN_POINT('',(5.135104504898E2,4.204339448025E2,
-1.515824502955E-11));
#3061=CARTESIAN_POINT('',(5.135188840732E2,4.203749167206E2,
-1.515824502955E-11));
#3062=CARTESIAN_POINT('',(5.135273164648E2,4.203243210303E2,
-1.515824502955E-11));
#3063=CARTESIAN_POINT('',(5.135357488564E2,4.202737254889E2,
-1.515824502955E-11));
#3064=CARTESIAN_POINT('',(5.135441812479E2,4.202315624882E2,
-1.515824502955E-11));
#3065=CARTESIAN_POINT('',(5.135610460311E2,4.201978320280E2,
-1.515824502955E-11));
#3066=CARTESIAN_POINT('',(5.135947767893E2,4.201303712565E2,
-1.515824502955E-11));
#3067=CARTESIAN_POINT('',(5.136369399390E2,4.200713430257E2,
-1.515824502955E-11));
#3068=CARTESIAN_POINT('',(5.136875354803E2,4.200207474843E2,
-1.515824502955E-11));
#3069=CARTESIAN_POINT('',(5.137465634132E2,4.199785844836E2,
-1.515824502955E-11));
#3070=CARTESIAN_POINT('',(5.138140249296E2,4.199532867129E2,
-1.515824502955E-11));
#3071=CARTESIAN_POINT('',(5.138899176456E2,4.199279887933E2,
-1.515824502955E-11));
#3072=CARTESIAN_POINT('',(5.139742439451E2,4.199111237121E2,
-1.515824502955E-11));
#3073=CARTESIAN_POINT('',(5.140670026362E2,4.199111237121E2,
-1.515824502955E-11));
#3074=CARTESIAN_POINT('',(5.141428953523E2,4.199111237121E2,
-1.515824502955E-11));
#3075=CARTESIAN_POINT('',(5.142103568686E2,4.199195562527E2,
-1.515824502955E-11));
#3076=CARTESIAN_POINT('',(5.142778171931E2,4.199279887933E2,
-1.515824502955E-11));
#3077=CARTESIAN_POINT('',(5.143368463179E2,4.199448540234E2,
-1.515824502955E-11));
#3078=CARTESIAN_POINT('',(5.143958742508E2,4.199617192535E2,
-1.515824502955E-11));
#3079=CARTESIAN_POINT('',(5.144464697921E2,4.199870170241E2,
-1.515824502955E-11));
#3080=CARTESIAN_POINT('',(5.144886329418E2,4.200207474843E2,
-1.515824502955E-11));
#3081=CARTESIAN_POINT('',(5.145223625082E2,4.200544777956E2,
-1.515824502955E-11));
#3082=CARTESIAN_POINT('',(5.145560932663E2,4.200966407963E2,
-1.515824502955E-11));
#3083=CARTESIAN_POINT('',(5.145813916329E2,4.201472364866E2,
-1.515824502955E-11));
#3084=CARTESIAN_POINT('',(5.146066888077E2,4.202062647175E2,
-1.515824502955E-11));
#3085=CARTESIAN_POINT('',(5.146235535908E2,4.202737254889E2,
-1.515824502955E-11));
#3086=CARTESIAN_POINT('',(5.146404195658E2,4.203496188009E2,
-1.515824502955E-11));
#3087=CARTESIAN_POINT('',(5.146488519574E2,4.204339448025E2,
-1.515824502955E-11));
#3088=CARTESIAN_POINT('',(5.146572843490E2,4.205267034935E2,
-1.515824502955E-11));
#3089=CARTESIAN_POINT('',(5.146657167406E2,4.206278946507E2,
-1.515824502955E-11));
#3090=CARTESIAN_POINT('',(5.146657167406E2,4.219349476930E2,
-1.515824502955E-11));
#3092=CARTESIAN_POINT('',(5.338491239187E2,4.231780999305E2,
-1.515824502955E-11));
#3093=CARTESIAN_POINT('',(5.313598890760E2,4.229349087145E2,2.467063761121E0));
#3094=CARTESIAN_POINT('',(5.314155512034E2,4.237552948993E2,2.467063761121E0));
#3095=CARTESIAN_POINT('',(5.338491239187E2,4.231780999305E2,
-1.515809699981E-11));
#3097=CARTESIAN_POINT('',(5.338491239187E2,4.231780999305E2,
-1.515824502955E-11));
#3098=CARTESIAN_POINT('',(5.187386631807E2,4.242033171007E2,
-1.515824502955E-11));
#3100=CARTESIAN_POINT('',(5.187386631807E2,4.242033171007E2,
-1.515824502955E-11));
#3101=CARTESIAN_POINT('',(5.161076914561E2,4.242033171007E2,
-1.515824502955E-11));
#3104=CURVE_STYLE('',#562,POSITIVE_LENGTH_MEASURE(2.E-2),#4);
#3105=PRESENTATION_STYLE_ASSIGNMENT((#3104));
#3106=ANNOTATION_CURVE_OCCURRENCE('Note_1',(#3105),#3103);
#3110=CARTESIAN_POINT('',(6.018048606433E2,4.168457190470E2,
-1.515824502955E-11));
#3111=CARTESIAN_POINT('',(6.018048606433E2,4.191140883989E2,
-1.515824502955E-11));
#3112=CARTESIAN_POINT('',(6.022602169396E2,4.191140883989E2,
-1.515824502955E-11));
#3113=CARTESIAN_POINT('',(6.027999090703E2,4.175034616802E2,
-1.515824502955E-11));
#3114=CARTESIAN_POINT('',(6.028336338692E2,4.174022705976E2,
-1.515824502955E-11));
#3115=CARTESIAN_POINT('',(6.028673682030E2,4.173095119065E2,
-1.515824502955E-11));
#3116=CARTESIAN_POINT('',(6.028926641858E2,4.172336185945E2,
-1.515824502955E-11));
#3117=CARTESIAN_POINT('',(6.029095313527E2,4.171745903636E2,
-1.515824502955E-11));
#3118=CARTESIAN_POINT('',(6.029179601687E2,4.172083208238E2,
-1.515824502955E-11));
#3119=CARTESIAN_POINT('',(6.029348273356E2,4.172420509861E2,
-1.515824502955E-11));
#3120=CARTESIAN_POINT('',(6.029432561516E2,4.172842141358E2,
-1.515824502955E-11));
#3121=CARTESIAN_POINT('',(6.029601233185E2,4.173263769876E2,
-1.515824502955E-11));
#3122=CARTESIAN_POINT('',(6.029769904853E2,4.173685401374E2,
-1.515824502955E-11));
#3123=CARTESIAN_POINT('',(6.029938576522E2,4.174191356787E2,
-1.515824502955E-11));
#3124=CARTESIAN_POINT('',(6.030107248191E2,4.174781639095E2,
-1.515824502955E-11));
#3125=CARTESIAN_POINT('',(6.030360208020E2,4.175371921404E2,
-1.515824502955E-11));
#3126=CARTESIAN_POINT('',(6.035841417487E2,4.191140883989E2,
-1.515824502955E-11));
#3127=CARTESIAN_POINT('',(6.039973348953E2,4.191140883989E2,
-1.515824502955E-11));
#3128=CARTESIAN_POINT('',(6.039973348953E2,4.168457190470E2,
-1.515824502955E-11));
#3129=CARTESIAN_POINT('',(6.036937640311E2,4.168457190470E2,
-1.515824502955E-11));
#3130=CARTESIAN_POINT('',(6.036937640311E2,4.187430539325E2,
-1.515824502955E-11));
#3131=CARTESIAN_POINT('',(6.030191536351E2,4.168457190470E2,
-1.515824502955E-11));
#3132=CARTESIAN_POINT('',(6.027577459206E2,4.168457190470E2,
-1.515824502955E-11));
#3133=CARTESIAN_POINT('',(6.021084315075E2,4.187683517032E2,
-1.515824502955E-11));
#3134=CARTESIAN_POINT('',(6.021084315075E2,4.168457190470E2,
-1.515824502955E-11));
#3135=CARTESIAN_POINT('',(6.018048606433E2,4.168457190470E2,
-1.515824502955E-11));
#3137=CARTESIAN_POINT('',(6.043599360762E2,4.174444334493E2,
-1.515824502955E-11));
#3138=CARTESIAN_POINT('',(6.046382109575E2,4.174781639095E2,
-1.515824502955E-11));
#3139=CARTESIAN_POINT('',(6.046466493084E2,4.174191356787E2,
-1.515824502955E-11));
#3140=CARTESIAN_POINT('',(6.046635069404E2,4.173685401374E2,
-1.515824502955E-11));
#3141=CARTESIAN_POINT('',(6.046803741073E2,4.173179445960E2,
-1.515824502955E-11));
#3142=CARTESIAN_POINT('',(6.046972412741E2,4.172757814463E2,
-1.515824502955E-11));
#3143=CARTESIAN_POINT('',(6.047225372570E2,4.172336185945E2,
-1.515824502955E-11));
#3144=CARTESIAN_POINT('',(6.047394044239E2,4.171998881343E2,
-1.515824502955E-11));
#3145=CARTESIAN_POINT('',(6.047647004068E2,4.171661576741E2,
-1.515824502955E-11));
#3146=CARTESIAN_POINT('',(6.047899963896E2,4.171408599034E2,
-1.515824502955E-11));
#3147=CARTESIAN_POINT('',(6.048490267063E2,4.170902643621E2,
-1.515824502955E-11));
#3148=CARTESIAN_POINT('',(6.049164858389E2,4.170649665914E2,
-1.515824502955E-11));
#3149=CARTESIAN_POINT('',(6.049923833224E2,4.170396688208E2,
-1.515824502955E-11));
#3150=CARTESIAN_POINT('',(6.050767096219E2,4.170396688208E2,
-1.515824502955E-11));
#3151=CARTESIAN_POINT('',(6.051188727716E2,4.170396688208E2,
-1.515824502955E-11));
#3152=CARTESIAN_POINT('',(6.051694647374E2,4.170481012123E2,
-1.515824502955E-11));
#3153=CARTESIAN_POINT('',(6.052116278871E2,4.170565339019E2,
-1.515824502955E-11));
#3154=CARTESIAN_POINT('',(6.052537910369E2,4.170733989830E2,
-1.515824502955E-11));
#3155=CARTESIAN_POINT('',(6.052959541866E2,4.170902643621E2,
-1.515824502955E-11));
#3156=CARTESIAN_POINT('',(6.053381173364E2,4.171155621328E2,
-1.515824502955E-11));
#3157=CARTESIAN_POINT('',(6.053718516701E2,4.171408599034E2,
-1.515824502955E-11));
#3158=CARTESIAN_POINT('',(6.054055764690E2,4.171745903636E2,
-1.515824502955E-11));
#3159=CARTESIAN_POINT('',(6.054393108027E2,4.172083208238E2,
-1.515824502955E-11));
#3160=CARTESIAN_POINT('',(6.054646067856E2,4.172420509861E2,
-1.515824502955E-11));
#3161=CARTESIAN_POINT('',(6.054814739525E2,4.172842141358E2,
-1.515824502955E-11));
#3162=CARTESIAN_POINT('',(6.055067699354E2,4.173263769876E2,
-1.515824502955E-11));
#3163=CARTESIAN_POINT('',(6.055151987514E2,4.173685401374E2,
-1.515824502955E-11));
#3164=CARTESIAN_POINT('',(6.055320659182E2,4.174107029891E2,
-1.515824502955E-11));
#3165=CARTESIAN_POINT('',(6.055320659182E2,4.174612988284E2,
-1.515824502955E-11));
#3166=CARTESIAN_POINT('',(6.055405042691E2,4.175118943698E2,
-1.515824502955E-11));
#3167=CARTESIAN_POINT('',(6.055320659182E2,4.175540572215E2,
-1.515824502955E-11));
#3168=CARTESIAN_POINT('',(6.055320659182E2,4.176046527629E2,
-1.515824502955E-11));
#3169=CARTESIAN_POINT('',(6.055151987514E2,4.176468159126E2,
-1.515824502955E-11));
#3170=CARTESIAN_POINT('',(6.055067699354E2,4.176889787644E2,
-1.515824502955E-11));
#3171=CARTESIAN_POINT('',(6.054899027685E2,4.177227092246E2,
-1.515824502955E-11));
#3172=CARTESIAN_POINT('',(6.054646067856E2,4.177564396848E2,
-1.515824502955E-11));
#3173=CARTESIAN_POINT('',(6.054393108027E2,4.177986028346E2,
-1.515824502955E-11));
#3174=CARTESIAN_POINT('',(6.054140148199E2,4.178239006052E2,
-1.515824502955E-11));
#3175=CARTESIAN_POINT('',(6.053802804861E2,4.178576307675E2,
-1.515824502955E-11));
#3176=CARTESIAN_POINT('',(6.053465556872E2,4.178829288361E2,
-1.515824502955E-11));
#3177=CARTESIAN_POINT('',(6.053128213535E2,4.178997939172E2,
-1.515824502955E-11));
#3178=CARTESIAN_POINT('',(6.052706582037E2,4.179166589983E2,
-1.515824502955E-11));
#3179=CARTESIAN_POINT('',(6.052284950540E2,4.179335243774E2,
-1.515824502955E-11));
#3180=CARTESIAN_POINT('',(6.051863319043E2,4.179419567690E2,
-1.515824502955E-11));
#3181=CARTESIAN_POINT('',(6.051441687545E2,4.179503894585E2,
-1.515824502955E-11));
#3182=CARTESIAN_POINT('',(6.050935767887E2,4.179503894585E2,
-1.515824502955E-11));
#3183=CARTESIAN_POINT('',(6.050514136390E2,4.179503894585E2,
-1.515824502955E-11));
#3184=CARTESIAN_POINT('',(6.050092504893E2,4.179419567690E2,
-1.515824502955E-11));
#3185=CARTESIAN_POINT('',(6.049586489886E2,4.179335243774E2,
-1.515824502955E-11));
#3186=CARTESIAN_POINT('',(6.048996186720E2,4.179250916879E2,
-1.515824502955E-11));
#3187=CARTESIAN_POINT('',(6.049333530058E2,4.181696370029E2,
-1.515824502955E-11));
#3188=CARTESIAN_POINT('',(6.049586489886E2,4.181612046113E2,
-1.515824502955E-11));
#3189=CARTESIAN_POINT('',(6.049755161555E2,4.181612046113E2,
-1.515824502955E-11));
#3190=CARTESIAN_POINT('',(6.050598424550E2,4.181696370029E2,
-1.515824502955E-11));
#3191=CARTESIAN_POINT('',(6.051441687545E2,4.181865023820E2,
-1.515824502955E-11));
#3192=CARTESIAN_POINT('',(6.052200662380E2,4.182118001527E2,
-1.515824502955E-11));
#3193=CARTESIAN_POINT('',(6.052959541866E2,4.182539630045E2,
-1.515824502955E-11));
#3194=CARTESIAN_POINT('',(6.053296885204E2,4.182792607751E2,
-1.515824502955E-11));
#3195=CARTESIAN_POINT('',(6.053549845032E2,4.183045588437E2,
-1.515824502955E-11));
#3196=CARTESIAN_POINT('',(6.053802804861E2,4.183382890060E2,
-1.515824502955E-11));
#3197=CARTESIAN_POINT('',(6.053971476530E2,4.183720194662E2,
-1.515824502955E-11));
#3198=CARTESIAN_POINT('',(6.054140148199E2,4.184057499264E2,
-1.515824502955E-11));
#3199=CARTESIAN_POINT('',(6.054224436359E2,4.184479127782E2,
-1.515824502955E-11));
#3200=CARTESIAN_POINT('',(6.054308724519E2,4.184900759279E2,
-1.515824502955E-11));
#3201=CARTESIAN_POINT('',(6.054393108027E2,4.185406714693E2,
-1.515824502955E-11));
#3202=CARTESIAN_POINT('',(6.054308724519E2,4.186081323897E2,
-1.515824502955E-11));
#3203=CARTESIAN_POINT('',(6.054055764690E2,4.186755930121E2,
-1.515824502955E-11));
#3204=CARTESIAN_POINT('',(6.053802804861E2,4.187346212430E2,
-1.515824502955E-11));
#3205=CARTESIAN_POINT('',(6.053296885204E2,4.187936494738E2,
-1.515824502955E-11));
#3206=CARTESIAN_POINT('',(6.052790870198E2,4.188358126236E2,
-1.515824502955E-11));
#3207=CARTESIAN_POINT('',(6.052116278871E2,4.188695427858E2,
-1.515824502955E-11));
#3208=CARTESIAN_POINT('',(6.051441687545E2,4.188864081649E2,
-1.515824502955E-11));
#3209=CARTESIAN_POINT('',(6.050682712710E2,4.188948408545E2,
-1.515824502955E-11));
#3210=CARTESIAN_POINT('',(6.049923833224E2,4.188864081649E2,
-1.515824502955E-11));
#3211=CARTESIAN_POINT('',(6.049164858389E2,4.188611103943E2,
-1.515824502955E-11));
#3212=CARTESIAN_POINT('',(6.048574555223E2,4.188358126236E2,
-1.515824502955E-11));
#3213=CARTESIAN_POINT('',(6.047984347405E2,4.187852167843E2,
-1.515824502955E-11));
#3214=CARTESIAN_POINT('',(6.047731387576E2,4.187599190136E2,
-1.515824502955E-11));
#3215=CARTESIAN_POINT('',(6.047478332399E2,4.187261888514E2,
-1.515824502955E-11));
#3216=CARTESIAN_POINT('',(6.047309756079E2,4.186924583912E2,
-1.515824502955E-11));
#3217=CARTESIAN_POINT('',(6.047056700902E2,4.186587279310E2,
-1.515824502955E-11));
#3218=CARTESIAN_POINT('',(6.046972412741E2,4.186165647812E2,
-1.515824502955E-11));
#3219=CARTESIAN_POINT('',(6.046803741073E2,4.185744019295E2,
-1.515824502955E-11));
#3220=CARTESIAN_POINT('',(6.046719452913E2,4.185238063881E2,
-1.515824502955E-11));
#3221=CARTESIAN_POINT('',(6.046635069404E2,4.184816432384E2,
-1.515824502955E-11));
#3222=CARTESIAN_POINT('',(6.043852320590E2,4.185322387797E2,
-1.515824502955E-11));
#3223=CARTESIAN_POINT('',(6.043936704099E2,4.185996997001E2,
-1.515824502955E-11));
#3224=CARTESIAN_POINT('',(6.044105280419E2,4.186587279310E2,
-1.515824502955E-11));
#3225=CARTESIAN_POINT('',(6.044358335597E2,4.187177561619E2,
-1.515824502955E-11));
#3226=CARTESIAN_POINT('',(6.044611295425E2,4.187767843927E2,
-1.515824502955E-11));
#3227=CARTESIAN_POINT('',(6.044948543414E2,4.188273799341E2,
-1.515824502955E-11));
#3228=CARTESIAN_POINT('',(6.045285886752E2,4.188779754754E2,
-1.515824502955E-11));
#3229=CARTESIAN_POINT('',(6.045707518249E2,4.189201386251E2,
-1.515824502955E-11));
#3230=CARTESIAN_POINT('',(6.046129149746E2,4.189623014769E2,
-1.515824502955E-11));
#3231=CARTESIAN_POINT('',(6.046550781244E2,4.189960319371E2,
-1.515824502955E-11));
#3232=CARTESIAN_POINT('',(6.047056700902E2,4.190297623973E2,
-1.515824502955E-11));
#3233=CARTESIAN_POINT('',(6.047562715908E2,4.190550601680E2,
-1.515824502955E-11));
#3234=CARTESIAN_POINT('',(6.048153019074E2,4.190803579386E2,
-1.515824502955E-11));
#3235=CARTESIAN_POINT('',(6.048658938731E2,4.190972230198E2,
-1.515824502955E-11));
#3236=CARTESIAN_POINT('',(6.049249241898E2,4.191056557093E2,
-1.515824502955E-11));
#3237=CARTESIAN_POINT('',(6.049923833224E2,4.191140883989E2,
-1.515824502955E-11));
#3238=CARTESIAN_POINT('',(6.050598424550E2,4.191225207904E2,
-1.515824502955E-11));
#3239=CARTESIAN_POINT('',(6.051441687545E2,4.191140883989E2,
-1.515824502955E-11));
#3240=CARTESIAN_POINT('',(6.052369238700E2,4.190972230198E2,
-1.515824502955E-11));
#3241=CARTESIAN_POINT('',(6.053128213535E2,4.190719252491E2,
-1.515824502955E-11));
#3242=CARTESIAN_POINT('',(6.053971476530E2,4.190381947889E2,
-1.515824502955E-11));
#3243=CARTESIAN_POINT('',(6.054646067856E2,4.189960319371E2,
-1.515824502955E-11));
#3244=CARTESIAN_POINT('',(6.055320659182E2,4.189454363958E2,
-1.515824502955E-11));
#3245=CARTESIAN_POINT('',(6.055826674189E2,4.188864081649E2,
-1.515824502955E-11));
#3246=CARTESIAN_POINT('',(6.056332593846E2,4.188189472445E2,
-1.515824502955E-11));
#3247=CARTESIAN_POINT('',(6.056669937184E2,4.187514866221E2,
-1.515824502955E-11));
#3248=CARTESIAN_POINT('',(6.056922897012E2,4.186840257017E2,
-1.515824502955E-11));
#3249=CARTESIAN_POINT('',(6.057091568681E2,4.186081323897E2,
-1.515824502955E-11));
#3250=CARTESIAN_POINT('',(6.057175856841E2,4.185322387797E2,
-1.515824502955E-11));
#3251=CARTESIAN_POINT('',(6.057091568681E2,4.184647781573E2,
-1.515824502955E-11));
#3252=CARTESIAN_POINT('',(6.056922897012E2,4.183888848453E2,
-1.515824502955E-11));
#3253=CARTESIAN_POINT('',(6.056669937184E2,4.183298566144E2,
-1.515824502955E-11));
#3254=CARTESIAN_POINT('',(6.056332593846E2,4.182623956940E2,
-1.515824502955E-11));
#3255=CARTESIAN_POINT('',(6.055910962349E2,4.182118001527E2,
-1.515824502955E-11));
#3256=CARTESIAN_POINT('',(6.055405042691E2,4.181612046113E2,
-1.515824502955E-11));
#3257=CARTESIAN_POINT('',(6.054730356016E2,4.181106087721E2,
-1.515824502955E-11));
#3258=CARTESIAN_POINT('',(6.054055764690E2,4.180768786098E2,
-1.515824502955E-11));
#3259=CARTESIAN_POINT('',(6.054477396187E2,4.180600132307E2,
-1.515824502955E-11));
#3260=CARTESIAN_POINT('',(6.054983411194E2,4.180431481496E2,
-1.515824502955E-11));
#3261=CARTESIAN_POINT('',(6.055405042691E2,4.180262827705E2,
-1.515824502955E-11));
#3262=CARTESIAN_POINT('',(6.055826674189E2,4.180009849999E2,
-1.515824502955E-11));
#3263=CARTESIAN_POINT('',(6.056163922177E2,4.179756872292E2,
-1.515824502955E-11));
#3264=CARTESIAN_POINT('',(6.056501265515E2,4.179503894585E2,
-1.515824502955E-11));
#3265=CARTESIAN_POINT('',(6.056838513504E2,4.179166589983E2,
-1.515824502955E-11));
#3266=CARTESIAN_POINT('',(6.057175856841E2,4.178829288361E2,
-1.515824502955E-11));
#3267=CARTESIAN_POINT('',(6.057428816670E2,4.178491983759E2,
-1.515824502955E-11));
#3268=CARTESIAN_POINT('',(6.057681776499E2,4.178070352261E2,
-1.515824502955E-11));
#3269=CARTESIAN_POINT('',(6.057850448167E2,4.177648723743E2,
-1.515824502955E-11));
#3270=CARTESIAN_POINT('',(6.058019119836E2,4.177227092246E2,
-1.515824502955E-11));
#3271=CARTESIAN_POINT('',(6.058187791505E2,4.176721136833E2,
-1.515824502955E-11));
#3272=CARTESIAN_POINT('',(6.058272079665E2,4.176215181419E2,
-1.515824502955E-11));
#3273=CARTESIAN_POINT('',(6.058272079665E2,4.175709226006E2,
-1.515824502955E-11));
#3274=CARTESIAN_POINT('',(6.058356463173E2,4.175203267613E2,
-1.515824502955E-11));
#3275=CARTESIAN_POINT('',(6.058272079665E2,4.174444334493E2,
-1.515824502955E-11));
#3276=CARTESIAN_POINT('',(6.058187791505E2,4.173769728269E2,
-1.515824502955E-11));
#3277=CARTESIAN_POINT('',(6.058019119836E2,4.173095119065E2,
-1.515824502955E-11));
#3278=CARTESIAN_POINT('',(6.057766160007E2,4.172420509861E2,
-1.515824502955E-11));
#3279=CARTESIAN_POINT('',(6.057513200178E2,4.171830227552E2,
-1.515824502955E-11));
#3280=CARTESIAN_POINT('',(6.057091568681E2,4.171239948223E2,
-1.515824502955E-11));
#3281=CARTESIAN_POINT('',(6.056669937184E2,4.170649665914E2,
-1.515824502955E-11));
#3282=CARTESIAN_POINT('',(6.056163922177E2,4.170143707521E2,
-1.515824502955E-11));
#3283=CARTESIAN_POINT('',(6.055573619011E2,4.169637752108E2,
-1.515824502955E-11));
#3284=CARTESIAN_POINT('',(6.054983411194E2,4.169216123590E2,
-1.515824502955E-11));
#3285=CARTESIAN_POINT('',(6.054393108027E2,4.168878818988E2,
-1.515824502955E-11));
#3286=CARTESIAN_POINT('',(6.053718516701E2,4.168625838302E2,
-1.515824502955E-11));
#3287=CARTESIAN_POINT('',(6.053043925375E2,4.168457190470E2,
-1.515824502955E-11));
#3288=CARTESIAN_POINT('',(6.052284950540E2,4.168288536680E2,
-1.515824502955E-11));
#3289=CARTESIAN_POINT('',(6.051525975705E2,4.168204212764E2,
-1.515824502955E-11));
#3290=CARTESIAN_POINT('',(6.050682712710E2,4.168119882889E2,
-1.515824502955E-11));
#3291=CARTESIAN_POINT('',(6.050008121384E2,4.168204212764E2,
-1.515824502955E-11));
#3292=CARTESIAN_POINT('',(6.049333530058E2,4.168288536680E2,
-1.515824502955E-11));
#3293=CARTESIAN_POINT('',(6.048658938731E2,4.168372860595E2,
-1.515824502955E-11));
#3294=CARTESIAN_POINT('',(6.047984347405E2,4.168541514386E2,
-1.515824502955E-11));
#3295=CARTESIAN_POINT('',(6.047394044239E2,4.168794492093E2,
-1.515824502955E-11));
#3296=CARTESIAN_POINT('',(6.046803741073E2,4.169047469799E2,
-1.515824502955E-11));
#3297=CARTESIAN_POINT('',(6.046297821415E2,4.169384774401E2,
-1.515824502955E-11));
#3298=CARTESIAN_POINT('',(6.045791806409E2,4.169806405899E2,
-1.515824502955E-11));
#3299=CARTESIAN_POINT('',(6.045370174912E2,4.170312361312E2,
-1.515824502955E-11));
#3300=CARTESIAN_POINT('',(6.044948543414E2,4.170818316725E2,
-1.515824502955E-11));
#3301=CARTESIAN_POINT('',(6.044526911917E2,4.171324272139E2,
-1.515824502955E-11));
#3302=CARTESIAN_POINT('',(6.044273952088E2,4.171830227552E2,
-1.515824502955E-11));
#3303=CARTESIAN_POINT('',(6.044020992259E2,4.172420509861E2,
-1.515824502955E-11));
#3304=CARTESIAN_POINT('',(6.043768032430E2,4.173095119065E2,
-1.515824502955E-11));
#3305=CARTESIAN_POINT('',(6.043683648922E2,4.173685401374E2,
-1.515824502955E-11));
#3306=CARTESIAN_POINT('',(6.043599360762E2,4.174444334493E2,
-1.515824502955E-11));
#3308=CARTESIAN_POINT('',(6.059958605655E2,4.168457190470E2,
-1.515824502955E-11));
#3309=CARTESIAN_POINT('',(6.065777063111E2,4.176889787644E2,
-1.515824502955E-11));
#3310=CARTESIAN_POINT('',(6.060295948992E2,4.184900759279E2,
-1.515824502955E-11));
#3311=CARTESIAN_POINT('',(6.063584617463E2,4.184900759279E2,
-1.515824502955E-11));
#3312=CARTESIAN_POINT('',(6.066283078117E2,4.180853110014E2,
-1.515824502955E-11));
#3313=CARTESIAN_POINT('',(6.066620326106E2,4.180347154601E2,
-1.515824502955E-11));
#3314=CARTESIAN_POINT('',(6.066957669443E2,4.179925526083E2,
-1.515824502955E-11));
#3315=CARTESIAN_POINT('',(6.067210629272E2,4.179503894585E2,
-1.515824502955E-11));
#3316=CARTESIAN_POINT('',(6.067379300941E2,4.179082266067E2,
-1.515824502955E-11));
#3317=CARTESIAN_POINT('',(6.067716644278E2,4.179672548376E2,
-1.515824502955E-11));
#3318=CARTESIAN_POINT('',(6.068053892267E2,4.180178503789E2,
-1.515824502955E-11));
#3319=CARTESIAN_POINT('',(6.068391235604E2,4.180600132307E2,
-1.515824502955E-11));
#3320=CARTESIAN_POINT('',(6.068728483593E2,4.181021763805E2,
-1.515824502955E-11));
#3321=CARTESIAN_POINT('',(6.071426944247E2,4.184900759279E2,
-1.515824502955E-11));
#3322=CARTESIAN_POINT('',(6.074799996227E2,4.184900759279E2,
-1.515824502955E-11));
#3323=CARTESIAN_POINT('',(6.069150115091E2,4.176805463728E2,
-1.515824502955E-11));
#3324=CARTESIAN_POINT('',(6.075052956055E2,4.168457190470E2,
-1.515824502955E-11));
#3325=CARTESIAN_POINT('',(6.071679904076E2,4.168457190470E2,
-1.515824502955E-11));
#3326=CARTESIAN_POINT('',(6.068306852096E2,4.173348096771E2,
-1.515824502955E-11));
#3327=CARTESIAN_POINT('',(6.067547972609E2,4.174612988284E2,
-1.515824502955E-11));
#3328=CARTESIAN_POINT('',(6.063331657635E2,4.168457190470E2,
-1.515824502955E-11));
#3329=CARTESIAN_POINT('',(6.059958605655E2,4.168457190470E2,
-1.515824502955E-11));
#3331=CARTESIAN_POINT('',(6.078426008035E2,4.168457190470E2,
-1.515824502955E-11));
#3332=CARTESIAN_POINT('',(6.078426008035E2,4.171577249845E2,
-1.515824502955E-11));
#3333=CARTESIAN_POINT('',(6.081546100186E2,4.171577249845E2,
-1.515824502955E-11));
#3334=CARTESIAN_POINT('',(6.081546100186E2,4.168457190470E2,
-1.515824502955E-11));
#3335=CARTESIAN_POINT('',(6.078426008035E2,4.168457190470E2,
-1.515824502955E-11));
#3337=CARTESIAN_POINT('',(6.085762415161E2,4.174444334493E2,
-1.515824502955E-11));
#3338=CARTESIAN_POINT('',(6.088713740295E2,4.174697312200E2,
-1.515824502955E-11));
#3339=CARTESIAN_POINT('',(6.088798123804E2,4.174107029891E2,
-1.515824502955E-11));
#3340=CARTESIAN_POINT('',(6.088882411964E2,4.173685401374E2,
-1.515824502955E-11));
#3341=CARTESIAN_POINT('',(6.089051083632E2,4.173179445960E2,
-1.515824502955E-11));
#3342=CARTESIAN_POINT('',(6.089219755301E2,4.172757814463E2,
-1.515824502955E-11));
#3343=CARTESIAN_POINT('',(6.089388426970E2,4.172420509861E2,
-1.515824502955E-11));
#3344=CARTESIAN_POINT('',(6.089641386798E2,4.172083208238E2,
-1.515824502955E-11));
#3345=CARTESIAN_POINT('',(6.089894346627E2,4.171745903636E2,
-1.515824502955E-11));
#3346=CARTESIAN_POINT('',(6.090147306456E2,4.171408599034E2,
-1.515824502955E-11));
#3347=CARTESIAN_POINT('',(6.090484649793E2,4.171155621328E2,
-1.515824502955E-11));
#3348=CARTESIAN_POINT('',(6.090737609622E2,4.170986967537E2,
-1.515824502955E-11));
#3349=CARTESIAN_POINT('',(6.091074952960E2,4.170818316725E2,
-1.515824502955E-11));
#3350=CARTESIAN_POINT('',(6.091412200948E2,4.170649665914E2,
-1.515824502955E-11));
#3351=CARTESIAN_POINT('',(6.091833832446E2,4.170481012123E2,
-1.515824502955E-11));
#3352=CARTESIAN_POINT('',(6.092171175783E2,4.170396688208E2,
-1.515824502955E-11));
#3353=CARTESIAN_POINT('',(6.092592807281E2,4.170396688208E2,
-1.515824502955E-11));
#3354=CARTESIAN_POINT('',(6.093014438778E2,4.170396688208E2,
-1.515824502955E-11));
#3355=CARTESIAN_POINT('',(6.093520358436E2,4.170396688208E2,
-1.515824502955E-11));
#3356=CARTESIAN_POINT('',(6.094026278093E2,4.170481012123E2,
-1.515824502955E-11));
#3357=CARTESIAN_POINT('',(6.094447909591E2,4.170565339019E2,
-1.515824502955E-11));
#3358=CARTESIAN_POINT('',(6.094869541088E2,4.170733989830E2,
-1.515824502955E-11));
#3359=CARTESIAN_POINT('',(6.095291172586E2,4.170986967537E2,
-1.515824502955E-11));
#3360=CARTESIAN_POINT('',(6.095712804083E2,4.171239948223E2,
-1.515824502955E-11));
#3361=CARTESIAN_POINT('',(6.096050147421E2,4.171492925930E2,
-1.515824502955E-11));
#3362=CARTESIAN_POINT('',(6.096387490758E2,4.171914554447E2,
-1.515824502955E-11));
#3363=CARTESIAN_POINT('',(6.096724738747E2,4.172251859049E2,
-1.515824502955E-11));
#3364=CARTESIAN_POINT('',(6.096977698576E2,4.172673487567E2,
-1.515824502955E-11));
#3365=CARTESIAN_POINT('',(6.097230658405E2,4.173179445960E2,
-1.515824502955E-11));
#3366=CARTESIAN_POINT('',(6.097483713582E2,4.173685401374E2,
-1.515824502955E-11));
#3367=CARTESIAN_POINT('',(6.097568001742E2,4.174191356787E2,
-1.515824502955E-11));
#3368=CARTESIAN_POINT('',(6.097736673411E2,4.174697312200E2,
-1.515824502955E-11));
#3369=CARTESIAN_POINT('',(6.097736673411E2,4.175287594509E2,
-1.515824502955E-11));
#3370=CARTESIAN_POINT('',(6.097820961571E2,4.175877876817E2,
-1.515824502955E-11));
#3371=CARTESIAN_POINT('',(6.097736673411E2,4.176468159126E2,
-1.515824502955E-11));
#3372=CARTESIAN_POINT('',(6.097736673411E2,4.177058441435E2,
-1.515824502955E-11));
#3373=CARTESIAN_POINT('',(6.097568001742E2,4.177564396848E2,
-1.515824502955E-11));
#3374=CARTESIAN_POINT('',(6.097483713582E2,4.178070352261E2,
-1.515824502955E-11));
#3375=CARTESIAN_POINT('',(6.097230658405E2,4.178491983759E2,
-1.515824502955E-11));
#3376=CARTESIAN_POINT('',(6.097062082084E2,4.178913612277E2,
-1.515824502955E-11));
#3377=CARTESIAN_POINT('',(6.096809122256E2,4.179335243774E2,
-1.515824502955E-11));
#3378=CARTESIAN_POINT('',(6.096471778918E2,4.179672548376E2,
-1.515824502955E-11));
#3379=CARTESIAN_POINT('',(6.096134435581E2,4.180009849999E2,
-1.515824502955E-11));
#3380=CARTESIAN_POINT('',(6.095797187592E2,4.180262827705E2,
-1.515824502955E-11));
#3381=CARTESIAN_POINT('',(6.095375556094E2,4.180515808391E2,
-1.515824502955E-11));
#3382=CARTESIAN_POINT('',(6.094953924597E2,4.180684459203E2,
-1.515824502955E-11));
#3383=CARTESIAN_POINT('',(6.094532293100E2,4.180853110014E2,
-1.515824502955E-11));
#3384=CARTESIAN_POINT('',(6.094026278093E2,4.180937436909E2,
-1.515824502955E-11));
#3385=CARTESIAN_POINT('',(6.093520358436E2,4.181021763805E2,
-1.515824502955E-11));
#3386=CARTESIAN_POINT('',(6.092930055270E2,4.181106087721E2,
-1.515824502955E-11));
#3387=CARTESIAN_POINT('',(6.092255463943E2,4.181021763805E2,
-1.515824502955E-11));
#3388=CARTESIAN_POINT('',(6.091665160777E2,4.180937436909E2,
-1.515824502955E-11));
#3389=CARTESIAN_POINT('',(6.091074952960E2,4.180684459203E2,
-1.515824502955E-11));
#3390=CARTESIAN_POINT('',(6.090484649793E2,4.180431481496E2,
-1.515824502955E-11));
#3391=CARTESIAN_POINT('',(6.089978634787E2,4.180094176894E2,
-1.515824502955E-11));
#3392=CARTESIAN_POINT('',(6.089557003290E2,4.179756872292E2,
-1.515824502955E-11));
#3393=CARTESIAN_POINT('',(6.089135371792E2,4.179335243774E2,
-1.515824502955E-11));
#3394=CARTESIAN_POINT('',(6.088882411964E2,4.178913612277E2,
-1.515824502955E-11));
#3395=CARTESIAN_POINT('',(6.086268334819E2,4.179250916879E2,
-1.515824502955E-11));
#3396=CARTESIAN_POINT('',(6.088460780466E2,4.190887906282E2,
-1.515824502955E-11));
#3397=CARTESIAN_POINT('',(6.099676159229E2,4.190887906282E2,
-1.515824502955E-11));
#3398=CARTESIAN_POINT('',(6.099676159229E2,4.188273799341E2,
-1.515824502955E-11));
#3399=CARTESIAN_POINT('',(6.090568937953E2,4.188273799341E2,
-1.515824502955E-11));
#3400=CARTESIAN_POINT('',(6.089388426970E2,4.182118001527E2,
-1.515824502955E-11));
#3401=CARTESIAN_POINT('',(6.089894346627E2,4.182455306129E2,
-1.515824502955E-11));
#3402=CARTESIAN_POINT('',(6.090484649793E2,4.182708283835E2,
-1.515824502955E-11));
#3403=CARTESIAN_POINT('',(6.090990569451E2,4.182961261542E2,
-1.515824502955E-11));
#3404=CARTESIAN_POINT('',(6.091496584457E2,4.183129912353E2,
-1.515824502955E-11));
#3405=CARTESIAN_POINT('',(6.092002504115E2,4.183298566144E2,
-1.515824502955E-11));
#3406=CARTESIAN_POINT('',(6.092592807281E2,4.183382890060E2,
-1.515824502955E-11));
#3407=CARTESIAN_POINT('',(6.093098726938E2,4.183467216955E2,
-1.515824502955E-11));
#3408=CARTESIAN_POINT('',(6.093689030105E2,4.183551543851E2,
-1.515824502955E-11));
#3409=CARTESIAN_POINT('',(6.094447909591E2,4.183467216955E2,
-1.515824502955E-11));
#3410=CARTESIAN_POINT('',(6.095122596266E2,4.183382890060E2,
-1.515824502955E-11));
#3411=CARTESIAN_POINT('',(6.095797187592E2,4.183214239249E2,
-1.515824502955E-11));
#3412=CARTESIAN_POINT('',(6.096387490758E2,4.182961261542E2,
-1.515824502955E-11));
#3413=CARTESIAN_POINT('',(6.097062082084E2,4.182708283835E2,
-1.515824502955E-11));
#3414=CARTESIAN_POINT('',(6.097652289902E2,4.182370979233E2,
-1.515824502955E-11));
#3415=CARTESIAN_POINT('',(6.098158304908E2,4.181949347736E2,
-1.515824502955E-11));
#3416=CARTESIAN_POINT('',(6.098664224566E2,4.181443392323E2,
-1.515824502955E-11));
#3417=CARTESIAN_POINT('',(6.099170239572E2,4.180937436909E2,
-1.515824502955E-11));
#3418=CARTESIAN_POINT('',(6.099591871069E2,4.180347154601E2,
-1.515824502955E-11));
#3419=CARTESIAN_POINT('',(6.099929119058E2,4.179756872292E2,
-1.515824502955E-11));
#3420=CARTESIAN_POINT('',(6.100182078887E2,4.179082266067E2,
-1.515824502955E-11));
#3421=CARTESIAN_POINT('',(6.100435134064E2,4.178407656863E2,
-1.515824502955E-11));
#3422=CARTESIAN_POINT('',(6.100603710384E2,4.177733047659E2,
-1.515824502955E-11));
#3423=CARTESIAN_POINT('',(6.100688093893E2,4.176974114539E2,
-1.515824502955E-11));
#3424=CARTESIAN_POINT('',(6.100772382053E2,4.176130854524E2,
-1.515824502955E-11));
#3425=CARTESIAN_POINT('',(6.100688093893E2,4.175371921404E2,
-1.515824502955E-11));
#3426=CARTESIAN_POINT('',(6.100603710384E2,4.174697312200E2,
-1.515824502955E-11));
#3427=CARTESIAN_POINT('',(6.100519422224E2,4.173938379080E2,
-1.515824502955E-11));
#3428=CARTESIAN_POINT('',(6.100266462396E2,4.173263769876E2,
-1.515824502955E-11));
#3429=CARTESIAN_POINT('',(6.100013502567E2,4.172673487567E2,
-1.515824502955E-11));
#3430=CARTESIAN_POINT('',(6.099760447389E2,4.171998881343E2,
-1.515824502955E-11));
#3431=CARTESIAN_POINT('',(6.099338815892E2,4.171408599034E2,
-1.515824502955E-11));
#3432=CARTESIAN_POINT('',(6.098917184394E2,4.170818316725E2,
-1.515824502955E-11));
#3433=CARTESIAN_POINT('',(6.098411264737E2,4.170228034417E2,
-1.515824502955E-11));
#3434=CARTESIAN_POINT('',(6.097736673411E2,4.169637752108E2,
-1.515824502955E-11));
#3435=CARTESIAN_POINT('',(6.097062082084E2,4.169131796695E2,
-1.515824502955E-11));
#3436=CARTESIAN_POINT('',(6.096387490758E2,4.168794492093E2,
-1.515824502955E-11));
#3437=CARTESIAN_POINT('',(6.095628515923E2,4.168457190470E2,
-1.515824502955E-11));
#3438=CARTESIAN_POINT('',(6.094785252928E2,4.168372860595E2,
-1.515824502955E-11));
#3439=CARTESIAN_POINT('',(6.093941989933E2,4.168204212764E2,
-1.515824502955E-11));
#3440=CARTESIAN_POINT('',(6.093014438778E2,4.168119882889E2,
-1.515824502955E-11));
#3441=CARTESIAN_POINT('',(6.092255463943E2,4.168204212764E2,
-1.515824502955E-11));
#3442=CARTESIAN_POINT('',(6.091496584457E2,4.168288536680E2,
-1.515824502955E-11));
#3443=CARTESIAN_POINT('',(6.090821897782E2,4.168372860595E2,
-1.515824502955E-11));
#3444=CARTESIAN_POINT('',(6.090231689965E2,4.168541514386E2,
-1.515824502955E-11));
#3445=CARTESIAN_POINT('',(6.089557003290E2,4.168794492093E2,
-1.515824502955E-11));
#3446=CARTESIAN_POINT('',(6.088966795472E2,4.169047469799E2,
-1.515824502955E-11));
#3447=CARTESIAN_POINT('',(6.088460780466E2,4.169384774401E2,
-1.515824502955E-11));
#3448=CARTESIAN_POINT('',(6.087954860809E2,4.169806405899E2,
-1.515824502955E-11));
#3449=CARTESIAN_POINT('',(6.087448845802E2,4.170228034417E2,
-1.515824502955E-11));
#3450=CARTESIAN_POINT('',(6.087111597814E2,4.170733989830E2,
-1.515824502955E-11));
#3451=CARTESIAN_POINT('',(6.086689966316E2,4.171239948223E2,
-1.515824502955E-11));
#3452=CARTESIAN_POINT('',(6.086437006487E2,4.171830227552E2,
-1.515824502955E-11));
#3453=CARTESIAN_POINT('',(6.086184046659E2,4.172420509861E2,
-1.515824502955E-11));
#3454=CARTESIAN_POINT('',(6.085930991481E2,4.173010792169E2,
-1.515824502955E-11));
#3455=CARTESIAN_POINT('',(6.085846703321E2,4.173685401374E2,
-1.515824502955E-11));
#3456=CARTESIAN_POINT('',(6.085762415161E2,4.174444334493E2,
-1.515824502955E-11));
#3458=CARTESIAN_POINT('',(6.113674286806E2,4.168457190470E2,
-1.515824502955E-11));
#3459=CARTESIAN_POINT('',(6.113674286806E2,4.191140883989E2,
-1.515824502955E-11));
#3460=CARTESIAN_POINT('',(6.116709995449E2,4.191140883989E2,
-1.515824502955E-11));
#3461=CARTESIAN_POINT('',(6.116709995449E2,4.168457190470E2,
-1.515824502955E-11));
#3462=CARTESIAN_POINT('',(6.113674286806E2,4.168457190470E2,
-1.515824502955E-11));
#3464=CARTESIAN_POINT('',(6.121010598584E2,4.175793549922E2,
-1.515824502955E-11));
#3465=CARTESIAN_POINT('',(6.123877730906E2,4.176046527629E2,
-1.515824502955E-11));
#3466=CARTESIAN_POINT('',(6.123962019066E2,4.175203267613E2,
-1.515824502955E-11));
#3467=CARTESIAN_POINT('',(6.124130690735E2,4.174444334493E2,
-1.515824502955E-11));
#3468=CARTESIAN_POINT('',(6.124468034072E2,4.173769728269E2,
-1.515824502955E-11));
#3469=CARTESIAN_POINT('',(6.124805282061E2,4.173179445960E2,
-1.515824502955E-11));
#3470=CARTESIAN_POINT('',(6.125142625398E2,4.172673487567E2,
-1.515824502955E-11));
#3471=CARTESIAN_POINT('',(6.125732928565E2,4.172251859049E2,
-1.515824502955E-11));
#3472=CARTESIAN_POINT('',(6.126323136382E2,4.171830227552E2,
-1.515824502955E-11));
#3473=CARTESIAN_POINT('',(6.126997823057E2,4.171408599034E2,
-1.515824502955E-11));
#3474=CARTESIAN_POINT('',(6.127841086052E2,4.171155621328E2,
-1.515824502955E-11));
#3475=CARTESIAN_POINT('',(6.128684349047E2,4.170986967537E2,
-1.515824502955E-11));
#3476=CARTESIAN_POINT('',(6.129527516693E2,4.170818316725E2,
-1.515824502955E-11));
#3477=CARTESIAN_POINT('',(6.130455163197E2,4.170818316725E2,
-1.515824502955E-11));
#3478=CARTESIAN_POINT('',(6.131298426192E2,4.170818316725E2,
-1.515824502955E-11));
#3479=CARTESIAN_POINT('',(6.132057305678E2,4.170902643621E2,
-1.515824502955E-11));
#3480=CARTESIAN_POINT('',(6.132816280513E2,4.171071294432E2,
-1.515824502955E-11));
#3481=CARTESIAN_POINT('',(6.133490871839E2,4.171324272139E2,
-1.515824502955E-11));
#3482=CARTESIAN_POINT('',(6.134081175005E2,4.171577249845E2,
-1.515824502955E-11));
#3483=CARTESIAN_POINT('',(6.134587094663E2,4.171914554447E2,
-1.515824502955E-11));
#3484=CARTESIAN_POINT('',(6.135093109669E2,4.172251859049E2,
-1.515824502955E-11));
#3485=CARTESIAN_POINT('',(6.135430357658E2,4.172673487567E2,
-1.515824502955E-11));
#3486=CARTESIAN_POINT('',(6.135683317487E2,4.173179445960E2,
-1.515824502955E-11));
#3487=CARTESIAN_POINT('',(6.135936372664E2,4.173601074478E2,
-1.515824502955E-11));
#3488=CARTESIAN_POINT('',(6.136020660824E2,4.174107029891E2,
-1.515824502955E-11));
#3489=CARTESIAN_POINT('',(6.136104948984E2,4.174612988284E2,
-1.515824502955E-11));
#3490=CARTESIAN_POINT('',(6.136020660824E2,4.175118943698E2,
-1.515824502955E-11));
#3491=CARTESIAN_POINT('',(6.135936372664E2,4.175624899111E2,
-1.515824502955E-11));
#3492=CARTESIAN_POINT('',(6.135683317487E2,4.176046527629E2,
-1.515824502955E-11));
#3493=CARTESIAN_POINT('',(6.135430357658E2,4.176468159126E2,
-1.515824502955E-11));
#3494=CARTESIAN_POINT('',(6.135093109669E2,4.176889787644E2,
-1.515824502955E-11));
#3495=CARTESIAN_POINT('',(6.134587094663E2,4.177227092246E2,
-1.515824502955E-11));
#3496=CARTESIAN_POINT('',(6.134081175005E2,4.177480069953E2,
-1.515824502955E-11));
#3497=CARTESIAN_POINT('',(6.133406583679E2,4.177817374555E2,
-1.515824502955E-11));
#3498=CARTESIAN_POINT('',(6.133153623850E2,4.177901701450E2,
-1.515824502955E-11));
#3499=CARTESIAN_POINT('',(6.132816280513E2,4.177986028346E2,
-1.515824502955E-11));
#3500=CARTESIAN_POINT('',(6.132394649016E2,4.178154679157E2,
-1.515824502955E-11));
#3501=CARTESIAN_POINT('',(6.131973017518E2,4.178239006052E2,
-1.515824502955E-11));
#3502=CARTESIAN_POINT('',(6.131382714352E2,4.178407656863E2,
-1.515824502955E-11));
#3503=CARTESIAN_POINT('',(6.130792411186E2,4.178576307675E2,
-1.515824502955E-11));
#3504=CARTESIAN_POINT('',(6.130117819859E2,4.178744961465E2,
-1.515824502955E-11));
#3505=CARTESIAN_POINT('',(6.129358940373E2,4.178913612277E2,
-1.515824502955E-11));
#3506=CARTESIAN_POINT('',(6.128599965538E2,4.179082266067E2,
-1.515824502955E-11));
#3507=CARTESIAN_POINT('',(6.127925374212E2,4.179250916879E2,
-1.515824502955E-11));
#3508=CARTESIAN_POINT('',(6.127335071046E2,4.179419567690E2,
-1.515824502955E-11));
#3509=CARTESIAN_POINT('',(6.126744767880E2,4.179672548376E2,
-1.515824502955E-11));
#3510=CARTESIAN_POINT('',(6.126238848222E2,4.179841199187E2,
-1.515824502955E-11));
#3511=CARTESIAN_POINT('',(6.125732928565E2,4.180009849999E2,
-1.515824502955E-11));
#3512=CARTESIAN_POINT('',(6.125311297067E2,4.180178503789E2,
-1.515824502955E-11));
#3513=CARTESIAN_POINT('',(6.124973953730E2,4.180347154601E2,
-1.515824502955E-11));
#3514=CARTESIAN_POINT('',(6.124214978895E2,4.180768786098E2,
-1.515824502955E-11));
#3515=CARTESIAN_POINT('',(6.123624771077E2,4.181274741511E2,
-1.515824502955E-11));
#3516=CARTESIAN_POINT('',(6.123034467911E2,4.181865023820E2,
-1.515824502955E-11));
#3517=CARTESIAN_POINT('',(6.122612836413E2,4.182455306129E2,
-1.515824502955E-11));
#3518=CARTESIAN_POINT('',(6.122275493076E2,4.183045588437E2,
-1.515824502955E-11));
#3519=CARTESIAN_POINT('',(6.122022533247E2,4.183804521557E2,
-1.515824502955E-11));
#3520=CARTESIAN_POINT('',(6.121853861579E2,4.184479127782E2,
-1.515824502955E-11));
#3521=CARTESIAN_POINT('',(6.121853861579E2,4.185238063881E2,
-1.515824502955E-11));
#3522=CARTESIAN_POINT('',(6.121853861579E2,4.186081323897E2,
-1.515824502955E-11));
#3523=CARTESIAN_POINT('',(6.122022533247E2,4.186924583912E2,
-1.515824502955E-11));
#3524=CARTESIAN_POINT('',(6.122359876585E2,4.187683517032E2,
-1.515824502955E-11));
#3525=CARTESIAN_POINT('',(6.122781508082E2,4.188442450152E2,
-1.515824502955E-11));
#3526=CARTESIAN_POINT('',(6.123287427740E2,4.189201386251E2,
-1.515824502955E-11));
#3527=CARTESIAN_POINT('',(6.123962019066E2,4.189791668560E2,
-1.515824502955E-11));
#3528=CARTESIAN_POINT('',(6.124720993901E2,4.190297623973E2,
-1.515824502955E-11));
#3529=CARTESIAN_POINT('',(6.125648545056E2,4.190719252491E2,
-1.515824502955E-11));
#3530=CARTESIAN_POINT('',(6.126576191559E2,4.191056557093E2,
-1.515824502955E-11));
#3531=CARTESIAN_POINT('',(6.127588030875E2,4.191309534800E2,
-1.515824502955E-11));
#3532=CARTESIAN_POINT('',(6.128684349047E2,4.191478188591E2,
-1.515824502955E-11));
#3533=CARTESIAN_POINT('',(6.129780571871E2,4.191562512506E2,
-1.515824502955E-11));
#3534=CARTESIAN_POINT('',(6.130961082854E2,4.191478188591E2,
-1.515824502955E-11));
#3535=CARTESIAN_POINT('',(6.132141689187E2,4.191309534800E2,
-1.515824502955E-11));
#3536=CARTESIAN_POINT('',(6.133237912011E2,4.191056557093E2,
-1.515824502955E-11));
#3537=CARTESIAN_POINT('',(6.134165463166E2,4.190719252491E2,
-1.515824502955E-11));
#3538=CARTESIAN_POINT('',(6.135093109669E2,4.190297623973E2,
-1.515824502955E-11));
#3539=CARTESIAN_POINT('',(6.135851989155E2,4.189707341665E2,
-1.515824502955E-11));
#3540=CARTESIAN_POINT('',(6.136610963990E2,4.189032732460E2,
-1.515824502955E-11));
#3541=CARTESIAN_POINT('',(6.137116883648E2,4.188358126236E2,
-1.515824502955E-11));
#3542=CARTESIAN_POINT('',(6.137622898654E2,4.187514866221E2,
-1.515824502955E-11));
#3543=CARTESIAN_POINT('',(6.137960146643E2,4.186671606205E2,
-1.515824502955E-11));
#3544=CARTESIAN_POINT('',(6.138128818312E2,4.185744019295E2,
-1.515824502955E-11));
#3545=CARTESIAN_POINT('',(6.138297489980E2,4.184816432384E2,
-1.515824502955E-11));
#3546=CARTESIAN_POINT('',(6.135430357658E2,4.184563454677E2,
-1.515824502955E-11));
#3547=CARTESIAN_POINT('',(6.135346069498E2,4.185069410090E2,
-1.515824502955E-11));
#3548=CARTESIAN_POINT('',(6.135177397829E2,4.185491041588E2,
-1.515824502955E-11));
#3549=CARTESIAN_POINT('',(6.135093109669E2,4.185996997001E2,
-1.515824502955E-11));
#3550=CARTESIAN_POINT('',(6.134840149840E2,4.186418628499E2,
-1.515824502955E-11));
#3551=CARTESIAN_POINT('',(6.134671478172E2,4.186755930121E2,
-1.515824502955E-11));
#3552=CARTESIAN_POINT('',(6.134418518343E2,4.187093234723E2,
-1.515824502955E-11));
#3553=CARTESIAN_POINT('',(6.134165463166E2,4.187430539325E2,
-1.515824502955E-11));
#3554=CARTESIAN_POINT('',(6.133828215177E2,4.187767843927E2,
-1.515824502955E-11));
#3555=CARTESIAN_POINT('',(6.133490871839E2,4.188020821634E2,
-1.515824502955E-11));
#3556=CARTESIAN_POINT('',(6.133069240342E2,4.188189472445E2,
-1.515824502955E-11));
#3557=CARTESIAN_POINT('',(6.132647608844E2,4.188358126236E2,
-1.515824502955E-11));
#3558=CARTESIAN_POINT('',(6.132141689187E2,4.188526777047E2,
-1.515824502955E-11));
#3559=CARTESIAN_POINT('',(6.131635674181E2,4.188695427858E2,
-1.515824502955E-11));
#3560=CARTESIAN_POINT('',(6.131129754523E2,4.188779754754E2,
-1.515824502955E-11));
#3561=CARTESIAN_POINT('',(6.130539451357E2,4.188779754754E2,
-1.515824502955E-11));
#3562=CARTESIAN_POINT('',(6.129864860031E2,4.188864081649E2,
-1.515824502955E-11));
#3563=CARTESIAN_POINT('',(6.129190268704E2,4.188779754754E2,
-1.515824502955E-11));
#3564=CARTESIAN_POINT('',(6.128599965538E2,4.188779754754E2,
-1.515824502955E-11));
#3565=CARTESIAN_POINT('',(6.128094045881E2,4.188695427858E2,
-1.515824502955E-11));
#3566=CARTESIAN_POINT('',(6.127503742714E2,4.188611103943E2,
-1.515824502955E-11));
#3567=CARTESIAN_POINT('',(6.127082111217E2,4.188442450152E2,
-1.515824502955E-11));
#3568=CARTESIAN_POINT('',(6.126660479720E2,4.188273799341E2,
-1.515824502955E-11));
#3569=CARTESIAN_POINT('',(6.126238848222E2,4.188020821634E2,
-1.515824502955E-11));
#3570=CARTESIAN_POINT('',(6.125901504885E2,4.187852167843E2,
-1.515824502955E-11));
#3571=CARTESIAN_POINT('',(6.125648545056E2,4.187599190136E2,
-1.515824502955E-11));
#3572=CARTESIAN_POINT('',(6.125395585227E2,4.187346212430E2,
-1.515824502955E-11));
#3573=CARTESIAN_POINT('',(6.125142625398E2,4.187008907828E2,
-1.515824502955E-11));
#3574=CARTESIAN_POINT('',(6.124973953730E2,4.186755930121E2,
-1.515824502955E-11));
#3575=CARTESIAN_POINT('',(6.124889665570E2,4.186418628499E2,
-1.515824502955E-11));
#3576=CARTESIAN_POINT('',(6.124720993901E2,4.186081323897E2,
-1.515824502955E-11));
#3577=CARTESIAN_POINT('',(6.124720993901E2,4.185744019295E2,
-1.515824502955E-11));
#3578=CARTESIAN_POINT('',(6.124720993901E2,4.185406714693E2,
-1.515824502955E-11));
#3579=CARTESIAN_POINT('',(6.124720993901E2,4.184816432384E2,
-1.515824502955E-11));
#3580=CARTESIAN_POINT('',(6.124889665570E2,4.184310476971E2,
-1.515824502955E-11));
#3581=CARTESIAN_POINT('',(6.125142625398E2,4.183888848453E2,
-1.515824502955E-11));
#3582=CARTESIAN_POINT('',(6.125564256896E2,4.183467216955E2,
-1.515824502955E-11));
#3583=CARTESIAN_POINT('',(6.125817216725E2,4.183214239249E2,
-1.515824502955E-11));
#3584=CARTESIAN_POINT('',(6.126154560062E2,4.183045588437E2,
-1.515824502955E-11));
#3585=CARTESIAN_POINT('',(6.126576191559E2,4.182876934647E2,
-1.515824502955E-11));
#3586=CARTESIAN_POINT('',(6.127082111217E2,4.182623956940E2,
-1.515824502955E-11));
#3587=CARTESIAN_POINT('',(6.127756702543E2,4.182455306129E2,
-1.515824502955E-11));
#3588=CARTESIAN_POINT('',(6.128431293870E2,4.182202328422E2,
-1.515824502955E-11));
#3589=CARTESIAN_POINT('',(6.129190268704E2,4.182033674631E2,
-1.515824502955E-11));
#3590=CARTESIAN_POINT('',(6.130033531699E2,4.181780696925E2,
-1.515824502955E-11));
#3591=CARTESIAN_POINT('',(6.130961082854E2,4.181612046113E2,
-1.515824502955E-11));
#3592=CARTESIAN_POINT('',(6.131720057689E2,4.181443392323E2,
-1.515824502955E-11));
#3593=CARTESIAN_POINT('',(6.132478937176E2,4.181190414616E2,
-1.515824502955E-11));
#3594=CARTESIAN_POINT('',(6.133153623850E2,4.181021763805E2,
-1.515824502955E-11));
#3595=CARTESIAN_POINT('',(6.133743831668E2,4.180853110014E2,
-1.515824502955E-11));
#3596=CARTESIAN_POINT('',(6.134249846674E2,4.180684459203E2,
-1.515824502955E-11));
#3597=CARTESIAN_POINT('',(6.134671478172E2,4.180515808391E2,
-1.515824502955E-11));
#3598=CARTESIAN_POINT('',(6.135093109669E2,4.180347154601E2,
-1.515824502955E-11));
#3599=CARTESIAN_POINT('',(6.136020660824E2,4.179925526083E2,
-1.515824502955E-11));
#3600=CARTESIAN_POINT('',(6.136779635659E2,4.179335243774E2,
-1.515824502955E-11));
#3601=CARTESIAN_POINT('',(6.137454226985E2,4.178744961465E2,
-1.515824502955E-11));
#3602=CARTESIAN_POINT('',(6.137960146643E2,4.178070352261E2,
-1.515824502955E-11));
#3603=CARTESIAN_POINT('',(6.138381778140E2,4.177311419141E2,
-1.515824502955E-11));
#3604=CARTESIAN_POINT('',(6.138719121478E2,4.176552486022E2,
-1.515824502955E-11));
#3605=CARTESIAN_POINT('',(6.138887793146E2,4.175709226006E2,
-1.515824502955E-11));
#3606=CARTESIAN_POINT('',(6.138972081307E2,4.174865965991E2,
-1.515824502955E-11));
#3607=CARTESIAN_POINT('',(6.138887793146E2,4.173938379080E2,
-1.515824502955E-11));
#3608=CARTESIAN_POINT('',(6.138634737969E2,4.173095119065E2,
-1.515824502955E-11));
#3609=CARTESIAN_POINT('',(6.138381778140E2,4.172251859049E2,
-1.515824502955E-11));
#3610=CARTESIAN_POINT('',(6.137875858483E2,4.171408599034E2,
-1.515824502955E-11));
#3611=CARTESIAN_POINT('',(6.137369843477E2,4.170733989830E2,
-1.515824502955E-11));
#3612=CARTESIAN_POINT('',(6.136610963990E2,4.170059383606E2,
-1.515824502955E-11));
#3613=CARTESIAN_POINT('',(6.135851989155E2,4.169469101297E2,
-1.515824502955E-11));
#3614=CARTESIAN_POINT('',(6.134924438E2,4.168963145884E2,-1.515824502955E-11));
#3615=CARTESIAN_POINT('',(6.133912503337E2,4.168541514386E2,
-1.515824502955E-11));
#3616=CARTESIAN_POINT('',(6.132900568673E2,4.168372860595E2,
-1.515824502955E-11));
#3617=CARTESIAN_POINT('',(6.131804345849E2,4.168204212764E2,
-1.515824502955E-11));
#3618=CARTESIAN_POINT('',(6.130623834866E2,4.168119882889E2,
-1.515824502955E-11));
#3619=CARTESIAN_POINT('',(6.129864860031E2,4.168204212764E2,
-1.515824502955E-11));
#3620=CARTESIAN_POINT('',(6.129105980544E2,4.168204212764E2,
-1.515824502955E-11));
#3621=CARTESIAN_POINT('',(6.128431293870E2,4.168288536680E2,
-1.515824502955E-11));
#3622=CARTESIAN_POINT('',(6.127756702543E2,4.168372860595E2,
-1.515824502955E-11));
#3623=CARTESIAN_POINT('',(6.127166399377E2,4.168457190470E2,
-1.515824502955E-11));
#3624=CARTESIAN_POINT('',(6.126576191559E2,4.168625838302E2,
-1.515824502955E-11));
#3625=CARTESIAN_POINT('',(6.125985888393E2,4.168794492093E2,
-1.515824502955E-11));
#3626=CARTESIAN_POINT('',(6.125479873387E2,4.168963145884E2,
-1.515824502955E-11));
#3627=CARTESIAN_POINT('',(6.124468034072E2,4.169469101297E2,
-1.515824502955E-11));
#3628=CARTESIAN_POINT('',(6.123624771077E2,4.170059383606E2,
-1.515824502955E-11));
#3629=CARTESIAN_POINT('',(6.122865796242E2,4.170818316725E2,
-1.515824502955E-11));
#3630=CARTESIAN_POINT('',(6.122191204916E2,4.171661576741E2,
-1.515824502955E-11));
#3631=CARTESIAN_POINT('',(6.121685285258E2,4.172589163652E2,
-1.515824502955E-11));
#3632=CARTESIAN_POINT('',(6.121347941921E2,4.173601074478E2,
-1.515824502955E-11));
#3633=CARTESIAN_POINT('',(6.121094982092E2,4.174612988284E2,
-1.515824502955E-11));
#3634=CARTESIAN_POINT('',(6.121010598584E2,4.175793549922E2,
-1.515824502955E-11));
#3636=CARTESIAN_POINT('',(6.142092173458E2,4.179503894585E2,
-1.515824502955E-11));
#3637=CARTESIAN_POINT('',(6.142092173458E2,4.180853110014E2,
-1.515824502955E-11));
#3638=CARTESIAN_POINT('',(6.142260749778E2,4.182202328422E2,
-1.515824502955E-11));
#3639=CARTESIAN_POINT('',(6.142513804955E2,4.183382890060E2,
-1.515824502955E-11));
#3640=CARTESIAN_POINT('',(6.142766764784E2,4.184563454677E2,
-1.515824502955E-11));
#3641=CARTESIAN_POINT('',(6.143272684441E2,4.185575368483E2,
-1.515824502955E-11));
#3642=CARTESIAN_POINT('',(6.143778699448E2,4.186587279310E2,
-1.515824502955E-11));
#3643=CARTESIAN_POINT('',(6.144368907265E2,4.187514866221E2,
-1.515824502955E-11));
#3644=CARTESIAN_POINT('',(6.145043593940E2,4.188358126236E2,
-1.515824502955E-11));
#3645=CARTESIAN_POINT('',(6.145886761586E2,4.189117059356E2,
-1.515824502955E-11));
#3646=CARTESIAN_POINT('',(6.146730024581E2,4.189707341665E2,
-1.515824502955E-11));
#3647=CARTESIAN_POINT('',(6.147573287576E2,4.190297623973E2,
-1.515824502955E-11));
#3648=CARTESIAN_POINT('',(6.148585222240E2,4.190719252491E2,
-1.515824502955E-11));
#3649=CARTESIAN_POINT('',(6.149597156904E2,4.191056557093E2,
-1.515824502955E-11));
#3650=CARTESIAN_POINT('',(6.150609091567E2,4.191309534800E2,
-1.515824502955E-11));
#3651=CARTESIAN_POINT('',(6.151705314391E2,4.191478188591E2,
-1.515824502955E-11));
#3652=CARTESIAN_POINT('',(6.152885825375E2,4.191562512506E2,
-1.515824502955E-11));
#3653=CARTESIAN_POINT('',(6.153644800210E2,4.191478188591E2,
-1.515824502955E-11));
#3654=CARTESIAN_POINT('',(6.154403775045E2,4.191393861695E2,
-1.515824502955E-11));
#3655=CARTESIAN_POINT('',(6.155162654531E2,4.191309534800E2,
-1.515824502955E-11));
#3656=CARTESIAN_POINT('',(6.155921629366E2,4.191140883989E2,
-1.515824502955E-11));
#3657=CARTESIAN_POINT('',(6.156596220692E2,4.190972230198E2,
-1.515824502955E-11));
#3658=CARTESIAN_POINT('',(6.157270812018E2,4.190719252491E2,
-1.515824502955E-11));
#3659=CARTESIAN_POINT('',(6.157945403345E2,4.190381947889E2,
-1.515824502955E-11));
#3660=CARTESIAN_POINT('',(6.158535706511E2,4.190044646267E2,
-1.515824502955E-11));
#3661=CARTESIAN_POINT('',(6.159210297837E2,4.189623014769E2,
-1.515824502955E-11));
#3662=CARTESIAN_POINT('',(6.159716312843E2,4.189201386251E2,
-1.515824502955E-11));
#3663=CARTESIAN_POINT('',(6.160306520661E2,4.188695427858E2,
-1.515824502955E-11));
#3664=CARTESIAN_POINT('',(6.160812535667E2,4.188189472445E2,
-1.515824502955E-11));
#3665=CARTESIAN_POINT('',(6.161234167164E2,4.187683517032E2,
-1.515824502955E-11));
#3666=CARTESIAN_POINT('',(6.161655798662E2,4.187093234723E2,
-1.515824502955E-11));
#3667=CARTESIAN_POINT('',(6.162077430159E2,4.186502952414E2,
-1.515824502955E-11));
#3668=CARTESIAN_POINT('',(6.162414678148E2,4.185828346190E2,
-1.515824502955E-11));
#3669=CARTESIAN_POINT('',(6.162752021486E2,4.185153736986E2,
-1.515824502955E-11));
#3670=CARTESIAN_POINT('',(6.163004981314E2,4.184479127782E2,
-1.515824502955E-11));
#3671=CARTESIAN_POINT('',(6.163173652983E2,4.183720194662E2,
-1.515824502955E-11));
#3672=CARTESIAN_POINT('',(6.163426612812E2,4.182961261542E2,
-1.515824502955E-11));
#3673=CARTESIAN_POINT('',(6.163510900972E2,4.182202328422E2,
-1.515824502955E-11));
#3674=CARTESIAN_POINT('',(6.163679572641E2,4.181443392323E2,
-1.515824502955E-11));
#3675=CARTESIAN_POINT('',(6.163679572641E2,4.180600132307E2,
-1.515824502955E-11));
#3676=CARTESIAN_POINT('',(6.163763956149E2,4.179756872292E2,
-1.515824502955E-11));
#3677=CARTESIAN_POINT('',(6.163679572641E2,4.178913612277E2,
-1.515824502955E-11));
#3678=CARTESIAN_POINT('',(6.163595284481E2,4.178070352261E2,
-1.515824502955E-11));
#3679=CARTESIAN_POINT('',(6.163510900972E2,4.177311419141E2,
-1.515824502955E-11));
#3680=CARTESIAN_POINT('',(6.163342324652E2,4.176468159126E2,
-1.515824502955E-11));
#3681=CARTESIAN_POINT('',(6.163173652983E2,4.175709226006E2,
-1.515824502955E-11));
#3682=CARTESIAN_POINT('',(6.162920693154E2,4.175034616802E2,
-1.515824502955E-11));
#3683=CARTESIAN_POINT('',(6.162667637977E2,4.174275683682E2,
-1.515824502955E-11));
#3684=CARTESIAN_POINT('',(6.162330389988E2,4.173601074478E2,
-1.515824502955E-11));
#3685=CARTESIAN_POINT('',(6.161993046651E2,4.172926468254E2,
-1.515824502955E-11));
#3686=CARTESIAN_POINT('',(6.161571415153E2,4.172336185945E2,
-1.515824502955E-11));
#3687=CARTESIAN_POINT('',(6.161149783656E2,4.171745903636E2,
-1.515824502955E-11));
#3688=CARTESIAN_POINT('',(6.160643863998E2,4.171239948223E2,
-1.515824502955E-11));
#3689=CARTESIAN_POINT('',(6.160137944341E2,4.170733989830E2,
-1.515824502955E-11));
#3690=CARTESIAN_POINT('',(6.159631929334E2,4.170228034417E2,
-1.515824502955E-11));
#3691=CARTESIAN_POINT('',(6.159041626168E2,4.169806405899E2,
-1.515824502955E-11));
#3692=CARTESIAN_POINT('',(6.158367034842E2,4.169469101297E2,
-1.515824502955E-11));
#3693=CARTESIAN_POINT('',(6.157776731676E2,4.169131796695E2,
-1.515824502955E-11));
#3694=CARTESIAN_POINT('',(6.157102140350E2,4.168878818988E2,
-1.515824502955E-11));
#3695=CARTESIAN_POINT('',(6.156427549023E2,4.168625838302E2,
-1.515824502955E-11));
#3696=CARTESIAN_POINT('',(6.155752957697E2,4.168457190470E2,
-1.515824502955E-11));
#3697=CARTESIAN_POINT('',(6.155078366371E2,4.168372860595E2,
-1.515824502955E-11));
#3698=CARTESIAN_POINT('',(6.154319391536E2,4.168288536680E2,
-1.515824502955E-11));
#3699=CARTESIAN_POINT('',(6.153644800210E2,4.168204212764E2,
-1.515824502955E-11));
#3700=CARTESIAN_POINT('',(6.152885825375E2,4.168119882889E2,
-1.515824502955E-11));
#3701=CARTESIAN_POINT('',(6.152126945888E2,4.168204212764E2,
-1.515824502955E-11));
#3702=CARTESIAN_POINT('',(6.151367971054E2,4.168288536680E2,
-1.515824502955E-11));
#3703=CARTESIAN_POINT('',(6.150609091567E2,4.168372860595E2,
-1.515824502955E-11));
#3704=CARTESIAN_POINT('',(6.149850116732E2,4.168457190470E2,
-1.515824502955E-11));
#3705=CARTESIAN_POINT('',(6.149175525406E2,4.168710168177E2,
-1.515824502955E-11));
#3706=CARTESIAN_POINT('',(6.148500934080E2,4.168963145884E2,
-1.515824502955E-11));
#3707=CARTESIAN_POINT('',(6.147826342754E2,4.169300447506E2,
-1.515824502955E-11));
#3708=CARTESIAN_POINT('',(6.147151656079E2,4.169637752108E2,
-1.515824502955E-11));
#3709=CARTESIAN_POINT('',(6.146561448261E2,4.170059383606E2,
-1.515824502955E-11));
#3710=CARTESIAN_POINT('',(6.145971145095E2,4.170481012123E2,
-1.515824502955E-11));
#3711=CARTESIAN_POINT('',(6.145465225437E2,4.170902643621E2,
-1.515824502955E-11));
#3712=CARTESIAN_POINT('',(6.144959210431E2,4.171492925930E2,
-1.515824502955E-11));
#3713=CARTESIAN_POINT('',(6.144537578934E2,4.171998881343E2,
-1.515824502955E-11));
#3714=CARTESIAN_POINT('',(6.144115947436E2,4.172589163652E2,
-1.515824502955E-11));
#3715=CARTESIAN_POINT('',(6.143694315939E2,4.173179445960E2,
-1.515824502955E-11));
#3716=CARTESIAN_POINT('',(6.143357067950E2,4.173854052185E2,
-1.515824502955E-11));
#3717=CARTESIAN_POINT('',(6.143019724613E2,4.174528661389E2,
-1.515824502955E-11));
#3718=CARTESIAN_POINT('',(6.142766764784E2,4.175203267613E2,
-1.515824502955E-11));
#3719=CARTESIAN_POINT('',(6.142598093115E2,4.175877876817E2,
-1.515824502955E-11));
#3720=CARTESIAN_POINT('',(6.142345133286E2,4.176552486022E2,
-1.515824502955E-11));
#3721=CARTESIAN_POINT('',(6.142260749778E2,4.177311419141E2,
-1.515824502955E-11));
#3722=CARTESIAN_POINT('',(6.142092173458E2,4.177986028346E2,
-1.515824502955E-11));
#3723=CARTESIAN_POINT('',(6.142092173458E2,4.178744961465E2,
-1.515824502955E-11));
#3724=CARTESIAN_POINT('',(6.142092173458E2,4.179503894585E2,
-1.515824502955E-11));
#3726=CARTESIAN_POINT('',(6.145212170260E2,4.179503894585E2,
-1.515824502955E-11));
#3727=CARTESIAN_POINT('',(6.145212170260E2,4.178491983759E2,
-1.515824502955E-11));
#3728=CARTESIAN_POINT('',(6.145296553769E2,4.177564396848E2,
-1.515824502955E-11));
#3729=CARTESIAN_POINT('',(6.145465225437E2,4.176636809937E2,
-1.515824502955E-11));
#3730=CARTESIAN_POINT('',(6.145718185266E2,4.175877876817E2,
-1.515824502955E-11));
#3731=CARTESIAN_POINT('',(6.146055433255E2,4.175118943698E2,
-1.515824502955E-11));
#3732=CARTESIAN_POINT('',(6.146392776592E2,4.174360007598E2,
-1.515824502955E-11));
#3733=CARTESIAN_POINT('',(6.146814408090E2,4.173685401374E2,
-1.515824502955E-11));
#3734=CARTESIAN_POINT('',(6.147404711256E2,4.173095119065E2,
-1.515824502955E-11));
#3735=CARTESIAN_POINT('',(6.147910630914E2,4.172589163652E2,
-1.515824502955E-11));
#3736=CARTESIAN_POINT('',(6.148500934080E2,4.172083208238E2,
-1.515824502955E-11));
#3737=CARTESIAN_POINT('',(6.149175525406E2,4.171661576741E2,
-1.515824502955E-11));
#3738=CARTESIAN_POINT('',(6.149850116732E2,4.171324272139E2,
-1.515824502955E-11));
#3739=CARTESIAN_POINT('',(6.150524708059E2,4.171071294432E2,
-1.515824502955E-11));
#3740=CARTESIAN_POINT('',(6.151283682894E2,4.170902643621E2,
-1.515824502955E-11));
#3741=CARTESIAN_POINT('',(6.152042562380E2,4.170818316725E2,
-1.515824502955E-11));
#3742=CARTESIAN_POINT('',(6.152885825375E2,4.170818316725E2,
-1.515824502955E-11));
#3743=CARTESIAN_POINT('',(6.153729088370E2,4.170818316725E2,
-1.515824502955E-11));
#3744=CARTESIAN_POINT('',(6.154488063205E2,4.170902643621E2,
-1.515824502955E-11));
#3745=CARTESIAN_POINT('',(6.155247038040E2,4.171071294432E2,
-1.515824502955E-11));
#3746=CARTESIAN_POINT('',(6.155921629366E2,4.171324272139E2,
-1.515824502955E-11));
#3747=CARTESIAN_POINT('',(6.156596220692E2,4.171661576741E2,
-1.515824502955E-11));
#3748=CARTESIAN_POINT('',(6.157270812018E2,4.172083208238E2,
-1.515824502955E-11));
#3749=CARTESIAN_POINT('',(6.157861115185E2,4.172589163652E2,
-1.515824502955E-11));
#3750=CARTESIAN_POINT('',(6.158451418351E2,4.173095119065E2,
-1.515824502955E-11));
#3751=CARTESIAN_POINT('',(6.158957338008E2,4.173769728269E2,
-1.515824502955E-11));
#3752=CARTESIAN_POINT('',(6.159378969506E2,4.174444334493E2,
-1.515824502955E-11));
#3753=CARTESIAN_POINT('',(6.159716312843E2,4.175203267613E2,
-1.515824502955E-11));
#3754=CARTESIAN_POINT('',(6.160053560832E2,4.175962203713E2,
-1.515824502955E-11));
#3755=CARTESIAN_POINT('',(6.160306520661E2,4.176805463728E2,
-1.515824502955E-11));
#3756=CARTESIAN_POINT('',(6.160475192329E2,4.177733047659E2,
-1.515824502955E-11));
#3757=CARTESIAN_POINT('',(6.160559575838E2,4.178744961465E2,
-1.515824502955E-11));
#3758=CARTESIAN_POINT('',(6.160643863998E2,4.179756872292E2,
-1.515824502955E-11));
#3759=CARTESIAN_POINT('',(6.160559575838E2,4.181106087721E2,
-1.515824502955E-11));
#3760=CARTESIAN_POINT('',(6.160390904169E2,4.182370979233E2,
-1.515824502955E-11));
#3761=CARTESIAN_POINT('',(6.160053560832E2,4.183467216955E2,
-1.515824502955E-11));
#3762=CARTESIAN_POINT('',(6.159631929334E2,4.184563454677E2,
-1.515824502955E-11));
#3763=CARTESIAN_POINT('',(6.159126009677E2,4.185491041588E2,
-1.515824502955E-11));
#3764=CARTESIAN_POINT('',(6.158535706511E2,4.186334301603E2,
-1.515824502955E-11));
#3765=CARTESIAN_POINT('',(6.157776731676E2,4.187093234723E2,
-1.515824502955E-11));
#3766=CARTESIAN_POINT('',(6.156933468681E2,4.187683517032E2,
-1.515824502955E-11));
#3767=CARTESIAN_POINT('',(6.156005917526E2,4.188189472445E2,
-1.515824502955E-11));
#3768=CARTESIAN_POINT('',(6.155078366371E2,4.188526777047E2,
-1.515824502955E-11));
#3769=CARTESIAN_POINT('',(6.153982143547E2,4.188779754754E2,
-1.515824502955E-11));
#3770=CARTESIAN_POINT('',(6.152885825375E2,4.188864081649E2,
-1.515824502955E-11));
#3771=CARTESIAN_POINT('',(6.152126945888E2,4.188779754754E2,
-1.515824502955E-11));
#3772=CARTESIAN_POINT('',(6.151367971054E2,4.188695427858E2,
-1.515824502955E-11));
#3773=CARTESIAN_POINT('',(6.150693379727E2,4.188526777047E2,
-1.515824502955E-11));
#3774=CARTESIAN_POINT('',(6.149934500241E2,4.188273799341E2,
-1.515824502955E-11));
#3775=CARTESIAN_POINT('',(6.149259813566E2,4.188020821634E2,
-1.515824502955E-11));
#3776=CARTESIAN_POINT('',(6.148669605749E2,4.187599190136E2,
-1.515824502955E-11));
#3777=CARTESIAN_POINT('',(6.148079302582E2,4.187177561619E2,
-1.515824502955E-11));
#3778=CARTESIAN_POINT('',(6.147488999416E2,4.186671606205E2,
-1.515824502955E-11));
#3779=CARTESIAN_POINT('',(6.146898696250E2,4.186081323897E2,
-1.515824502955E-11));
#3780=CARTESIAN_POINT('',(6.146477064753E2,4.185406714693E2,
-1.515824502955E-11));
#3781=CARTESIAN_POINT('',(6.146055433255E2,4.184647781573E2,
-1.515824502955E-11));
#3782=CARTESIAN_POINT('',(6.145718185266E2,4.183804521557E2,
-1.515824502955E-11));
#3783=CARTESIAN_POINT('',(6.145465225437E2,4.182876934647E2,
-1.515824502955E-11));
#3784=CARTESIAN_POINT('',(6.145296553769E2,4.181780696925E2,
-1.515824502955E-11));
#3785=CARTESIAN_POINT('',(6.145212170260E2,4.180684459203E2,
-1.515824502955E-11));
#3786=CARTESIAN_POINT('',(6.145212170260E2,4.179503894585E2,
-1.515824502955E-11));
#3788=CARTESIAN_POINT('',(6.175063623073E2,4.175287594509E2,
-1.515824502955E-11));
#3789=CARTESIAN_POINT('',(6.175063623073E2,4.178070352261E2,
-1.515824502955E-11));
#3790=CARTESIAN_POINT('',(6.183664829342E2,4.178070352261E2,
-1.515824502955E-11));
#3791=CARTESIAN_POINT('',(6.183664829342E2,4.175287594509E2,
-1.515824502955E-11));
#3792=CARTESIAN_POINT('',(6.175063623073E2,4.175287594509E2,
-1.515824502955E-11));
#3794=CARTESIAN_POINT('',(6.195892142769E2,4.168457190470E2,
-1.515824502955E-11));
#3795=CARTESIAN_POINT('',(6.195892142769E2,4.191140883989E2,
-1.515824502955E-11));
#3796=CARTESIAN_POINT('',(6.198927851412E2,4.191140883989E2,
-1.515824502955E-11));
#3797=CARTESIAN_POINT('',(6.198927851412E2,4.181865023820E2,
-1.515824502955E-11));
#3798=CARTESIAN_POINT('',(6.210649149832E2,4.181865023820E2,
-1.515824502955E-11));
#3799=CARTESIAN_POINT('',(6.210649149832E2,4.191140883989E2,
-1.515824502955E-11));
#3800=CARTESIAN_POINT('',(6.213684953823E2,4.191140883989E2,
-1.515824502955E-11));
#3801=CARTESIAN_POINT('',(6.213684953823E2,4.168457190470E2,
-1.515824502955E-11));
#3802=CARTESIAN_POINT('',(6.210649149832E2,4.168457190470E2,
-1.515824502955E-11));
#3803=CARTESIAN_POINT('',(6.210649149832E2,4.179166589983E2,
-1.515824502955E-11));
#3804=CARTESIAN_POINT('',(6.198927851412E2,4.179166589983E2,
-1.515824502955E-11));
#3805=CARTESIAN_POINT('',(6.198927851412E2,4.168457190470E2,
-1.515824502955E-11));
#3806=CARTESIAN_POINT('',(6.195892142769E2,4.168457190470E2,
-1.515824502955E-11));
#3808=CARTESIAN_POINT('',(6.227514409732E2,4.168457190470E2,
-1.515824502955E-11));
#3809=CARTESIAN_POINT('',(6.227514409732E2,4.191140883989E2,
-1.515824502955E-11));
#3810=CARTESIAN_POINT('',(6.235272353006E2,4.191140883989E2,
-1.515824502955E-11));
#3811=CARTESIAN_POINT('',(6.235862656173E2,4.191056557093E2,
-1.515824502955E-11));
#3812=CARTESIAN_POINT('',(6.236452959339E2,4.191056557093E2,
-1.515824502955E-11));
#3813=CARTESIAN_POINT('',(6.237043262505E2,4.191056557093E2,
-1.515824502955E-11));
#3814=CARTESIAN_POINT('',(6.237549182163E2,4.191056557093E2,
-1.515824502955E-11));
#3815=CARTESIAN_POINT('',(6.238055101820E2,4.190972230198E2,
-1.515824502955E-11));
#3816=CARTESIAN_POINT('',(6.238476733318E2,4.190887906282E2,
-1.515824502955E-11));
#3817=CARTESIAN_POINT('',(6.238898364815E2,4.190887906282E2,
-1.515824502955E-11));
#3818=CARTESIAN_POINT('',(6.239235708153E2,4.190803579386E2,
-1.515824502955E-11));
#3819=CARTESIAN_POINT('',(6.240163259308E2,4.190466274784E2,
-1.515824502955E-11));
#3820=CARTESIAN_POINT('',(6.241006522302E2,4.190128970182E2,
-1.515824502955E-11));
#3821=CARTESIAN_POINT('',(6.241849785297E2,4.189707341665E2,
-1.515824502955E-11));
#3822=CARTESIAN_POINT('',(6.242524376624E2,4.189117059356E2,
-1.515824502955E-11));
#3823=CARTESIAN_POINT('',(6.243367639619E2,4.188358126236E2,
-1.515824502955E-11));
#3824=CARTESIAN_POINT('',(6.244126614454E2,4.187430539325E2,
-1.515824502955E-11));
#3825=CARTESIAN_POINT('',(6.244716917620E2,4.186418628499E2,
-1.515824502955E-11));
#3826=CARTESIAN_POINT('',(6.245222837277E2,4.185238063881E2,
-1.515824502955E-11));
#3827=CARTESIAN_POINT('',(6.245644468775E2,4.184057499264E2,
-1.515824502955E-11));
#3828=CARTESIAN_POINT('',(6.245897428604E2,4.182708283835E2,
-1.515824502955E-11));
#3829=CARTESIAN_POINT('',(6.246066100272E2,4.181359068407E2,
-1.515824502955E-11));
#3830=CARTESIAN_POINT('',(6.246150388432E2,4.179841199187E2,
-1.515824502955E-11));
#3831=CARTESIAN_POINT('',(6.246066100272E2,4.178660634570E2,
-1.515824502955E-11));
#3832=CARTESIAN_POINT('',(6.245981812112E2,4.177480069953E2,
-1.515824502955E-11));
#3833=CARTESIAN_POINT('',(6.245813140443E2,4.176299508315E2,
-1.515824502955E-11));
#3834=CARTESIAN_POINT('',(6.245475797106E2,4.175287594509E2,
-1.515824502955E-11));
#3835=CARTESIAN_POINT('',(6.245222837277E2,4.174360007598E2,
-1.515824502955E-11));
#3836=CARTESIAN_POINT('',(6.244801205780E2,4.173516747583E2,
-1.515824502955E-11));
#3837=CARTESIAN_POINT('',(6.244379574282E2,4.172673487567E2,
-1.515824502955E-11));
#3838=CARTESIAN_POINT('',(6.243957942785E2,4.171998881343E2,
-1.515824502955E-11));
#3839=CARTESIAN_POINT('',(6.243452023127E2,4.171408599034E2,
-1.515824502955E-11));
#3840=CARTESIAN_POINT('',(6.243030391630E2,4.170818316725E2,
-1.515824502955E-11));
#3841=CARTESIAN_POINT('',(6.242440088464E2,4.170312361312E2,
-1.515824502955E-11));
#3842=CARTESIAN_POINT('',(6.241934168806E2,4.169975056710E2,
-1.515824502955E-11));
#3843=CARTESIAN_POINT('',(6.241343865640E2,4.169553428192E2,
-1.515824502955E-11));
#3844=CARTESIAN_POINT('',(6.240669274314E2,4.169300447506E2,
-1.515824502955E-11));
#3845=CARTESIAN_POINT('',(6.239994587639E2,4.169047469799E2,
-1.515824502955E-11));
#3846=CARTESIAN_POINT('',(6.239235708153E2,4.168794492093E2,
-1.515824502955E-11));
#3847=CARTESIAN_POINT('',(6.238392445158E2,4.168625838302E2,
-1.515824502955E-11));
#3848=CARTESIAN_POINT('',(6.237549182163E2,4.168541514386E2,
-1.515824502955E-11));
#3849=CARTESIAN_POINT('',(6.236621631008E2,4.168457190470E2,
-1.515824502955E-11));
#3850=CARTESIAN_POINT('',(6.235609696344E2,4.168457190470E2,
-1.515824502955E-11));
#3851=CARTESIAN_POINT('',(6.227514409732E2,4.168457190470E2,
-1.515824502955E-11));
#3853=CARTESIAN_POINT('',(6.230550118374E2,4.171155621328E2,
-1.515824502955E-11));
#3854=CARTESIAN_POINT('',(6.235272353006E2,4.171155621328E2,
-1.515824502955E-11));
#3855=CARTESIAN_POINT('',(6.236368575830E2,4.171155621328E2,
-1.515824502955E-11));
#3856=CARTESIAN_POINT('',(6.237296222334E2,4.171239948223E2,
-1.515824502955E-11));
#3857=CARTESIAN_POINT('',(6.238055101820E2,4.171324272139E2,
-1.515824502955E-11));
#3858=CARTESIAN_POINT('',(6.238729693146E2,4.171492925930E2,
-1.515824502955E-11));
#3859=CARTESIAN_POINT('',(6.239319996313E2,4.171745903636E2,
-1.515824502955E-11));
#3860=CARTESIAN_POINT('',(6.239910299479E2,4.171998881343E2,
-1.515824502955E-11));
#3861=CARTESIAN_POINT('',(6.240331930976E2,4.172336185945E2,
-1.515824502955E-11));
#3862=CARTESIAN_POINT('',(6.240753562474E2,4.172673487567E2,
-1.515824502955E-11));
#3863=CARTESIAN_POINT('',(6.241259482131E2,4.173263769876E2,
-1.515824502955E-11));
#3864=CARTESIAN_POINT('',(6.241681113629E2,4.173938379080E2,
-1.515824502955E-11));
#3865=CARTESIAN_POINT('',(6.242102745126E2,4.174697312200E2,
-1.515824502955E-11));
#3866=CARTESIAN_POINT('',(6.242440088464E2,4.175540572215E2,
-1.515824502955E-11));
#3867=CARTESIAN_POINT('',(6.242693048292E2,4.176552486022E2,
-1.515824502955E-11));
#3868=CARTESIAN_POINT('',(6.242861719961E2,4.177564396848E2,
-1.515824502955E-11));
#3869=CARTESIAN_POINT('',(6.242946008121E2,4.178660634570E2,
-1.515824502955E-11));
#3870=CARTESIAN_POINT('',(6.243030391630E2,4.179925526083E2,
-1.515824502955E-11));
#3871=CARTESIAN_POINT('',(6.242946008121E2,4.180768786098E2,
-1.515824502955E-11));
#3872=CARTESIAN_POINT('',(6.242946008121E2,4.181612046113E2,
-1.515824502955E-11));
#3873=CARTESIAN_POINT('',(6.242861719961E2,4.182370979233E2,
-1.515824502955E-11));
#3874=CARTESIAN_POINT('',(6.242693048292E2,4.183045588437E2,
-1.515824502955E-11));
#3875=CARTESIAN_POINT('',(6.242524376624E2,4.183720194662E2,
-1.515824502955E-11));
#3876=CARTESIAN_POINT('',(6.242355800304E2,4.184310476971E2,
-1.515824502955E-11));
#3877=CARTESIAN_POINT('',(6.242102745126E2,4.184900759279E2,
-1.515824502955E-11));
#3878=CARTESIAN_POINT('',(6.241849785297E2,4.185406714693E2,
-1.515824502955E-11));
#3879=CARTESIAN_POINT('',(6.241512537309E2,4.185828346190E2,
-1.515824502955E-11));
#3880=CARTESIAN_POINT('',(6.241259482131E2,4.186249974708E2,
-1.515824502955E-11));
#3881=CARTESIAN_POINT('',(6.240922234142E2,4.186671606205E2,
-1.515824502955E-11));
#3882=CARTESIAN_POINT('',(6.240584890805E2,4.187008907828E2,
-1.515824502955E-11));
#3883=CARTESIAN_POINT('',(6.240247642816E2,4.187261888514E2,
-1.515824502955E-11));
#3884=CARTESIAN_POINT('',(6.239826011319E2,4.187514866221E2,
-1.515824502955E-11));
#3885=CARTESIAN_POINT('',(6.239404379821E2,4.187767843927E2,
-1.515824502955E-11));
#3886=CARTESIAN_POINT('',(6.239067036484E2,4.187936494738E2,
-1.515824502955E-11));
#3887=CARTESIAN_POINT('',(6.238729693146E2,4.188020821634E2,
-1.515824502955E-11));
#3888=CARTESIAN_POINT('',(6.238392445158E2,4.188105148529E2,
-1.515824502955E-11));
#3889=CARTESIAN_POINT('',(6.237970813660E2,4.188189472445E2,
-1.515824502955E-11));
#3890=CARTESIAN_POINT('',(6.237464894003E2,4.188273799341E2,
-1.515824502955E-11));
#3891=CARTESIAN_POINT('',(6.236958878996E2,4.188358126236E2,
-1.515824502955E-11));
#3892=CARTESIAN_POINT('',(6.236452959339E2,4.188358126236E2,
-1.515824502955E-11));
#3893=CARTESIAN_POINT('',(6.235862656173E2,4.188358126236E2,
-1.515824502955E-11));
#3894=CARTESIAN_POINT('',(6.235188064846E2,4.188442450152E2,
-1.515824502955E-11));
#3895=CARTESIAN_POINT('',(6.230550118374E2,4.188442450152E2,
-1.515824502955E-11));
#3896=CARTESIAN_POINT('',(6.230550118374E2,4.171155621328E2,
-1.515824502955E-11));
#3898=CARTESIAN_POINT('',(6.250366703407E2,4.168457190470E2,
-1.515824502955E-11));
#3899=CARTESIAN_POINT('',(6.250366703407E2,4.191140883989E2,
-1.515824502955E-11));
#3900=CARTESIAN_POINT('',(6.260401475838E2,4.191140883989E2,
-1.515824502955E-11));
#3901=CARTESIAN_POINT('',(6.261076162513E2,4.191056557093E2,
-1.515824502955E-11));
#3902=CARTESIAN_POINT('',(6.261750753839E2,4.191056557093E2,
-1.515824502955E-11));
#3903=CARTESIAN_POINT('',(6.262425345165E2,4.190972230198E2,
-1.515824502955E-11));
#3904=CARTESIAN_POINT('',(6.263015648332E2,4.190972230198E2,
-1.515824502955E-11));
#3905=CARTESIAN_POINT('',(6.263521567989E2,4.190887906282E2,
-1.515824502955E-11));
#3906=CARTESIAN_POINT('',(6.264027582995E2,4.190719252491E2,
-1.515824502955E-11));
#3907=CARTESIAN_POINT('',(6.264533502653E2,4.190634928575E2,
-1.515824502955E-11));
#3908=CARTESIAN_POINT('',(6.264955134150E2,4.190466274784E2,
-1.515824502955E-11));
#3909=CARTESIAN_POINT('',(6.265714013637E2,4.190128970182E2,
-1.515824502955E-11));
#3910=CARTESIAN_POINT('',(6.266304316803E2,4.189623014769E2,
-1.515824502955E-11));
#3911=CARTESIAN_POINT('',(6.266894619969E2,4.189032732460E2,
-1.515824502955E-11));
#3912=CARTESIAN_POINT('',(6.267400539626E2,4.188358126236E2,
-1.515824502955E-11));
#3913=CARTESIAN_POINT('',(6.267822171124E2,4.187514866221E2,
-1.515824502955E-11));
#3914=CARTESIAN_POINT('',(6.268159514461E2,4.186671606205E2,
-1.515824502955E-11));
#3915=CARTESIAN_POINT('',(6.268328186130E2,4.185828346190E2,
-1.515824502955E-11));
#3916=CARTESIAN_POINT('',(6.268412474290E2,4.184900759279E2,
-1.515824502955E-11));
#3917=CARTESIAN_POINT('',(6.268328186130E2,4.184310476971E2,
-1.515824502955E-11));
#3918=CARTESIAN_POINT('',(6.268243802621E2,4.183720194662E2,
-1.515824502955E-11));
#3919=CARTESIAN_POINT('',(6.268159514461E2,4.183214239249E2,
-1.515824502955E-11));
#3920=CARTESIAN_POINT('',(6.267990842793E2,4.182623956940E2,
-1.515824502955E-11));
#3921=CARTESIAN_POINT('',(6.267737882964E2,4.182202328422E2,
-1.515824502955E-11));
#3922=CARTESIAN_POINT('',(6.267484923135E2,4.181696370029E2,
-1.515824502955E-11));
#3923=CARTESIAN_POINT('',(6.267147579798E2,4.181274741511E2,
-1.515824502955E-11));
#3924=CARTESIAN_POINT('',(6.266810331809E2,4.180853110014E2,
-1.515824502955E-11));
#3925=CARTESIAN_POINT('',(6.266388700311E2,4.180431481496E2,
-1.515824502955E-11));
#3926=CARTESIAN_POINT('',(6.265967068814E2,4.180094176894E2,
-1.515824502955E-11));
#3927=CARTESIAN_POINT('',(6.265461053808E2,4.179756872292E2,
-1.515824502955E-11));
#3928=CARTESIAN_POINT('',(6.264870750642E2,4.179419567690E2,
-1.515824502955E-11));
#3929=CARTESIAN_POINT('',(6.264196159315E2,4.179250916879E2,
-1.515824502955E-11));
#3930=CARTESIAN_POINT('',(6.263521567989E2,4.178997939172E2,
-1.515824502955E-11));
#3931=CARTESIAN_POINT('',(6.262846976663E2,4.178829288361E2,
-1.515824502955E-11));
#3932=CARTESIAN_POINT('',(6.262003713668E2,4.178744961465E2,
-1.515824502955E-11));
#3933=CARTESIAN_POINT('',(6.262594016834E2,4.178407656863E2,
-1.515824502955E-11));
#3934=CARTESIAN_POINT('',(6.263099936492E2,4.178154679157E2,
-1.515824502955E-11));
#3935=CARTESIAN_POINT('',(6.263521567989E2,4.177817374555E2,
-1.515824502955E-11));
#3936=CARTESIAN_POINT('',(6.263858911327E2,4.177564396848E2,
-1.515824502955E-11));
#3937=CARTESIAN_POINT('',(6.264449214493E2,4.176974114539E2,
-1.515824502955E-11));
#3938=CARTESIAN_POINT('',(6.265123805819E2,4.176215181419E2,
-1.515824502955E-11));
#3939=CARTESIAN_POINT('',(6.265714013637E2,4.175456248300E2,
-1.515824502955E-11));
#3940=CARTESIAN_POINT('',(6.266304316803E2,4.174528661389E2,
-1.515824502955E-11));
#3941=CARTESIAN_POINT('',(6.270183288440E2,4.168457190470E2,
-1.515824502955E-11));
#3942=CARTESIAN_POINT('',(6.266472988471E2,4.168457190470E2,
-1.515824502955E-11));
#3943=CARTESIAN_POINT('',(6.263521567989E2,4.173095119065E2,
-1.515824502955E-11));
#3944=CARTESIAN_POINT('',(6.262846976663E2,4.174107029891E2,
-1.515824502955E-11));
#3945=CARTESIAN_POINT('',(6.262341057005E2,4.174950289907E2,
-1.515824502955E-11));
#3946=CARTESIAN_POINT('',(6.261835041999E2,4.175624899111E2,
-1.515824502955E-11));
#3947=CARTESIAN_POINT('',(6.261329122342E2,4.176215181419E2,
-1.515824502955E-11));
#3948=CARTESIAN_POINT('',(6.260907490844E2,4.176721136833E2,
-1.515824502955E-11));
#3949=CARTESIAN_POINT('',(6.260570147507E2,4.177142768330E2,
-1.515824502955E-11));
#3950=CARTESIAN_POINT('',(6.260148516009E2,4.177480069953E2,
-1.515824502955E-11));
#3951=CARTESIAN_POINT('',(6.259811268020E2,4.177733047659E2,
-1.515824502955E-11));
#3952=CARTESIAN_POINT('',(6.259136676694E2,4.178070352261E2,
-1.515824502955E-11));
#3953=CARTESIAN_POINT('',(6.258461990019E2,4.178323329968E2,
-1.515824502955E-11));
#3954=CARTESIAN_POINT('',(6.258209030191E2,4.178407656863E2,
-1.515824502955E-11));
#3955=CARTESIAN_POINT('',(6.257787398693E2,4.178407656863E2,
-1.515824502955E-11));
#3956=CARTESIAN_POINT('',(6.257365767196E2,4.178407656863E2,
-1.515824502955E-11));
#3957=CARTESIAN_POINT('',(6.256775464029E2,4.178491983759E2,
-1.515824502955E-11));
#3958=CARTESIAN_POINT('',(6.253402507398E2,4.178491983759E2,
-1.515824502955E-11));
#3959=CARTESIAN_POINT('',(6.253402507398E2,4.168457190470E2,
-1.515824502955E-11));
#3960=CARTESIAN_POINT('',(6.250366703407E2,4.168457190470E2,
-1.515824502955E-11));
#3962=CARTESIAN_POINT('',(6.253402507398E2,4.181190414616E2,
-1.515824502955E-11));
#3963=CARTESIAN_POINT('',(6.259726884512E2,4.181190414616E2,
-1.515824502955E-11));
#3964=CARTESIAN_POINT('',(6.260738819175E2,4.181190414616E2,
-1.515824502955E-11));
#3965=CARTESIAN_POINT('',(6.261582082170E2,4.181274741511E2,
-1.515824502955E-11));
#3966=CARTESIAN_POINT('',(6.262341057005E2,4.181359068407E2,
-1.515824502955E-11));
#3967=CARTESIAN_POINT('',(6.262931264823E2,4.181527719218E2,
-1.515824502955E-11));
#3968=CARTESIAN_POINT('',(6.263437279829E2,4.181780696925E2,
-1.515824502955E-11));
#3969=CARTESIAN_POINT('',(6.263943199487E2,4.182118001527E2,
-1.515824502955E-11));
#3970=CARTESIAN_POINT('',(6.264364830984E2,4.182455306129E2,
-1.515824502955E-11));
#3971=CARTESIAN_POINT('',(6.264702174321E2,4.182876934647E2,
-1.515824502955E-11));
#3972=CARTESIAN_POINT('',(6.264955134150E2,4.183382890060E2,
-1.515824502955E-11));
#3973=CARTESIAN_POINT('',(6.265123805819E2,4.183888848453E2,
-1.515824502955E-11));
#3974=CARTESIAN_POINT('',(6.265208093979E2,4.184394803866E2,
-1.515824502955E-11));
#3975=CARTESIAN_POINT('',(6.265292382139E2,4.184900759279E2,
-1.515824502955E-11));
#3976=CARTESIAN_POINT('',(6.265208093979E2,4.185322387797E2,
-1.515824502955E-11));
#3977=CARTESIAN_POINT('',(6.265208093979E2,4.185659692399E2,
-1.515824502955E-11));
#3978=CARTESIAN_POINT('',(6.265123805819E2,4.186081323897E2,
-1.515824502955E-11));
#3979=CARTESIAN_POINT('',(6.264955134150E2,4.186418628499E2,
-1.515824502955E-11));
#3980=CARTESIAN_POINT('',(6.264786462482E2,4.186671606205E2,
-1.515824502955E-11));
#3981=CARTESIAN_POINT('',(6.264617790813E2,4.187008907828E2,
-1.515824502955E-11));
#3982=CARTESIAN_POINT('',(6.264364830984E2,4.187261888514E2,
-1.515824502955E-11));
#3983=CARTESIAN_POINT('',(6.264111871155E2,4.187514866221E2,
-1.515824502955E-11));
#3984=CARTESIAN_POINT('',(6.263774527818E2,4.187767843927E2,
-1.515824502955E-11));
#3985=CARTESIAN_POINT('',(6.263437279829E2,4.188020821634E2,
-1.515824502955E-11));
#3986=CARTESIAN_POINT('',(6.263099936492E2,4.188189472445E2,
-1.515824502955E-11));
#3987=CARTESIAN_POINT('',(6.262594016834E2,4.188273799341E2,
-1.515824502955E-11));
#3988=CARTESIAN_POINT('',(6.262172385337E2,4.188442450152E2,
-1.515824502955E-11));
#3989=CARTESIAN_POINT('',(6.261666370330E2,4.188526777047E2,
-1.515824502955E-11));
#3990=CARTESIAN_POINT('',(6.261076162513E2,4.188526777047E2,
-1.515824502955E-11));
#3991=CARTESIAN_POINT('',(6.260485859347E2,4.188611103943E2,
-1.515824502955E-11));
#3992=CARTESIAN_POINT('',(6.253402507398E2,4.188611103943E2,
-1.515824502955E-11));
#3993=CARTESIAN_POINT('',(6.253402507398E2,4.181190414616E2,
-1.515824502955E-11));
#3995=CARTESIAN_POINT('',(6.273556340420E2,4.168457190470E2,
-1.515824502955E-11));
#3996=CARTESIAN_POINT('',(6.273556340420E2,4.191140883989E2,
-1.515824502955E-11));
#3997=CARTESIAN_POINT('',(6.276592144411E2,4.191140883989E2,
-1.515824502955E-11));
#3998=CARTESIAN_POINT('',(6.276592144411E2,4.168457190470E2,
-1.515824502955E-11));
#3999=CARTESIAN_POINT('',(6.273556340420E2,4.168457190470E2,
-1.515824502955E-11));
#4001=CARTESIAN_POINT('',(6.281736010541E2,4.168457190470E2,
-1.515824502955E-11));
#4002=CARTESIAN_POINT('',(6.281736010541E2,4.191140883989E2,
-1.515824502955E-11));
#4003=CARTESIAN_POINT('',(6.284771719183E2,4.191140883989E2,
-1.515824502955E-11));
#4004=CARTESIAN_POINT('',(6.284771719183E2,4.171155621328E2,
-1.515824502955E-11));
#4005=CARTESIAN_POINT('',(6.295987097947E2,4.171155621328E2,
-1.515824502955E-11));
#4006=CARTESIAN_POINT('',(6.295987097947E2,4.168457190470E2,
-1.515824502955E-11));
#4007=CARTESIAN_POINT('',(6.281736010541E2,4.168457190470E2,
-1.515824502955E-11));
#4009=CARTESIAN_POINT('',(6.299360149926E2,4.168457190470E2,
-1.515824502955E-11));
#4010=CARTESIAN_POINT('',(6.299360149926E2,4.191140883989E2,
-1.515824502955E-11));
#4011=CARTESIAN_POINT('',(6.302395858569E2,4.191140883989E2,
-1.515824502955E-11));
#4012=CARTESIAN_POINT('',(6.302395858569E2,4.171155621328E2,
-1.515824502955E-11));
#4013=CARTESIAN_POINT('',(6.313611237332E2,4.171155621328E2,
-1.515824502955E-11));
#4014=CARTESIAN_POINT('',(6.313611237332E2,4.168457190470E2,
-1.515824502955E-11));
#4015=CARTESIAN_POINT('',(6.299360149926E2,4.168457190470E2,
-1.515824502955E-11));
#4017=CARTESIAN_POINT('',(5.973608818226E2,4.137130081050E2,
-1.515824502955E-11));
#4018=CARTESIAN_POINT('',(5.973608818226E2,4.134431644234E2,
-1.515824502955E-11));
#4019=CARTESIAN_POINT('',(5.958598755985E2,4.134431644234E2,
-1.515824502955E-11));
#4020=CARTESIAN_POINT('',(5.958598755985E2,4.134853275731E2,
-1.515824502955E-11));
#4021=CARTESIAN_POINT('',(5.958598755985E2,4.135359231145E2,
-1.515824502955E-11));
#4022=CARTESIAN_POINT('',(5.958767427654E2,4.135865186558E2,
-1.515824502955E-11));
#4023=CARTESIAN_POINT('',(5.958851715814E2,4.136286818055E2,
-1.515824502955E-11));
#4024=CARTESIAN_POINT('',(5.959189059151E2,4.137130081050E2,
-1.515824502955E-11));
#4025=CARTESIAN_POINT('',(5.959610690649E2,4.137889014170E2,
-1.515824502955E-11));
#4026=CARTESIAN_POINT('',(5.960116610306E2,4.138563623374E2,
-1.515824502955E-11));
#4027=CARTESIAN_POINT('',(5.960706913472E2,4.139322556494E2,
-1.515824502955E-11));
#4028=CARTESIAN_POINT('',(5.961381504799E2,4.140081489614E2,
-1.515824502955E-11));
#4029=CARTESIAN_POINT('',(5.962224767794E2,4.140924746650E2,
-1.515824502955E-11));
#4030=CARTESIAN_POINT('',(5.963236702457E2,4.141852333561E2,
-1.515824502955E-11));
#4031=CARTESIAN_POINT('',(5.964332925281E2,4.142779920471E2,
-1.515824502955E-11));
#4032=CARTESIAN_POINT('',(5.965260476436E2,4.143538853591E2,
-1.515824502955E-11));
#4033=CARTESIAN_POINT('',(5.966103739431E2,4.144213462795E2,
-1.515824502955E-11));
#4034=CARTESIAN_POINT('',(5.966778426106E2,4.144888071999E2,
-1.515824502955E-11));
#4035=CARTESIAN_POINT('',(5.967453017432E2,4.145478351328E2,
-1.515824502955E-11));
#4036=CARTESIAN_POINT('',(5.968043225250E2,4.146068636617E2,
-1.515824502955E-11));
#4037=CARTESIAN_POINT('',(5.968633528416E2,4.146658915946E2,
-1.515824502955E-11));
#4038=CARTESIAN_POINT('',(5.969055159913E2,4.147164871359E2,
-1.515824502955E-11));
#4039=CARTESIAN_POINT('',(5.969392503251E2,4.147586502857E2,
-1.515824502955E-11));
#4040=CARTESIAN_POINT('',(5.969729751240E2,4.148008134354E2,
-1.515824502955E-11));
#4041=CARTESIAN_POINT('',(5.969982806417E2,4.148429765851E2,
-1.515824502955E-11));
#4042=CARTESIAN_POINT('',(5.970235766246E2,4.148935721265E2,
-1.515824502955E-11));
#4043=CARTESIAN_POINT('',(5.970404437914E2,4.149357346803E2,
-1.515824502955E-11));
#4044=CARTESIAN_POINT('',(5.970573014235E2,4.149694654385E2,
-1.515824502955E-11));
#4045=CARTESIAN_POINT('',(5.970741685903E2,4.150116285882E2,
-1.515824502955E-11));
#4046=CARTESIAN_POINT('',(5.970741685903E2,4.150537911420E2,
-1.515824502955E-11));
#4047=CARTESIAN_POINT('',(5.970826069412E2,4.150959542918E2,
-1.515824502955E-11));
#4048=CARTESIAN_POINT('',(5.970741685903E2,4.151381174415E2,
-1.515824502955E-11));
#4049=CARTESIAN_POINT('',(5.970741685903E2,4.151718476038E2,
-1.515824502955E-11));
#4050=CARTESIAN_POINT('',(5.970573014235E2,4.152140107535E2,
-1.515824502955E-11));
#4051=CARTESIAN_POINT('',(5.970488726075E2,4.152477409158E2,
-1.515824502955E-11));
#4052=CARTESIAN_POINT('',(5.970320054406E2,4.152814716739E2,
-1.515824502955E-11));
#4053=CARTESIAN_POINT('',(5.970067094577E2,4.153152018362E2,
-1.515824502955E-11));
#4054=CARTESIAN_POINT('',(5.969814134748E2,4.153489325943E2,
-1.515824502955E-11));
#4055=CARTESIAN_POINT('',(5.969561174919E2,4.153742303650E2,
-1.515824502955E-11));
#4056=CARTESIAN_POINT('',(5.969223831582E2,4.153995281357E2,
-1.515824502955E-11));
#4057=CARTESIAN_POINT('',(5.968886488245E2,4.154248259063E2,
-1.515824502955E-11));
#4058=CARTESIAN_POINT('',(5.968549240256E2,4.154416906895E2,
-1.515824502955E-11));
#4059=CARTESIAN_POINT('',(5.968211896918E2,4.154585560686E2,
-1.515824502955E-11));
#4060=CARTESIAN_POINT('',(5.967790265421E2,4.154754214477E2,
-1.515824502955E-11));
#4061=CARTESIAN_POINT('',(5.967368633923E2,4.154838538392E2,
-1.515824502955E-11));
#4062=CARTESIAN_POINT('',(5.966862714266E2,4.154838538392E2,
-1.515824502955E-11));
#4063=CARTESIAN_POINT('',(5.966441082768E2,4.154922868267E2,
-1.515824502955E-11));
#4064=CARTESIAN_POINT('',(5.965935163111E2,4.154838538392E2,
-1.515824502955E-11));
#4065=CARTESIAN_POINT('',(5.965429148105E2,4.154838538392E2,
-1.515824502955E-11));
#4066=CARTESIAN_POINT('',(5.965007516607E2,4.154669884601E2,
-1.515824502955E-11));
#4067=CARTESIAN_POINT('',(5.964585885110E2,4.154585560686E2,
-1.515824502955E-11));
#4068=CARTESIAN_POINT('',(5.964164253612E2,4.154416906895E2,
-1.515824502955E-11));
#4069=CARTESIAN_POINT('',(5.963742622115E2,4.154163929188E2,
-1.515824502955E-11));
#4070=CARTESIAN_POINT('',(5.963405374126E2,4.153910951482E2,
-1.515824502955E-11));
#4071=CARTESIAN_POINT('',(5.963068030789E2,4.153657973775E2,
-1.515824502955E-11));
#4072=CARTESIAN_POINT('',(5.962815070960E2,4.153320672153E2,
-1.515824502955E-11));
#4073=CARTESIAN_POINT('',(5.962562111131E2,4.152983364571E2,
-1.515824502955E-11));
#4074=CARTESIAN_POINT('',(5.962309055954E2,4.152561739033E2,
-1.515824502955E-11));
#4075=CARTESIAN_POINT('',(5.962140479634E2,4.152224431451E2,
-1.515824502955E-11));
#4076=CARTESIAN_POINT('',(5.962056096125E2,4.151718476038E2,
-1.515824502955E-11));
#4077=CARTESIAN_POINT('',(5.961971807965E2,4.151296844540E2,
-1.515824502955E-11));
#4078=CARTESIAN_POINT('',(5.961887424456E2,4.150790889127E2,
-1.515824502955E-11));
#4079=CARTESIAN_POINT('',(5.961887424456E2,4.150284933714E2,
-1.515824502955E-11));
#4080=CARTESIAN_POINT('',(5.959104675643E2,4.150622241295E2,
-1.515824502955E-11));
#4081=CARTESIAN_POINT('',(5.959189059151E2,4.151381174415E2,
-1.515824502955E-11));
#4082=CARTESIAN_POINT('',(5.959273347311E2,4.152055783619E2,
-1.515824502955E-11));
#4083=CARTESIAN_POINT('',(5.959526307140E2,4.152814716739E2,
-1.515824502955E-11));
#4084=CARTESIAN_POINT('',(5.959779362317E2,4.153404996068E2,
-1.515824502955E-11));
#4085=CARTESIAN_POINT('',(5.960032322146E2,4.153995281357E2,
-1.515824502955E-11));
#4086=CARTESIAN_POINT('',(5.960453953644E2,4.154501236770E2,
-1.515824502955E-11));
#4087=CARTESIAN_POINT('',(5.960791201632E2,4.155007192183E2,
-1.515824502955E-11));
#4088=CARTESIAN_POINT('',(5.961297216639E2,4.155513147596E2,
-1.515824502955E-11));
#4089=CARTESIAN_POINT('',(5.961803136296E2,4.155850449219E2,
-1.515824502955E-11));
#4090=CARTESIAN_POINT('',(5.962309055954E2,4.156187756801E2,
-1.515824502955E-11));
#4091=CARTESIAN_POINT('',(5.962899359120E2,4.156525058423E2,
-1.515824502955E-11));
#4092=CARTESIAN_POINT('',(5.963573950446E2,4.156778036130E2,
-1.515824502955E-11));
#4093=CARTESIAN_POINT('',(5.964248637121E2,4.156946689920E2,
-1.515824502955E-11));
#4094=CARTESIAN_POINT('',(5.964923228447E2,4.157031013836E2,
-1.515824502955E-11));
#4095=CARTESIAN_POINT('',(5.965682107934E2,4.157115343711E2,
-1.515824502955E-11));
#4096=CARTESIAN_POINT('',(5.966441082768E2,4.157199667627E2,
-1.515824502955E-11));
#4097=CARTESIAN_POINT('',(5.967284345763E2,4.157115343711E2,
-1.515824502955E-11));
#4098=CARTESIAN_POINT('',(5.968043225250E2,4.157031013836E2,
-1.515824502955E-11));
#4099=CARTESIAN_POINT('',(5.968717911925E2,4.156946689920E2,
-1.515824502955E-11));
#4100=CARTESIAN_POINT('',(5.969392503251E2,4.156693712214E2,
-1.515824502955E-11));
#4101=CARTESIAN_POINT('',(5.970067094577E2,4.156440734507E2,
-1.515824502955E-11));
#4102=CARTESIAN_POINT('',(5.970657397743E2,4.156103426925E2,
-1.515824502955E-11));
#4103=CARTESIAN_POINT('',(5.971163317401E2,4.155766125303E2,
-1.515824502955E-11));
#4104=CARTESIAN_POINT('',(5.971669332407E2,4.155344493806E2,
-1.515824502955E-11));
#4105=CARTESIAN_POINT('',(5.972090963904E2,4.154922868267E2,
-1.515824502955E-11));
#4106=CARTESIAN_POINT('',(5.972512595402E2,4.154416906895E2,
-1.515824502955E-11));
#4107=CARTESIAN_POINT('',(5.972849843391E2,4.153910951482E2,
-1.515824502955E-11));
#4108=CARTESIAN_POINT('',(5.973102803219E2,4.153320672153E2,
-1.515824502955E-11));
#4109=CARTESIAN_POINT('',(5.973271474888E2,4.152730386864E2,
-1.515824502955E-11));
#4110=CARTESIAN_POINT('',(5.973440146557E2,4.152140107535E2,
-1.515824502955E-11));
#4111=CARTESIAN_POINT('',(5.973524434717E2,4.151549828206E2,
-1.515824502955E-11));
#4112=CARTESIAN_POINT('',(5.973608818226E2,4.150875219002E2,
-1.515824502955E-11));
#4113=CARTESIAN_POINT('',(5.973524434717E2,4.150200609798E2,
-1.515824502955E-11));
#4114=CARTESIAN_POINT('',(5.973440146557E2,4.149526000594E2,
-1.515824502955E-11));
#4115=CARTESIAN_POINT('',(5.973271474888E2,4.148851391390E2,
-1.515824502955E-11));
#4116=CARTESIAN_POINT('',(5.973018515059E2,4.148176788145E2,
-1.515824502955E-11));
#4117=CARTESIAN_POINT('',(5.972681171722E2,4.147502178941E2,
-1.515824502955E-11));
#4118=CARTESIAN_POINT('',(5.972259540224E2,4.146827569737E2,
-1.515824502955E-11));
#4119=CARTESIAN_POINT('',(5.971753620567E2,4.146152960533E2,
-1.515824502955E-11));
#4120=CARTESIAN_POINT('',(5.971163317401E2,4.145478351328E2,
-1.515824502955E-11));
#4121=CARTESIAN_POINT('',(5.970826069412E2,4.145056725790E2,
-1.515824502955E-11));
#4122=CARTESIAN_POINT('',(5.970404437914E2,4.144635094293E2,
-1.515824502955E-11));
#4123=CARTESIAN_POINT('',(5.969898422908E2,4.144213462795E2,
-1.515824502955E-11));
#4124=CARTESIAN_POINT('',(5.969392503251E2,4.143707507382E2,
-1.515824502955E-11));
#4125=CARTESIAN_POINT('',(5.968886488245E2,4.143201551969E2,
-1.515824502955E-11));
#4126=CARTESIAN_POINT('',(5.968211896918E2,4.142611266680E2,
-1.515824502955E-11));
#4127=CARTESIAN_POINT('',(5.967537305592E2,4.142105311267E2,
-1.515824502955E-11));
#4128=CARTESIAN_POINT('',(5.966862714266E2,4.141430702063E2,
-1.515824502955E-11));
#4129=CARTESIAN_POINT('',(5.966272411100E2,4.140924746650E2,
-1.515824502955E-11));
#4130=CARTESIAN_POINT('',(5.965682107934E2,4.140503121112E2,
-1.515824502955E-11));
#4131=CARTESIAN_POINT('',(5.965176188276E2,4.140081489614E2,
-1.515824502955E-11));
#4132=CARTESIAN_POINT('',(5.964754556778E2,4.139659858117E2,
-1.515824502955E-11));
#4133=CARTESIAN_POINT('',(5.964417213441E2,4.139322556494E2,
-1.515824502955E-11));
#4134=CARTESIAN_POINT('',(5.964079965452E2,4.139069578788E2,
-1.515824502955E-11));
#4135=CARTESIAN_POINT('',(5.963827005623E2,4.138816601081E2,
-1.515824502955E-11));
#4136=CARTESIAN_POINT('',(5.963573950446E2,4.138563623374E2,
-1.515824502955E-11));
#4137=CARTESIAN_POINT('',(5.962899359120E2,4.137804684295E2,
-1.515824502955E-11));
#4138=CARTESIAN_POINT('',(5.962393439462E2,4.137130081050E2,
-1.515824502955E-11));
#4139=CARTESIAN_POINT('',(5.973608818226E2,4.137130081050E2,
-1.515824502955E-11));
#4141=CARTESIAN_POINT('',(5.978078093029E2,4.134431644234E2,
-1.515824502955E-11));
#4142=CARTESIAN_POINT('',(5.978078093029E2,4.137551706589E2,
-1.515824502955E-11));
#4143=CARTESIAN_POINT('',(5.981198089832E2,4.137551706589E2,
-1.515824502955E-11));
#4144=CARTESIAN_POINT('',(5.981198089832E2,4.134431644234E2,
-1.515824502955E-11));
#4145=CARTESIAN_POINT('',(5.978078093029E2,4.134431644234E2,
-1.515824502955E-11));
#4147=CARTESIAN_POINT('',(5.985414404806E2,4.140418791237E2,
-1.515824502955E-11));
#4148=CARTESIAN_POINT('',(5.988365825289E2,4.140671768943E2,
-1.515824502955E-11));
#4149=CARTESIAN_POINT('',(5.988450208797E2,4.140081489614E2,
-1.515824502955E-11));
#4150=CARTESIAN_POINT('',(5.988534496958E2,4.139659858117E2,
-1.515824502955E-11));
#4151=CARTESIAN_POINT('',(5.988703168626E2,4.139153902703E2,
-1.515824502955E-11));
#4152=CARTESIAN_POINT('',(5.988871744946E2,4.138732271206E2,
-1.515824502955E-11));
#4153=CARTESIAN_POINT('',(5.989040416615E2,4.138394969583E2,
-1.515824502955E-11));
#4154=CARTESIAN_POINT('',(5.989293376444E2,4.138057662002E2,
-1.515824502955E-11));
#4155=CARTESIAN_POINT('',(5.989546431621E2,4.137720360379E2,
-1.515824502955E-11));
#4156=CARTESIAN_POINT('',(5.989799391450E2,4.137383058757E2,
-1.515824502955E-11));
#4157=CARTESIAN_POINT('',(5.990136639439E2,4.137130081050E2,
-1.515824502955E-11));
#4158=CARTESIAN_POINT('',(5.990389694616E2,4.136961427259E2,
-1.515824502955E-11));
#4159=CARTESIAN_POINT('',(5.990726942605E2,4.136792773469E2,
-1.515824502955E-11));
#4160=CARTESIAN_POINT('',(5.991064285942E2,4.136624125637E2,
-1.515824502955E-11));
#4161=CARTESIAN_POINT('',(5.991485917440E2,4.136455471846E2,
-1.515824502955E-11));
#4162=CARTESIAN_POINT('',(5.991823165429E2,4.136371141971E2,
-1.515824502955E-11));
#4163=CARTESIAN_POINT('',(5.992244796926E2,4.136371141971E2,
-1.515824502955E-11));
#4164=CARTESIAN_POINT('',(5.992666428424E2,4.136371141971E2,
-1.515824502955E-11));
#4165=CARTESIAN_POINT('',(5.993172443430E2,4.136371141971E2,
-1.515824502955E-11));
#4166=CARTESIAN_POINT('',(5.993678363087E2,4.136455471846E2,
-1.515824502955E-11));
#4167=CARTESIAN_POINT('',(5.994099994585E2,4.136539795762E2,
-1.515824502955E-11));
#4168=CARTESIAN_POINT('',(5.994521626082E2,4.136708449553E2,
-1.515824502955E-11));
#4169=CARTESIAN_POINT('',(5.994943257580E2,4.136961427259E2,
-1.515824502955E-11));
#4170=CARTESIAN_POINT('',(5.995364889077E2,4.137214404966E2,
-1.515824502955E-11));
#4171=CARTESIAN_POINT('',(5.995702232415E2,4.137467382673E2,
-1.515824502955E-11));
#4172=CARTESIAN_POINT('',(5.996039480404E2,4.137889014170E2,
-1.515824502955E-11));
#4173=CARTESIAN_POINT('',(5.996376823741E2,4.138226315793E2,
-1.515824502955E-11));
#4174=CARTESIAN_POINT('',(5.996629783570E2,4.138647947290E2,
-1.515824502955E-11));
#4175=CARTESIAN_POINT('',(5.996882743398E2,4.139153902703E2,
-1.515824502955E-11));
#4176=CARTESIAN_POINT('',(5.997135703227E2,4.139659858117E2,
-1.515824502955E-11));
#4177=CARTESIAN_POINT('',(5.997220086736E2,4.140165813530E2,
-1.515824502955E-11));
#4178=CARTESIAN_POINT('',(5.997388758405E2,4.140671768943E2,
-1.515824502955E-11));
#4179=CARTESIAN_POINT('',(5.997388758405E2,4.141262054231E2,
-1.515824502955E-11));
#4180=CARTESIAN_POINT('',(5.997473046565E2,4.141852333561E2,
-1.515824502955E-11));
#4181=CARTESIAN_POINT('',(5.997388758405E2,4.142442618849E2,
-1.515824502955E-11));
#4182=CARTESIAN_POINT('',(5.997388758405E2,4.143032898178E2,
-1.515824502955E-11));
#4183=CARTESIAN_POINT('',(5.997220086736E2,4.143538853591E2,
-1.515824502955E-11));
#4184=CARTESIAN_POINT('',(5.997135703227E2,4.144044809004E2,
-1.515824502955E-11));
#4185=CARTESIAN_POINT('',(5.996882743398E2,4.144466440502E2,
-1.515824502955E-11));
#4186=CARTESIAN_POINT('',(5.996714071730E2,4.144888071999E2,
-1.515824502955E-11));
#4187=CARTESIAN_POINT('',(5.996461111901E2,4.145309703497E2,
-1.515824502955E-11));
#4188=CARTESIAN_POINT('',(5.996123863912E2,4.145647005119E2,
-1.515824502955E-11));
#4189=CARTESIAN_POINT('',(5.995786520575E2,4.145984306742E2,
-1.515824502955E-11));
#4190=CARTESIAN_POINT('',(5.995449177237E2,4.146237284448E2,
-1.515824502955E-11));
#4191=CARTESIAN_POINT('',(5.995027545740E2,4.146490268114E2,
-1.515824502955E-11));
#4192=CARTESIAN_POINT('',(5.994605914242E2,4.146658915946E2,
-1.515824502955E-11));
#4193=CARTESIAN_POINT('',(5.994184378093E2,4.146827569737E2,
-1.515824502955E-11));
#4194=CARTESIAN_POINT('',(5.993678363087E2,4.146911893652E2,
-1.515824502955E-11));
#4195=CARTESIAN_POINT('',(5.993172443430E2,4.146996223527E2,
-1.515824502955E-11));
#4196=CARTESIAN_POINT('',(5.992582140264E2,4.147080547443E2,
-1.515824502955E-11));
#4197=CARTESIAN_POINT('',(5.991907548937E2,4.146996223527E2,
-1.515824502955E-11));
#4198=CARTESIAN_POINT('',(5.991317245771E2,4.146911893652E2,
-1.515824502955E-11));
#4199=CARTESIAN_POINT('',(5.990726942605E2,4.146658915946E2,
-1.515824502955E-11));
#4200=CARTESIAN_POINT('',(5.990136639439E2,4.146405938239E2,
-1.515824502955E-11));
#4201=CARTESIAN_POINT('',(5.989630719781E2,4.146068636617E2,
-1.515824502955E-11));
#4202=CARTESIAN_POINT('',(5.989209088284E2,4.145731329035E2,
-1.515824502955E-11));
#4203=CARTESIAN_POINT('',(5.988787456786E2,4.145309703497E2,
-1.515824502955E-11));
#4204=CARTESIAN_POINT('',(5.988534496958E2,4.144888071999E2,
-1.515824502955E-11));
#4205=CARTESIAN_POINT('',(5.985920419813E2,4.145225373622E2,
-1.515824502955E-11));
#4206=CARTESIAN_POINT('',(5.988112865460E2,4.156862366005E2,
-1.515824502955E-11));
#4207=CARTESIAN_POINT('',(5.999328244223E2,4.156862366005E2,
-1.515824502955E-11));
#4208=CARTESIAN_POINT('',(5.999328244223E2,4.154248259063E2,
-1.515824502955E-11));
#4209=CARTESIAN_POINT('',(5.990221022947E2,4.154248259063E2,
-1.515824502955E-11));
#4210=CARTESIAN_POINT('',(5.989040416615E2,4.148092458270E2,
-1.515824502955E-11));
#4211=CARTESIAN_POINT('',(5.989546431621E2,4.148429765851E2,
-1.515824502955E-11));
#4212=CARTESIAN_POINT('',(5.990136639439E2,4.148682743558E2,
-1.515824502955E-11));
#4213=CARTESIAN_POINT('',(5.990642654445E2,4.148935721265E2,
-1.515824502955E-11));
#4214=CARTESIAN_POINT('',(5.991148574102E2,4.149104369096E2,
-1.515824502955E-11));
#4215=CARTESIAN_POINT('',(5.991654589109E2,4.149273022887E2,
-1.515824502955E-11));
#4216=CARTESIAN_POINT('',(5.992244796926E2,4.149357346803E2,
-1.515824502955E-11));
#4217=CARTESIAN_POINT('',(5.992750811932E2,4.149441676678E2,
-1.515824502955E-11));
#4218=CARTESIAN_POINT('',(5.993341115099E2,4.149526000594E2,
-1.515824502955E-11));
#4219=CARTESIAN_POINT('',(5.994099994585E2,4.149441676678E2,
-1.515824502955E-11));
#4220=CARTESIAN_POINT('',(5.994774585911E2,4.149357346803E2,
-1.515824502955E-11));
#4221=CARTESIAN_POINT('',(5.995449177237E2,4.149188698971E2,
-1.515824502955E-11));
#4222=CARTESIAN_POINT('',(5.996039480404E2,4.148935721265E2,
-1.515824502955E-11));
#4223=CARTESIAN_POINT('',(5.996714071730E2,4.148682743558E2,
-1.515824502955E-11));
#4224=CARTESIAN_POINT('',(5.997304374896E2,4.148345435976E2,
-1.515824502955E-11));
#4225=CARTESIAN_POINT('',(5.997810389902E2,4.147923804479E2,
-1.515824502955E-11));
#4226=CARTESIAN_POINT('',(5.998316309560E2,4.147417849066E2,
-1.515824502955E-11));
#4227=CARTESIAN_POINT('',(5.998822229217E2,4.146911893652E2,
-1.515824502955E-11));
#4228=CARTESIAN_POINT('',(5.999243860715E2,4.146321614323E2,
-1.515824502955E-11));
#4229=CARTESIAN_POINT('',(5.999581204052E2,4.145731329035E2,
-1.515824502955E-11));
#4230=CARTESIAN_POINT('',(5.999834163881E2,4.145056725790E2,
-1.515824502955E-11));
#4231=CARTESIAN_POINT('',(6.000087123710E2,4.144382116586E2,
-1.515824502955E-11));
#4232=CARTESIAN_POINT('',(6.000255795378E2,4.143707507382E2,
-1.515824502955E-11));
#4233=CARTESIAN_POINT('',(6.000340083538E2,4.142948574262E2,
-1.515824502955E-11));
#4234=CARTESIAN_POINT('',(6.000424467047E2,4.142105311267E2,
-1.515824502955E-11));
#4235=CARTESIAN_POINT('',(6.000340083538E2,4.141346378147E2,
-1.515824502955E-11));
#4236=CARTESIAN_POINT('',(6.000255795378E2,4.140671768943E2,
-1.515824502955E-11));
#4237=CARTESIAN_POINT('',(6.000171507218E2,4.139912835823E2,
-1.515824502955E-11));
#4238=CARTESIAN_POINT('',(5.999918452041E2,4.139238226619E2,
-1.515824502955E-11));
#4239=CARTESIAN_POINT('',(5.999665492212E2,4.138647947290E2,
-1.515824502955E-11));
#4240=CARTESIAN_POINT('',(5.999412532383E2,4.137973338086E2,
-1.515824502955E-11));
#4241=CARTESIAN_POINT('',(5.998990900886E2,4.137383058757E2,
-1.515824502955E-11));
#4242=CARTESIAN_POINT('',(5.998569269388E2,4.136792773469E2,
-1.515824502955E-11));
#4243=CARTESIAN_POINT('',(5.998063349731E2,4.136202494140E2,
-1.515824502955E-11));
#4244=CARTESIAN_POINT('',(5.997388758405E2,4.135612208851E2,
-1.515824502955E-11));
#4245=CARTESIAN_POINT('',(5.996714071730E2,4.135106253438E2,
-1.515824502955E-11));
#4246=CARTESIAN_POINT('',(5.996039480404E2,4.134768951816E2,
-1.515824502955E-11));
#4247=CARTESIAN_POINT('',(5.995280600917E2,4.134431644234E2,
-1.515824502955E-11));
#4248=CARTESIAN_POINT('',(5.994437337922E2,4.134347320318E2,
-1.515824502955E-11));
#4249=CARTESIAN_POINT('',(5.993594074927E2,4.134178666527E2,
-1.515824502955E-11));
#4250=CARTESIAN_POINT('',(5.992666428424E2,4.134094342611E2,
-1.515824502955E-11));
#4251=CARTESIAN_POINT('',(5.991907548937E2,4.134178666527E2,
-1.515824502955E-11));
#4252=CARTESIAN_POINT('',(5.991148574102E2,4.134262996402E2,
-1.515824502955E-11));
#4253=CARTESIAN_POINT('',(5.990473982776E2,4.134347320318E2,
-1.515824502955E-11));
#4254=CARTESIAN_POINT('',(5.989883679610E2,4.134515974109E2,
-1.515824502955E-11));
#4255=CARTESIAN_POINT('',(5.989209088284E2,4.134768951816E2,
-1.515824502955E-11));
#4256=CARTESIAN_POINT('',(5.988618785118E2,4.135021929522E2,
-1.515824502955E-11));
#4257=CARTESIAN_POINT('',(5.988112865460E2,4.135359231145E2,
-1.515824502955E-11));
#4258=CARTESIAN_POINT('',(5.987606945803E2,4.135780862642E2,
-1.515824502955E-11));
#4259=CARTESIAN_POINT('',(5.987100930796E2,4.136202494140E2,
-1.515824502955E-11));
#4260=CARTESIAN_POINT('',(5.986763682808E2,4.136708449553E2,
-1.515824502955E-11));
#4261=CARTESIAN_POINT('',(5.986342051310E2,4.137214404966E2,
-1.515824502955E-11));
#4262=CARTESIAN_POINT('',(5.986088996133E2,4.137804684295E2,
-1.515824502955E-11));
#4263=CARTESIAN_POINT('',(5.985836036304E2,4.138394969583E2,
-1.515824502955E-11));
#4264=CARTESIAN_POINT('',(5.985583076475E2,4.138985248913E2,
-1.515824502955E-11));
#4265=CARTESIAN_POINT('',(5.985498788315E2,4.139659858117E2,
-1.515824502955E-11));
#4266=CARTESIAN_POINT('',(5.985414404806E2,4.140418791237E2,
-1.515824502955E-11));
#4268=CARTESIAN_POINT('',(6.012989028463E2,4.134431644234E2,
-1.515824502955E-11));
#4269=CARTESIAN_POINT('',(6.012989028463E2,4.157115343711E2,
-1.515824502955E-11));
#4270=CARTESIAN_POINT('',(6.020747067086E2,4.157115343711E2,
-1.515824502955E-11));
#4271=CARTESIAN_POINT('',(6.021337274904E2,4.157031013836E2,
-1.515824502955E-11));
#4272=CARTESIAN_POINT('',(6.021927578070E2,4.157031013836E2,
-1.515824502955E-11));
#4273=CARTESIAN_POINT('',(6.022517881236E2,4.157031013836E2,
-1.515824502955E-11));
#4274=CARTESIAN_POINT('',(6.023023800894E2,4.157031013836E2,
-1.515824502955E-11));
#4275=CARTESIAN_POINT('',(6.023529815900E2,4.156946689920E2,
-1.515824502955E-11));
#4276=CARTESIAN_POINT('',(6.023951447397E2,4.156862366005E2,
-1.515824502955E-11));
#4277=CARTESIAN_POINT('',(6.024373078895E2,4.156862366005E2,
-1.515824502955E-11));
#4278=CARTESIAN_POINT('',(6.024710326884E2,4.156778036130E2,
-1.515824502955E-11));
#4279=CARTESIAN_POINT('',(6.025637973387E2,4.156440734507E2,
-1.515824502955E-11));
#4280=CARTESIAN_POINT('',(6.026481236382E2,4.156103426925E2,
-1.515824502955E-11));
#4281=CARTESIAN_POINT('',(6.027324404029E2,4.155681801387E2,
-1.515824502955E-11));
#4282=CARTESIAN_POINT('',(6.027999090703E2,4.155091516099E2,
-1.515824502955E-11));
#4283=CARTESIAN_POINT('',(6.028842353698E2,4.154332582979E2,
-1.515824502955E-11));
#4284=CARTESIAN_POINT('',(6.029601233185E2,4.153404996068E2,
-1.515824502955E-11));
#4285=CARTESIAN_POINT('',(6.030191536351E2,4.152393085242E2,
-1.515824502955E-11));
#4286=CARTESIAN_POINT('',(6.030697456008E2,4.151212520624E2,
-1.515824502955E-11));
#4287=CARTESIAN_POINT('',(6.031119087506E2,4.150031956007E2,
-1.515824502955E-11));
#4288=CARTESIAN_POINT('',(6.031372142683E2,4.148682743558E2,
-1.515824502955E-11));
#4289=CARTESIAN_POINT('',(6.031540719003E2,4.147333525150E2,
-1.515824502955E-11));
#4290=CARTESIAN_POINT('',(6.031625102512E2,4.145815658910E2,
-1.515824502955E-11));
#4291=CARTESIAN_POINT('',(6.031540719003E2,4.144635094293E2,
-1.515824502955E-11));
#4292=CARTESIAN_POINT('',(6.031456430843E2,4.143454529675E2,
-1.515824502955E-11));
#4293=CARTESIAN_POINT('',(6.031287759175E2,4.142273965058E2,
-1.515824502955E-11));
#4294=CARTESIAN_POINT('',(6.030950511186E2,4.141262054231E2,
-1.515824502955E-11));
#4295=CARTESIAN_POINT('',(6.030697456008E2,4.140334467321E2,
-1.515824502955E-11));
#4296=CARTESIAN_POINT('',(6.030275824511E2,4.139491204326E2,
-1.515824502955E-11));
#4297=CARTESIAN_POINT('',(6.029854193013E2,4.138647947290E2,
-1.515824502955E-11));
#4298=CARTESIAN_POINT('',(6.029432561516E2,4.137973338086E2,
-1.515824502955E-11));
#4299=CARTESIAN_POINT('',(6.028926641858E2,4.137383058757E2,
-1.515824502955E-11));
#4300=CARTESIAN_POINT('',(6.028505010361E2,4.136792773469E2,
-1.515824502955E-11));
#4301=CARTESIAN_POINT('',(6.027914707195E2,4.136286818055E2,
-1.515824502955E-11));
#4302=CARTESIAN_POINT('',(6.027408787537E2,4.135949516433E2,
-1.515824502955E-11));
#4303=CARTESIAN_POINT('',(6.026818484371E2,4.135527884935E2,
-1.515824502955E-11));
#4304=CARTESIAN_POINT('',(6.026143893045E2,4.135274907229E2,
-1.515824502955E-11));
#4305=CARTESIAN_POINT('',(6.025469301719E2,4.135021929522E2,
-1.515824502955E-11));
#4306=CARTESIAN_POINT('',(6.024710326884E2,4.134768951816E2,
-1.515824502955E-11));
#4307=CARTESIAN_POINT('',(6.023867063889E2,4.134600298025E2,
-1.515824502955E-11));
#4308=CARTESIAN_POINT('',(6.023023800894E2,4.134515974109E2,
-1.515824502955E-11));
#4309=CARTESIAN_POINT('',(6.022096249739E2,4.134431644234E2,
-1.515824502955E-11));
#4310=CARTESIAN_POINT('',(6.021084315075E2,4.134431644234E2,
-1.515824502955E-11));
#4311=CARTESIAN_POINT('',(6.012989028463E2,4.134431644234E2,
-1.515824502955E-11));
#4313=CARTESIAN_POINT('',(6.016024737105E2,4.137130081050E2,
-1.515824502955E-11));
#4314=CARTESIAN_POINT('',(6.020747067086E2,4.137130081050E2,
-1.515824502955E-11));
#4315=CARTESIAN_POINT('',(6.021843289910E2,4.137130081050E2,
-1.515824502955E-11));
#4316=CARTESIAN_POINT('',(6.022770841065E2,4.137214404966E2,
-1.515824502955E-11));
#4317=CARTESIAN_POINT('',(6.023529815900E2,4.137298728882E2,
-1.515824502955E-11));
#4318=CARTESIAN_POINT('',(6.024204407226E2,4.137467382673E2,
-1.515824502955E-11));
#4319=CARTESIAN_POINT('',(6.024794710392E2,4.137720360379E2,
-1.515824502955E-11));
#4320=CARTESIAN_POINT('',(6.025384918210E2,4.137973338086E2,
-1.515824502955E-11));
#4321=CARTESIAN_POINT('',(6.025806549707E2,4.138310645668E2,
-1.515824502955E-11));
#4322=CARTESIAN_POINT('',(6.026228181205E2,4.138647947290E2,
-1.515824502955E-11));
#4323=CARTESIAN_POINT('',(6.026734196211E2,4.139238226619E2,
-1.515824502955E-11));
#4324=CARTESIAN_POINT('',(6.027155827708E2,4.139912835823E2,
-1.515824502955E-11));
#4325=CARTESIAN_POINT('',(6.027577459206E2,4.140671768943E2,
-1.515824502955E-11));
#4326=CARTESIAN_POINT('',(6.027914707195E2,4.141515031938E2,
-1.515824502955E-11));
#4327=CARTESIAN_POINT('',(6.028167667024E2,4.142526942765E2,
-1.515824502955E-11));
#4328=CARTESIAN_POINT('',(6.028336338692E2,4.143538853591E2,
-1.515824502955E-11));
#4329=CARTESIAN_POINT('',(6.028420722201E2,4.144635094293E2,
-1.515824502955E-11));
#4330=CARTESIAN_POINT('',(6.028505010361E2,4.145899982826E2,
-1.515824502955E-11));
#4331=CARTESIAN_POINT('',(6.028420722201E2,4.146743245821E2,
-1.515824502955E-11));
#4332=CARTESIAN_POINT('',(6.028420722201E2,4.147586502857E2,
-1.515824502955E-11));
#4333=CARTESIAN_POINT('',(6.028336338692E2,4.148345435976E2,
-1.515824502955E-11));
#4334=CARTESIAN_POINT('',(6.028167667024E2,4.149020045181E2,
-1.515824502955E-11));
#4335=CARTESIAN_POINT('',(6.027999090703E2,4.149694654385E2,
-1.515824502955E-11));
#4336=CARTESIAN_POINT('',(6.027830419035E2,4.150284933714E2,
-1.515824502955E-11));
#4337=CARTESIAN_POINT('',(6.027577459206E2,4.150875219002E2,
-1.515824502955E-11));
#4338=CARTESIAN_POINT('',(6.027324404029E2,4.151381174415E2,
-1.515824502955E-11));
#4339=CARTESIAN_POINT('',(6.026987156040E2,4.151802805913E2,
-1.515824502955E-11));
#4340=CARTESIAN_POINT('',(6.026734196211E2,4.152224431451E2,
-1.515824502955E-11));
#4341=CARTESIAN_POINT('',(6.026396852874E2,4.152646062948E2,
-1.515824502955E-11));
#4342=CARTESIAN_POINT('',(6.026059604885E2,4.152983364571E2,
-1.515824502955E-11));
#4343=CARTESIAN_POINT('',(6.025722261547E2,4.153236348237E2,
-1.515824502955E-11));
#4344=CARTESIAN_POINT('',(6.025300630050E2,4.153489325943E2,
-1.515824502955E-11));
#4345=CARTESIAN_POINT('',(6.024878998552E2,4.153742303650E2,
-1.515824502955E-11));
#4346=CARTESIAN_POINT('',(6.024541655215E2,4.153910951482E2,
-1.515824502955E-11));
#4347=CARTESIAN_POINT('',(6.024204407226E2,4.153995281357E2,
-1.515824502955E-11));
#4348=CARTESIAN_POINT('',(6.023867063889E2,4.154079605272E2,
-1.515824502955E-11));
#4349=CARTESIAN_POINT('',(6.023445432391E2,4.154163929188E2,
-1.515824502955E-11));
#4350=CARTESIAN_POINT('',(6.022939512734E2,4.154248259063E2,
-1.515824502955E-11));
#4351=CARTESIAN_POINT('',(6.022433497728E2,4.154332582979E2,
-1.515824502955E-11));
#4352=CARTESIAN_POINT('',(6.021927578070E2,4.154332582979E2,
-1.515824502955E-11));
#4353=CARTESIAN_POINT('',(6.021337274904E2,4.154332582979E2,
-1.515824502955E-11));
#4354=CARTESIAN_POINT('',(6.020662683578E2,4.154416906895E2,
-1.515824502955E-11));
#4355=CARTESIAN_POINT('',(6.016024737105E2,4.154416906895E2,
-1.515824502955E-11));
#4356=CARTESIAN_POINT('',(6.016024737105E2,4.137130081050E2,
-1.515824502955E-11));
#4358=CARTESIAN_POINT('',(6.035841417487E2,4.134431644234E2,
-1.515824502955E-11));
#4359=CARTESIAN_POINT('',(6.035841417487E2,4.157115343711E2,
-1.515824502955E-11));
#4360=CARTESIAN_POINT('',(6.045876189918E2,4.157115343711E2,
-1.515824502955E-11));
#4361=CARTESIAN_POINT('',(6.046550781244E2,4.157031013836E2,
-1.515824502955E-11));
#4362=CARTESIAN_POINT('',(6.047225372570E2,4.157031013836E2,
-1.515824502955E-11));
#4363=CARTESIAN_POINT('',(6.047899963896E2,4.156946689920E2,
-1.515824502955E-11));
#4364=CARTESIAN_POINT('',(6.048490267063E2,4.156946689920E2,
-1.515824502955E-11));
#4365=CARTESIAN_POINT('',(6.048996186720E2,4.156862366005E2,
-1.515824502955E-11));
#4366=CARTESIAN_POINT('',(6.049502201726E2,4.156693712214E2,
-1.515824502955E-11));
#4367=CARTESIAN_POINT('',(6.050008121384E2,4.156609388298E2,
-1.515824502955E-11));
#4368=CARTESIAN_POINT('',(6.050429752881E2,4.156440734507E2,
-1.515824502955E-11));
#4369=CARTESIAN_POINT('',(6.051188727716E2,4.156103426925E2,
-1.515824502955E-11));
#4370=CARTESIAN_POINT('',(6.051779030882E2,4.155597471512E2,
-1.515824502955E-11));
#4371=CARTESIAN_POINT('',(6.052369238700E2,4.155007192183E2,
-1.515824502955E-11));
#4372=CARTESIAN_POINT('',(6.052875253706E2,4.154332582979E2,
-1.515824502955E-11));
#4373=CARTESIAN_POINT('',(6.053296885204E2,4.153489325943E2,
-1.515824502955E-11));
#4374=CARTESIAN_POINT('',(6.053634133192E2,4.152646062948E2,
-1.515824502955E-11));
#4375=CARTESIAN_POINT('',(6.053802804861E2,4.151802805913E2,
-1.515824502955E-11));
#4376=CARTESIAN_POINT('',(6.053887093021E2,4.150875219002E2,
-1.515824502955E-11));
#4377=CARTESIAN_POINT('',(6.053802804861E2,4.150284933714E2,
-1.515824502955E-11));
#4378=CARTESIAN_POINT('',(6.053718516701E2,4.149694654385E2,
-1.515824502955E-11));
#4379=CARTESIAN_POINT('',(6.053634133192E2,4.149188698971E2,
-1.515824502955E-11));
#4380=CARTESIAN_POINT('',(6.053465556872E2,4.148598413683E2,
-1.515824502955E-11));
#4381=CARTESIAN_POINT('',(6.053212501695E2,4.148176788145E2,
-1.515824502955E-11));
#4382=CARTESIAN_POINT('',(6.052959541866E2,4.147670826772E2,
-1.515824502955E-11));
#4383=CARTESIAN_POINT('',(6.052622293877E2,4.147249201234E2,
-1.515824502955E-11));
#4384=CARTESIAN_POINT('',(6.052284950540E2,4.146827569737E2,
-1.515824502955E-11));
#4385=CARTESIAN_POINT('',(6.051863319043E2,4.146405938239E2,
-1.515824502955E-11));
#4386=CARTESIAN_POINT('',(6.051441687545E2,4.146068636617E2,
-1.515824502955E-11));
#4387=CARTESIAN_POINT('',(6.050935767887E2,4.145731329035E2,
-1.515824502955E-11));
#4388=CARTESIAN_POINT('',(6.050345464721E2,4.145394027413E2,
-1.515824502955E-11));
#4389=CARTESIAN_POINT('',(6.049670873395E2,4.145225373622E2,
-1.515824502955E-11));
#4390=CARTESIAN_POINT('',(6.048996186720E2,4.144972395915E2,
-1.515824502955E-11));
#4391=CARTESIAN_POINT('',(6.048321595394E2,4.144803748084E2,
-1.515824502955E-11));
#4392=CARTESIAN_POINT('',(6.047478332399E2,4.144719418209E2,
-1.515824502955E-11));
#4393=CARTESIAN_POINT('',(6.048068635565E2,4.144382116586E2,
-1.515824502955E-11));
#4394=CARTESIAN_POINT('',(6.048574555223E2,4.144129138879E2,
-1.515824502955E-11));
#4395=CARTESIAN_POINT('',(6.048996186720E2,4.143791831298E2,
-1.515824502955E-11));
#4396=CARTESIAN_POINT('',(6.049333530058E2,4.143538853591E2,
-1.515824502955E-11));
#4397=CARTESIAN_POINT('',(6.049923833224E2,4.142948574262E2,
-1.515824502955E-11));
#4398=CARTESIAN_POINT('',(6.050598424550E2,4.142189641142E2,
-1.515824502955E-11));
#4399=CARTESIAN_POINT('',(6.051188727716E2,4.141430702063E2,
-1.515824502955E-11));
#4400=CARTESIAN_POINT('',(6.051779030882E2,4.140503121112E2,
-1.515824502955E-11));
#4401=CARTESIAN_POINT('',(6.055658002520E2,4.134431644234E2,
-1.515824502955E-11));
#4402=CARTESIAN_POINT('',(6.051947607203E2,4.134431644234E2,
-1.515824502955E-11));
#4403=CARTESIAN_POINT('',(6.048996186720E2,4.139069578788E2,
-1.515824502955E-11));
#4404=CARTESIAN_POINT('',(6.048321595394E2,4.140081489614E2,
-1.515824502955E-11));
#4405=CARTESIAN_POINT('',(6.047815675736E2,4.140924746650E2,
-1.515824502955E-11));
#4406=CARTESIAN_POINT('',(6.047309756079E2,4.141599355854E2,
-1.515824502955E-11));
#4407=CARTESIAN_POINT('',(6.046803741073E2,4.142189641142E2,
-1.515824502955E-11));
#4408=CARTESIAN_POINT('',(6.046382109575E2,4.142695596555E2,
-1.515824502955E-11));
#4409=CARTESIAN_POINT('',(6.046044861586E2,4.143117228053E2,
-1.515824502955E-11));
#4410=CARTESIAN_POINT('',(6.045623230089E2,4.143454529675E2,
-1.515824502955E-11));
#4411=CARTESIAN_POINT('',(6.045285886752E2,4.143707507382E2,
-1.515824502955E-11));
#4412=CARTESIAN_POINT('',(6.044611295425E2,4.144044809004E2,
-1.515824502955E-11));
#4413=CARTESIAN_POINT('',(6.043936704099E2,4.144297786711E2,
-1.515824502955E-11));
#4414=CARTESIAN_POINT('',(6.043683648922E2,4.144382116586E2,
-1.515824502955E-11));
#4415=CARTESIAN_POINT('',(6.043262017424E2,4.144382116586E2,
-1.515824502955E-11));
#4416=CARTESIAN_POINT('',(6.042840481275E2,4.144382116586E2,
-1.515824502955E-11));
#4417=CARTESIAN_POINT('',(6.042250178109E2,4.144466440502E2,
-1.515824502955E-11));
#4418=CARTESIAN_POINT('',(6.038877126129E2,4.144466440502E2,
-1.515824502955E-11));
#4419=CARTESIAN_POINT('',(6.038877126129E2,4.134431644234E2,
-1.515824502955E-11));
#4420=CARTESIAN_POINT('',(6.035841417487E2,4.134431644234E2,
-1.515824502955E-11));
#4422=CARTESIAN_POINT('',(6.038877126129E2,4.147164871359E2,
-1.515824502955E-11));
#4423=CARTESIAN_POINT('',(6.045201598591E2,4.147164871359E2,
-1.515824502955E-11));
#4424=CARTESIAN_POINT('',(6.046213437907E2,4.147164871359E2,
-1.515824502955E-11));
#4425=CARTESIAN_POINT('',(6.047056700902E2,4.147249201234E2,
-1.515824502955E-11));
#4426=CARTESIAN_POINT('',(6.047815675736E2,4.147333525150E2,
-1.515824502955E-11));
#4427=CARTESIAN_POINT('',(6.048405978903E2,4.147502178941E2,
-1.515824502955E-11));
#4428=CARTESIAN_POINT('',(6.048911898560E2,4.147755156647E2,
-1.515824502955E-11));
#4429=CARTESIAN_POINT('',(6.049417818218E2,4.148092458270E2,
-1.515824502955E-11));
#4430=CARTESIAN_POINT('',(6.049839449715E2,4.148429765851E2,
-1.515824502955E-11));
#4431=CARTESIAN_POINT('',(6.050176793053E2,4.148851391390E2,
-1.515824502955E-11));
#4432=CARTESIAN_POINT('',(6.050429752881E2,4.149357346803E2,
-1.515824502955E-11));
#4433=CARTESIAN_POINT('',(6.050598424550E2,4.149863308176E2,
-1.515824502955E-11));
#4434=CARTESIAN_POINT('',(6.050682712710E2,4.150369263589E2,
-1.515824502955E-11));
#4435=CARTESIAN_POINT('',(6.050767096219E2,4.150875219002E2,
-1.515824502955E-11));
#4436=CARTESIAN_POINT('',(6.050682712710E2,4.151296844540E2,
-1.515824502955E-11));
#4437=CARTESIAN_POINT('',(6.050682712710E2,4.151634152122E2,
-1.515824502955E-11));
#4438=CARTESIAN_POINT('',(6.050598424550E2,4.152055783619E2,
-1.515824502955E-11));
#4439=CARTESIAN_POINT('',(6.050429752881E2,4.152393085242E2,
-1.515824502955E-11));
#4440=CARTESIAN_POINT('',(6.050261081213E2,4.152646062948E2,
-1.515824502955E-11));
#4441=CARTESIAN_POINT('',(6.050092504893E2,4.152983364571E2,
-1.515824502955E-11));
#4442=CARTESIAN_POINT('',(6.049839449715E2,4.153236348237E2,
-1.515824502955E-11));
#4443=CARTESIAN_POINT('',(6.049586489886E2,4.153489325943E2,
-1.515824502955E-11));
#4444=CARTESIAN_POINT('',(6.049249241898E2,4.153742303650E2,
-1.515824502955E-11));
#4445=CARTESIAN_POINT('',(6.048911898560E2,4.153995281357E2,
-1.515824502955E-11));
#4446=CARTESIAN_POINT('',(6.048574555223E2,4.154163929188E2,
-1.515824502955E-11));
#4447=CARTESIAN_POINT('',(6.048068635565E2,4.154248259063E2,
-1.515824502955E-11));
#4448=CARTESIAN_POINT('',(6.047647004068E2,4.154416906895E2,
-1.515824502955E-11));
#4449=CARTESIAN_POINT('',(6.047141084410E2,4.154501236770E2,
-1.515824502955E-11));
#4450=CARTESIAN_POINT('',(6.046550781244E2,4.154501236770E2,
-1.515824502955E-11));
#4451=CARTESIAN_POINT('',(6.045960478078E2,4.154585560686E2,
-1.515824502955E-11));
#4452=CARTESIAN_POINT('',(6.038877126129E2,4.154585560686E2,
-1.515824502955E-11));
#4453=CARTESIAN_POINT('',(6.038877126129E2,4.147164871359E2,
-1.515824502955E-11));
#4455=CARTESIAN_POINT('',(6.059031054500E2,4.134431644234E2,
-1.515824502955E-11));
#4456=CARTESIAN_POINT('',(6.059031054500E2,4.157115343711E2,
-1.515824502955E-11));
#4457=CARTESIAN_POINT('',(6.062066763142E2,4.157115343711E2,
-1.515824502955E-11));
#4458=CARTESIAN_POINT('',(6.062066763142E2,4.134431644234E2,
-1.515824502955E-11));
#4459=CARTESIAN_POINT('',(6.059031054500E2,4.134431644234E2,
-1.515824502955E-11));
#4461=CARTESIAN_POINT('',(6.067210629272E2,4.134431644234E2,
-1.515824502955E-11));
#4462=CARTESIAN_POINT('',(6.067210629272E2,4.157115343711E2,
-1.515824502955E-11));
#4463=CARTESIAN_POINT('',(6.070246337914E2,4.157115343711E2,
-1.515824502955E-11));
#4464=CARTESIAN_POINT('',(6.070246337914E2,4.137130081050E2,
-1.515824502955E-11));
#4465=CARTESIAN_POINT('',(6.081461716678E2,4.137130081050E2,
-1.515824502955E-11));
#4466=CARTESIAN_POINT('',(6.081461716678E2,4.134431644234E2,
-1.515824502955E-11));
#4467=CARTESIAN_POINT('',(6.067210629272E2,4.134431644234E2,
-1.515824502955E-11));
#4469=CARTESIAN_POINT('',(6.084834768657E2,4.134431644234E2,
-1.515824502955E-11));
#4470=CARTESIAN_POINT('',(6.084834768657E2,4.157115343711E2,
-1.515824502955E-11));
#4471=CARTESIAN_POINT('',(6.087870477300E2,4.157115343711E2,
-1.515824502955E-11));
#4472=CARTESIAN_POINT('',(6.087870477300E2,4.137130081050E2,
-1.515824502955E-11));
#4473=CARTESIAN_POINT('',(6.099085856063E2,4.137130081050E2,
-1.515824502955E-11));
#4474=CARTESIAN_POINT('',(6.099085856063E2,4.134431644234E2,
-1.515824502955E-11));
#4475=CARTESIAN_POINT('',(6.084834768657E2,4.134431644234E2,
-1.515824502955E-11));
#4477=CARTESIAN_POINT('',(6.116288363951E2,4.127769893986E2,
-1.515824502955E-11));
#4478=CARTESIAN_POINT('',(6.115192141127E2,4.129287760226E2,
-1.515824502955E-11));
#4479=CARTESIAN_POINT('',(6.114180206464E2,4.130974280257E2,
-1.515824502955E-11));
#4480=CARTESIAN_POINT('',(6.113252655309E2,4.132745124203E2,
-1.515824502955E-11));
#4481=CARTESIAN_POINT('',(6.112409392314E2,4.134515974109E2,
-1.515824502955E-11));
#4482=CARTESIAN_POINT('',(6.112072048976E2,4.135527884935E2,
-1.515824502955E-11));
#4483=CARTESIAN_POINT('',(6.111734800988E2,4.136455471846E2,
-1.515824502955E-11));
#4484=CARTESIAN_POINT('',(6.111481841159E2,4.137467382673E2,
-1.515824502955E-11));
#4485=CARTESIAN_POINT('',(6.111228785981E2,4.138479293499E2,
-1.515824502955E-11));
#4486=CARTESIAN_POINT('',(6.111060209661E2,4.139491204326E2,
-1.515824502955E-11));
#4487=CARTESIAN_POINT('',(6.110975826153E2,4.140503121112E2,
-1.515824502955E-11));
#4488=CARTESIAN_POINT('',(6.110891537993E2,4.141515031938E2,
-1.515824502955E-11));
#4489=CARTESIAN_POINT('',(6.110891537993E2,4.142611266680E2,
-1.515824502955E-11));
#4490=CARTESIAN_POINT('',(6.110891537993E2,4.144382116586E2,
-1.515824502955E-11));
#4491=CARTESIAN_POINT('',(6.111144497821E2,4.146152960533E2,
-1.515824502955E-11));
#4492=CARTESIAN_POINT('',(6.111481841159E2,4.147923804479E2,
-1.515824502955E-11));
#4493=CARTESIAN_POINT('',(6.111987760816E2,4.149610324510E2,
-1.515824502955E-11));
#4494=CARTESIAN_POINT('',(6.112409392314E2,4.150622241295E2,
-1.515824502955E-11));
#4495=CARTESIAN_POINT('',(6.112831023811E2,4.151549828206E2,
-1.515824502955E-11));
#4496=CARTESIAN_POINT('',(6.113252655309E2,4.152561739033E2,
-1.515824502955E-11));
#4497=CARTESIAN_POINT('',(6.113758574966E2,4.153489325943E2,
-1.515824502955E-11));
#4498=CARTESIAN_POINT('',(6.114348878133E2,4.154501236770E2,
-1.515824502955E-11));
#4499=CARTESIAN_POINT('',(6.114939181299E2,4.155513147596E2,
-1.515824502955E-11));
#4500=CARTESIAN_POINT('',(6.115529484465E2,4.156440734507E2,
-1.515824502955E-11));
#4501=CARTESIAN_POINT('',(6.116288363951E2,4.157452645334E2,
-1.515824502955E-11));
#4502=CARTESIAN_POINT('',(6.118312233279E2,4.157452645334E2,
-1.515824502955E-11));
#4503=CARTESIAN_POINT('',(6.117806218272E2,4.156609388298E2,
-1.515824502955E-11));
#4504=CARTESIAN_POINT('',(6.117384586775E2,4.155934779094E2,
-1.515824502955E-11));
#4505=CARTESIAN_POINT('',(6.117047338786E2,4.155260169890E2,
-1.515824502955E-11));
#4506=CARTESIAN_POINT('',(6.116709995449E2,4.154669884601E2,
-1.515824502955E-11));
#4507=CARTESIAN_POINT('',(6.116457035620E2,4.154079605272E2,
-1.515824502955E-11));
#4508=CARTESIAN_POINT('',(6.116204075791E2,4.153657973775E2,
-1.515824502955E-11));
#4509=CARTESIAN_POINT('',(6.115951115962E2,4.153236348237E2,
-1.515824502955E-11));
#4510=CARTESIAN_POINT('',(6.115782444294E2,4.152814716739E2,
-1.515824502955E-11));
#4511=CARTESIAN_POINT('',(6.115360812796E2,4.151718476038E2,
-1.515824502955E-11));
#4512=CARTESIAN_POINT('',(6.114939181299E2,4.150622241295E2,
-1.515824502955E-11));
#4513=CARTESIAN_POINT('',(6.114601837961E2,4.149526000594E2,
-1.515824502955E-11));
#4514=CARTESIAN_POINT('',(6.114264589972E2,4.148345435976E2,
-1.515824502955E-11));
#4515=CARTESIAN_POINT('',(6.114011534795E2,4.146911893652E2,
-1.515824502955E-11));
#4516=CARTESIAN_POINT('',(6.113758574966E2,4.145478351328E2,
-1.515824502955E-11));
#4517=CARTESIAN_POINT('',(6.113674286806E2,4.144044809004E2,
-1.515824502955E-11));
#4518=CARTESIAN_POINT('',(6.113674286806E2,4.142611266680E2,
-1.515824502955E-11));
#4519=CARTESIAN_POINT('',(6.113674286806E2,4.140756098818E2,
-1.515824502955E-11));
#4520=CARTESIAN_POINT('',(6.113927246635E2,4.138816601081E2,
-1.515824502955E-11));
#4521=CARTESIAN_POINT('',(6.114264589972E2,4.136961427259E2,
-1.515824502955E-11));
#4522=CARTESIAN_POINT('',(6.114770509630E2,4.135106253438E2,
-1.515824502955E-11));
#4523=CARTESIAN_POINT('',(6.115445100956E2,4.133335409492E2,
-1.515824502955E-11));
#4524=CARTESIAN_POINT('',(6.116204075791E2,4.131480235670E2,
-1.515824502955E-11));
#4525=CARTESIAN_POINT('',(6.117216010455E2,4.129625061849E2,
-1.515824502955E-11));
#4526=CARTESIAN_POINT('',(6.118312233279E2,4.127769893986E2,
-1.515824502955E-11));
#4527=CARTESIAN_POINT('',(6.116288363951E2,4.127769893986E2,
-1.515824502955E-11));
#4529=CARTESIAN_POINT('',(6.129696188362E2,4.140418791237E2,
-1.515824502955E-11));
#4530=CARTESIAN_POINT('',(6.132478937176E2,4.140756098818E2,
-1.515824502955E-11));
#4531=CARTESIAN_POINT('',(6.132563320684E2,4.140165813530E2,
-1.515824502955E-11));
#4532=CARTESIAN_POINT('',(6.132731992353E2,4.139659858117E2,
-1.515824502955E-11));
#4533=CARTESIAN_POINT('',(6.132900568673E2,4.139153902703E2,
-1.515824502955E-11));
#4534=CARTESIAN_POINT('',(6.133069240342E2,4.138732271206E2,
-1.515824502955E-11));
#4535=CARTESIAN_POINT('',(6.133322200171E2,4.138310645668E2,
-1.515824502955E-11));
#4536=CARTESIAN_POINT('',(6.133490871839E2,4.137973338086E2,
-1.515824502955E-11));
#4537=CARTESIAN_POINT('',(6.133743831668E2,4.137636036464E2,
-1.515824502955E-11));
#4538=CARTESIAN_POINT('',(6.133996886845E2,4.137383058757E2,
-1.515824502955E-11));
#4539=CARTESIAN_POINT('',(6.134587094663E2,4.136877103344E2,
-1.515824502955E-11));
#4540=CARTESIAN_POINT('',(6.135261685989E2,4.136624125637E2,
-1.515824502955E-11));
#4541=CARTESIAN_POINT('',(6.136020660824E2,4.136371141971E2,
-1.515824502955E-11));
#4542=CARTESIAN_POINT('',(6.136863923819E2,4.136371141971E2,
-1.515824502955E-11));
#4543=CARTESIAN_POINT('',(6.137285555317E2,4.136371141971E2,
-1.515824502955E-11));
#4544=CARTESIAN_POINT('',(6.137791474974E2,4.136455471846E2,
-1.515824502955E-11));
#4545=CARTESIAN_POINT('',(6.138213106472E2,4.136539795762E2,
-1.515824502955E-11));
#4546=CARTESIAN_POINT('',(6.138634737969E2,4.136708449553E2,
-1.515824502955E-11));
#4547=CARTESIAN_POINT('',(6.139056369467E2,4.136877103344E2,
-1.515824502955E-11));
#4548=CARTESIAN_POINT('',(6.139478000964E2,4.137130081050E2,
-1.515824502955E-11));
#4549=CARTESIAN_POINT('',(6.139815344301E2,4.137383058757E2,
-1.515824502955E-11));
#4550=CARTESIAN_POINT('',(6.140152687639E2,4.137720360379E2,
-1.515824502955E-11));
#4551=CARTESIAN_POINT('',(6.140489935628E2,4.138057662002E2,
-1.515824502955E-11));
#4552=CARTESIAN_POINT('',(6.140742895457E2,4.138394969583E2,
-1.515824502955E-11));
#4553=CARTESIAN_POINT('',(6.140911567125E2,4.138816601081E2,
-1.515824502955E-11));
#4554=CARTESIAN_POINT('',(6.141164526954E2,4.139238226619E2,
-1.515824502955E-11));
#4555=CARTESIAN_POINT('',(6.141248910463E2,4.139659858117E2,
-1.515824502955E-11));
#4556=CARTESIAN_POINT('',(6.141417486783E2,4.140081489614E2,
-1.515824502955E-11));
#4557=CARTESIAN_POINT('',(6.141417486783E2,4.140587445027E2,
-1.515824502955E-11));
#4558=CARTESIAN_POINT('',(6.141501870291E2,4.141093400441E2,
-1.515824502955E-11));
#4559=CARTESIAN_POINT('',(6.141417486783E2,4.141515031938E2,
-1.515824502955E-11));
#4560=CARTESIAN_POINT('',(6.141417486783E2,4.142020987351E2,
-1.515824502955E-11));
#4561=CARTESIAN_POINT('',(6.141248910463E2,4.142442618849E2,
-1.515824502955E-11));
#4562=CARTESIAN_POINT('',(6.141164526954E2,4.142864244387E2,
-1.515824502955E-11));
#4563=CARTESIAN_POINT('',(6.140995855285E2,4.143201551969E2,
-1.515824502955E-11));
#4564=CARTESIAN_POINT('',(6.140742895457E2,4.143538853591E2,
-1.515824502955E-11));
#4565=CARTESIAN_POINT('',(6.140489935628E2,4.143960485089E2,
-1.515824502955E-11));
#4566=CARTESIAN_POINT('',(6.140236975799E2,4.144213462795E2,
-1.515824502955E-11));
#4567=CARTESIAN_POINT('',(6.139899632462E2,4.144550764418E2,
-1.515824502955E-11));
#4568=CARTESIAN_POINT('',(6.139562384473E2,4.144803748084E2,
-1.515824502955E-11));
#4569=CARTESIAN_POINT('',(6.139225041135E2,4.144972395915E2,
-1.515824502955E-11));
#4570=CARTESIAN_POINT('',(6.138803409638E2,4.145141049706E2,
-1.515824502955E-11));
#4571=CARTESIAN_POINT('',(6.138381778140E2,4.145309703497E2,
-1.515824502955E-11));
#4572=CARTESIAN_POINT('',(6.137960146643E2,4.145394027413E2,
-1.515824502955E-11));
#4573=CARTESIAN_POINT('',(6.137538515145E2,4.145478351328E2,
-1.515824502955E-11));
#4574=CARTESIAN_POINT('',(6.137032595488E2,4.145478351328E2,
-1.515824502955E-11));
#4575=CARTESIAN_POINT('',(6.136610963990E2,4.145478351328E2,
-1.515824502955E-11));
#4576=CARTESIAN_POINT('',(6.136189332493E2,4.145394027413E2,
-1.515824502955E-11));
#4577=CARTESIAN_POINT('',(6.135683317487E2,4.145309703497E2,
-1.515824502955E-11));
#4578=CARTESIAN_POINT('',(6.135093109669E2,4.145225373622E2,
-1.515824502955E-11));
#4579=CARTESIAN_POINT('',(6.135430357658E2,4.147670826772E2,
-1.515824502955E-11));
#4580=CARTESIAN_POINT('',(6.135683317487E2,4.147586502857E2,
-1.515824502955E-11));
#4581=CARTESIAN_POINT('',(6.135851989155E2,4.147586502857E2,
-1.515824502955E-11));
#4582=CARTESIAN_POINT('',(6.136695252150E2,4.147670826772E2,
-1.515824502955E-11));
#4583=CARTESIAN_POINT('',(6.137538515145E2,4.147839480563E2,
-1.515824502955E-11));
#4584=CARTESIAN_POINT('',(6.138297489980E2,4.148092458270E2,
-1.515824502955E-11));
#4585=CARTESIAN_POINT('',(6.139056369467E2,4.148514089767E2,
-1.515824502955E-11));
#4586=CARTESIAN_POINT('',(6.139393712804E2,4.148767067474E2,
-1.515824502955E-11));
#4587=CARTESIAN_POINT('',(6.139646672633E2,4.149020045181E2,
-1.515824502955E-11));
#4588=CARTESIAN_POINT('',(6.139899632462E2,4.149357346803E2,
-1.515824502955E-11));
#4589=CARTESIAN_POINT('',(6.140068304130E2,4.149694654385E2,
-1.515824502955E-11));
#4590=CARTESIAN_POINT('',(6.140236975799E2,4.150031956007E2,
-1.515824502955E-11));
#4591=CARTESIAN_POINT('',(6.140321263959E2,4.150453587505E2,
-1.515824502955E-11));
#4592=CARTESIAN_POINT('',(6.140405647468E2,4.150875219002E2,
-1.515824502955E-11));
#4593=CARTESIAN_POINT('',(6.140489935628E2,4.151381174415E2,
-1.515824502955E-11));
#4594=CARTESIAN_POINT('',(6.140405647468E2,4.152055783619E2,
-1.515824502955E-11));
#4595=CARTESIAN_POINT('',(6.140152687639E2,4.152730386864E2,
-1.515824502955E-11));
#4596=CARTESIAN_POINT('',(6.139899632462E2,4.153320672153E2,
-1.515824502955E-11));
#4597=CARTESIAN_POINT('',(6.139393712804E2,4.153910951482E2,
-1.515824502955E-11));
#4598=CARTESIAN_POINT('',(6.138887793146E2,4.154332582979E2,
-1.515824502955E-11));
#4599=CARTESIAN_POINT('',(6.138213106472E2,4.154669884601E2,
-1.515824502955E-11));
#4600=CARTESIAN_POINT('',(6.137538515145E2,4.154838538392E2,
-1.515824502955E-11));
#4601=CARTESIAN_POINT('',(6.136779635659E2,4.154922868267E2,
-1.515824502955E-11));
#4602=CARTESIAN_POINT('',(6.136020660824E2,4.154838538392E2,
-1.515824502955E-11));
#4603=CARTESIAN_POINT('',(6.135261685989E2,4.154585560686E2,
-1.515824502955E-11));
#4604=CARTESIAN_POINT('',(6.134671478172E2,4.154332582979E2,
-1.515824502955E-11));
#4605=CARTESIAN_POINT('',(6.134081175005E2,4.153826627566E2,
-1.515824502955E-11));
#4606=CARTESIAN_POINT('',(6.133828215177E2,4.153573649859E2,
-1.515824502955E-11));
#4607=CARTESIAN_POINT('',(6.133575255348E2,4.153236348237E2,
-1.515824502955E-11));
#4608=CARTESIAN_POINT('',(6.133406583679E2,4.152899040655E2,
-1.515824502955E-11));
#4609=CARTESIAN_POINT('',(6.133153623850E2,4.152561739033E2,
-1.515824502955E-11));
#4610=CARTESIAN_POINT('',(6.133069240342E2,4.152140107535E2,
-1.515824502955E-11));
#4611=CARTESIAN_POINT('',(6.132900568673E2,4.151718476038E2,
-1.515824502955E-11));
#4612=CARTESIAN_POINT('',(6.132816280513E2,4.151212520624E2,
-1.515824502955E-11));
#4613=CARTESIAN_POINT('',(6.132731992353E2,4.150790889127E2,
-1.515824502955E-11));
#4614=CARTESIAN_POINT('',(6.129949148191E2,4.151296844540E2,
-1.515824502955E-11));
#4615=CARTESIAN_POINT('',(6.130033531699E2,4.151971453744E2,
-1.515824502955E-11));
#4616=CARTESIAN_POINT('',(6.130202203368E2,4.152561739033E2,
-1.515824502955E-11));
#4617=CARTESIAN_POINT('',(6.130455163197E2,4.153152018362E2,
-1.515824502955E-11));
#4618=CARTESIAN_POINT('',(6.130708123026E2,4.153742303650E2,
-1.515824502955E-11));
#4619=CARTESIAN_POINT('',(6.131045466363E2,4.154248259063E2,
-1.515824502955E-11));
#4620=CARTESIAN_POINT('',(6.131382714352E2,4.154754214477E2,
-1.515824502955E-11));
#4621=CARTESIAN_POINT('',(6.131804345849E2,4.155175845974E2,
-1.515824502955E-11));
#4622=CARTESIAN_POINT('',(6.132225977347E2,4.155597471512E2,
-1.515824502955E-11));
#4623=CARTESIAN_POINT('',(6.132647608844E2,4.155934779094E2,
-1.515824502955E-11));
#4624=CARTESIAN_POINT('',(6.133153623850E2,4.156272080716E2,
-1.515824502955E-11));
#4625=CARTESIAN_POINT('',(6.133659543508E2,4.156525058423E2,
-1.515824502955E-11));
#4626=CARTESIAN_POINT('',(6.134249846674E2,4.156778036130E2,
-1.515824502955E-11));
#4627=CARTESIAN_POINT('',(6.134755766332E2,4.156946689920E2,
-1.515824502955E-11));
#4628=CARTESIAN_POINT('',(6.135346069498E2,4.157031013836E2,
-1.515824502955E-11));
#4629=CARTESIAN_POINT('',(6.136020660824E2,4.157115343711E2,
-1.515824502955E-11));
#4630=CARTESIAN_POINT('',(6.136695252150E2,4.157199667627E2,
-1.515824502955E-11));
#4631=CARTESIAN_POINT('',(6.137538515145E2,4.157115343711E2,
-1.515824502955E-11));
#4632=CARTESIAN_POINT('',(6.138466161649E2,4.156946689920E2,
-1.515824502955E-11));
#4633=CARTESIAN_POINT('',(6.139225041135E2,4.156693712214E2,
-1.515824502955E-11));
#4634=CARTESIAN_POINT('',(6.140068304130E2,4.156356404632E2,
-1.515824502955E-11));
#4635=CARTESIAN_POINT('',(6.140742895457E2,4.155934779094E2,
-1.515824502955E-11));
#4636=CARTESIAN_POINT('',(6.141417486783E2,4.155428823681E2,
-1.515824502955E-11));
#4637=CARTESIAN_POINT('',(6.141923501789E2,4.154838538392E2,
-1.515824502955E-11));
#4638=CARTESIAN_POINT('',(6.142429421446E2,4.154163929188E2,
-1.515824502955E-11));
#4639=CARTESIAN_POINT('',(6.142766764784E2,4.153489325943E2,
-1.515824502955E-11));
#4640=CARTESIAN_POINT('',(6.143019724613E2,4.152814716739E2,
-1.515824502955E-11));
#4641=CARTESIAN_POINT('',(6.143188396281E2,4.152055783619E2,
-1.515824502955E-11));
#4642=CARTESIAN_POINT('',(6.143272684441E2,4.151296844540E2,
-1.515824502955E-11));
#4643=CARTESIAN_POINT('',(6.143188396281E2,4.150622241295E2,
-1.515824502955E-11));
#4644=CARTESIAN_POINT('',(6.143019724613E2,4.149863308176E2,
-1.515824502955E-11));
#4645=CARTESIAN_POINT('',(6.142766764784E2,4.149273022887E2,
-1.515824502955E-11));
#4646=CARTESIAN_POINT('',(6.142429421446E2,4.148598413683E2,
-1.515824502955E-11));
#4647=CARTESIAN_POINT('',(6.142007789949E2,4.148092458270E2,
-1.515824502955E-11));
#4648=CARTESIAN_POINT('',(6.141501870291E2,4.147586502857E2,
-1.515824502955E-11));
#4649=CARTESIAN_POINT('',(6.140827278965E2,4.147080547443E2,
-1.515824502955E-11));
#4650=CARTESIAN_POINT('',(6.140152687639E2,4.146743245821E2,
-1.515824502955E-11));
#4651=CARTESIAN_POINT('',(6.140574223788E2,4.146574592030E2,
-1.515824502955E-11));
#4652=CARTESIAN_POINT('',(6.141080238794E2,4.146405938239E2,
-1.515824502955E-11));
#4653=CARTESIAN_POINT('',(6.141501870291E2,4.146237284448E2,
-1.515824502955E-11));
#4654=CARTESIAN_POINT('',(6.141923501789E2,4.145984306742E2,
-1.515824502955E-11));
#4655=CARTESIAN_POINT('',(6.142260749778E2,4.145731329035E2,
-1.515824502955E-11));
#4656=CARTESIAN_POINT('',(6.142598093115E2,4.145478351328E2,
-1.515824502955E-11));
#4657=CARTESIAN_POINT('',(6.142935436453E2,4.145141049706E2,
-1.515824502955E-11));
#4658=CARTESIAN_POINT('',(6.143272684441E2,4.144803748084E2,
-1.515824502955E-11));
#4659=CARTESIAN_POINT('',(6.143525644270E2,4.144466440502E2,
-1.515824502955E-11));
#4660=CARTESIAN_POINT('',(6.143778699448E2,4.144044809004E2,
-1.515824502955E-11));
#4661=CARTESIAN_POINT('',(6.143947275768E2,4.143623183466E2,
-1.515824502955E-11));
#4662=CARTESIAN_POINT('',(6.144115947436E2,4.143201551969E2,
-1.515824502955E-11));
#4663=CARTESIAN_POINT('',(6.144284619105E2,4.142695596555E2,
-1.515824502955E-11));
#4664=CARTESIAN_POINT('',(6.144368907265E2,4.142189641142E2,
-1.515824502955E-11));
#4665=CARTESIAN_POINT('',(6.144368907265E2,4.141683685729E2,
-1.515824502955E-11));
#4666=CARTESIAN_POINT('',(6.144453290774E2,4.141177724356E2,
-1.515824502955E-11));
#4667=CARTESIAN_POINT('',(6.144368907265E2,4.140418791237E2,
-1.515824502955E-11));
#4668=CARTESIAN_POINT('',(6.144284619105E2,4.139744182032E2,
-1.515824502955E-11));
#4669=CARTESIAN_POINT('',(6.144115947436E2,4.139069578788E2,
-1.515824502955E-11));
#4670=CARTESIAN_POINT('',(6.143862987608E2,4.138394969583E2,
-1.515824502955E-11));
#4671=CARTESIAN_POINT('',(6.143610027779E2,4.137804684295E2,
-1.515824502955E-11));
#4672=CARTESIAN_POINT('',(6.143188396281E2,4.137214404966E2,
-1.515824502955E-11));
#4673=CARTESIAN_POINT('',(6.142766764784E2,4.136624125637E2,
-1.515824502955E-11));
#4674=CARTESIAN_POINT('',(6.142260749778E2,4.136118164264E2,
-1.515824502955E-11));
#4675=CARTESIAN_POINT('',(6.141670541960E2,4.135612208851E2,
-1.515824502955E-11));
#4676=CARTESIAN_POINT('',(6.141080238794E2,4.135190583313E2,
-1.515824502955E-11));
#4677=CARTESIAN_POINT('',(6.140489935628E2,4.134853275731E2,
-1.515824502955E-11));
#4678=CARTESIAN_POINT('',(6.139815344301E2,4.134600298025E2,
-1.515824502955E-11));
#4679=CARTESIAN_POINT('',(6.139140752975E2,4.134431644234E2,
-1.515824502955E-11));
#4680=CARTESIAN_POINT('',(6.138381778140E2,4.134262996402E2,
-1.515824502955E-11));
#4681=CARTESIAN_POINT('',(6.137622898654E2,4.134178666527E2,
-1.515824502955E-11));
#4682=CARTESIAN_POINT('',(6.136779635659E2,4.134094342611E2,
-1.515824502955E-11));
#4683=CARTESIAN_POINT('',(6.136104948984E2,4.134178666527E2,
-1.515824502955E-11));
#4684=CARTESIAN_POINT('',(6.135430357658E2,4.134262996402E2,
-1.515824502955E-11));
#4685=CARTESIAN_POINT('',(6.134755766332E2,4.134347320318E2,
-1.515824502955E-11));
#4686=CARTESIAN_POINT('',(6.134081175005E2,4.134515974109E2,
-1.515824502955E-11));
#4687=CARTESIAN_POINT('',(6.133490871839E2,4.134768951816E2,
-1.515824502955E-11));
#4688=CARTESIAN_POINT('',(6.132900568673E2,4.135021929522E2,
-1.515824502955E-11));
#4689=CARTESIAN_POINT('',(6.132394649016E2,4.135359231145E2,
-1.515824502955E-11));
#4690=CARTESIAN_POINT('',(6.131888729358E2,4.135780862642E2,
-1.515824502955E-11));
#4691=CARTESIAN_POINT('',(6.131467097861E2,4.136286818055E2,
-1.515824502955E-11));
#4692=CARTESIAN_POINT('',(6.131045466363E2,4.136792773469E2,
-1.515824502955E-11));
#4693=CARTESIAN_POINT('',(6.130623834866E2,4.137298728882E2,
-1.515824502955E-11));
#4694=CARTESIAN_POINT('',(6.130370779688E2,4.137804684295E2,
-1.515824502955E-11));
#4695=CARTESIAN_POINT('',(6.130117819859E2,4.138394969583E2,
-1.515824502955E-11));
#4696=CARTESIAN_POINT('',(6.129864860031E2,4.139069578788E2,
-1.515824502955E-11));
#4697=CARTESIAN_POINT('',(6.129780571871E2,4.139659858117E2,
-1.515824502955E-11));
#4698=CARTESIAN_POINT('',(6.129696188362E2,4.140418791237E2,
-1.515824502955E-11));
#4700=CARTESIAN_POINT('',(6.148669605749E2,4.134431644234E2,
-1.515824502955E-11));
#4701=CARTESIAN_POINT('',(6.148669605749E2,4.137551706589E2,
-1.515824502955E-11));
#4702=CARTESIAN_POINT('',(6.151789602551E2,4.137551706589E2,
-1.515824502955E-11));
#4703=CARTESIAN_POINT('',(6.151789602551E2,4.134431644234E2,
-1.515824502955E-11));
#4704=CARTESIAN_POINT('',(6.148669605749E2,4.134431644234E2,
-1.515824502955E-11));
#4706=CARTESIAN_POINT('',(6.165028850642E2,4.134431644234E2,
-1.515824502955E-11));
#4707=CARTESIAN_POINT('',(6.165028850642E2,4.139828511907E2,
-1.515824502955E-11));
#4708=CARTESIAN_POINT('',(6.154993982862E2,4.139828511907E2,
-1.515824502955E-11));
#4709=CARTESIAN_POINT('',(6.154993982862E2,4.142358288974E2,
-1.515824502955E-11));
#4710=CARTESIAN_POINT('',(6.165619058459E2,4.157031013836E2,
-1.515824502955E-11));
#4711=CARTESIAN_POINT('',(6.167811599455E2,4.157031013836E2,
-1.515824502955E-11));
#4712=CARTESIAN_POINT('',(6.167811599455E2,4.142358288974E2,
-1.515824502955E-11));
#4713=CARTESIAN_POINT('',(6.170847308098E2,4.142358288974E2,
-1.515824502955E-11));
#4714=CARTESIAN_POINT('',(6.170847308098E2,4.139828511907E2,
-1.515824502955E-11));
#4715=CARTESIAN_POINT('',(6.167811599455E2,4.139828511907E2,
-1.515824502955E-11));
#4716=CARTESIAN_POINT('',(6.167811599455E2,4.134431644234E2,
-1.515824502955E-11));
#4717=CARTESIAN_POINT('',(6.165028850642E2,4.134431644234E2,
-1.515824502955E-11));
#4719=CARTESIAN_POINT('',(6.165028850642E2,4.142358288974E2,
-1.515824502955E-11));
#4720=CARTESIAN_POINT('',(6.165028850642E2,4.152477409158E2,
-1.515824502955E-11));
#4721=CARTESIAN_POINT('',(6.157692443516E2,4.142358288974E2,
-1.515824502955E-11));
#4722=CARTESIAN_POINT('',(6.165028850642E2,4.142358288974E2,
-1.515824502955E-11));
#4724=CARTESIAN_POINT('',(6.173630056911E2,4.145562681203E2,
-1.515824502955E-11));
#4725=CARTESIAN_POINT('',(6.173630056911E2,4.146574592030E2,
-1.515824502955E-11));
#4726=CARTESIAN_POINT('',(6.173630056911E2,4.147502178941E2,
-1.515824502955E-11));
#4727=CARTESIAN_POINT('',(6.173714345071E2,4.148429765851E2,
-1.515824502955E-11));
#4728=CARTESIAN_POINT('',(6.173798728580E2,4.149188698971E2,
-1.515824502955E-11));
#4729=CARTESIAN_POINT('',(6.173883016740E2,4.150031956007E2,
-1.515824502955E-11));
#4730=CARTESIAN_POINT('',(6.174051688409E2,4.150706565211E2,
-1.515824502955E-11));
#4731=CARTESIAN_POINT('',(6.174220360078E2,4.151465498331E2,
-1.515824502955E-11));
#4732=CARTESIAN_POINT('',(6.174389031746E2,4.152055783619E2,
-1.515824502955E-11));
#4733=CARTESIAN_POINT('',(6.174641991575E2,4.152646062948E2,
-1.515824502955E-11));
#4734=CARTESIAN_POINT('',(6.174894951404E2,4.153236348237E2,
-1.515824502955E-11));
#4735=CARTESIAN_POINT('',(6.175147911233E2,4.153742303650E2,
-1.515824502955E-11));
#4736=CARTESIAN_POINT('',(6.175485254570E2,4.154248259063E2,
-1.515824502955E-11));
#4737=CARTESIAN_POINT('',(6.175738214399E2,4.154669884601E2,
-1.515824502955E-11));
#4738=CARTESIAN_POINT('',(6.176159845896E2,4.155091516099E2,
-1.515824502955E-11));
#4739=CARTESIAN_POINT('',(6.176497189234E2,4.155513147596E2,
-1.515824502955E-11));
#4740=CARTESIAN_POINT('',(6.176918820731E2,4.155850449219E2,
-1.515824502955E-11));
#4741=CARTESIAN_POINT('',(6.177340452229E2,4.156187756801E2,
-1.515824502955E-11));
#4742=CARTESIAN_POINT('',(6.177762083726E2,4.156440734507E2,
-1.515824502955E-11));
#4743=CARTESIAN_POINT('',(6.178268003384E2,4.156609388298E2,
-1.515824502955E-11));
#4744=CARTESIAN_POINT('',(6.178773923041E2,4.156862366005E2,
-1.515824502955E-11));
#4745=CARTESIAN_POINT('',(6.179279938047E2,4.156946689920E2,
-1.515824502955E-11));
#4746=CARTESIAN_POINT('',(6.179785857705E2,4.157115343711E2,
-1.515824502955E-11));
#4747=CARTESIAN_POINT('',(6.180376160871E2,4.157115343711E2,
-1.515824502955E-11));
#4748=CARTESIAN_POINT('',(6.181050752197E2,4.157199667627E2,
-1.515824502955E-11));
#4749=CARTESIAN_POINT('',(6.181894015192E2,4.157115343711E2,
-1.515824502955E-11));
#4750=CARTESIAN_POINT('',(6.182737278187E2,4.156946689920E2,
-1.515824502955E-11));
#4751=CARTESIAN_POINT('',(6.183496253022E2,4.156778036130E2,
-1.515824502955E-11));
#4752=CARTESIAN_POINT('',(6.184255132508E2,4.156440734507E2,
-1.515824502955E-11));
#4753=CARTESIAN_POINT('',(6.184929723835E2,4.156019103010E2,
-1.515824502955E-11));
#4754=CARTESIAN_POINT('',(6.185520027001E2,4.155513147596E2,
-1.515824502955E-11));
#4755=CARTESIAN_POINT('',(6.186025946658E2,4.154922868267E2,
-1.515824502955E-11));
#4756=CARTESIAN_POINT('',(6.186531961665E2,4.154332582979E2,
-1.515824502955E-11));
#4757=CARTESIAN_POINT('',(6.186953593162E2,4.153573649859E2,
-1.515824502955E-11));
#4758=CARTESIAN_POINT('',(6.187290841151E2,4.152814716739E2,
-1.515824502955E-11));
#4759=CARTESIAN_POINT('',(6.187628184488E2,4.151887129829E2,
-1.515824502955E-11));
#4760=CARTESIAN_POINT('',(6.187881144317E2,4.150959542918E2,
-1.515824502955E-11));
#4761=CARTESIAN_POINT('',(6.188049815986E2,4.150453587505E2,
-1.515824502955E-11));
#4762=CARTESIAN_POINT('',(6.188134104146E2,4.149863308176E2,
-1.515824502955E-11));
#4763=CARTESIAN_POINT('',(6.188218487655E2,4.149273022887E2,
-1.515824502955E-11));
#4764=CARTESIAN_POINT('',(6.188302775815E2,4.148598413683E2,
-1.515824502955E-11));
#4765=CARTESIAN_POINT('',(6.188387159323E2,4.147923804479E2,
-1.515824502955E-11));
#4766=CARTESIAN_POINT('',(6.188387159323E2,4.147164871359E2,
-1.515824502955E-11));
#4767=CARTESIAN_POINT('',(6.188387159323E2,4.146405938239E2,
-1.515824502955E-11));
#4768=CARTESIAN_POINT('',(6.188471447483E2,4.145562681203E2,
-1.515824502955E-11));
#4769=CARTESIAN_POINT('',(6.188387159323E2,4.144635094293E2,
-1.515824502955E-11));
#4770=CARTESIAN_POINT('',(6.188387159323E2,4.143707507382E2,
-1.515824502955E-11));
#4771=CARTESIAN_POINT('',(6.188302775815E2,4.142864244387E2,
-1.515824502955E-11));
#4772=CARTESIAN_POINT('',(6.188218487655E2,4.142020987351E2,
-1.515824502955E-11));
#4773=CARTESIAN_POINT('',(6.188134104146E2,4.141177724356E2,
-1.515824502955E-11));
#4774=CARTESIAN_POINT('',(6.187965527826E2,4.140503121112E2,
-1.515824502955E-11));
#4775=CARTESIAN_POINT('',(6.187796856157E2,4.139828511907E2,
-1.515824502955E-11));
#4776=CARTESIAN_POINT('',(6.187628184488E2,4.139153902703E2,
-1.515824502955E-11));
#4777=CARTESIAN_POINT('',(6.187375224660E2,4.138563623374E2,
-1.515824502955E-11));
#4778=CARTESIAN_POINT('',(6.187122264831E2,4.137973338086E2,
-1.515824502955E-11));
#4779=CARTESIAN_POINT('',(6.186869209653E2,4.137467382673E2,
-1.515824502955E-11));
#4780=CARTESIAN_POINT('',(6.186616249825E2,4.136961427259E2,
-1.515824502955E-11));
#4781=CARTESIAN_POINT('',(6.186279001836E2,4.136539795762E2,
-1.515824502955E-11));
#4782=CARTESIAN_POINT('',(6.185941658498E2,4.136118164264E2,
-1.515824502955E-11));
#4783=CARTESIAN_POINT('',(6.185520027001E2,4.135696538726E2,
-1.515824502955E-11));
#4784=CARTESIAN_POINT('',(6.185182683664E2,4.135359231145E2,
-1.515824502955E-11));
#4785=CARTESIAN_POINT('',(6.184761052166E2,4.135021929522E2,
-1.515824502955E-11));
#4786=CARTESIAN_POINT('',(6.184255132508E2,4.134768951816E2,
-1.515824502955E-11));
#4787=CARTESIAN_POINT('',(6.183833501011E2,4.134600298025E2,
-1.515824502955E-11));
#4788=CARTESIAN_POINT('',(6.183327581353E2,4.134431644234E2,
-1.515824502955E-11));
#4789=CARTESIAN_POINT('',(6.182737278187E2,4.134347320318E2,
-1.515824502955E-11));
#4790=CARTESIAN_POINT('',(6.182231358530E2,4.134178666527E2,
-1.515824502955E-11));
#4791=CARTESIAN_POINT('',(6.181641055364E2,4.134178666527E2,
-1.515824502955E-11));
#4792=CARTESIAN_POINT('',(6.181050752197E2,4.134094342611E2,
-1.515824502955E-11));
#4793=CARTESIAN_POINT('',(6.180207489202E2,4.134178666527E2,
-1.515824502955E-11));
#4794=CARTESIAN_POINT('',(6.179448514367E2,4.134262996402E2,
-1.515824502955E-11));
#4795=CARTESIAN_POINT('',(6.178773923041E2,4.134431644234E2,
-1.515824502955E-11));
#4796=CARTESIAN_POINT('',(6.178099331715E2,4.134600298025E2,
-1.515824502955E-11));
#4797=CARTESIAN_POINT('',(6.177424740389E2,4.134937605606E2,
-1.515824502955E-11));
#4798=CARTESIAN_POINT('',(6.176834437223E2,4.135359231145E2,
-1.515824502955E-11));
#4799=CARTESIAN_POINT('',(6.176328517565E2,4.135780862642E2,
-1.515824502955E-11));
#4800=CARTESIAN_POINT('',(6.175822502559E2,4.136371141971E2,
-1.515824502955E-11));
#4801=CARTESIAN_POINT('',(6.175316582901E2,4.137130081050E2,
-1.515824502955E-11));
#4802=CARTESIAN_POINT('',(6.174894951404E2,4.137973338086E2,
-1.515824502955E-11));
#4803=CARTESIAN_POINT('',(6.174473319906E2,4.138985248913E2,
-1.515824502955E-11));
#4804=CARTESIAN_POINT('',(6.174135976569E2,4.140081489614E2,
-1.515824502955E-11));
#4805=CARTESIAN_POINT('',(6.173883016740E2,4.141346378147E2,
-1.515824502955E-11));
#4806=CARTESIAN_POINT('',(6.173714345071E2,4.142611266680E2,
-1.515824502955E-11));
#4807=CARTESIAN_POINT('',(6.173630056911E2,4.144044809004E2,
-1.515824502955E-11));
#4808=CARTESIAN_POINT('',(6.173630056911E2,4.145562681203E2,
-1.515824502955E-11));
#4810=CARTESIAN_POINT('',(6.176412805725E2,4.145647005119E2,
-1.515824502955E-11));
#4811=CARTESIAN_POINT('',(6.176412805725E2,4.144297786711E2,
-1.515824502955E-11));
#4812=CARTESIAN_POINT('',(6.176497189234E2,4.143032898178E2,
-1.515824502955E-11));
#4813=CARTESIAN_POINT('',(6.176581477394E2,4.141936663436E2,
-1.515824502955E-11));
#4814=CARTESIAN_POINT('',(6.176665765554E2,4.140924746650E2,
-1.515824502955E-11));
#4815=CARTESIAN_POINT('',(6.176918820731E2,4.140081489614E2,
-1.515824502955E-11));
#4816=CARTESIAN_POINT('',(6.177087397051E2,4.139322556494E2,
-1.515824502955E-11));
#4817=CARTESIAN_POINT('',(6.177424740389E2,4.138647947290E2,
-1.515824502955E-11));
#4818=CARTESIAN_POINT('',(6.177677700218E2,4.138141991877E2,
-1.515824502955E-11));
#4819=CARTESIAN_POINT('',(6.178015043555E2,4.137720360379E2,
-1.515824502955E-11));
#4820=CARTESIAN_POINT('',(6.178436675052E2,4.137383058757E2,
-1.515824502955E-11));
#4821=CARTESIAN_POINT('',(6.178773923041E2,4.137045751175E2,
-1.515824502955E-11));
#4822=CARTESIAN_POINT('',(6.179195554539E2,4.136792773469E2,
-1.515824502955E-11));
#4823=CARTESIAN_POINT('',(6.179617186036E2,4.136624125637E2,
-1.515824502955E-11));
#4824=CARTESIAN_POINT('',(6.180038817534E2,4.136455471846E2,
-1.515824502955E-11));
#4825=CARTESIAN_POINT('',(6.180544832540E2,4.136371141971E2,
-1.515824502955E-11));
#4826=CARTESIAN_POINT('',(6.181050752197E2,4.136371141971E2,
-1.515824502955E-11));
#4827=CARTESIAN_POINT('',(6.181472383695E2,4.136371141971E2,
-1.515824502955E-11));
#4828=CARTESIAN_POINT('',(6.181978303352E2,4.136455471846E2,
-1.515824502955E-11));
#4829=CARTESIAN_POINT('',(6.182399934850E2,4.136624125637E2,
-1.515824502955E-11));
#4830=CARTESIAN_POINT('',(6.182821566347E2,4.136792773469E2,
-1.515824502955E-11));
#4831=CARTESIAN_POINT('',(6.183243197845E2,4.137045751175E2,
-1.515824502955E-11));
#4832=CARTESIAN_POINT('',(6.183580541182E2,4.137383058757E2,
-1.515824502955E-11));
#4833=CARTESIAN_POINT('',(6.184002172680E2,4.137720360379E2,
-1.515824502955E-11));
#4834=CARTESIAN_POINT('',(6.184339420669E2,4.138141991877E2,
-1.515824502955E-11));
#4835=CARTESIAN_POINT('',(6.184592475846E2,4.138647947290E2,
-1.515824502955E-11));
#4836=CARTESIAN_POINT('',(6.184929723835E2,4.139322556494E2,
-1.515824502955E-11));
#4837=CARTESIAN_POINT('',(6.185098395503E2,4.140081489614E2,
-1.515824502955E-11));
#4838=CARTESIAN_POINT('',(6.185351355332E2,4.140924746650E2,
-1.515824502955E-11));
#4839=CARTESIAN_POINT('',(6.185435738841E2,4.141936663436E2,
-1.515824502955E-11));
#4840=CARTESIAN_POINT('',(6.185604315161E2,4.143032898178E2,
-1.515824502955E-11));
#4841=CARTESIAN_POINT('',(6.185604315161E2,4.144297786711E2,
-1.515824502955E-11));
#4842=CARTESIAN_POINT('',(6.185688698670E2,4.145647005119E2,
-1.515824502955E-11));
#4843=CARTESIAN_POINT('',(6.185604315161E2,4.146911893652E2,
-1.515824502955E-11));
#4844=CARTESIAN_POINT('',(6.185604315161E2,4.148176788145E2,
-1.515824502955E-11));
#4845=CARTESIAN_POINT('',(6.185435738841E2,4.149273022887E2,
-1.515824502955E-11));
#4846=CARTESIAN_POINT('',(6.185351355332E2,4.150284933714E2,
-1.515824502955E-11));
#4847=CARTESIAN_POINT('',(6.185098395503E2,4.151128196709E2,
-1.515824502955E-11));
#4848=CARTESIAN_POINT('',(6.184929723835E2,4.151887129829E2,
-1.515824502955E-11));
#4849=CARTESIAN_POINT('',(6.184592475846E2,4.152561739033E2,
-1.515824502955E-11));
#4850=CARTESIAN_POINT('',(6.184339420669E2,4.153067694446E2,
-1.515824502955E-11));
#4851=CARTESIAN_POINT('',(6.184002172680E2,4.153489325943E2,
-1.515824502955E-11));
#4852=CARTESIAN_POINT('',(6.183580541182E2,4.153826627566E2,
-1.515824502955E-11));
#4853=CARTESIAN_POINT('',(6.183243197845E2,4.154163929188E2,
-1.515824502955E-11));
#4854=CARTESIAN_POINT('',(6.182821566347E2,4.154416906895E2,
-1.515824502955E-11));
#4855=CARTESIAN_POINT('',(6.182399934850E2,4.154585560686E2,
-1.515824502955E-11));
#4856=CARTESIAN_POINT('',(6.181978303352E2,4.154754214477E2,
-1.515824502955E-11));
#4857=CARTESIAN_POINT('',(6.181472383695E2,4.154838538392E2,
-1.515824502955E-11));
#4858=CARTESIAN_POINT('',(6.180966464037E2,4.154922868267E2,
-1.515824502955E-11));
#4859=CARTESIAN_POINT('',(6.180460449031E2,4.154838538392E2,
-1.515824502955E-11));
#4860=CARTESIAN_POINT('',(6.180038817534E2,4.154754214477E2,
-1.515824502955E-11));
#4861=CARTESIAN_POINT('',(6.179617186036E2,4.154669884601E2,
-1.515824502955E-11));
#4862=CARTESIAN_POINT('',(6.179195554539E2,4.154501236770E2,
-1.515824502955E-11));
#4863=CARTESIAN_POINT('',(6.178858306550E2,4.154248259063E2,
-1.515824502955E-11));
#4864=CARTESIAN_POINT('',(6.178436675052E2,4.153995281357E2,
-1.515824502955E-11));
#4865=CARTESIAN_POINT('',(6.178099331715E2,4.153657973775E2,
-1.515824502955E-11));
#4866=CARTESIAN_POINT('',(6.177846371886E2,4.153236348237E2,
-1.515824502955E-11));
#4867=CARTESIAN_POINT('',(6.177509028549E2,4.152646062948E2,
-1.515824502955E-11));
#4868=CARTESIAN_POINT('',(6.177171780560E2,4.151971453744E2,
-1.515824502955E-11));
#4869=CARTESIAN_POINT('',(6.176918820731E2,4.151212520624E2,
-1.515824502955E-11));
#4870=CARTESIAN_POINT('',(6.176750149062E2,4.150284933714E2,
-1.515824502955E-11));
#4871=CARTESIAN_POINT('',(6.176581477394E2,4.149273022887E2,
-1.515824502955E-11));
#4872=CARTESIAN_POINT('',(6.176497189234E2,4.148176788145E2,
-1.515824502955E-11));
#4873=CARTESIAN_POINT('',(6.176412805725E2,4.146911893652E2,
-1.515824502955E-11));
#4874=CARTESIAN_POINT('',(6.176412805725E2,4.145647005119E2,
-1.515824502955E-11));
#4876=CARTESIAN_POINT('',(6.191254196297E2,4.145562681203E2,
-1.515824502955E-11));
#4877=CARTESIAN_POINT('',(6.191254196297E2,4.146574592030E2,
-1.515824502955E-11));
#4878=CARTESIAN_POINT('',(6.191254196297E2,4.147502178941E2,
-1.515824502955E-11));
#4879=CARTESIAN_POINT('',(6.191338484457E2,4.148429765851E2,
-1.515824502955E-11));
#4880=CARTESIAN_POINT('',(6.191422867966E2,4.149188698971E2,
-1.515824502955E-11));
#4881=CARTESIAN_POINT('',(6.191507156126E2,4.150031956007E2,
-1.515824502955E-11));
#4882=CARTESIAN_POINT('',(6.191675827794E2,4.150706565211E2,
-1.515824502955E-11));
#4883=CARTESIAN_POINT('',(6.191844499463E2,4.151465498331E2,
-1.515824502955E-11));
#4884=CARTESIAN_POINT('',(6.192013171132E2,4.152055783619E2,
-1.515824502955E-11));
#4885=CARTESIAN_POINT('',(6.192266130961E2,4.152646062948E2,
-1.515824502955E-11));
#4886=CARTESIAN_POINT('',(6.192519090789E2,4.153236348237E2,
-1.515824502955E-11));
#4887=CARTESIAN_POINT('',(6.192772050618E2,4.153742303650E2,
-1.515824502955E-11));
#4888=CARTESIAN_POINT('',(6.193109393956E2,4.154248259063E2,
-1.515824502955E-11));
#4889=CARTESIAN_POINT('',(6.193362353784E2,4.154669884601E2,
-1.515824502955E-11));
#4890=CARTESIAN_POINT('',(6.193783985282E2,4.155091516099E2,
-1.515824502955E-11));
#4891=CARTESIAN_POINT('',(6.194121328619E2,4.155513147596E2,
-1.515824502955E-11));
#4892=CARTESIAN_POINT('',(6.194542864768E2,4.155850449219E2,
-1.515824502955E-11));
#4893=CARTESIAN_POINT('',(6.194964496266E2,4.156187756801E2,
-1.515824502955E-11));
#4894=CARTESIAN_POINT('',(6.195386127763E2,4.156440734507E2,
-1.515824502955E-11));
#4895=CARTESIAN_POINT('',(6.195892142769E2,4.156609388298E2,
-1.515824502955E-11));
#4896=CARTESIAN_POINT('',(6.196398062427E2,4.156862366005E2,
-1.515824502955E-11));
#4897=CARTESIAN_POINT('',(6.196904077433E2,4.156946689920E2,
-1.515824502955E-11));
#4898=CARTESIAN_POINT('',(6.197409997090E2,4.157115343711E2,
-1.515824502955E-11));
#4899=CARTESIAN_POINT('',(6.198000300257E2,4.157115343711E2,
-1.515824502955E-11));
#4900=CARTESIAN_POINT('',(6.198674891583E2,4.157199667627E2,
-1.515824502955E-11));
#4901=CARTESIAN_POINT('',(6.199518154578E2,4.157115343711E2,
-1.515824502955E-11));
#4902=CARTESIAN_POINT('',(6.200361417573E2,4.156946689920E2,
-1.515824502955E-11));
#4903=CARTESIAN_POINT('',(6.201120297059E2,4.156778036130E2,
-1.515824502955E-11));
#4904=CARTESIAN_POINT('',(6.201879271894E2,4.156440734507E2,
-1.515824502955E-11));
#4905=CARTESIAN_POINT('',(6.202553863220E2,4.156019103010E2,
-1.515824502955E-11));
#4906=CARTESIAN_POINT('',(6.203144166386E2,4.155513147596E2,
-1.515824502955E-11));
#4907=CARTESIAN_POINT('',(6.203650086044E2,4.154922868267E2,
-1.515824502955E-11));
#4908=CARTESIAN_POINT('',(6.204156101050E2,4.154332582979E2,
-1.515824502955E-11));
#4909=CARTESIAN_POINT('',(6.204577732548E2,4.153573649859E2,
-1.515824502955E-11));
#4910=CARTESIAN_POINT('',(6.204914980536E2,4.152814716739E2,
-1.515824502955E-11));
#4911=CARTESIAN_POINT('',(6.205252323874E2,4.151887129829E2,
-1.515824502955E-11));
#4912=CARTESIAN_POINT('',(6.205505283703E2,4.150959542918E2,
-1.515824502955E-11));
#4913=CARTESIAN_POINT('',(6.205673955371E2,4.150453587505E2,
-1.515824502955E-11));
#4914=CARTESIAN_POINT('',(6.205758243531E2,4.149863308176E2,
-1.515824502955E-11));
#4915=CARTESIAN_POINT('',(6.205842627040E2,4.149273022887E2,
-1.515824502955E-11));
#4916=CARTESIAN_POINT('',(6.205926915200E2,4.148598413683E2,
-1.515824502955E-11));
#4917=CARTESIAN_POINT('',(6.206011203360E2,4.147923804479E2,
-1.515824502955E-11));
#4918=CARTESIAN_POINT('',(6.206011203360E2,4.147164871359E2,
-1.515824502955E-11));
#4919=CARTESIAN_POINT('',(6.206011203360E2,4.146405938239E2,
-1.515824502955E-11));
#4920=CARTESIAN_POINT('',(6.206095586869E2,4.145562681203E2,
-1.515824502955E-11));
#4921=CARTESIAN_POINT('',(6.206011203360E2,4.144635094293E2,
-1.515824502955E-11));
#4922=CARTESIAN_POINT('',(6.206011203360E2,4.143707507382E2,
-1.515824502955E-11));
#4923=CARTESIAN_POINT('',(6.205926915200E2,4.142864244387E2,
-1.515824502955E-11));
#4924=CARTESIAN_POINT('',(6.205842627040E2,4.142020987351E2,
-1.515824502955E-11));
#4925=CARTESIAN_POINT('',(6.205758243531E2,4.141177724356E2,
-1.515824502955E-11));
#4926=CARTESIAN_POINT('',(6.205589571863E2,4.140503121112E2,
-1.515824502955E-11));
#4927=CARTESIAN_POINT('',(6.205420995543E2,4.139828511907E2,
-1.515824502955E-11));
#4928=CARTESIAN_POINT('',(6.205252323874E2,4.139153902703E2,
-1.515824502955E-11));
#4929=CARTESIAN_POINT('',(6.204999364045E2,4.138563623374E2,
-1.515824502955E-11));
#4930=CARTESIAN_POINT('',(6.204746404216E2,4.137973338086E2,
-1.515824502955E-11));
#4931=CARTESIAN_POINT('',(6.204493349039E2,4.137467382673E2,
-1.515824502955E-11));
#4932=CARTESIAN_POINT('',(6.204240389210E2,4.136961427259E2,
-1.515824502955E-11));
#4933=CARTESIAN_POINT('',(6.203903141221E2,4.136539795762E2,
-1.515824502955E-11));
#4934=CARTESIAN_POINT('',(6.203565797884E2,4.136118164264E2,
-1.515824502955E-11));
#4935=CARTESIAN_POINT('',(6.203144166386E2,4.135696538726E2,
-1.515824502955E-11));
#4936=CARTESIAN_POINT('',(6.202806823049E2,4.135359231145E2,
-1.515824502955E-11));
#4937=CARTESIAN_POINT('',(6.202385191552E2,4.135021929522E2,
-1.515824502955E-11));
#4938=CARTESIAN_POINT('',(6.201879271894E2,4.134768951816E2,
-1.515824502955E-11));
#4939=CARTESIAN_POINT('',(6.201457640397E2,4.134600298025E2,
-1.515824502955E-11));
#4940=CARTESIAN_POINT('',(6.200951720739E2,4.134431644234E2,
-1.515824502955E-11));
#4941=CARTESIAN_POINT('',(6.200361417573E2,4.134347320318E2,
-1.515824502955E-11));
#4942=CARTESIAN_POINT('',(6.199855402567E2,4.134178666527E2,
-1.515824502955E-11));
#4943=CARTESIAN_POINT('',(6.199265194749E2,4.134178666527E2,
-1.515824502955E-11));
#4944=CARTESIAN_POINT('',(6.198674891583E2,4.134094342611E2,
-1.515824502955E-11));
#4945=CARTESIAN_POINT('',(6.197831628588E2,4.134178666527E2,
-1.515824502955E-11));
#4946=CARTESIAN_POINT('',(6.197072653753E2,4.134262996402E2,
-1.515824502955E-11));
#4947=CARTESIAN_POINT('',(6.196398062427E2,4.134431644234E2,
-1.515824502955E-11));
#4948=CARTESIAN_POINT('',(6.195723471101E2,4.134600298025E2,
-1.515824502955E-11));
#4949=CARTESIAN_POINT('',(6.195048879774E2,4.134937605606E2,
-1.515824502955E-11));
#4950=CARTESIAN_POINT('',(6.194458576608E2,4.135359231145E2,
-1.515824502955E-11));
#4951=CARTESIAN_POINT('',(6.193952656951E2,4.135780862642E2,
-1.515824502955E-11));
#4952=CARTESIAN_POINT('',(6.193446641944E2,4.136371141971E2,
-1.515824502955E-11));
#4953=CARTESIAN_POINT('',(6.192940722287E2,4.137130081050E2,
-1.515824502955E-11));
#4954=CARTESIAN_POINT('',(6.192519090789E2,4.137973338086E2,
-1.515824502955E-11));
#4955=CARTESIAN_POINT('',(6.192097459292E2,4.138985248913E2,
-1.515824502955E-11));
#4956=CARTESIAN_POINT('',(6.191760115954E2,4.140081489614E2,
-1.515824502955E-11));
#4957=CARTESIAN_POINT('',(6.191507156126E2,4.141346378147E2,
-1.515824502955E-11));
#4958=CARTESIAN_POINT('',(6.191338484457E2,4.142611266680E2,
-1.515824502955E-11));
#4959=CARTESIAN_POINT('',(6.191254196297E2,4.144044809004E2,
-1.515824502955E-11));
#4960=CARTESIAN_POINT('',(6.191254196297E2,4.145562681203E2,
-1.515824502955E-11));
#4962=CARTESIAN_POINT('',(6.194036945111E2,4.145647005119E2,
-1.515824502955E-11));
#4963=CARTESIAN_POINT('',(6.194036945111E2,4.144297786711E2,
-1.515824502955E-11));
#4964=CARTESIAN_POINT('',(6.194121328619E2,4.143032898178E2,
-1.515824502955E-11));
#4965=CARTESIAN_POINT('',(6.194205616779E2,4.141936663436E2,
-1.515824502955E-11));
#4966=CARTESIAN_POINT('',(6.194289904939E2,4.140924746650E2,
-1.515824502955E-11));
#4967=CARTESIAN_POINT('',(6.194542864768E2,4.140081489614E2,
-1.515824502955E-11));
#4968=CARTESIAN_POINT('',(6.194711536437E2,4.139322556494E2,
-1.515824502955E-11));
#4969=CARTESIAN_POINT('',(6.195048879774E2,4.138647947290E2,
-1.515824502955E-11));
#4970=CARTESIAN_POINT('',(6.195301839603E2,4.138141991877E2,
-1.515824502955E-11));
#4971=CARTESIAN_POINT('',(6.195639182940E2,4.137720360379E2,
-1.515824502955E-11));
#4972=CARTESIAN_POINT('',(6.196060814438E2,4.137383058757E2,
-1.515824502955E-11));
#4973=CARTESIAN_POINT('',(6.196398062427E2,4.137045751175E2,
-1.515824502955E-11));
#4974=CARTESIAN_POINT('',(6.196819693924E2,4.136792773469E2,
-1.515824502955E-11));
#4975=CARTESIAN_POINT('',(6.197241325422E2,4.136624125637E2,
-1.515824502955E-11));
#4976=CARTESIAN_POINT('',(6.197662956919E2,4.136455471846E2,
-1.515824502955E-11));
#4977=CARTESIAN_POINT('',(6.198168971925E2,4.136371141971E2,
-1.515824502955E-11));
#4978=CARTESIAN_POINT('',(6.198674891583E2,4.136371141971E2,
-1.515824502955E-11));
#4979=CARTESIAN_POINT('',(6.199096523080E2,4.136371141971E2,
-1.515824502955E-11));
#4980=CARTESIAN_POINT('',(6.199602442738E2,4.136455471846E2,
-1.515824502955E-11));
#4981=CARTESIAN_POINT('',(6.200024074235E2,4.136624125637E2,
-1.515824502955E-11));
#4982=CARTESIAN_POINT('',(6.200445705733E2,4.136792773469E2,
-1.515824502955E-11));
#4983=CARTESIAN_POINT('',(6.200867337230E2,4.137045751175E2,
-1.515824502955E-11));
#4984=CARTESIAN_POINT('',(6.201204680568E2,4.137383058757E2,
-1.515824502955E-11));
#4985=CARTESIAN_POINT('',(6.201626312065E2,4.137720360379E2,
-1.515824502955E-11));
#4986=CARTESIAN_POINT('',(6.201963560054E2,4.138141991877E2,
-1.515824502955E-11));
#4987=CARTESIAN_POINT('',(6.202216615231E2,4.138647947290E2,
-1.515824502955E-11));
#4988=CARTESIAN_POINT('',(6.202553863220E2,4.139322556494E2,
-1.515824502955E-11));
#4989=CARTESIAN_POINT('',(6.202722534889E2,4.140081489614E2,
-1.515824502955E-11));
#4990=CARTESIAN_POINT('',(6.202975494718E2,4.140924746650E2,
-1.515824502955E-11));
#4991=CARTESIAN_POINT('',(6.203059878226E2,4.141936663436E2,
-1.515824502955E-11));
#4992=CARTESIAN_POINT('',(6.203228454547E2,4.143032898178E2,
-1.515824502955E-11));
#4993=CARTESIAN_POINT('',(6.203228454547E2,4.144297786711E2,
-1.515824502955E-11));
#4994=CARTESIAN_POINT('',(6.203312838055E2,4.145647005119E2,
-1.515824502955E-11));
#4995=CARTESIAN_POINT('',(6.203228454547E2,4.146911893652E2,
-1.515824502955E-11));
#4996=CARTESIAN_POINT('',(6.203228454547E2,4.148176788145E2,
-1.515824502955E-11));
#4997=CARTESIAN_POINT('',(6.203059878226E2,4.149273022887E2,
-1.515824502955E-11));
#4998=CARTESIAN_POINT('',(6.202975494718E2,4.150284933714E2,
-1.515824502955E-11));
#4999=CARTESIAN_POINT('',(6.202722534889E2,4.151128196709E2,
-1.515824502955E-11));
#5000=CARTESIAN_POINT('',(6.202553863220E2,4.151887129829E2,
-1.515824502955E-11));
#5001=CARTESIAN_POINT('',(6.202216615231E2,4.152561739033E2,
-1.515824502955E-11));
#5002=CARTESIAN_POINT('',(6.201963560054E2,4.153067694446E2,
-1.515824502955E-11));
#5003=CARTESIAN_POINT('',(6.201626312065E2,4.153489325943E2,
-1.515824502955E-11));
#5004=CARTESIAN_POINT('',(6.201204680568E2,4.153826627566E2,
-1.515824502955E-11));
#5005=CARTESIAN_POINT('',(6.200867337230E2,4.154163929188E2,
-1.515824502955E-11));
#5006=CARTESIAN_POINT('',(6.200445705733E2,4.154416906895E2,
-1.515824502955E-11));
#5007=CARTESIAN_POINT('',(6.200024074235E2,4.154585560686E2,
-1.515824502955E-11));
#5008=CARTESIAN_POINT('',(6.199602442738E2,4.154754214477E2,
-1.515824502955E-11));
#5009=CARTESIAN_POINT('',(6.199096523080E2,4.154838538392E2,
-1.515824502955E-11));
#5010=CARTESIAN_POINT('',(6.198590603423E2,4.154922868267E2,
-1.515824502955E-11));
#5011=CARTESIAN_POINT('',(6.198084588417E2,4.154838538392E2,
-1.515824502955E-11));
#5012=CARTESIAN_POINT('',(6.197662956919E2,4.154754214477E2,
-1.515824502955E-11));
#5013=CARTESIAN_POINT('',(6.197241325422E2,4.154669884601E2,
-1.515824502955E-11));
#5014=CARTESIAN_POINT('',(6.196819693924E2,4.154501236770E2,
-1.515824502955E-11));
#5015=CARTESIAN_POINT('',(6.196482445935E2,4.154248259063E2,
-1.515824502955E-11));
#5016=CARTESIAN_POINT('',(6.196060814438E2,4.153995281357E2,
-1.515824502955E-11));
#5017=CARTESIAN_POINT('',(6.195723471101E2,4.153657973775E2,
-1.515824502955E-11));
#5018=CARTESIAN_POINT('',(6.195470511272E2,4.153236348237E2,
-1.515824502955E-11));
#5019=CARTESIAN_POINT('',(6.195133167934E2,4.152646062948E2,
-1.515824502955E-11));
#5020=CARTESIAN_POINT('',(6.194795919946E2,4.151971453744E2,
-1.515824502955E-11));
#5021=CARTESIAN_POINT('',(6.194542864768E2,4.151212520624E2,
-1.515824502955E-11));
#5022=CARTESIAN_POINT('',(6.194374288448E2,4.150284933714E2,
-1.515824502955E-11));
#5023=CARTESIAN_POINT('',(6.194205616779E2,4.149273022887E2,
-1.515824502955E-11));
#5024=CARTESIAN_POINT('',(6.194121328619E2,4.148176788145E2,
-1.515824502955E-11));
#5025=CARTESIAN_POINT('',(6.194036945111E2,4.146911893652E2,
-1.515824502955E-11));
#5026=CARTESIAN_POINT('',(6.194036945111E2,4.145647005119E2,
-1.515824502955E-11));
#5028=CARTESIAN_POINT('',(6.220262386114E2,4.127769893986E2,
-1.515824502955E-11));
#5029=CARTESIAN_POINT('',(6.218238516787E2,4.127769893986E2,
-1.515824502955E-11));
#5030=CARTESIAN_POINT('',(6.219250451451E2,4.129625061849E2,
-1.515824502955E-11));
#5031=CARTESIAN_POINT('',(6.220262386114E2,4.131480235670E2,
-1.515824502955E-11));
#5032=CARTESIAN_POINT('',(6.221021265601E2,4.133335409492E2,
-1.515824502955E-11));
#5033=CARTESIAN_POINT('',(6.221695856927E2,4.135106253438E2,
-1.515824502955E-11));
#5034=CARTESIAN_POINT('',(6.222201871933E2,4.136961427259E2,
-1.515824502955E-11));
#5035=CARTESIAN_POINT('',(6.222539119922E2,4.138816601081E2,
-1.515824502955E-11));
#5036=CARTESIAN_POINT('',(6.222792079751E2,4.140756098818E2,
-1.515824502955E-11));
#5037=CARTESIAN_POINT('',(6.222876463259E2,4.142611266680E2,
-1.515824502955E-11));
#5038=CARTESIAN_POINT('',(6.222792079751E2,4.144044809004E2,
-1.515824502955E-11));
#5039=CARTESIAN_POINT('',(6.222707791591E2,4.145478351328E2,
-1.515824502955E-11));
#5040=CARTESIAN_POINT('',(6.222454831762E2,4.146911893652E2,
-1.515824502955E-11));
#5041=CARTESIAN_POINT('',(6.222201871933E2,4.148345435976E2,
-1.515824502955E-11));
#5042=CARTESIAN_POINT('',(6.221864528596E2,4.149441676678E2,
-1.515824502955E-11));
#5043=CARTESIAN_POINT('',(6.221527185258E2,4.150622241295E2,
-1.515824502955E-11));
#5044=CARTESIAN_POINT('',(6.221105649109E2,4.151718476038E2,
-1.515824502955E-11));
#5045=CARTESIAN_POINT('',(6.220684017612E2,4.152814716739E2,
-1.515824502955E-11));
#5046=CARTESIAN_POINT('',(6.220515345943E2,4.153152018362E2,
-1.515824502955E-11));
#5047=CARTESIAN_POINT('',(6.220346674275E2,4.153573649859E2,
-1.515824502955E-11));
#5048=CARTESIAN_POINT('',(6.220093714446E2,4.154079605272E2,
-1.515824502955E-11));
#5049=CARTESIAN_POINT('',(6.219756371108E2,4.154669884601E2,
-1.515824502955E-11));
#5050=CARTESIAN_POINT('',(6.219419123120E2,4.155260169890E2,
-1.515824502955E-11));
#5051=CARTESIAN_POINT('',(6.219081779782E2,4.155934779094E2,
-1.515824502955E-11));
#5052=CARTESIAN_POINT('',(6.218660148285E2,4.156609388298E2,
-1.515824502955E-11));
#5053=CARTESIAN_POINT('',(6.218238516787E2,4.157452645334E2,
-1.515824502955E-11));
#5054=CARTESIAN_POINT('',(6.220262386114E2,4.157452645334E2,
-1.515824502955E-11));
#5055=CARTESIAN_POINT('',(6.220936977441E2,4.156440734507E2,
-1.515824502955E-11));
#5056=CARTESIAN_POINT('',(6.221527185258E2,4.155513147596E2,
-1.515824502955E-11));
#5057=CARTESIAN_POINT('',(6.222117488425E2,4.154501236770E2,
-1.515824502955E-11));
#5058=CARTESIAN_POINT('',(6.222707791591E2,4.153489325943E2,
-1.515824502955E-11));
#5059=CARTESIAN_POINT('',(6.223213711248E2,4.152561739033E2,
-1.515824502955E-11));
#5060=CARTESIAN_POINT('',(6.223635342746E2,4.151549828206E2,
-1.515824502955E-11));
#5061=CARTESIAN_POINT('',(6.224056974243E2,4.150622241295E2,
-1.515824502955E-11));
#5062=CARTESIAN_POINT('',(6.224478605741E2,4.149610324510E2,
-1.515824502955E-11));
#5063=CARTESIAN_POINT('',(6.224984620747E2,4.147923804479E2,
-1.515824502955E-11));
#5064=CARTESIAN_POINT('',(6.225321868736E2,4.146152960533E2,
-1.515824502955E-11));
#5065=CARTESIAN_POINT('',(6.225574923913E2,4.144382116586E2,
-1.515824502955E-11));
#5066=CARTESIAN_POINT('',(6.225659212073E2,4.142611266680E2,
-1.515824502955E-11));
#5067=CARTESIAN_POINT('',(6.225574923913E2,4.141515031938E2,
-1.515824502955E-11));
#5068=CARTESIAN_POINT('',(6.225490540404E2,4.140503121112E2,
-1.515824502955E-11));
#5069=CARTESIAN_POINT('',(6.225406252244E2,4.139491204326E2,
-1.515824502955E-11));
#5070=CARTESIAN_POINT('',(6.225237580576E2,4.138479293499E2,
-1.515824502955E-11));
#5071=CARTESIAN_POINT('',(6.224984620747E2,4.137467382673E2,
-1.515824502955E-11));
#5072=CARTESIAN_POINT('',(6.224731660918E2,4.136455471846E2,
-1.515824502955E-11));
#5073=CARTESIAN_POINT('',(6.224394317581E2,4.135527884935E2,
-1.515824502955E-11));
#5074=CARTESIAN_POINT('',(6.224056974243E2,4.134515974109E2,
-1.515824502955E-11));
#5075=CARTESIAN_POINT('',(6.223213711248E2,4.132745124203E2,
-1.515824502955E-11));
#5076=CARTESIAN_POINT('',(6.222286160093E2,4.130974280257E2,
-1.515824502955E-11));
#5077=CARTESIAN_POINT('',(6.221274225430E2,4.129287760226E2,
-1.515824502955E-11));
#5078=CARTESIAN_POINT('',(6.220262386114E2,4.127769893986E2,
-1.515824502955E-11));
#5080=CARTESIAN_POINT('',(6.252559244403E2,4.134431644234E2,
-1.515824502955E-11));
#5081=CARTESIAN_POINT('',(6.252559244403E2,4.154416906895E2,
-1.515824502955E-11));
#5082=CARTESIAN_POINT('',(6.245138549117E2,4.154416906895E2,
-1.515824502955E-11));
#5083=CARTESIAN_POINT('',(6.245138549117E2,4.157115343711E2,
-1.515824502955E-11));
#5084=CARTESIAN_POINT('',(6.263015648332E2,4.157115343711E2,
-1.515824502955E-11));
#5085=CARTESIAN_POINT('',(6.263015648332E2,4.154416906895E2,
-1.515824502955E-11));
#5086=CARTESIAN_POINT('',(6.255594953046E2,4.154416906895E2,
-1.515824502955E-11));
#5087=CARTESIAN_POINT('',(6.255594953046E2,4.134431644234E2,
-1.515824502955E-11));
#5088=CARTESIAN_POINT('',(6.252559244403E2,4.134431644234E2,
-1.515824502955E-11));
#5090=CARTESIAN_POINT('',(6.266220028643E2,4.134431644234E2,
-1.515824502955E-11));
#5091=CARTESIAN_POINT('',(6.266220028643E2,4.157115343711E2,
-1.515824502955E-11));
#5092=CARTESIAN_POINT('',(6.269255737285E2,4.157115343711E2,
-1.515824502955E-11));
#5093=CARTESIAN_POINT('',(6.269255737285E2,4.147839480563E2,
-1.515824502955E-11));
#5094=CARTESIAN_POINT('',(6.280977035706E2,4.147839480563E2,
-1.515824502955E-11));
#5095=CARTESIAN_POINT('',(6.280977035706E2,4.157115343711E2,
-1.515824502955E-11));
#5096=CARTESIAN_POINT('',(6.284012839697E2,4.157115343711E2,
-1.515824502955E-11));
#5097=CARTESIAN_POINT('',(6.284012839697E2,4.134431644234E2,
-1.515824502955E-11));
#5098=CARTESIAN_POINT('',(6.280977035706E2,4.134431644234E2,
-1.515824502955E-11));
#5099=CARTESIAN_POINT('',(6.280977035706E2,4.145141049706E2,
-1.515824502955E-11));
#5100=CARTESIAN_POINT('',(6.269255737285E2,4.145141049706E2,
-1.515824502955E-11));
#5101=CARTESIAN_POINT('',(6.269255737285E2,4.134431644234E2,
-1.515824502955E-11));
#5102=CARTESIAN_POINT('',(6.266220028643E2,4.134431644234E2,
-1.515824502955E-11));
#5104=CARTESIAN_POINT('',(6.289072322318E2,4.134431644234E2,
-1.515824502955E-11));
#5105=CARTESIAN_POINT('',(6.289072322318E2,4.157115343711E2,
-1.515824502955E-11));
#5106=CARTESIAN_POINT('',(6.299107190098E2,4.157115343711E2,
-1.515824502955E-11));
#5107=CARTESIAN_POINT('',(6.299781781424E2,4.157031013836E2,
-1.515824502955E-11));
#5108=CARTESIAN_POINT('',(6.300456372750E2,4.157031013836E2,
-1.515824502955E-11));
#5109=CARTESIAN_POINT('',(6.301130964076E2,4.156946689920E2,
-1.515824502955E-11));
#5110=CARTESIAN_POINT('',(6.301721267243E2,4.156946689920E2,
-1.515824502955E-11));
#5111=CARTESIAN_POINT('',(6.302227186900E2,4.156862366005E2,
-1.515824502955E-11));
#5112=CARTESIAN_POINT('',(6.302733201906E2,4.156693712214E2,
-1.515824502955E-11));
#5113=CARTESIAN_POINT('',(6.303239121564E2,4.156609388298E2,
-1.515824502955E-11));
#5114=CARTESIAN_POINT('',(6.303660753061E2,4.156440734507E2,
-1.515824502955E-11));
#5115=CARTESIAN_POINT('',(6.304419727896E2,4.156103426925E2,
-1.515824502955E-11));
#5116=CARTESIAN_POINT('',(6.305009935714E2,4.155597471512E2,
-1.515824502955E-11));
#5117=CARTESIAN_POINT('',(6.305600238880E2,4.155007192183E2,
-1.515824502955E-11));
#5118=CARTESIAN_POINT('',(6.306106253886E2,4.154332582979E2,
-1.515824502955E-11));
#5119=CARTESIAN_POINT('',(6.306527885384E2,4.153489325943E2,
-1.515824502955E-11));
#5120=CARTESIAN_POINT('',(6.306865133372E2,4.152646062948E2,
-1.515824502955E-11));
#5121=CARTESIAN_POINT('',(6.307033805041E2,4.151802805913E2,
-1.515824502955E-11));
#5122=CARTESIAN_POINT('',(6.307118093201E2,4.150875219002E2,
-1.515824502955E-11));
#5123=CARTESIAN_POINT('',(6.307033805041E2,4.150284933714E2,
-1.515824502955E-11));
#5124=CARTESIAN_POINT('',(6.306949516881E2,4.149694654385E2,
-1.515824502955E-11));
#5125=CARTESIAN_POINT('',(6.306865133372E2,4.149188698971E2,
-1.515824502955E-11));
#5126=CARTESIAN_POINT('',(6.306696461704E2,4.148598413683E2,
-1.515824502955E-11));
#5127=CARTESIAN_POINT('',(6.306443501875E2,4.148176788145E2,
-1.515824502955E-11));
#5128=CARTESIAN_POINT('',(6.306190542046E2,4.147670826772E2,
-1.515824502955E-11));
#5129=CARTESIAN_POINT('',(6.305853198709E2,4.147249201234E2,
-1.515824502955E-11));
#5130=CARTESIAN_POINT('',(6.305515950720E2,4.146827569737E2,
-1.515824502955E-11));
#5131=CARTESIAN_POINT('',(6.305094319222E2,4.146405938239E2,
-1.515824502955E-11));
#5132=CARTESIAN_POINT('',(6.304672687725E2,4.146068636617E2,
-1.515824502955E-11));
#5133=CARTESIAN_POINT('',(6.304166672719E2,4.145731329035E2,
-1.515824502955E-11));
#5134=CARTESIAN_POINT('',(6.303576464901E2,4.145394027413E2,
-1.515824502955E-11));
#5135=CARTESIAN_POINT('',(6.302901778226E2,4.145225373622E2,
-1.515824502955E-11));
#5136=CARTESIAN_POINT('',(6.302227186900E2,4.144972395915E2,
-1.515824502955E-11));
#5137=CARTESIAN_POINT('',(6.301552595574E2,4.144803748084E2,
-1.515824502955E-11));
#5138=CARTESIAN_POINT('',(6.300709332579E2,4.144719418209E2,
-1.515824502955E-11));
#5139=CARTESIAN_POINT('',(6.301299635745E2,4.144382116586E2,
-1.515824502955E-11));
#5140=CARTESIAN_POINT('',(6.301805555403E2,4.144129138879E2,
-1.515824502955E-11));
#5141=CARTESIAN_POINT('',(6.302227186900E2,4.143791831298E2,
-1.515824502955E-11));
#5142=CARTESIAN_POINT('',(6.302564530237E2,4.143538853591E2,
-1.515824502955E-11));
#5143=CARTESIAN_POINT('',(6.303154833404E2,4.142948574262E2,
-1.515824502955E-11));
#5144=CARTESIAN_POINT('',(6.303829424730E2,4.142189641142E2,
-1.515824502955E-11));
#5145=CARTESIAN_POINT('',(6.304419727896E2,4.141430702063E2,
-1.515824502955E-11));
#5146=CARTESIAN_POINT('',(6.305009935714E2,4.140503121112E2,
-1.515824502955E-11));
#5147=CARTESIAN_POINT('',(6.308889002700E2,4.134431644234E2,
-1.515824502955E-11));
#5148=CARTESIAN_POINT('',(6.305178607382E2,4.134431644234E2,
-1.515824502955E-11));
#5149=CARTESIAN_POINT('',(6.302227186900E2,4.139069578788E2,
-1.515824502955E-11));
#5150=CARTESIAN_POINT('',(6.301552595574E2,4.140081489614E2,
-1.515824502955E-11));
#5151=CARTESIAN_POINT('',(6.301046675916E2,4.140924746650E2,
-1.515824502955E-11));
#5152=CARTESIAN_POINT('',(6.300540660910E2,4.141599355854E2,
-1.515824502955E-11));
#5153=CARTESIAN_POINT('',(6.300034741253E2,4.142189641142E2,
-1.515824502955E-11));
#5154=CARTESIAN_POINT('',(6.299613109755E2,4.142695596555E2,
-1.515824502955E-11));
#5155=CARTESIAN_POINT('',(6.299275766418E2,4.143117228053E2,
-1.515824502955E-11));
#5156=CARTESIAN_POINT('',(6.298854134920E2,4.143454529675E2,
-1.515824502955E-11));
#5157=CARTESIAN_POINT('',(6.298516886931E2,4.143707507382E2,
-1.515824502955E-11));
#5158=CARTESIAN_POINT('',(6.297842295605E2,4.144044809004E2,
-1.515824502955E-11));
#5159=CARTESIAN_POINT('',(6.297167608930E2,4.144297786711E2,
-1.515824502955E-11));
#5160=CARTESIAN_POINT('',(6.296914649102E2,4.144382116586E2,
-1.515824502955E-11));
#5161=CARTESIAN_POINT('',(6.296493017604E2,4.144382116586E2,
-1.515824502955E-11));
#5162=CARTESIAN_POINT('',(6.296071386107E2,4.144382116586E2,
-1.515824502955E-11));
#5163=CARTESIAN_POINT('',(6.295481178289E2,4.144466440502E2,
-1.515824502955E-11));
#5164=CARTESIAN_POINT('',(6.292108126309E2,4.144466440502E2,
-1.515824502955E-11));
#5165=CARTESIAN_POINT('',(6.292108126309E2,4.134431644234E2,
-1.515824502955E-11));
#5166=CARTESIAN_POINT('',(6.289072322318E2,4.134431644234E2,
-1.515824502955E-11));
#5168=CARTESIAN_POINT('',(6.292108126309E2,4.147164871359E2,
-1.515824502955E-11));
#5169=CARTESIAN_POINT('',(6.298432503423E2,4.147164871359E2,
-1.515824502955E-11));
#5170=CARTESIAN_POINT('',(6.299444438086E2,4.147164871359E2,
-1.515824502955E-11));
#5171=CARTESIAN_POINT('',(6.300287701081E2,4.147249201234E2,
-1.515824502955E-11));
#5172=CARTESIAN_POINT('',(6.301046675916E2,4.147333525150E2,
-1.515824502955E-11));
#5173=CARTESIAN_POINT('',(6.301636979082E2,4.147502178941E2,
-1.515824502955E-11));
#5174=CARTESIAN_POINT('',(6.302142898740E2,4.147755156647E2,
-1.515824502955E-11));
#5175=CARTESIAN_POINT('',(6.302648818398E2,4.148092458270E2,
-1.515824502955E-11));
#5176=CARTESIAN_POINT('',(6.303070449895E2,4.148429765851E2,
-1.515824502955E-11));
#5177=CARTESIAN_POINT('',(6.303407793232E2,4.148851391390E2,
-1.515824502955E-11));
#5178=CARTESIAN_POINT('',(6.303660753061E2,4.149357346803E2,
-1.515824502955E-11));
#5179=CARTESIAN_POINT('',(6.303829424730E2,4.149863308176E2,
-1.515824502955E-11));
#5180=CARTESIAN_POINT('',(6.303913712890E2,4.150369263589E2,
-1.515824502955E-11));
#5181=CARTESIAN_POINT('',(6.303998096399E2,4.150875219002E2,
-1.515824502955E-11));
#5182=CARTESIAN_POINT('',(6.303913712890E2,4.151296844540E2,
-1.515824502955E-11));
#5183=CARTESIAN_POINT('',(6.303913712890E2,4.151634152122E2,
-1.515824502955E-11));
#5184=CARTESIAN_POINT('',(6.303829424730E2,4.152055783619E2,
-1.515824502955E-11));
#5185=CARTESIAN_POINT('',(6.303660753061E2,4.152393085242E2,
-1.515824502955E-11));
#5186=CARTESIAN_POINT('',(6.303492081393E2,4.152646062948E2,
-1.515824502955E-11));
#5187=CARTESIAN_POINT('',(6.303323409724E2,4.152983364571E2,
-1.515824502955E-11));
#5188=CARTESIAN_POINT('',(6.303070449895E2,4.153236348237E2,
-1.515824502955E-11));
#5189=CARTESIAN_POINT('',(6.302817490066E2,4.153489325943E2,
-1.515824502955E-11));
#5190=CARTESIAN_POINT('',(6.302480242077E2,4.153742303650E2,
-1.515824502955E-11));
#5191=CARTESIAN_POINT('',(6.302142898740E2,4.153995281357E2,
-1.515824502955E-11));
#5192=CARTESIAN_POINT('',(6.301805555403E2,4.154163929188E2,
-1.515824502955E-11));
#5193=CARTESIAN_POINT('',(6.301299635745E2,4.154248259063E2,
-1.515824502955E-11));
#5194=CARTESIAN_POINT('',(6.300878004248E2,4.154416906895E2,
-1.515824502955E-11));
#5195=CARTESIAN_POINT('',(6.300372084590E2,4.154501236770E2,
-1.515824502955E-11));
#5196=CARTESIAN_POINT('',(6.299781781424E2,4.154501236770E2,
-1.515824502955E-11));
#5197=CARTESIAN_POINT('',(6.299191478258E2,4.154585560686E2,
-1.515824502955E-11));
#5198=CARTESIAN_POINT('',(6.292108126309E2,4.154585560686E2,
-1.515824502955E-11));
#5199=CARTESIAN_POINT('',(6.292108126309E2,4.147164871359E2,
-1.515824502955E-11));
#5201=CARTESIAN_POINT('',(6.326597430245E2,4.157115343711E2,
-1.515824502955E-11));
#5202=CARTESIAN_POINT('',(6.329717522396E2,4.157115343711E2,
-1.515824502955E-11));
#5203=CARTESIAN_POINT('',(6.329717522396E2,4.143960485089E2,
-1.515824502955E-11));
#5204=CARTESIAN_POINT('',(6.329633138888E2,4.143201551969E2,
-1.515824502955E-11));
#5205=CARTESIAN_POINT('',(6.329633138888E2,4.142358288974E2,
-1.515824502955E-11));
#5206=CARTESIAN_POINT('',(6.329548850728E2,4.141599355854E2,
-1.515824502955E-11));
#5207=CARTESIAN_POINT('',(6.329464562568E2,4.140924746650E2,
-1.515824502955E-11));
#5208=CARTESIAN_POINT('',(6.329380179059E2,4.140250143405E2,
-1.515824502955E-11));
#5209=CARTESIAN_POINT('',(6.329211507390E2,4.139659858117E2,
-1.515824502955E-11));
#5210=CARTESIAN_POINT('',(6.329127219230E2,4.139069578788E2,
-1.515824502955E-11));
#5211=CARTESIAN_POINT('',(6.328874259401E2,4.138563623374E2,
-1.515824502955E-11));
#5212=CARTESIAN_POINT('',(6.328705587733E2,4.138057662002E2,
-1.515824502955E-11));
#5213=CARTESIAN_POINT('',(6.328452627904E2,4.137636036464E2,
-1.515824502955E-11));
#5214=CARTESIAN_POINT('',(6.328115284567E2,4.137214404966E2,
-1.515824502955E-11));
#5215=CARTESIAN_POINT('',(6.327862324738E2,4.136792773469E2,
-1.515824502955E-11));
#5216=CARTESIAN_POINT('',(6.327440693240E2,4.136371141971E2,
-1.515824502955E-11));
#5217=CARTESIAN_POINT('',(6.327019061743E2,4.135949516433E2,
-1.515824502955E-11));
#5218=CARTESIAN_POINT('',(6.326597430245E2,4.135612208851E2,
-1.515824502955E-11));
#5219=CARTESIAN_POINT('',(6.326091510588E2,4.135274907229E2,
-1.515824502955E-11));
#5220=CARTESIAN_POINT('',(6.325585495582E2,4.135021929522E2,
-1.515824502955E-11));
#5221=CARTESIAN_POINT('',(6.324995192415E2,4.134768951816E2,
-1.515824502955E-11));
#5222=CARTESIAN_POINT('',(6.324404984598E2,4.134515974109E2,
-1.515824502955E-11));
#5223=CARTESIAN_POINT('',(6.323814681432E2,4.134431644234E2,
-1.515824502955E-11));
#5224=CARTESIAN_POINT('',(6.323140090105E2,4.134347320318E2,
-1.515824502955E-11));
#5225=CARTESIAN_POINT('',(6.322381115270E2,4.134178666527E2,
-1.515824502955E-11));
#5226=CARTESIAN_POINT('',(6.321622235784E2,4.134178666527E2,
-1.515824502955E-11));
#5227=CARTESIAN_POINT('',(6.320863260949E2,4.134094342611E2,
-1.515824502955E-11));
#5228=CARTESIAN_POINT('',(6.320019997954E2,4.134178666527E2,
-1.515824502955E-11));
#5229=CARTESIAN_POINT('',(6.319345406628E2,4.134178666527E2,
-1.515824502955E-11));
#5230=CARTESIAN_POINT('',(6.318586431793E2,4.134262996402E2,
-1.515824502955E-11));
#5231=CARTESIAN_POINT('',(6.317911840467E2,4.134431644234E2,
-1.515824502955E-11));
#5232=CARTESIAN_POINT('',(6.317321537301E2,4.134515974109E2,
-1.515824502955E-11));
#5233=CARTESIAN_POINT('',(6.316731329483E2,4.134684621940E2,
-1.515824502955E-11));
#5234=CARTESIAN_POINT('',(6.316141026317E2,4.134853275731E2,
-1.515824502955E-11));
#5235=CARTESIAN_POINT('',(6.315635011311E2,4.135190583313E2,
-1.515824502955E-11));
#5236=CARTESIAN_POINT('',(6.315129091653E2,4.135443561020E2,
-1.515824502955E-11));
#5237=CARTESIAN_POINT('',(6.314707460156E2,4.135780862642E2,
-1.515824502955E-11));
#5238=CARTESIAN_POINT('',(6.314285828658E2,4.136118164264E2,
-1.515824502955E-11));
#5239=CARTESIAN_POINT('',(6.313864197161E2,4.136455471846E2,
-1.515824502955E-11));
#5240=CARTESIAN_POINT('',(6.313526853823E2,4.136877103344E2,
-1.515824502955E-11));
#5241=CARTESIAN_POINT('',(6.313273893995E2,4.137383058757E2,
-1.515824502955E-11));
#5242=CARTESIAN_POINT('',(6.313020934166E2,4.137804684295E2,
-1.515824502955E-11));
#5243=CARTESIAN_POINT('',(6.312767974337E2,4.138310645668E2,
-1.515824502955E-11));
#5244=CARTESIAN_POINT('',(6.312515014508E2,4.138900924997E2,
-1.515824502955E-11));
#5245=CARTESIAN_POINT('',(6.312346342840E2,4.139491204326E2,
-1.515824502955E-11));
#5246=CARTESIAN_POINT('',(6.312262054680E2,4.140081489614E2,
-1.515824502955E-11));
#5247=CARTESIAN_POINT('',(6.312093383011E2,4.140756098818E2,
-1.515824502955E-11));
#5248=CARTESIAN_POINT('',(6.312008999502E2,4.141515031938E2,
-1.515824502955E-11));
#5249=CARTESIAN_POINT('',(6.311924711342E2,4.142273965058E2,
-1.515824502955E-11));
#5250=CARTESIAN_POINT('',(6.311924711342E2,4.143117228053E2,
-1.515824502955E-11));
#5251=CARTESIAN_POINT('',(6.311924711342E2,4.143960485089E2,
-1.515824502955E-11));
#5252=CARTESIAN_POINT('',(6.311924711342E2,4.157115343711E2,
-1.515824502955E-11));
#5253=CARTESIAN_POINT('',(6.315044803493E2,4.157115343711E2,
-1.515824502955E-11));
#5254=CARTESIAN_POINT('',(6.315044803493E2,4.144044809004E2,
-1.515824502955E-11));
#5255=CARTESIAN_POINT('',(6.315044803493E2,4.143370205760E2,
-1.515824502955E-11));
#5256=CARTESIAN_POINT('',(6.315044803493E2,4.142695596555E2,
-1.515824502955E-11));
#5257=CARTESIAN_POINT('',(6.315044803493E2,4.142105311267E2,
-1.515824502955E-11));
#5258=CARTESIAN_POINT('',(6.315129091653E2,4.141515031938E2,
-1.515824502955E-11));
#5259=CARTESIAN_POINT('',(6.315213379813E2,4.141009076525E2,
-1.515824502955E-11));
#5260=CARTESIAN_POINT('',(6.315297763322E2,4.140503121112E2,
-1.515824502955E-11));
#5261=CARTESIAN_POINT('',(6.315382051482E2,4.140081489614E2,
-1.515824502955E-11));
#5262=CARTESIAN_POINT('',(6.315550723151E2,4.139744182032E2,
-1.515824502955E-11));
#5263=CARTESIAN_POINT('',(6.315888066488E2,4.139069578788E2,
-1.515824502955E-11));
#5264=CARTESIAN_POINT('',(6.316309697986E2,4.138479293499E2,
-1.515824502955E-11));
#5265=CARTESIAN_POINT('',(6.316815617643E2,4.137973338086E2,
-1.515824502955E-11));
#5266=CARTESIAN_POINT('',(6.317405920809E2,4.137551706589E2,
-1.515824502955E-11));
#5267=CARTESIAN_POINT('',(6.318080512136E2,4.137298728882E2,
-1.515824502955E-11));
#5268=CARTESIAN_POINT('',(6.318839391622E2,4.137045751175E2,
-1.515824502955E-11));
#5269=CARTESIAN_POINT('',(6.319682654617E2,4.136877103344E2,
-1.515824502955E-11));
#5270=CARTESIAN_POINT('',(6.320610301121E2,4.136877103344E2,
-1.515824502955E-11));
#5271=CARTESIAN_POINT('',(6.321369180607E2,4.136877103344E2,
-1.515824502955E-11));
#5272=CARTESIAN_POINT('',(6.322043867282E2,4.136961427259E2,
-1.515824502955E-11));
#5273=CARTESIAN_POINT('',(6.322718458608E2,4.137045751175E2,
-1.515824502955E-11));
#5274=CARTESIAN_POINT('',(6.323308761774E2,4.137214404966E2,
-1.515824502955E-11));
#5275=CARTESIAN_POINT('',(6.323898969592E2,4.137383058757E2,
-1.515824502955E-11));
#5276=CARTESIAN_POINT('',(6.324404984598E2,4.137636036464E2,
-1.515824502955E-11));
#5277=CARTESIAN_POINT('',(6.324826616095E2,4.137973338086E2,
-1.515824502955E-11));
#5278=CARTESIAN_POINT('',(6.325163864084E2,4.138310645668E2,
-1.515824502955E-11));
#5279=CARTESIAN_POINT('',(6.325501207422E2,4.138732271206E2,
-1.515824502955E-11));
#5280=CARTESIAN_POINT('',(6.325754167250E2,4.139238226619E2,
-1.515824502955E-11));
#5281=CARTESIAN_POINT('',(6.326007127079E2,4.139828511907E2,
-1.515824502955E-11));
#5282=CARTESIAN_POINT('',(6.326175798748E2,4.140503121112E2,
-1.515824502955E-11));
#5283=CARTESIAN_POINT('',(6.326344470417E2,4.141262054231E2,
-1.515824502955E-11));
#5284=CARTESIAN_POINT('',(6.326428758577E2,4.142105311267E2,
-1.515824502955E-11));
#5285=CARTESIAN_POINT('',(6.326513142085E2,4.143032898178E2,
-1.515824502955E-11));
#5286=CARTESIAN_POINT('',(6.326597430245E2,4.144044809004E2,
-1.515824502955E-11));
#5287=CARTESIAN_POINT('',(6.326597430245E2,4.157115343711E2,
-1.515824502955E-11));
#5289=CARTESIAN_POINT('',(6.484575563067E2,4.171028274337E2,
-1.515824502955E-11));
#5290=CARTESIAN_POINT('',(6.459666981541E2,4.168768706257E2,2.467063761121E0));
#5291=CARTESIAN_POINT('',(6.460280359068E2,4.176968521748E2,2.467063761121E0));
#5292=CARTESIAN_POINT('',(6.484575563067E2,4.171028274337E2,
-1.515809699981E-11));
#5294=CARTESIAN_POINT('',(6.484575563067E2,4.171028274337E2,
-1.515824502955E-11));
#5295=CARTESIAN_POINT('',(6.367326918484E2,4.179799037229E2,
-1.515824502955E-11));
#5297=CARTESIAN_POINT('',(6.367326918484E2,4.179799037229E2,
-1.515824502955E-11));
#5298=CARTESIAN_POINT('',(6.341017189320E2,4.179799037229E2,
-1.515824502955E-11));
#5301=CURVE_STYLE('',#562,POSITIVE_LENGTH_MEASURE(2.E-2),#4);
#5302=PRESENTATION_STYLE_ASSIGNMENT((#5301));
#5303=ANNOTATION_CURVE_OCCURRENCE('Note_2',(#5302),#5300);
#5307=DRAUGHTING_MODEL('Default',(#3106,#5303,#5312,#5314,#5316,#5327,#5328),
#801);
#5308=MECHANICAL_DESIGN_AND_DRAUGHTING_RELATIONSHIP('','',#5307,#905);
#5309=CARTESIAN_POINT('',(0.E0,0.E0,0.E0));
#5310=DIRECTION('',(0.E0,0.E0,1.E0));
#5311=DIRECTION('',(1.E0,0.E0,0.E0));
#5312=AXIS2_PLACEMENT_3D('',#5309,#5310,#5311);
#5313=REPRESENTATION_MAP(#5312,#809);
#5314=MAPPED_ITEM('',#5313,#5312);
#5315=PRESENTATION_STYLE_ASSIGNMENT((.NULL.));
#5316=STYLED_ITEM('',(#5315),#5314);
#5317=CARTESIAN_POINT('',(0.E0,0.E0,0.E0));
#5318=CARTESIAN_POINT('',(-1.193277024328E1,-1.006827489277E1,
4.010655481237E1));
#5319=DIRECTION('',(0.E0,0.E0,1.E0));
#5320=DIRECTION('',(1.E0,0.E0,0.E0));
#5321=AXIS2_PLACEMENT_3D('',#5318,#5319,#5320);
#5323=VIEW_VOLUME(.PARALLEL.,#5317,4.010655481237E1,4.010655481237E1,.T.,0.E0,
.F.,.T.,#5322);
#5324=CARTESIAN_POINT('',(1.131058427085E-1,2.660192424830E0,4.295587837821E1));
#5325=DIRECTION('',(-2.711738920204E-1,-3.007818704648E-1,-9.143276145268E-1));
#5326=DIRECTION('',(-9.600629033078E-1,1.654814065067E-2,2.792944337670E-1));
#5327=AXIS2_PLACEMENT_3D('',#5324,#5325,#5326);
#5328=CAMERA_MODEL_D3('DEFAULT',#5327,#5323);
#5329=DRAUGHTING_MODEL('V_A',(#3106,#5303,#5334,#5336,#5338,#5349,#5350),#801);
#5330=MECHANICAL_DESIGN_AND_DRAUGHTING_RELATIONSHIP('','',#5329,#905);
#5331=CARTESIAN_POINT('',(0.E0,0.E0,0.E0));
#5332=DIRECTION('',(0.E0,0.E0,1.E0));
#5333=DIRECTION('',(1.E0,0.E0,0.E0));
#5334=AXIS2_PLACEMENT_3D('',#5331,#5332,#5333);
#5335=REPRESENTATION_MAP(#5334,#809);
#5336=MAPPED_ITEM('',#5335,#5334);
#5337=PRESENTATION_STYLE_ASSIGNMENT((.NULL.));
#5338=STYLED_ITEM('',(#5337),#5336);
#5339=CARTESIAN_POINT('',(0.E0,0.E0,0.E0));
#5340=CARTESIAN_POINT('',(-1.193277024328E1,-1.006827489277E1,
3.610655481237E1));
#5341=DIRECTION('',(0.E0,0.E0,1.E0));
#5342=DIRECTION('',(1.E0,0.E0,0.E0));
#5343=AXIS2_PLACEMENT_3D('',#5340,#5341,#5342);
#5345=VIEW_VOLUME(.PARALLEL.,#5339,3.610655481237E1,3.610655481237E1,.T.,0.E0,
.F.,.T.,#5344);
#5346=CARTESIAN_POINT('',(-1.193277024328E1,-1.006827489277E1,
3.610655481237E1));
#5347=DIRECTION('',(0.E0,0.E0,-1.E0));
#5348=DIRECTION('',(-1.E0,0.E0,0.E0));
#5349=AXIS2_PLACEMENT_3D('',#5346,#5347,#5348);
#5350=CAMERA_MODEL_D3('FRONT',#5349,#5345);
#5351=DRAUGHTING_MODEL('S_A',(#3106,#5303,#5356,#5358,#5360,#5371,#5372),#801);
#5352=MECHANICAL_DESIGN_AND_DRAUGHTING_RELATIONSHIP('','',#5351,#905);
#5353=CARTESIAN_POINT('',(0.E0,0.E0,0.E0));
#5354=DIRECTION('',(0.E0,0.E0,1.E0));
#5355=DIRECTION('',(1.E0,0.E0,0.E0));
#5356=AXIS2_PLACEMENT_3D('',#5353,#5354,#5355);
#5357=REPRESENTATION_MAP(#5356,#809);
#5358=MAPPED_ITEM('',#5357,#5356);
#5359=PRESENTATION_STYLE_ASSIGNMENT((.NULL.));
#5360=STYLED_ITEM('',(#5359),#5358);
#5361=CARTESIAN_POINT('',(0.E0,0.E0,0.E0));
#5362=CARTESIAN_POINT('',(-1.593277024328E1,-1.006827489277E1,
4.010655481237E1));
#5363=DIRECTION('',(0.E0,0.E0,1.E0));
#5364=DIRECTION('',(1.E0,0.E0,0.E0));
#5365=AXIS2_PLACEMENT_3D('',#5362,#5363,#5364);
#5367=VIEW_VOLUME(.PARALLEL.,#5361,4.010655481237E1,4.010655481237E1,.T.,0.E0,
.F.,.T.,#5366);
#5368=CARTESIAN_POINT('',(-4.010655481237E1,-1.006827489277E1,
-1.593277024328E1));
#5369=DIRECTION('',(1.E0,0.E0,0.E0));
#5370=DIRECTION('',(0.E0,0.E0,-1.E0));
#5371=AXIS2_PLACEMENT_3D('',#5368,#5369,#5370);
#5372=CAMERA_MODEL_D3('LEFT',#5371,#5367);
#5373=DRAUGHTING_MODEL('D_S',(#3106,#5303,#5378,#5380,#5382,#5393,#5394),#801);
#5374=MECHANICAL_DESIGN_AND_DRAUGHTING_RELATIONSHIP('','',#5373,#905);
#5375=CARTESIAN_POINT('',(0.E0,0.E0,0.E0));
#5376=DIRECTION('',(0.E0,0.E0,1.E0));
#5377=DIRECTION('',(1.E0,0.E0,0.E0));
#5378=AXIS2_PLACEMENT_3D('',#5375,#5376,#5377);
#5379=REPRESENTATION_MAP(#5378,#809);
#5380=MAPPED_ITEM('',#5379,#5378);
#5381=PRESENTATION_STYLE_ASSIGNMENT((.NULL.));
#5382=STYLED_ITEM('',(#5381),#5380);
#5383=CARTESIAN_POINT('',(0.E0,0.E0,0.E0));
#5384=CARTESIAN_POINT('',(-1.193277024328E1,-6.068274892767E0,
4.010655481237E1));
#5385=DIRECTION('',(0.E0,0.E0,1.E0));
#5386=DIRECTION('',(1.E0,0.E0,0.E0));
#5387=AXIS2_PLACEMENT_3D('',#5384,#5385,#5386);
#5389=VIEW_VOLUME(.PARALLEL.,#5383,4.010655481237E1,4.010655481237E1,.T.,0.E0,
.F.,.T.,#5388);
#5390=CARTESIAN_POINT('',(-1.193277024328E1,4.010655481237E1,6.068274892767E0));
#5391=DIRECTION('',(0.E0,-1.E0,0.E0));
#5392=DIRECTION('',(-1.E0,0.E0,0.E0));
#5393=AXIS2_PLACEMENT_3D('',#5390,#5391,#5392);
#5394=CAMERA_MODEL_D3('TOP',#5393,#5389);
#5396=GENERAL_PROPERTY('','CAD_APPROVED_BY','user defined attribute');
#5397=GENERAL_PROPERTY_ASSOCIATION('user defined attribute','',#5396,#5395);
#5398=DESCRIPTIVE_REPRESENTATION_ITEM('CAD_APPROVED_BY','-');
#5402=GENERAL_PROPERTY('','CAD_APPROVED_ON','user defined attribute');
#5403=GENERAL_PROPERTY_ASSOCIATION('user defined attribute','',#5402,#5401);
#5404=DESCRIPTIVE_REPRESENTATION_ITEM('CAD_APPROVED_ON','jjjj-mm-dd');
#5408=GENERAL_PROPERTY('','CAD_CHANGE_NO','user defined attribute');
#5409=GENERAL_PROPERTY_ASSOCIATION('user defined attribute','',#5408,#5407);
#5410=DESCRIPTIVE_REPRESENTATION_ITEM('CAD_CHANGE_NO','-');
#5414=GENERAL_PROPERTY('','CAD_CHANGE_TEXT','user defined attribute');
#5415=GENERAL_PROPERTY_ASSOCIATION('user defined attribute','',#5414,#5413);
#5416=DESCRIPTIVE_REPRESENTATION_ITEM('CAD_CHANGE_TEXT','-');
#5420=GENERAL_PROPERTY('','CAD_CREATED_BY','user defined attribute');
#5421=GENERAL_PROPERTY_ASSOCIATION('user defined attribute','',#5420,#5419);
#5422=DESCRIPTIVE_REPRESENTATION_ITEM('CAD_CREATED_BY','-');
#5426=GENERAL_PROPERTY('','CAD_CREATED_ON','user defined attribute');
#5427=GENERAL_PROPERTY_ASSOCIATION('user defined attribute','',#5426,#5425);
#5428=DESCRIPTIVE_REPRESENTATION_ITEM('CAD_CREATED_ON','jjjj-mm-dd');
#5432=GENERAL_PROPERTY('','CAD_LIFECYCLE_STATE','user defined attribute');
#5433=GENERAL_PROPERTY_ASSOCIATION('user defined attribute','',#5432,#5431);
#5434=DESCRIPTIVE_REPRESENTATION_ITEM('CAD_LIFECYCLE_STATE','-');
#5438=GENERAL_PROPERTY('','CAD_MODIFIED_BY','user defined attribute');
#5439=GENERAL_PROPERTY_ASSOCIATION('user defined attribute','',#5438,#5437);
#5440=DESCRIPTIVE_REPRESENTATION_ITEM('CAD_MODIFIED_BY','-');
#5444=GENERAL_PROPERTY('','CAD_MODIFIED_ON','user defined attribute');
#5445=GENERAL_PROPERTY_ASSOCIATION('user defined attribute','',#5444,#5443);
#5446=DESCRIPTIVE_REPRESENTATION_ITEM('CAD_MODIFIED_ON','jjjj-mm-dd');
#5450=GENERAL_PROPERTY('','CAD_REVISION','user defined attribute');
#5451=GENERAL_PROPERTY_ASSOCIATION('user defined attribute','',#5450,#5449);
#5452=DESCRIPTIVE_REPRESENTATION_ITEM('CAD_REVISION','-');
#5456=GENERAL_PROPERTY('','DEPARTMENT','user defined attribute');
#5457=GENERAL_PROPERTY_ASSOCIATION('user defined attribute','',#5456,#5455);
#5458=DESCRIPTIVE_REPRESENTATION_ITEM('DEPARTMENT','DEV');
#5462=GENERAL_PROPERTY('','DESCRIPTION_1_DE','user defined attribute');
#5463=GENERAL_PROPERTY_ASSOCIATION('user defined attribute','',#5462,#5461);
#5464=DESCRIPTIVE_REPRESENTATION_ITEM('DESCRIPTION_1_DE','-');
#5468=GENERAL_PROPERTY('','DESCRIPTION_1_EN','user defined attribute');
#5469=GENERAL_PROPERTY_ASSOCIATION('user defined attribute','',#5468,#5467);
#5470=DESCRIPTIVE_REPRESENTATION_ITEM('DESCRIPTION_1_EN','-');
#5474=GENERAL_PROPERTY('','DESCRIPTION_2_DE','user defined attribute');
#5475=GENERAL_PROPERTY_ASSOCIATION('user defined attribute','',#5474,#5473);
#5476=DESCRIPTIVE_REPRESENTATION_ITEM('DESCRIPTION_2_DE','-');
#5480=GENERAL_PROPERTY('','DESCRIPTION_2_EN','user defined attribute');
#5481=GENERAL_PROPERTY_ASSOCIATION('user defined attribute','',#5480,#5479);
#5482=DESCRIPTIVE_REPRESENTATION_ITEM('DESCRIPTION_2_EN','-');
#5486=GENERAL_PROPERTY('','DRAWING_NO','user defined attribute');
#5487=GENERAL_PROPERTY_ASSOCIATION('user defined attribute','',#5486,#5485);
#5488=DESCRIPTIVE_REPRESENTATION_ITEM('DRAWING_NO','-');
#5492=GENERAL_PROPERTY('','MC_CHECKTYPE','user defined attribute');
#5493=GENERAL_PROPERTY_ASSOCIATION('user defined attribute','',#5492,#5491);
#5494=DESCRIPTIVE_REPRESENTATION_ITEM('MC_CHECKTYPE','SUT_INT_DE');
#5498=GENERAL_PROPERTY('','COATING','user defined attribute');
#5499=GENERAL_PROPERTY_ASSOCIATION('user defined attribute','',#5498,#5497);
#5500=DESCRIPTIVE_REPRESENTATION_ITEM('COATING','-');
#5504=GENERAL_PROPERTY('','COLORING','user defined attribute');
#5505=GENERAL_PROPERTY_ASSOCIATION('user defined attribute','',#5504,#5503);
#5506=DESCRIPTIVE_REPRESENTATION_ITEM('COLORING','-');
#5510=GENERAL_PROPERTY('','DESC_SEMIFINISHED','user defined attribute');
#5511=GENERAL_PROPERTY_ASSOCIATION('user defined attribute','',#5510,#5509);
#5512=DESCRIPTIVE_REPRESENTATION_ITEM('DESC_SEMIFINISHED','-');
#5516=GENERAL_PROPERTY('','DIMENSION','user defined attribute');
#5517=GENERAL_PROPERTY_ASSOCIATION('user defined attribute','',#5516,#5515);
#5518=DESCRIPTIVE_REPRESENTATION_ITEM('DIMENSION','-');
#5522=GENERAL_PROPERTY('','HARDNESS','user defined attribute');
#5523=GENERAL_PROPERTY_ASSOCIATION('user defined attribute','',#5522,#5521);
#5524=DESCRIPTIVE_REPRESENTATION_ITEM('HARDNESS','-');
#5528=GENERAL_PROPERTY('','MASS','user defined attribute');
#5529=GENERAL_PROPERTY_ASSOCIATION('user defined attribute','',#5528,#5527);
#5530=REAL_REPRESENTATION_ITEM('MASS',6.E-3);
#5534=GENERAL_PROPERTY('','MATERIAL','user defined attribute');
#5535=GENERAL_PROPERTY_ASSOCIATION('user defined attribute','',#5534,#5533);
#5536=DESCRIPTIVE_REPRESENTATION_ITEM('MATERIAL','Stahl allg.');
#5540=GENERAL_PROPERTY('','PART_NO','user defined attribute');
#5541=GENERAL_PROPERTY_ASSOCIATION('user defined attribute','',#5540,#5539);
#5542=DESCRIPTIVE_REPRESENTATION_ITEM('PART_NO','-');
#5546=GENERAL_PROPERTY('','PART_NO_SEMIFINISHED','user defined attribute');
#5547=GENERAL_PROPERTY_ASSOCIATION('user defined attribute','',#5546,#5545);
#5548=DESCRIPTIVE_REPRESENTATION_ITEM('PART_NO_SEMIFINISHED','-');
#5552=GENERAL_PROPERTY('','STANDARD','user defined attribute');
#5553=GENERAL_PROPERTY_ASSOCIATION('user defined attribute','',#5552,#5551);
#5554=DESCRIPTIVE_REPRESENTATION_ITEM('STANDARD','-');
#5558=GENERAL_PROPERTY('','STANDARD_DIMENSION','user defined attribute');
#5559=GENERAL_PROPERTY_ASSOCIATION('user defined attribute','',#5558,#5557);
#5560=DESCRIPTIVE_REPRESENTATION_ITEM('STANDARD_DIMENSION','DIN EN ISO 14405');
#5564=GENERAL_PROPERTY('','STANDARD_EDGE','user defined attribute');
#5565=GENERAL_PROPERTY_ASSOCIATION('user defined attribute','',#5564,#5563);
#5566=DESCRIPTIVE_REPRESENTATION_ITEM('STANDARD_EDGE','ISO 13715');
#5570=GENERAL_PROPERTY('','STANDARD_INFO_DE','user defined attribute');
#5571=GENERAL_PROPERTY_ASSOCIATION('user defined attribute','',#5570,#5569);
#5572=DESCRIPTIVE_REPRESENTATION_ITEM('STANDARD_INFO_DE','-');
#5576=GENERAL_PROPERTY('','STANDARD_INFO_EN','user defined attribute');
#5577=GENERAL_PROPERTY_ASSOCIATION('user defined attribute','',#5576,#5575);
#5578=DESCRIPTIVE_REPRESENTATION_ITEM('STANDARD_INFO_EN','-');
#5582=GENERAL_PROPERTY('','STANDARD_SURFACE','user defined attribute');
#5583=GENERAL_PROPERTY_ASSOCIATION('user defined attribute','',#5582,#5581);
#5584=DESCRIPTIVE_REPRESENTATION_ITEM('STANDARD_SURFACE','ISO 1302');
#5588=GENERAL_PROPERTY('','STANDARD_TOL_CLASS','user defined attribute');
#5589=GENERAL_PROPERTY_ASSOCIATION('user defined attribute','',#5588,#5587);
#5590=DESCRIPTIVE_REPRESENTATION_ITEM('STANDARD_TOL_CLASS','ISO 2768-mK');
#5594=GENERAL_PROPERTY('','SUPPLIER','user defined attribute');
#5595=GENERAL_PROPERTY_ASSOCIATION('user defined attribute','',#5594,#5593);
#5596=DESCRIPTIVE_REPRESENTATION_ITEM('SUPPLIER','-');
#5600=GENERAL_PROPERTY('','CLASSIFICATION','user defined attribute');
#5601=GENERAL_PROPERTY_ASSOCIATION('user defined attribute','',#5600,#5599);
#5602=DESCRIPTIVE_REPRESENTATION_ITEM('CLASSIFICATION','FERTIGUNG');
#5606=GENERAL_PROPERTY('','CATEGORY','user defined attribute');
#5607=GENERAL_PROPERTY_ASSOCIATION('user defined attribute','',#5606,#5605);
#5608=INTEGER_REPRESENTATION_ITEM('CATEGORY',1);
#5612=GENERAL_PROPERTY('','PROJECT','user defined attribute');
#5613=GENERAL_PROPERTY_ASSOCIATION('user defined attribute','',#5612,#5611);
#5614=DESCRIPTIVE_REPRESENTATION_ITEM('PROJECT','-');
#5618=GENERAL_PROPERTY('','PROJECT_NO','user defined attribute');
#5619=GENERAL_PROPERTY_ASSOCIATION('user defined attribute','',#5618,#5617);
#5620=DESCRIPTIVE_REPRESENTATION_ITEM('PROJECT_NO','-');
#5624=GENERAL_PROPERTY('','ORDER_CODE','user defined attribute');
#5625=GENERAL_PROPERTY_ASSOCIATION('user defined attribute','',#5624,#5623);
#5626=DESCRIPTIVE_REPRESENTATION_ITEM('ORDER_CODE','-');
#5630=GENERAL_PROPERTY('','STANDARD_WELDING','user defined attribute');
#5631=GENERAL_PROPERTY_ASSOCIATION('user defined attribute','',#5630,#5629);
#5632=DESCRIPTIVE_REPRESENTATION_ITEM('STANDARD_WELDING','ISO 9692');
#5636=GENERAL_PROPERTY('','CUSTOMER','user defined attribute');
#5637=GENERAL_PROPERTY_ASSOCIATION('user defined attribute','',#5636,#5635);
#5638=DESCRIPTIVE_REPRESENTATION_ITEM('CUSTOMER','-');
#5642=GENERAL_PROPERTY('','HEAT_TREATMENT','user defined attribute');
#5643=GENERAL_PROPERTY_ASSOCIATION('user defined attribute','',#5642,#5641);
#5644=DESCRIPTIVE_REPRESENTATION_ITEM('HEAT_TREATMENT','-');
#5648=GENERAL_PROPERTY('','PTC_COMMON_NAME','user defined attribute');
#5649=GENERAL_PROPERTY_ASSOCIATION('user defined attribute','',#5648,#5647);
#5650=DESCRIPTIVE_REPRESENTATION_ITEM('PTC_COMMON_NAME','kabelhalterung.prt');
#5654=GENERAL_PROPERTY('','PTC_MASTER_MATERIAL','user defined attribute');
#5655=GENERAL_PROPERTY_ASSOCIATION('user defined attribute','',#5654,#5653);
#5656=DESCRIPTIVE_REPRESENTATION_ITEM('PTC_MASTER_MATERIAL','STAHL_ALLGEMEIN');
#1=COLOUR_RGB('',0.E0,7.450980392157E-1,9.215686274510E-1);
#2=DRAUGHTING_PRE_DEFINED_COLOUR('green');
#3=COLOUR_RGB('',1.1E-2,1.2E-2,1.E0);
#4=COLOUR_RGB('',2.156862745098E-1,0.E0,3.725490196078E-1);
#5=COLOUR_RGB('',4.1E-1,2.61589E-1,1.12848E-1);
#6=COLOUR_RGB('',4.705882352941E-1,3.137254901961E-1,3.333333333333E-1);
#7=COLOUR_RGB('',5.04854E-1,1.5455E-2,1.5455E-2);
#8=COLOUR_RGB('',6.35294E-1,6.86275E-1,7.4902E-1);
#9=COLOUR_RGB('',6.40777E-1,6.40777E-1,6.40777E-1);
#10=COLOUR_RGB('',6.69062E-1,6.69903E-1,6.55217E-1);
#11=COLOUR_RGB('',9.21569E-1,7.05882E-1,4.70588E-1);
#12=DRAUGHTING_PRE_DEFINED_COLOUR('red');
#13=DRAUGHTING_PRE_DEFINED_COLOUR('yellow');
#14=COLOUR_RGB('',1.E0,1.E0,5.3E-1);
#15=COLOUR_RGB('',1.E0,1.E0,9.49E-1);
#16=DRAUGHTING_PRE_DEFINED_COLOUR('white');
#41=CIRCLE('71',#40,1.75E0);
#50=CIRCLE('154',#49,1.7E0);
#55=CIRCLE('155',#54,1.7E0);
#68=CIRCLE('230',#67,1.7E0);
#73=CIRCLE('231',#72,1.7E0);
#86=CIRCLE('156',#85,3.25E0);
#91=CIRCLE('157',#90,3.25E0);
#96=CIRCLE('228',#95,3.25E0);
#101=CIRCLE('229',#100,3.25E0);
#114=CIRCLE('78',#113,1.75E0);
#135=CIRCLE('123',#134,3.25E0);
#144=CIRCLE('149',#143,3.25E0);
#153=CIRCLE('147',#152,1.7E0);
#158=CIRCLE('121',#157,1.7E0);
#171=CIRCLE('202',#170,3.25E0);
#180=CIRCLE('220',#179,3.25E0);
#189=CIRCLE('219',#188,1.7E0);
#194=CIRCLE('201',#193,1.7E0);
#264=EDGE_CURVE('66',#205,#206,#20,.T.);
#266=EDGE_CURVE('67',#206,#208,#24,.T.);
#268=EDGE_CURVE('68',#208,#210,#28,.T.);
#270=EDGE_CURVE('69',#210,#212,#32,.T.);
#272=EDGE_CURVE('70',#212,#214,#36,.T.);
#274=EDGE_CURVE('71',#214,#205,#41,.T.);
#278=ADVANCED_FACE('65',(#277),#263,.F.);
#285=EDGE_CURVE('80',#205,#217,#45,.T.);
#287=EDGE_CURVE('73',#217,#218,#109,.T.);
#289=EDGE_CURVE('82',#206,#218,#105,.T.);
#293=EDGE_CURVE('154',#237,#238,#50,.T.);
#295=EDGE_CURVE('155',#238,#237,#55,.T.);
#299=ADVANCED_FACE('79',(#292,#298),#283,.T.);
#306=EDGE_CURVE('90',#214,#226,#59,.T.);
#308=EDGE_CURVE('78',#226,#217,#114,.T.);
#313=ADVANCED_FACE('89',(#312),#304,.F.);
#320=EDGE_CURVE('88',#212,#224,#63,.T.);
#322=EDGE_CURVE('77',#224,#226,#118,.T.);
#327=EDGE_CURVE('230',#252,#254,#68,.T.);
#329=EDGE_CURVE('231',#254,#252,#73,.T.);
#333=ADVANCED_FACE('87',(#326,#332),#318,.T.);
#340=EDGE_CURVE('86',#210,#222,#77,.T.);
#342=EDGE_CURVE('76',#222,#224,#122,.T.);
#347=ADVANCED_FACE('85',(#346),#338,.T.);
#354=EDGE_CURVE('84',#208,#220,#81,.T.);
#356=EDGE_CURVE('75',#220,#222,#126,.T.);
#361=EDGE_CURVE('156',#241,#242,#86,.T.);
#363=EDGE_CURVE('157',#242,#241,#91,.T.);
#367=EDGE_CURVE('228',#256,#258,#96,.T.);
#369=EDGE_CURVE('229',#258,#256,#101,.T.);
#373=ADVANCED_FACE('83',(#360,#366,#372),#352,.T.);
#381=EDGE_CURVE('74',#218,#220,#130,.T.);
#386=ADVANCED_FACE('81',(#385),#378,.T.);
#400=ADVANCED_FACE('72',(#399),#391,.T.);
#407=EDGE_CURVE('160',#233,#241,#148,.T.);
#409=EDGE_CURVE('123',#233,#234,#135,.T.);
#411=EDGE_CURVE('161',#234,#242,#139,.T.);
#415=ADVANCED_FACE('122',(#414),#405,.F.);
#423=EDGE_CURVE('149',#233,#234,#144,.T.);
#428=ADVANCED_FACE('148',(#427),#420,.F.);
#438=EDGE_CURVE('147',#229,#230,#153,.T.);
#440=EDGE_CURVE('121',#229,#230,#158,.T.);
#444=ADVANCED_FACE('120',(#437,#443),#433,.T.);
#451=EDGE_CURVE('158',#237,#229,#162,.T.);
#454=EDGE_CURVE('159',#238,#230,#166,.T.);
#458=ADVANCED_FACE('144',(#457),#449,.F.);
#470=ADVANCED_FACE('118',(#469),#463,.F.);
#476=EDGE_CURVE('224',#249,#256,#175,.T.);
#479=EDGE_CURVE('225',#250,#258,#184,.T.);
#481=EDGE_CURVE('202',#249,#250,#171,.T.);
#485=ADVANCED_FACE('176',(#484),#475,.F.);
#492=EDGE_CURVE('220',#249,#250,#180,.T.);
#498=ADVANCED_FACE('184',(#497),#490,.F.);
#508=EDGE_CURVE('219',#245,#246,#189,.T.);
#510=EDGE_CURVE('201',#245,#246,#194,.T.);
#514=ADVANCED_FACE('175',(#507,#513),#503,.F.);
#520=EDGE_CURVE('222',#252,#245,#198,.T.);
#523=EDGE_CURVE('223',#254,#246,#202,.T.);
#528=ADVANCED_FACE('182',(#527),#519,.F.);
#540=ADVANCED_FACE('174',(#539),#533,.F.);
#541=CLOSED_SHELL('',(#278,#299,#313,#333,#347,#373,#386,#400,#415,#428,#444,
#458,#470,#485,#498,#514,#528,#540));
#542=MANIFOLD_SOLID_BREP('',#541);
#570=TRIMMED_CURVE('A_PRT_X',#569,(PARAMETER_VALUE(0.E0)),(PARAMETER_VALUE
(1.E0)),.T.,.UNSPECIFIED.);
#578=TRIMMED_CURVE('55',#577,(PARAMETER_VALUE(0.E0)),(PARAMETER_VALUE(1.E0)),
.T.,.UNSPECIFIED.);
#582=COMPOSITE_CURVE_SEGMENT(.CONTINUOUS.,.T.,#578);
#587=TRIMMED_CURVE('56',#586,(PARAMETER_VALUE(0.E0)),(PARAMETER_VALUE(1.E0)),
.T.,.UNSPECIFIED.);
#591=COMPOSITE_CURVE_SEGMENT(.CONTINUOUS.,.T.,#587);
#596=TRIMMED_CURVE('57',#595,(PARAMETER_VALUE(0.E0)),(PARAMETER_VALUE(1.E0)),
.T.,.UNSPECIFIED.);
#600=COMPOSITE_CURVE_SEGMENT(.CONTINUOUS.,.T.,#596);
#605=TRIMMED_CURVE('58',#604,(PARAMETER_VALUE(0.E0)),(PARAMETER_VALUE(1.E0)),
.T.,.UNSPECIFIED.);
#609=COMPOSITE_CURVE_SEGMENT(.CONTINUOUS.,.T.,#605);
#614=TRIMMED_CURVE('59',#613,(PARAMETER_VALUE(0.E0)),(PARAMETER_VALUE(1.E0)),
.T.,.UNSPECIFIED.);
#618=COMPOSITE_CURVE_SEGMENT(.CONTINUOUS.,.T.,#614);
#623=CIRCLE('60',#622,1.75E0);
#624=TRIMMED_CURVE('60',#623,(PARAMETER_VALUE(1.8E2)),(PARAMETER_VALUE(0.E0)),
.F.,.UNSPECIFIED.);
#628=COMPOSITE_CURVE_SEGMENT(.CONTINUOUS.,.T.,#624);
#629=COMPOSITE_CURVE('54',(#582,#591,#600,#609,#618,#628),.F.);
#635=TRIMMED_CURVE('A_1',#634,(PARAMETER_VALUE(0.E0)),(PARAMETER_VALUE(1.E0)),
.T.,.UNSPECIFIED.);
#639=SHAPE_ASPECT('','',#821,.F.);
#640=PROPERTY_DEFINITION('GEWINDESERIE','user defined attribute',#639);
#644=(LENGTH_UNIT()NAMED_UNIT(*)SI_UNIT(.MILLI.,.METRE.));
#645=(NAMED_UNIT(*)PLANE_ANGLE_UNIT()SI_UNIT($,.RADIAN.));
#648=(NAMED_UNIT(*)SI_UNIT($,.STERADIAN.)SOLID_ANGLE_UNIT());
#650=(GEOMETRIC_REPRESENTATION_CONTEXT(3)GLOBAL_UNCERTAINTY_ASSIGNED_CONTEXT((
#649))GLOBAL_UNIT_ASSIGNED_CONTEXT((#644,#647,#648))REPRESENTATION_CONTEXT
('ID1','3'));
#651=REPRESENTATION('',(#643),#650);
#652=PROPERTY_DEFINITION_REPRESENTATION(#640,#651);
#653=SHAPE_REPRESENTATION('',(#635),#650);
#654=SHAPE_DEFINITION_REPRESENTATION(#639,#653);
#655=SHAPE_ASPECT('','',#821,.F.);
#656=PROPERTY_DEFINITION('SCHRAUBEN_GROESSE','user defined attribute',#655);
#660=REPRESENTATION('',(#659),#650);
#661=PROPERTY_DEFINITION_REPRESENTATION(#656,#660);
#662=SHAPE_REPRESENTATION('',(#635),#650);
#663=SHAPE_DEFINITION_REPRESENTATION(#655,#662);
#664=SHAPE_ASPECT('','',#821,.F.);
#665=PROPERTY_DEFINITION('ANSENKDURCHMESSER','user defined attribute',#664);
#668=(LENGTH_UNIT()NAMED_UNIT(*)SI_UNIT(.MILLI.,.METRE.));
#670=REPRESENTATION('',(#669),#650);
#671=PROPERTY_DEFINITION_REPRESENTATION(#665,#670);
#672=SHAPE_REPRESENTATION('',(#635),#650);
#673=SHAPE_DEFINITION_REPRESENTATION(#664,#672);
#674=SHAPE_ASPECT('','',#821,.F.);
#675=PROPERTY_DEFINITION('ANSENKTIEFE','user defined attribute',#674);
#678=(LENGTH_UNIT()NAMED_UNIT(*)SI_UNIT(.MILLI.,.METRE.));
#680=REPRESENTATION('',(#679),#650);
#681=PROPERTY_DEFINITION_REPRESENTATION(#675,#680);
#682=SHAPE_REPRESENTATION('',(#635),#650);
#683=SHAPE_DEFINITION_REPRESENTATION(#674,#682);
#684=SHAPE_ASPECT('','',#821,.F.);
#685=PROPERTY_DEFINITION('BOHR_DURCHM','user defined attribute',#684);
#688=(LENGTH_UNIT()NAMED_UNIT(*)SI_UNIT(.MILLI.,.METRE.));
#690=REPRESENTATION('',(#689),#650);
#691=PROPERTY_DEFINITION_REPRESENTATION(#685,#690);
#692=SHAPE_REPRESENTATION('',(#635),#650);
#693=SHAPE_DEFINITION_REPRESENTATION(#684,#692);
#694=SHAPE_ASPECT('','',#821,.F.);
#695=PROPERTY_DEFINITION('KLASSE','user defined attribute',#694);
#699=REPRESENTATION('',(#698),#650);
#700=PROPERTY_DEFINITION_REPRESENTATION(#695,#699);
#701=SHAPE_REPRESENTATION('',(#635),#650);
#702=SHAPE_DEFINITION_REPRESENTATION(#694,#701);
#703=SHAPE_ASPECT('','',#821,.F.);
#704=PROPERTY_DEFINITION('METRISCH','user defined attribute',#703);
#708=REPRESENTATION('',(#707),#650);
#709=PROPERTY_DEFINITION_REPRESENTATION(#704,#708);
#710=SHAPE_REPRESENTATION('',(#635),#650);
#711=SHAPE_DEFINITION_REPRESENTATION(#703,#710);
#716=TRIMMED_CURVE('A_2',#715,(PARAMETER_VALUE(0.E0)),(PARAMETER_VALUE(1.E0)),
.T.,.UNSPECIFIED.);
#720=SHAPE_ASPECT('','',#821,.F.);
#721=PROPERTY_DEFINITION('GEWINDESERIE','user defined attribute',#720);
#725=REPRESENTATION('',(#724),#650);
#726=PROPERTY_DEFINITION_REPRESENTATION(#721,#725);
#727=SHAPE_REPRESENTATION('',(#716),#650);
#728=SHAPE_DEFINITION_REPRESENTATION(#720,#727);
#729=SHAPE_ASPECT('','',#821,.F.);
#730=PROPERTY_DEFINITION('SCHRAUBEN_GROESSE','user defined attribute',#729);
#734=REPRESENTATION('',(#733),#650);
#735=PROPERTY_DEFINITION_REPRESENTATION(#730,#734);
#736=SHAPE_REPRESENTATION('',(#716),#650);
#737=SHAPE_DEFINITION_REPRESENTATION(#729,#736);
#738=SHAPE_ASPECT('','',#821,.F.);
#739=PROPERTY_DEFINITION('ANSENKDURCHMESSER','user defined attribute',#738);
#742=(LENGTH_UNIT()NAMED_UNIT(*)SI_UNIT(.MILLI.,.METRE.));
#744=REPRESENTATION('',(#743),#650);
#745=PROPERTY_DEFINITION_REPRESENTATION(#739,#744);
#746=SHAPE_REPRESENTATION('',(#716),#650);
#747=SHAPE_DEFINITION_REPRESENTATION(#738,#746);
#748=SHAPE_ASPECT('','',#821,.F.);
#749=PROPERTY_DEFINITION('ANSENKTIEFE','user defined attribute',#748);
#752=(LENGTH_UNIT()NAMED_UNIT(*)SI_UNIT(.MILLI.,.METRE.));
#754=REPRESENTATION('',(#753),#650);
#755=PROPERTY_DEFINITION_REPRESENTATION(#749,#754);
#756=SHAPE_REPRESENTATION('',(#716),#650);
#757=SHAPE_DEFINITION_REPRESENTATION(#748,#756);
#758=SHAPE_ASPECT('','',#821,.F.);
#759=PROPERTY_DEFINITION('BOHR_DURCHM','user defined attribute',#758);
#762=(LENGTH_UNIT()NAMED_UNIT(*)SI_UNIT(.MILLI.,.METRE.));
#764=REPRESENTATION('',(#763),#650);
#765=PROPERTY_DEFINITION_REPRESENTATION(#759,#764);
#766=SHAPE_REPRESENTATION('',(#716),#650);
#767=SHAPE_DEFINITION_REPRESENTATION(#758,#766);
#768=SHAPE_ASPECT('','',#821,.F.);
#769=PROPERTY_DEFINITION('KLASSE','user defined attribute',#768);
#773=REPRESENTATION('',(#772),#650);
#774=PROPERTY_DEFINITION_REPRESENTATION(#769,#773);
#775=SHAPE_REPRESENTATION('',(#716),#650);
#776=SHAPE_DEFINITION_REPRESENTATION(#768,#775);
#777=SHAPE_ASPECT('','',#821,.F.);
#778=PROPERTY_DEFINITION('METRISCH','user defined attribute',#777);
#782=REPRESENTATION('',(#781),#650);
#783=PROPERTY_DEFINITION_REPRESENTATION(#778,#782);
#784=SHAPE_REPRESENTATION('',(#716),#650);
#785=SHAPE_DEFINITION_REPRESENTATION(#777,#784);
#795=(LENGTH_UNIT()NAMED_UNIT(*)SI_UNIT(.MILLI.,.METRE.));
#796=(NAMED_UNIT(*)PLANE_ANGLE_UNIT()SI_UNIT($,.RADIAN.));
#799=(NAMED_UNIT(*)SI_UNIT($,.STERADIAN.)SOLID_ANGLE_UNIT());
#801=(GEOMETRIC_REPRESENTATION_CONTEXT(3)GLOBAL_UNCERTAINTY_ASSIGNED_CONTEXT((
#800))GLOBAL_UNIT_ASSIGNED_CONTEXT((#795,#798,#799))REPRESENTATION_CONTEXT
('ID2','3'));
#802=ADVANCED_BREP_SHAPE_REPRESENTATION('',(#542),#801);
#803=GEOMETRICALLY_BOUNDED_WIREFRAME_SHAPE_REPRESENTATION('',(#630),#801);
#804=CONSTRUCTIVE_GEOMETRY_REPRESENTATION('supplemental geometry',(#547,#552,
#557,#561,#570,#635,#716),#801);
#808=AXIS2_PLACEMENT_3D('',#805,#806,#807);
#809=SHAPE_REPRESENTATION('',(#808),#801);
#820=PRODUCT_DEFINITION('design','',#819,#816);
#821=PRODUCT_DEFINITION_SHAPE('','SHAPE FOR CABLE_CLAMP_1.',#820);
#822=SHAPE_ASPECT('','solid data associated with CABLE_CLAMP_1',#821,.F.);
#823=PROPERTY_DEFINITION('',
'shape for solid data with which properties are associated',#822);
#824=SHAPE_REPRESENTATION('',(#542),#801);
#825=SHAPE_DEFINITION_REPRESENTATION(#823,#824);
#826=(LENGTH_UNIT()NAMED_UNIT(*)SI_UNIT(.MILLI.,.METRE.));
#828=(MASS_UNIT()NAMED_UNIT(*)SI_UNIT(.KILO.,.GRAM.));
#832=PROPERTY_DEFINITION('material_property','density',#822);
#833=REPRESENTATION('density',(#831),#801);
#834=PROPERTY_DEFINITION_REPRESENTATION(#832,#833);
#836=PROPERTY_DEFINITION('material property','material name',#822);
#837=REPRESENTATION('material name',(#835),#801);
#838=PROPERTY_DEFINITION_REPRESENTATION(#836,#837);
#839=SHAPE_ASPECT('','solid data associated with CABLE_CLAMP_1',#821,.F.);
#840=PROPERTY_DEFINITION('',
'shape for solid data with which properties are associated',#839);
#841=SHAPE_REPRESENTATION('',(#542),#801);
#842=SHAPE_DEFINITION_REPRESENTATION(#840,#841);
#843=(LENGTH_UNIT()NAMED_UNIT(*)SI_UNIT(.MILLI.,.METRE.));
#847=PROPERTY_DEFINITION('geometric validation property',
'area of CABLE_CLAMP_1',#839);
#848=REPRESENTATION('surface area',(#846),#801);
#849=PROPERTY_DEFINITION_REPRESENTATION(#847,#848);
#850=(LENGTH_UNIT()NAMED_UNIT(*)SI_UNIT(.MILLI.,.METRE.));
#854=PROPERTY_DEFINITION('geometric validation property',
'volume of CABLE_CLAMP_1',#839);
#855=REPRESENTATION('volume',(#853),#801);
#856=PROPERTY_DEFINITION_REPRESENTATION(#854,#855);
#858=PROPERTY_DEFINITION('geometric validation property',
'centroid of CABLE_CLAMP_1',#839);
#859=REPRESENTATION('centroid',(#857),#801);
#860=PROPERTY_DEFINITION_REPRESENTATION(#858,#859);
#861=(LENGTH_UNIT()NAMED_UNIT(*)SI_UNIT(.MILLI.,.METRE.));
#865=PROPERTY_DEFINITION('geometric validation property',
'area of CABLE_CLAMP_1',#821);
#866=REPRESENTATION('surface area',(#864),#801);
#867=PROPERTY_DEFINITION_REPRESENTATION(#865,#866);
#868=(LENGTH_UNIT()NAMED_UNIT(*)SI_UNIT(.MILLI.,.METRE.));
#872=PROPERTY_DEFINITION('geometric validation property',
'volume of CABLE_CLAMP_1',#821);
#873=REPRESENTATION('volume',(#871),#801);
#874=PROPERTY_DEFINITION_REPRESENTATION(#872,#873);
#876=PROPERTY_DEFINITION('geometric validation property',
'centroid of CABLE_CLAMP_1',#821);
#877=REPRESENTATION('centroid',(#875),#801);
#878=PROPERTY_DEFINITION_REPRESENTATION(#876,#877);
#882=PRODUCT_DEFINITION('design','',#881,#816);
#883=MAKE_FROM_USAGE_OPTION('Assign material STAHL_ALLGEMEIN to CABLE_CLAMP_1',
'make from','',#820,#882,1,'',#886);
#887=(LENGTH_UNIT()NAMED_UNIT(*)SI_UNIT(.MILLI.,.METRE.));
#889=(MASS_UNIT()NAMED_UNIT(*)SI_UNIT(.KILO.,.GRAM.));
#893=PROPERTY_DEFINITION('material_property','density',#882);
#894=REPRESENTATION('density',(#892),#801);
#895=PROPERTY_DEFINITION_REPRESENTATION(#893,#894);
#896=SHAPE_DEFINITION_REPRESENTATION(#821,#809);
#939=POLYLINE('',(#913,#914,#915,#916,#917,#918,#919,#920,#921,#922,#923,#924,
#925,#926,#927,#928,#929,#930,#931,#932,#933,#934,#935,#936,#937,#938));
#1110=POLYLINE('',(#940,#941,#942,#943,#944,#945,#946,#947,#948,#949,#950,#951,
#952,#953,#954,#955,#956,#957,#958,#959,#960,#961,#962,#963,#964,#965,#966,#967,
#968,#969,#970,#971,#972,#973,#974,#975,#976,#977,#978,#979,#980,#981,#982,#983,
#984,#985,#986,#987,#988,#989,#990,#991,#992,#993,#994,#995,#996,#997,#998,#999,
#1000,#1001,#1002,#1003,#1004,#1005,#1006,#1007,#1008,#1009,#1010,#1011,#1012,
#1013,#1014,#1015,#1016,#1017,#1018,#1019,#1020,#1021,#1022,#1023,#1024,#1025,
#1026,#1027,#1028,#1029,#1030,#1031,#1032,#1033,#1034,#1035,#1036,#1037,#1038,
#1039,#1040,#1041,#1042,#1043,#1044,#1045,#1046,#1047,#1048,#1049,#1050,#1051,
#1052,#1053,#1054,#1055,#1056,#1057,#1058,#1059,#1060,#1061,#1062,#1063,#1064,
#1065,#1066,#1067,#1068,#1069,#1070,#1071,#1072,#1073,#1074,#1075,#1076,#1077,
#1078,#1079,#1080,#1081,#1082,#1083,#1084,#1085,#1086,#1087,#1088,#1089,#1090,
#1091,#1092,#1093,#1094,#1095,#1096,#1097,#1098,#1099,#1100,#1101,#1102,#1103,
#1104,#1105,#1106,#1107,#1108,#1109));
#1133=POLYLINE('',(#1111,#1112,#1113,#1114,#1115,#1116,#1117,#1118,#1119,#1120,
#1121,#1122,#1123,#1124,#1125,#1126,#1127,#1128,#1129,#1130,#1131,#1132));
#1139=POLYLINE('',(#1134,#1135,#1136,#1137,#1138));
#1260=POLYLINE('',(#1140,#1141,#1142,#1143,#1144,#1145,#1146,#1147,#1148,#1149,
#1150,#1151,#1152,#1153,#1154,#1155,#1156,#1157,#1158,#1159,#1160,#1161,#1162,
#1163,#1164,#1165,#1166,#1167,#1168,#1169,#1170,#1171,#1172,#1173,#1174,#1175,
#1176,#1177,#1178,#1179,#1180,#1181,#1182,#1183,#1184,#1185,#1186,#1187,#1188,
#1189,#1190,#1191,#1192,#1193,#1194,#1195,#1196,#1197,#1198,#1199,#1200,#1201,
#1202,#1203,#1204,#1205,#1206,#1207,#1208,#1209,#1210,#1211,#1212,#1213,#1214,
#1215,#1216,#1217,#1218,#1219,#1220,#1221,#1222,#1223,#1224,#1225,#1226,#1227,
#1228,#1229,#1230,#1231,#1232,#1233,#1234,#1235,#1236,#1237,#1238,#1239,#1240,
#1241,#1242,#1243,#1244,#1245,#1246,#1247,#1248,#1249,#1250,#1251,#1252,#1253,
#1254,#1255,#1256,#1257,#1258,#1259));
#1266=POLYLINE('',(#1261,#1262,#1263,#1264,#1265));
#1438=POLYLINE('',(#1267,#1268,#1269,#1270,#1271,#1272,#1273,#1274,#1275,#1276,
#1277,#1278,#1279,#1280,#1281,#1282,#1283,#1284,#1285,#1286,#1287,#1288,#1289,
#1290,#1291,#1292,#1293,#1294,#1295,#1296,#1297,#1298,#1299,#1300,#1301,#1302,
#1303,#1304,#1305,#1306,#1307,#1308,#1309,#1310,#1311,#1312,#1313,#1314,#1315,
#1316,#1317,#1318,#1319,#1320,#1321,#1322,#1323,#1324,#1325,#1326,#1327,#1328,
#1329,#1330,#1331,#1332,#1333,#1334,#1335,#1336,#1337,#1338,#1339,#1340,#1341,
#1342,#1343,#1344,#1345,#1346,#1347,#1348,#1349,#1350,#1351,#1352,#1353,#1354,
#1355,#1356,#1357,#1358,#1359,#1360,#1361,#1362,#1363,#1364,#1365,#1366,#1367,
#1368,#1369,#1370,#1371,#1372,#1373,#1374,#1375,#1376,#1377,#1378,#1379,#1380,
#1381,#1382,#1383,#1384,#1385,#1386,#1387,#1388,#1389,#1390,#1391,#1392,#1393,
#1394,#1395,#1396,#1397,#1398,#1399,#1400,#1401,#1402,#1403,#1404,#1405,#1406,
#1407,#1408,#1409,#1410,#1411,#1412,#1413,#1414,#1415,#1416,#1417,#1418,#1419,
#1420,#1421,#1422,#1423,#1424,#1425,#1426,#1427,#1428,#1429,#1430,#1431,#1432,
#1433,#1434,#1435,#1436,#1437));
#1528=POLYLINE('',(#1439,#1440,#1441,#1442,#1443,#1444,#1445,#1446,#1447,#1448,
#1449,#1450,#1451,#1452,#1453,#1454,#1455,#1456,#1457,#1458,#1459,#1460,#1461,
#1462,#1463,#1464,#1465,#1466,#1467,#1468,#1469,#1470,#1471,#1472,#1473,#1474,
#1475,#1476,#1477,#1478,#1479,#1480,#1481,#1482,#1483,#1484,#1485,#1486,#1487,
#1488,#1489,#1490,#1491,#1492,#1493,#1494,#1495,#1496,#1497,#1498,#1499,#1500,
#1501,#1502,#1503,#1504,#1505,#1506,#1507,#1508,#1509,#1510,#1511,#1512,#1513,
#1514,#1515,#1516,#1517,#1518,#1519,#1520,#1521,#1522,#1523,#1524,#1525,#1526,
#1527));
#1590=POLYLINE('',(#1529,#1530,#1531,#1532,#1533,#1534,#1535,#1536,#1537,#1538,
#1539,#1540,#1541,#1542,#1543,#1544,#1545,#1546,#1547,#1548,#1549,#1550,#1551,
#1552,#1553,#1554,#1555,#1556,#1557,#1558,#1559,#1560,#1561,#1562,#1563,#1564,
#1565,#1566,#1567,#1568,#1569,#1570,#1571,#1572,#1573,#1574,#1575,#1576,#1577,
#1578,#1579,#1580,#1581,#1582,#1583,#1584,#1585,#1586,#1587,#1588,#1589));
#1596=POLYLINE('',(#1591,#1592,#1593,#1594,#1595));
#1610=POLYLINE('',(#1597,#1598,#1599,#1600,#1601,#1602,#1603,#1604,#1605,#1606,
#1607,#1608,#1609));
#1655=POLYLINE('',(#1611,#1612,#1613,#1614,#1615,#1616,#1617,#1618,#1619,#1620,
#1621,#1622,#1623,#1624,#1625,#1626,#1627,#1628,#1629,#1630,#1631,#1632,#1633,
#1634,#1635,#1636,#1637,#1638,#1639,#1640,#1641,#1642,#1643,#1644,#1645,#1646,
#1647,#1648,#1649,#1650,#1651,#1652,#1653,#1654));
#1700=POLYLINE('',(#1656,#1657,#1658,#1659,#1660,#1661,#1662,#1663,#1664,#1665,
#1666,#1667,#1668,#1669,#1670,#1671,#1672,#1673,#1674,#1675,#1676,#1677,#1678,
#1679,#1680,#1681,#1682,#1683,#1684,#1685,#1686,#1687,#1688,#1689,#1690,#1691,
#1692,#1693,#1694,#1695,#1696,#1697,#1698,#1699));
#1764=POLYLINE('',(#1701,#1702,#1703,#1704,#1705,#1706,#1707,#1708,#1709,#1710,
#1711,#1712,#1713,#1714,#1715,#1716,#1717,#1718,#1719,#1720,#1721,#1722,#1723,
#1724,#1725,#1726,#1727,#1728,#1729,#1730,#1731,#1732,#1733,#1734,#1735,#1736,
#1737,#1738,#1739,#1740,#1741,#1742,#1743,#1744,#1745,#1746,#1747,#1748,#1749,
#1750,#1751,#1752,#1753,#1754,#1755,#1756,#1757,#1758,#1759,#1760,#1761,#1762,
#1763));
#1797=POLYLINE('',(#1765,#1766,#1767,#1768,#1769,#1770,#1771,#1772,#1773,#1774,
#1775,#1776,#1777,#1778,#1779,#1780,#1781,#1782,#1783,#1784,#1785,#1786,#1787,
#1788,#1789,#1790,#1791,#1792,#1793,#1794,#1795,#1796));
#1803=POLYLINE('',(#1798,#1799,#1800,#1801,#1802));
#1811=POLYLINE('',(#1804,#1805,#1806,#1807,#1808,#1809,#1810));
#1819=POLYLINE('',(#1812,#1813,#1814,#1815,#1816,#1817,#1818));
#1943=POLYLINE('',(#1820,#1821,#1822,#1823,#1824,#1825,#1826,#1827,#1828,#1829,
#1830,#1831,#1832,#1833,#1834,#1835,#1836,#1837,#1838,#1839,#1840,#1841,#1842,
#1843,#1844,#1845,#1846,#1847,#1848,#1849,#1850,#1851,#1852,#1853,#1854,#1855,
#1856,#1857,#1858,#1859,#1860,#1861,#1862,#1863,#1864,#1865,#1866,#1867,#1868,
#1869,#1870,#1871,#1872,#1873,#1874,#1875,#1876,#1877,#1878,#1879,#1880,#1881,
#1882,#1883,#1884,#1885,#1886,#1887,#1888,#1889,#1890,#1891,#1892,#1893,#1894,
#1895,#1896,#1897,#1898,#1899,#1900,#1901,#1902,#1903,#1904,#1905,#1906,#1907,
#1908,#1909,#1910,#1911,#1912,#1913,#1914,#1915,#1916,#1917,#1918,#1919,#1920,
#1921,#1922,#1923,#1924,#1925,#1926,#1927,#1928,#1929,#1930,#1931,#1932,#1933,
#1934,#1935,#1936,#1937,#1938,#1939,#1940,#1941,#1942));
#1949=POLYLINE('',(#1944,#1945,#1946,#1947,#1948));
#2070=POLYLINE('',(#1950,#1951,#1952,#1953,#1954,#1955,#1956,#1957,#1958,#1959,
#1960,#1961,#1962,#1963,#1964,#1965,#1966,#1967,#1968,#1969,#1970,#1971,#1972,
#1973,#1974,#1975,#1976,#1977,#1978,#1979,#1980,#1981,#1982,#1983,#1984,#1985,
#1986,#1987,#1988,#1989,#1990,#1991,#1992,#1993,#1994,#1995,#1996,#1997,#1998,
#1999,#2000,#2001,#2002,#2003,#2004,#2005,#2006,#2007,#2008,#2009,#2010,#2011,
#2012,#2013,#2014,#2015,#2016,#2017,#2018,#2019,#2020,#2021,#2022,#2023,#2024,
#2025,#2026,#2027,#2028,#2029,#2030,#2031,#2032,#2033,#2034,#2035,#2036,#2037,
#2038,#2039,#2040,#2041,#2042,#2043,#2044,#2045,#2046,#2047,#2048,#2049,#2050,
#2051,#2052,#2053,#2054,#2055,#2056,#2057,#2058,#2059,#2060,#2061,#2062,#2063,
#2064,#2065,#2066,#2067,#2068,#2069));
#2115=POLYLINE('',(#2071,#2072,#2073,#2074,#2075,#2076,#2077,#2078,#2079,#2080,
#2081,#2082,#2083,#2084,#2085,#2086,#2087,#2088,#2089,#2090,#2091,#2092,#2093,
#2094,#2095,#2096,#2097,#2098,#2099,#2100,#2101,#2102,#2103,#2104,#2105,#2106,
#2107,#2108,#2109,#2110,#2111,#2112,#2113,#2114));
#2160=POLYLINE('',(#2116,#2117,#2118,#2119,#2120,#2121,#2122,#2123,#2124,#2125,
#2126,#2127,#2128,#2129,#2130,#2131,#2132,#2133,#2134,#2135,#2136,#2137,#2138,
#2139,#2140,#2141,#2142,#2143,#2144,#2145,#2146,#2147,#2148,#2149,#2150,#2151,
#2152,#2153,#2154,#2155,#2156,#2157,#2158,#2159));
#2224=POLYLINE('',(#2161,#2162,#2163,#2164,#2165,#2166,#2167,#2168,#2169,#2170,
#2171,#2172,#2173,#2174,#2175,#2176,#2177,#2178,#2179,#2180,#2181,#2182,#2183,
#2184,#2185,#2186,#2187,#2188,#2189,#2190,#2191,#2192,#2193,#2194,#2195,#2196,
#2197,#2198,#2199,#2200,#2201,#2202,#2203,#2204,#2205,#2206,#2207,#2208,#2209,
#2210,#2211,#2212,#2213,#2214,#2215,#2216,#2217,#2218,#2219,#2220,#2221,#2222,
#2223));
#2257=POLYLINE('',(#2225,#2226,#2227,#2228,#2229,#2230,#2231,#2232,#2233,#2234,
#2235,#2236,#2237,#2238,#2239,#2240,#2241,#2242,#2243,#2244,#2245,#2246,#2247,
#2248,#2249,#2250,#2251,#2252,#2253,#2254,#2255,#2256));
#2263=POLYLINE('',(#2258,#2259,#2260,#2261,#2262));
#2271=POLYLINE('',(#2264,#2265,#2266,#2267,#2268,#2269,#2270));
#2279=POLYLINE('',(#2272,#2273,#2274,#2275,#2276,#2277,#2278));
#2331=POLYLINE('',(#2280,#2281,#2282,#2283,#2284,#2285,#2286,#2287,#2288,#2289,
#2290,#2291,#2292,#2293,#2294,#2295,#2296,#2297,#2298,#2299,#2300,#2301,#2302,
#2303,#2304,#2305,#2306,#2307,#2308,#2309,#2310,#2311,#2312,#2313,#2314,#2315,
#2316,#2317,#2318,#2319,#2320,#2321,#2322,#2323,#2324,#2325,#2326,#2327,#2328,
#2329,#2330));
#2502=POLYLINE('',(#2332,#2333,#2334,#2335,#2336,#2337,#2338,#2339,#2340,#2341,
#2342,#2343,#2344,#2345,#2346,#2347,#2348,#2349,#2350,#2351,#2352,#2353,#2354,
#2355,#2356,#2357,#2358,#2359,#2360,#2361,#2362,#2363,#2364,#2365,#2366,#2367,
#2368,#2369,#2370,#2371,#2372,#2373,#2374,#2375,#2376,#2377,#2378,#2379,#2380,
#2381,#2382,#2383,#2384,#2385,#2386,#2387,#2388,#2389,#2390,#2391,#2392,#2393,
#2394,#2395,#2396,#2397,#2398,#2399,#2400,#2401,#2402,#2403,#2404,#2405,#2406,
#2407,#2408,#2409,#2410,#2411,#2412,#2413,#2414,#2415,#2416,#2417,#2418,#2419,
#2420,#2421,#2422,#2423,#2424,#2425,#2426,#2427,#2428,#2429,#2430,#2431,#2432,
#2433,#2434,#2435,#2436,#2437,#2438,#2439,#2440,#2441,#2442,#2443,#2444,#2445,
#2446,#2447,#2448,#2449,#2450,#2451,#2452,#2453,#2454,#2455,#2456,#2457,#2458,
#2459,#2460,#2461,#2462,#2463,#2464,#2465,#2466,#2467,#2468,#2469,#2470,#2471,
#2472,#2473,#2474,#2475,#2476,#2477,#2478,#2479,#2480,#2481,#2482,#2483,#2484,
#2485,#2486,#2487,#2488,#2489,#2490,#2491,#2492,#2493,#2494,#2495,#2496,#2497,
#2498,#2499,#2500,#2501));
#2508=POLYLINE('',(#2503,#2504,#2505,#2506,#2507));
#2521=POLYLINE('',(#2509,#2510,#2511,#2512,#2513,#2514,#2515,#2516,#2517,#2518,
#2519,#2520));
#2526=POLYLINE('',(#2522,#2523,#2524,#2525));
#2612=POLYLINE('',(#2527,#2528,#2529,#2530,#2531,#2532,#2533,#2534,#2535,#2536,
#2537,#2538,#2539,#2540,#2541,#2542,#2543,#2544,#2545,#2546,#2547,#2548,#2549,
#2550,#2551,#2552,#2553,#2554,#2555,#2556,#2557,#2558,#2559,#2560,#2561,#2562,
#2563,#2564,#2565,#2566,#2567,#2568,#2569,#2570,#2571,#2572,#2573,#2574,#2575,
#2576,#2577,#2578,#2579,#2580,#2581,#2582,#2583,#2584,#2585,#2586,#2587,#2588,
#2589,#2590,#2591,#2592,#2593,#2594,#2595,#2596,#2597,#2598,#2599,#2600,#2601,
#2602,#2603,#2604,#2605,#2606,#2607,#2608,#2609,#2610,#2611));
#2678=POLYLINE('',(#2613,#2614,#2615,#2616,#2617,#2618,#2619,#2620,#2621,#2622,
#2623,#2624,#2625,#2626,#2627,#2628,#2629,#2630,#2631,#2632,#2633,#2634,#2635,
#2636,#2637,#2638,#2639,#2640,#2641,#2642,#2643,#2644,#2645,#2646,#2647,#2648,
#2649,#2650,#2651,#2652,#2653,#2654,#2655,#2656,#2657,#2658,#2659,#2660,#2661,
#2662,#2663,#2664,#2665,#2666,#2667,#2668,#2669,#2670,#2671,#2672,#2673,#2674,
#2675,#2676,#2677));
#2764=POLYLINE('',(#2679,#2680,#2681,#2682,#2683,#2684,#2685,#2686,#2687,#2688,
#2689,#2690,#2691,#2692,#2693,#2694,#2695,#2696,#2697,#2698,#2699,#2700,#2701,
#2702,#2703,#2704,#2705,#2706,#2707,#2708,#2709,#2710,#2711,#2712,#2713,#2714,
#2715,#2716,#2717,#2718,#2719,#2720,#2721,#2722,#2723,#2724,#2725,#2726,#2727,
#2728,#2729,#2730,#2731,#2732,#2733,#2734,#2735,#2736,#2737,#2738,#2739,#2740,
#2741,#2742,#2743,#2744,#2745,#2746,#2747,#2748,#2749,#2750,#2751,#2752,#2753,
#2754,#2755,#2756,#2757,#2758,#2759,#2760,#2761,#2762,#2763));
#2830=POLYLINE('',(#2765,#2766,#2767,#2768,#2769,#2770,#2771,#2772,#2773,#2774,
#2775,#2776,#2777,#2778,#2779,#2780,#2781,#2782,#2783,#2784,#2785,#2786,#2787,
#2788,#2789,#2790,#2791,#2792,#2793,#2794,#2795,#2796,#2797,#2798,#2799,#2800,
#2801,#2802,#2803,#2804,#2805,#2806,#2807,#2808,#2809,#2810,#2811,#2812,#2813,
#2814,#2815,#2816,#2817,#2818,#2819,#2820,#2821,#2822,#2823,#2824,#2825,#2826,
#2827,#2828,#2829));
#2882=POLYLINE('',(#2831,#2832,#2833,#2834,#2835,#2836,#2837,#2838,#2839,#2840,
#2841,#2842,#2843,#2844,#2845,#2846,#2847,#2848,#2849,#2850,#2851,#2852,#2853,
#2854,#2855,#2856,#2857,#2858,#2859,#2860,#2861,#2862,#2863,#2864,#2865,#2866,
#2867,#2868,#2869,#2870,#2871,#2872,#2873,#2874,#2875,#2876,#2877,#2878,#2879,
#2880,#2881));
#2892=POLYLINE('',(#2883,#2884,#2885,#2886,#2887,#2888,#2889,#2890,#2891));
#2906=POLYLINE('',(#2893,#2894,#2895,#2896,#2897,#2898,#2899,#2900,#2901,#2902,
#2903,#2904,#2905));
#2970=POLYLINE('',(#2907,#2908,#2909,#2910,#2911,#2912,#2913,#2914,#2915,#2916,
#2917,#2918,#2919,#2920,#2921,#2922,#2923,#2924,#2925,#2926,#2927,#2928,#2929,
#2930,#2931,#2932,#2933,#2934,#2935,#2936,#2937,#2938,#2939,#2940,#2941,#2942,
#2943,#2944,#2945,#2946,#2947,#2948,#2949,#2950,#2951,#2952,#2953,#2954,#2955,
#2956,#2957,#2958,#2959,#2960,#2961,#2962,#2963,#2964,#2965,#2966,#2967,#2968,
#2969));
#3003=POLYLINE('',(#2971,#2972,#2973,#2974,#2975,#2976,#2977,#2978,#2979,#2980,
#2981,#2982,#2983,#2984,#2985,#2986,#2987,#2988,#2989,#2990,#2991,#2992,#2993,
#2994,#2995,#2996,#2997,#2998,#2999,#3000,#3001,#3002));
#3091=POLYLINE('',(#3004,#3005,#3006,#3007,#3008,#3009,#3010,#3011,#3012,#3013,
#3014,#3015,#3016,#3017,#3018,#3019,#3020,#3021,#3022,#3023,#3024,#3025,#3026,
#3027,#3028,#3029,#3030,#3031,#3032,#3033,#3034,#3035,#3036,#3037,#3038,#3039,
#3040,#3041,#3042,#3043,#3044,#3045,#3046,#3047,#3048,#3049,#3050,#3051,#3052,
#3053,#3054,#3055,#3056,#3057,#3058,#3059,#3060,#3061,#3062,#3063,#3064,#3065,
#3066,#3067,#3068,#3069,#3070,#3071,#3072,#3073,#3074,#3075,#3076,#3077,#3078,
#3079,#3080,#3081,#3082,#3083,#3084,#3085,#3086,#3087,#3088,#3089,#3090));
#3096=POLYLINE('',(#3092,#3093,#3094,#3095));
#3099=POLYLINE('',(#3097,#3098));
#3102=POLYLINE('',(#3100,#3101));
#3103=GEOMETRIC_CURVE_SET('note',(#939,#1110,#1133,#1139,#1260,#1266,#1438,
#1528,#1590,#1596,#1610,#1655,#1700,#1764,#1797,#1803,#1811,#1819,#1943,#1949,
#2070,#2115,#2160,#2224,#2257,#2263,#2271,#2279,#2331,#2502,#2508,#2521,#2526,
#2612,#2678,#2764,#2830,#2882,#2892,#2906,#2970,#3003,#3091,#3096,#3099,#3102));
#3107=SHAPE_ASPECT('','aspect to capture model element for association',#821,
.T.);
#3108=GEOMETRIC_ITEM_SPECIFIC_USAGE('','',#3107,#804,#361);
#3109=DRAUGHTING_MODEL_ITEM_ASSOCIATION('','',#3107,#905,#3106);
#3136=POLYLINE('',(#3110,#3111,#3112,#3113,#3114,#3115,#3116,#3117,#3118,#3119,
#3120,#3121,#3122,#3123,#3124,#3125,#3126,#3127,#3128,#3129,#3130,#3131,#3132,
#3133,#3134,#3135));
#3307=POLYLINE('',(#3137,#3138,#3139,#3140,#3141,#3142,#3143,#3144,#3145,#3146,
#3147,#3148,#3149,#3150,#3151,#3152,#3153,#3154,#3155,#3156,#3157,#3158,#3159,
#3160,#3161,#3162,#3163,#3164,#3165,#3166,#3167,#3168,#3169,#3170,#3171,#3172,
#3173,#3174,#3175,#3176,#3177,#3178,#3179,#3180,#3181,#3182,#3183,#3184,#3185,
#3186,#3187,#3188,#3189,#3190,#3191,#3192,#3193,#3194,#3195,#3196,#3197,#3198,
#3199,#3200,#3201,#3202,#3203,#3204,#3205,#3206,#3207,#3208,#3209,#3210,#3211,
#3212,#3213,#3214,#3215,#3216,#3217,#3218,#3219,#3220,#3221,#3222,#3223,#3224,
#3225,#3226,#3227,#3228,#3229,#3230,#3231,#3232,#3233,#3234,#3235,#3236,#3237,
#3238,#3239,#3240,#3241,#3242,#3243,#3244,#3245,#3246,#3247,#3248,#3249,#3250,
#3251,#3252,#3253,#3254,#3255,#3256,#3257,#3258,#3259,#3260,#3261,#3262,#3263,
#3264,#3265,#3266,#3267,#3268,#3269,#3270,#3271,#3272,#3273,#3274,#3275,#3276,
#3277,#3278,#3279,#3280,#3281,#3282,#3283,#3284,#3285,#3286,#3287,#3288,#3289,
#3290,#3291,#3292,#3293,#3294,#3295,#3296,#3297,#3298,#3299,#3300,#3301,#3302,
#3303,#3304,#3305,#3306));
#3330=POLYLINE('',(#3308,#3309,#3310,#3311,#3312,#3313,#3314,#3315,#3316,#3317,
#3318,#3319,#3320,#3321,#3322,#3323,#3324,#3325,#3326,#3327,#3328,#3329));
#3336=POLYLINE('',(#3331,#3332,#3333,#3334,#3335));
#3457=POLYLINE('',(#3337,#3338,#3339,#3340,#3341,#3342,#3343,#3344,#3345,#3346,
#3347,#3348,#3349,#3350,#3351,#3352,#3353,#3354,#3355,#3356,#3357,#3358,#3359,
#3360,#3361,#3362,#3363,#3364,#3365,#3366,#3367,#3368,#3369,#3370,#3371,#3372,
#3373,#3374,#3375,#3376,#3377,#3378,#3379,#3380,#3381,#3382,#3383,#3384,#3385,
#3386,#3387,#3388,#3389,#3390,#3391,#3392,#3393,#3394,#3395,#3396,#3397,#3398,
#3399,#3400,#3401,#3402,#3403,#3404,#3405,#3406,#3407,#3408,#3409,#3410,#3411,
#3412,#3413,#3414,#3415,#3416,#3417,#3418,#3419,#3420,#3421,#3422,#3423,#3424,
#3425,#3426,#3427,#3428,#3429,#3430,#3431,#3432,#3433,#3434,#3435,#3436,#3437,
#3438,#3439,#3440,#3441,#3442,#3443,#3444,#3445,#3446,#3447,#3448,#3449,#3450,
#3451,#3452,#3453,#3454,#3455,#3456));
#3463=POLYLINE('',(#3458,#3459,#3460,#3461,#3462));
#3635=POLYLINE('',(#3464,#3465,#3466,#3467,#3468,#3469,#3470,#3471,#3472,#3473,
#3474,#3475,#3476,#3477,#3478,#3479,#3480,#3481,#3482,#3483,#3484,#3485,#3486,
#3487,#3488,#3489,#3490,#3491,#3492,#3493,#3494,#3495,#3496,#3497,#3498,#3499,
#3500,#3501,#3502,#3503,#3504,#3505,#3506,#3507,#3508,#3509,#3510,#3511,#3512,
#3513,#3514,#3515,#3516,#3517,#3518,#3519,#3520,#3521,#3522,#3523,#3524,#3525,
#3526,#3527,#3528,#3529,#3530,#3531,#3532,#3533,#3534,#3535,#3536,#3537,#3538,
#3539,#3540,#3541,#3542,#3543,#3544,#3545,#3546,#3547,#3548,#3549,#3550,#3551,
#3552,#3553,#3554,#3555,#3556,#3557,#3558,#3559,#3560,#3561,#3562,#3563,#3564,
#3565,#3566,#3567,#3568,#3569,#3570,#3571,#3572,#3573,#3574,#3575,#3576,#3577,
#3578,#3579,#3580,#3581,#3582,#3583,#3584,#3585,#3586,#3587,#3588,#3589,#3590,
#3591,#3592,#3593,#3594,#3595,#3596,#3597,#3598,#3599,#3600,#3601,#3602,#3603,
#3604,#3605,#3606,#3607,#3608,#3609,#3610,#3611,#3612,#3613,#3614,#3615,#3616,
#3617,#3618,#3619,#3620,#3621,#3622,#3623,#3624,#3625,#3626,#3627,#3628,#3629,
#3630,#3631,#3632,#3633,#3634));
#3725=POLYLINE('',(#3636,#3637,#3638,#3639,#3640,#3641,#3642,#3643,#3644,#3645,
#3646,#3647,#3648,#3649,#3650,#3651,#3652,#3653,#3654,#3655,#3656,#3657,#3658,
#3659,#3660,#3661,#3662,#3663,#3664,#3665,#3666,#3667,#3668,#3669,#3670,#3671,
#3672,#3673,#3674,#3675,#3676,#3677,#3678,#3679,#3680,#3681,#3682,#3683,#3684,
#3685,#3686,#3687,#3688,#3689,#3690,#3691,#3692,#3693,#3694,#3695,#3696,#3697,
#3698,#3699,#3700,#3701,#3702,#3703,#3704,#3705,#3706,#3707,#3708,#3709,#3710,
#3711,#3712,#3713,#3714,#3715,#3716,#3717,#3718,#3719,#3720,#3721,#3722,#3723,
#3724));
#3787=POLYLINE('',(#3726,#3727,#3728,#3729,#3730,#3731,#3732,#3733,#3734,#3735,
#3736,#3737,#3738,#3739,#3740,#3741,#3742,#3743,#3744,#3745,#3746,#3747,#3748,
#3749,#3750,#3751,#3752,#3753,#3754,#3755,#3756,#3757,#3758,#3759,#3760,#3761,
#3762,#3763,#3764,#3765,#3766,#3767,#3768,#3769,#3770,#3771,#3772,#3773,#3774,
#3775,#3776,#3777,#3778,#3779,#3780,#3781,#3782,#3783,#3784,#3785,#3786));
#3793=POLYLINE('',(#3788,#3789,#3790,#3791,#3792));
#3807=POLYLINE('',(#3794,#3795,#3796,#3797,#3798,#3799,#3800,#3801,#3802,#3803,
#3804,#3805,#3806));
#3852=POLYLINE('',(#3808,#3809,#3810,#3811,#3812,#3813,#3814,#3815,#3816,#3817,
#3818,#3819,#3820,#3821,#3822,#3823,#3824,#3825,#3826,#3827,#3828,#3829,#3830,
#3831,#3832,#3833,#3834,#3835,#3836,#3837,#3838,#3839,#3840,#3841,#3842,#3843,
#3844,#3845,#3846,#3847,#3848,#3849,#3850,#3851));
#3897=POLYLINE('',(#3853,#3854,#3855,#3856,#3857,#3858,#3859,#3860,#3861,#3862,
#3863,#3864,#3865,#3866,#3867,#3868,#3869,#3870,#3871,#3872,#3873,#3874,#3875,
#3876,#3877,#3878,#3879,#3880,#3881,#3882,#3883,#3884,#3885,#3886,#3887,#3888,
#3889,#3890,#3891,#3892,#3893,#3894,#3895,#3896));
#3961=POLYLINE('',(#3898,#3899,#3900,#3901,#3902,#3903,#3904,#3905,#3906,#3907,
#3908,#3909,#3910,#3911,#3912,#3913,#3914,#3915,#3916,#3917,#3918,#3919,#3920,
#3921,#3922,#3923,#3924,#3925,#3926,#3927,#3928,#3929,#3930,#3931,#3932,#3933,
#3934,#3935,#3936,#3937,#3938,#3939,#3940,#3941,#3942,#3943,#3944,#3945,#3946,
#3947,#3948,#3949,#3950,#3951,#3952,#3953,#3954,#3955,#3956,#3957,#3958,#3959,
#3960));
#3994=POLYLINE('',(#3962,#3963,#3964,#3965,#3966,#3967,#3968,#3969,#3970,#3971,
#3972,#3973,#3974,#3975,#3976,#3977,#3978,#3979,#3980,#3981,#3982,#3983,#3984,
#3985,#3986,#3987,#3988,#3989,#3990,#3991,#3992,#3993));
#4000=POLYLINE('',(#3995,#3996,#3997,#3998,#3999));
#4008=POLYLINE('',(#4001,#4002,#4003,#4004,#4005,#4006,#4007));
#4016=POLYLINE('',(#4009,#4010,#4011,#4012,#4013,#4014,#4015));
#4140=POLYLINE('',(#4017,#4018,#4019,#4020,#4021,#4022,#4023,#4024,#4025,#4026,
#4027,#4028,#4029,#4030,#4031,#4032,#4033,#4034,#4035,#4036,#4037,#4038,#4039,
#4040,#4041,#4042,#4043,#4044,#4045,#4046,#4047,#4048,#4049,#4050,#4051,#4052,
#4053,#4054,#4055,#4056,#4057,#4058,#4059,#4060,#4061,#4062,#4063,#4064,#4065,
#4066,#4067,#4068,#4069,#4070,#4071,#4072,#4073,#4074,#4075,#4076,#4077,#4078,
#4079,#4080,#4081,#4082,#4083,#4084,#4085,#4086,#4087,#4088,#4089,#4090,#4091,
#4092,#4093,#4094,#4095,#4096,#4097,#4098,#4099,#4100,#4101,#4102,#4103,#4104,
#4105,#4106,#4107,#4108,#4109,#4110,#4111,#4112,#4113,#4114,#4115,#4116,#4117,
#4118,#4119,#4120,#4121,#4122,#4123,#4124,#4125,#4126,#4127,#4128,#4129,#4130,
#4131,#4132,#4133,#4134,#4135,#4136,#4137,#4138,#4139));
#4146=POLYLINE('',(#4141,#4142,#4143,#4144,#4145));
#4267=POLYLINE('',(#4147,#4148,#4149,#4150,#4151,#4152,#4153,#4154,#4155,#4156,
#4157,#4158,#4159,#4160,#4161,#4162,#4163,#4164,#4165,#4166,#4167,#4168,#4169,
#4170,#4171,#4172,#4173,#4174,#4175,#4176,#4177,#4178,#4179,#4180,#4181,#4182,
#4183,#4184,#4185,#4186,#4187,#4188,#4189,#4190,#4191,#4192,#4193,#4194,#4195,
#4196,#4197,#4198,#4199,#4200,#4201,#4202,#4203,#4204,#4205,#4206,#4207,#4208,
#4209,#4210,#4211,#4212,#4213,#4214,#4215,#4216,#4217,#4218,#4219,#4220,#4221,
#4222,#4223,#4224,#4225,#4226,#4227,#4228,#4229,#4230,#4231,#4232,#4233,#4234,
#4235,#4236,#4237,#4238,#4239,#4240,#4241,#4242,#4243,#4244,#4245,#4246,#4247,
#4248,#4249,#4250,#4251,#4252,#4253,#4254,#4255,#4256,#4257,#4258,#4259,#4260,
#4261,#4262,#4263,#4264,#4265,#4266));
#4312=POLYLINE('',(#4268,#4269,#4270,#4271,#4272,#4273,#4274,#4275,#4276,#4277,
#4278,#4279,#4280,#4281,#4282,#4283,#4284,#4285,#4286,#4287,#4288,#4289,#4290,
#4291,#4292,#4293,#4294,#4295,#4296,#4297,#4298,#4299,#4300,#4301,#4302,#4303,
#4304,#4305,#4306,#4307,#4308,#4309,#4310,#4311));
#4357=POLYLINE('',(#4313,#4314,#4315,#4316,#4317,#4318,#4319,#4320,#4321,#4322,
#4323,#4324,#4325,#4326,#4327,#4328,#4329,#4330,#4331,#4332,#4333,#4334,#4335,
#4336,#4337,#4338,#4339,#4340,#4341,#4342,#4343,#4344,#4345,#4346,#4347,#4348,
#4349,#4350,#4351,#4352,#4353,#4354,#4355,#4356));
#4421=POLYLINE('',(#4358,#4359,#4360,#4361,#4362,#4363,#4364,#4365,#4366,#4367,
#4368,#4369,#4370,#4371,#4372,#4373,#4374,#4375,#4376,#4377,#4378,#4379,#4380,
#4381,#4382,#4383,#4384,#4385,#4386,#4387,#4388,#4389,#4390,#4391,#4392,#4393,
#4394,#4395,#4396,#4397,#4398,#4399,#4400,#4401,#4402,#4403,#4404,#4405,#4406,
#4407,#4408,#4409,#4410,#4411,#4412,#4413,#4414,#4415,#4416,#4417,#4418,#4419,
#4420));
#4454=POLYLINE('',(#4422,#4423,#4424,#4425,#4426,#4427,#4428,#4429,#4430,#4431,
#4432,#4433,#4434,#4435,#4436,#4437,#4438,#4439,#4440,#4441,#4442,#4443,#4444,
#4445,#4446,#4447,#4448,#4449,#4450,#4451,#4452,#4453));
#4460=POLYLINE('',(#4455,#4456,#4457,#4458,#4459));
#4468=POLYLINE('',(#4461,#4462,#4463,#4464,#4465,#4466,#4467));
#4476=POLYLINE('',(#4469,#4470,#4471,#4472,#4473,#4474,#4475));
#4528=POLYLINE('',(#4477,#4478,#4479,#4480,#4481,#4482,#4483,#4484,#4485,#4486,
#4487,#4488,#4489,#4490,#4491,#4492,#4493,#4494,#4495,#4496,#4497,#4498,#4499,
#4500,#4501,#4502,#4503,#4504,#4505,#4506,#4507,#4508,#4509,#4510,#4511,#4512,
#4513,#4514,#4515,#4516,#4517,#4518,#4519,#4520,#4521,#4522,#4523,#4524,#4525,
#4526,#4527));
#4699=POLYLINE('',(#4529,#4530,#4531,#4532,#4533,#4534,#4535,#4536,#4537,#4538,
#4539,#4540,#4541,#4542,#4543,#4544,#4545,#4546,#4547,#4548,#4549,#4550,#4551,
#4552,#4553,#4554,#4555,#4556,#4557,#4558,#4559,#4560,#4561,#4562,#4563,#4564,
#4565,#4566,#4567,#4568,#4569,#4570,#4571,#4572,#4573,#4574,#4575,#4576,#4577,
#4578,#4579,#4580,#4581,#4582,#4583,#4584,#4585,#4586,#4587,#4588,#4589,#4590,
#4591,#4592,#4593,#4594,#4595,#4596,#4597,#4598,#4599,#4600,#4601,#4602,#4603,
#4604,#4605,#4606,#4607,#4608,#4609,#4610,#4611,#4612,#4613,#4614,#4615,#4616,
#4617,#4618,#4619,#4620,#4621,#4622,#4623,#4624,#4625,#4626,#4627,#4628,#4629,
#4630,#4631,#4632,#4633,#4634,#4635,#4636,#4637,#4638,#4639,#4640,#4641,#4642,
#4643,#4644,#4645,#4646,#4647,#4648,#4649,#4650,#4651,#4652,#4653,#4654,#4655,
#4656,#4657,#4658,#4659,#4660,#4661,#4662,#4663,#4664,#4665,#4666,#4667,#4668,
#4669,#4670,#4671,#4672,#4673,#4674,#4675,#4676,#4677,#4678,#4679,#4680,#4681,
#4682,#4683,#4684,#4685,#4686,#4687,#4688,#4689,#4690,#4691,#4692,#4693,#4694,
#4695,#4696,#4697,#4698));
#4705=POLYLINE('',(#4700,#4701,#4702,#4703,#4704));
#4718=POLYLINE('',(#4706,#4707,#4708,#4709,#4710,#4711,#4712,#4713,#4714,#4715,
#4716,#4717));
#4723=POLYLINE('',(#4719,#4720,#4721,#4722));
#4809=POLYLINE('',(#4724,#4725,#4726,#4727,#4728,#4729,#4730,#4731,#4732,#4733,
#4734,#4735,#4736,#4737,#4738,#4739,#4740,#4741,#4742,#4743,#4744,#4745,#4746,
#4747,#4748,#4749,#4750,#4751,#4752,#4753,#4754,#4755,#4756,#4757,#4758,#4759,
#4760,#4761,#4762,#4763,#4764,#4765,#4766,#4767,#4768,#4769,#4770,#4771,#4772,
#4773,#4774,#4775,#4776,#4777,#4778,#4779,#4780,#4781,#4782,#4783,#4784,#4785,
#4786,#4787,#4788,#4789,#4790,#4791,#4792,#4793,#4794,#4795,#4796,#4797,#4798,
#4799,#4800,#4801,#4802,#4803,#4804,#4805,#4806,#4807,#4808));
#4875=POLYLINE('',(#4810,#4811,#4812,#4813,#4814,#4815,#4816,#4817,#4818,#4819,
#4820,#4821,#4822,#4823,#4824,#4825,#4826,#4827,#4828,#4829,#4830,#4831,#4832,
#4833,#4834,#4835,#4836,#4837,#4838,#4839,#4840,#4841,#4842,#4843,#4844,#4845,
#4846,#4847,#4848,#4849,#4850,#4851,#4852,#4853,#4854,#4855,#4856,#4857,#4858,
#4859,#4860,#4861,#4862,#4863,#4864,#4865,#4866,#4867,#4868,#4869,#4870,#4871,
#4872,#4873,#4874));
#4961=POLYLINE('',(#4876,#4877,#4878,#4879,#4880,#4881,#4882,#4883,#4884,#4885,
#4886,#4887,#4888,#4889,#4890,#4891,#4892,#4893,#4894,#4895,#4896,#4897,#4898,
#4899,#4900,#4901,#4902,#4903,#4904,#4905,#4906,#4907,#4908,#4909,#4910,#4911,
#4912,#4913,#4914,#4915,#4916,#4917,#4918,#4919,#4920,#4921,#4922,#4923,#4924,
#4925,#4926,#4927,#4928,#4929,#4930,#4931,#4932,#4933,#4934,#4935,#4936,#4937,
#4938,#4939,#4940,#4941,#4942,#4943,#4944,#4945,#4946,#4947,#4948,#4949,#4950,
#4951,#4952,#4953,#4954,#4955,#4956,#4957,#4958,#4959,#4960));
#5027=POLYLINE('',(#4962,#4963,#4964,#4965,#4966,#4967,#4968,#4969,#4970,#4971,
#4972,#4973,#4974,#4975,#4976,#4977,#4978,#4979,#4980,#4981,#4982,#4983,#4984,
#4985,#4986,#4987,#4988,#4989,#4990,#4991,#4992,#4993,#4994,#4995,#4996,#4997,
#4998,#4999,#5000,#5001,#5002,#5003,#5004,#5005,#5006,#5007,#5008,#5009,#5010,
#5011,#5012,#5013,#5014,#5015,#5016,#5017,#5018,#5019,#5020,#5021,#5022,#5023,
#5024,#5025,#5026));
#5079=POLYLINE('',(#5028,#5029,#5030,#5031,#5032,#5033,#5034,#5035,#5036,#5037,
#5038,#5039,#5040,#5041,#5042,#5043,#5044,#5045,#5046,#5047,#5048,#5049,#5050,
#5051,#5052,#5053,#5054,#5055,#5056,#5057,#5058,#5059,#5060,#5061,#5062,#5063,
#5064,#5065,#5066,#5067,#5068,#5069,#5070,#5071,#5072,#5073,#5074,#5075,#5076,
#5077,#5078));
#5089=POLYLINE('',(#5080,#5081,#5082,#5083,#5084,#5085,#5086,#5087,#5088));
#5103=POLYLINE('',(#5090,#5091,#5092,#5093,#5094,#5095,#5096,#5097,#5098,#5099,
#5100,#5101,#5102));
#5167=POLYLINE('',(#5104,#5105,#5106,#5107,#5108,#5109,#5110,#5111,#5112,#5113,
#5114,#5115,#5116,#5117,#5118,#5119,#5120,#5121,#5122,#5123,#5124,#5125,#5126,
#5127,#5128,#5129,#5130,#5131,#5132,#5133,#5134,#5135,#5136,#5137,#5138,#5139,
#5140,#5141,#5142,#5143,#5144,#5145,#5146,#5147,#5148,#5149,#5150,#5151,#5152,
#5153,#5154,#5155,#5156,#5157,#5158,#5159,#5160,#5161,#5162,#5163,#5164,#5165,
#5166));
#5200=POLYLINE('',(#5168,#5169,#5170,#5171,#5172,#5173,#5174,#5175,#5176,#5177,
#5178,#5179,#5180,#5181,#5182,#5183,#5184,#5185,#5186,#5187,#5188,#5189,#5190,
#5191,#5192,#5193,#5194,#5195,#5196,#5197,#5198,#5199));
#5288=POLYLINE('',(#5201,#5202,#5203,#5204,#5205,#5206,#5207,#5208,#5209,#5210,
#5211,#5212,#5213,#5214,#5215,#5216,#5217,#5218,#5219,#5220,#5221,#5222,#5223,
#5224,#5225,#5226,#5227,#5228,#5229,#5230,#5231,#5232,#5233,#5234,#5235,#5236,
#5237,#5238,#5239,#5240,#5241,#5242,#5243,#5244,#5245,#5246,#5247,#5248,#5249,
#5250,#5251,#5252,#5253,#5254,#5255,#5256,#5257,#5258,#5259,#5260,#5261,#5262,
#5263,#5264,#5265,#5266,#5267,#5268,#5269,#5270,#5271,#5272,#5273,#5274,#5275,
#5276,#5277,#5278,#5279,#5280,#5281,#5282,#5283,#5284,#5285,#5286,#5287));
#5293=POLYLINE('',(#5289,#5290,#5291,#5292));
#5296=POLYLINE('',(#5294,#5295));
#5299=POLYLINE('',(#5297,#5298));
#5300=GEOMETRIC_CURVE_SET('note',(#3136,#3307,#3330,#3336,#3457,#3463,#3635,
#3725,#3787,#3793,#3807,#3852,#3897,#3961,#3994,#4000,#4008,#4016,#4140,#4146,
#4267,#4312,#4357,#4421,#4454,#4460,#4468,#4476,#4528,#4699,#4705,#4718,#4723,
#4809,#4875,#4961,#5027,#5079,#5089,#5103,#5167,#5200,#5288,#5293,#5296,#5299));
#5304=SHAPE_ASPECT('','aspect to capture model element for association',#821,
.T.);
#5305=GEOMETRIC_ITEM_SPECIFIC_USAGE('','',#5304,#804,#367);
#5306=DRAUGHTING_MODEL_ITEM_ASSOCIATION('','',#5304,#905,#5303);
#5322=PLANAR_BOX('',2.386554048656E1,2.013654978553E1,#5321);
#5344=PLANAR_BOX('',2.386554048656E1,2.013654978553E1,#5343);
#5366=PLANAR_BOX('',2.386554048656E1,2.013654978553E1,#5365);
#5388=PLANAR_BOX('',2.386554048656E1,2.013654978553E1,#5387);
#5395=PROPERTY_DEFINITION('CAD_APPROVED_BY','user defined attribute',#882);
#5399=REPRESENTATION('',(#5398),#801);
#5400=PROPERTY_DEFINITION_REPRESENTATION(#5395,#5399);
#5401=PROPERTY_DEFINITION('CAD_APPROVED_ON','user defined attribute',#882);
#5405=REPRESENTATION('',(#5404),#801);
#5406=PROPERTY_DEFINITION_REPRESENTATION(#5401,#5405);
#5407=PROPERTY_DEFINITION('CAD_CHANGE_NO','user defined attribute',#882);
#5411=REPRESENTATION('',(#5410),#801);
#5412=PROPERTY_DEFINITION_REPRESENTATION(#5407,#5411);
#5413=PROPERTY_DEFINITION('CAD_CHANGE_TEXT','user defined attribute',#882);
#5417=REPRESENTATION('',(#5416),#801);
#5418=PROPERTY_DEFINITION_REPRESENTATION(#5413,#5417);
#5419=PROPERTY_DEFINITION('CAD_CREATED_BY','user defined attribute',#882);
#5423=REPRESENTATION('',(#5422),#801);
#5424=PROPERTY_DEFINITION_REPRESENTATION(#5419,#5423);
#5425=PROPERTY_DEFINITION('CAD_CREATED_ON','user defined attribute',#882);
#5429=REPRESENTATION('',(#5428),#801);
#5430=PROPERTY_DEFINITION_REPRESENTATION(#5425,#5429);
#5431=PROPERTY_DEFINITION('CAD_LIFECYCLE_STATE','user defined attribute',#882);
#5435=REPRESENTATION('',(#5434),#801);
#5436=PROPERTY_DEFINITION_REPRESENTATION(#5431,#5435);
#5437=PROPERTY_DEFINITION('CAD_MODIFIED_BY','user defined attribute',#882);
#5441=REPRESENTATION('',(#5440),#801);
#5442=PROPERTY_DEFINITION_REPRESENTATION(#5437,#5441);
#5443=PROPERTY_DEFINITION('CAD_MODIFIED_ON','user defined attribute',#882);
#5447=REPRESENTATION('',(#5446),#801);
#5448=PROPERTY_DEFINITION_REPRESENTATION(#5443,#5447);
#5449=PROPERTY_DEFINITION('CAD_REVISION','user defined attribute',#882);
#5453=REPRESENTATION('',(#5452),#801);
#5454=PROPERTY_DEFINITION_REPRESENTATION(#5449,#5453);
#5455=PROPERTY_DEFINITION('DEPARTMENT','user defined attribute',#882);
#5459=REPRESENTATION('',(#5458),#801);
#5460=PROPERTY_DEFINITION_REPRESENTATION(#5455,#5459);
#5461=PROPERTY_DEFINITION('DESCRIPTION_1_DE','user defined attribute',#882);
#5465=REPRESENTATION('',(#5464),#801);
#5466=PROPERTY_DEFINITION_REPRESENTATION(#5461,#5465);
#5467=PROPERTY_DEFINITION('DESCRIPTION_1_EN','user defined attribute',#882);
#5471=REPRESENTATION('',(#5470),#801);
#5472=PROPERTY_DEFINITION_REPRESENTATION(#5467,#5471);
#5473=PROPERTY_DEFINITION('DESCRIPTION_2_DE','user defined attribute',#882);
#5477=REPRESENTATION('',(#5476),#801);
#5478=PROPERTY_DEFINITION_REPRESENTATION(#5473,#5477);
#5479=PROPERTY_DEFINITION('DESCRIPTION_2_EN','user defined attribute',#882);
#5483=REPRESENTATION('',(#5482),#801);
#5484=PROPERTY_DEFINITION_REPRESENTATION(#5479,#5483);
#5485=PROPERTY_DEFINITION('DRAWING_NO','user defined attribute',#882);
#5489=REPRESENTATION('',(#5488),#801);
#5490=PROPERTY_DEFINITION_REPRESENTATION(#5485,#5489);
#5491=PROPERTY_DEFINITION('MC_CHECKTYPE','user defined attribute',#882);
#5495=REPRESENTATION('',(#5494),#801);
#5496=PROPERTY_DEFINITION_REPRESENTATION(#5491,#5495);
#5497=PROPERTY_DEFINITION('COATING','user defined attribute',#882);
#5501=REPRESENTATION('',(#5500),#801);
#5502=PROPERTY_DEFINITION_REPRESENTATION(#5497,#5501);
#5503=PROPERTY_DEFINITION('COLORING','user defined attribute',#882);
#5507=REPRESENTATION('',(#5506),#801);
#5508=PROPERTY_DEFINITION_REPRESENTATION(#5503,#5507);
#5509=PROPERTY_DEFINITION('DESC_SEMIFINISHED','user defined attribute',#882);
#5513=REPRESENTATION('',(#5512),#801);
#5514=PROPERTY_DEFINITION_REPRESENTATION(#5509,#5513);
#5515=PROPERTY_DEFINITION('DIMENSION','user defined attribute',#882);
#5519=REPRESENTATION('',(#5518),#801);
#5520=PROPERTY_DEFINITION_REPRESENTATION(#5515,#5519);
#5521=PROPERTY_DEFINITION('HARDNESS','user defined attribute',#882);
#5525=REPRESENTATION('',(#5524),#801);
#5526=PROPERTY_DEFINITION_REPRESENTATION(#5521,#5525);
#5527=PROPERTY_DEFINITION('MASS','user defined attribute',#882);
#5531=REPRESENTATION('',(#5530),#801);
#5532=PROPERTY_DEFINITION_REPRESENTATION(#5527,#5531);
#5533=PROPERTY_DEFINITION('MATERIAL','user defined attribute',#882);
#5537=REPRESENTATION('',(#5536),#801);
#5538=PROPERTY_DEFINITION_REPRESENTATION(#5533,#5537);
#5539=PROPERTY_DEFINITION('PART_NO','user defined attribute',#882);
#5543=REPRESENTATION('',(#5542),#801);
#5544=PROPERTY_DEFINITION_REPRESENTATION(#5539,#5543);
#5545=PROPERTY_DEFINITION('PART_NO_SEMIFINISHED','user defined attribute',#882);
#5549=REPRESENTATION('',(#5548),#801);
#5550=PROPERTY_DEFINITION_REPRESENTATION(#5545,#5549);
#5551=PROPERTY_DEFINITION('STANDARD','user defined attribute',#882);
#5555=REPRESENTATION('',(#5554),#801);
#5556=PROPERTY_DEFINITION_REPRESENTATION(#5551,#5555);
#5557=PROPERTY_DEFINITION('STANDARD_DIMENSION','user defined attribute',#882);
#5561=REPRESENTATION('',(#5560),#801);
#5562=PROPERTY_DEFINITION_REPRESENTATION(#5557,#5561);
#5563=PROPERTY_DEFINITION('STANDARD_EDGE','user defined attribute',#882);
#5567=REPRESENTATION('',(#5566),#801);
#5568=PROPERTY_DEFINITION_REPRESENTATION(#5563,#5567);
#5569=PROPERTY_DEFINITION('STANDARD_INFO_DE','user defined attribute',#882);
#5573=REPRESENTATION('',(#5572),#801);
#5574=PROPERTY_DEFINITION_REPRESENTATION(#5569,#5573);
#5575=PROPERTY_DEFINITION('STANDARD_INFO_EN','user defined attribute',#882);
#5579=REPRESENTATION('',(#5578),#801);
#5580=PROPERTY_DEFINITION_REPRESENTATION(#5575,#5579);
#5581=PROPERTY_DEFINITION('STANDARD_SURFACE','user defined attribute',#882);
#5585=REPRESENTATION('',(#5584),#801);
#5586=PROPERTY_DEFINITION_REPRESENTATION(#5581,#5585);
#5587=PROPERTY_DEFINITION('STANDARD_TOL_CLASS','user defined attribute',#882);
#5591=REPRESENTATION('',(#5590),#801);
#5592=PROPERTY_DEFINITION_REPRESENTATION(#5587,#5591);
#5593=PROPERTY_DEFINITION('SUPPLIER','user defined attribute',#882);
#5597=REPRESENTATION('',(#5596),#801);
#5598=PROPERTY_DEFINITION_REPRESENTATION(#5593,#5597);
#5599=PROPERTY_DEFINITION('CLASSIFICATION','user defined attribute',#882);
#5603=REPRESENTATION('',(#5602),#801);
#5604=PROPERTY_DEFINITION_REPRESENTATION(#5599,#5603);
#5605=PROPERTY_DEFINITION('CATEGORY','user defined attribute',#882);
#5609=REPRESENTATION('',(#5608),#801);
#5610=PROPERTY_DEFINITION_REPRESENTATION(#5605,#5609);
#5611=PROPERTY_DEFINITION('PROJECT','user defined attribute',#882);
#5615=REPRESENTATION('',(#5614),#801);
#5616=PROPERTY_DEFINITION_REPRESENTATION(#5611,#5615);
#5617=PROPERTY_DEFINITION('PROJECT_NO','user defined attribute',#882);
#5621=REPRESENTATION('',(#5620),#801);
#5622=PROPERTY_DEFINITION_REPRESENTATION(#5617,#5621);
#5623=PROPERTY_DEFINITION('ORDER_CODE','user defined attribute',#882);
#5627=REPRESENTATION('',(#5626),#801);
#5628=PROPERTY_DEFINITION_REPRESENTATION(#5623,#5627);
#5629=PROPERTY_DEFINITION('STANDARD_WELDING','user defined attribute',#882);
#5633=REPRESENTATION('',(#5632),#801);
#5634=PROPERTY_DEFINITION_REPRESENTATION(#5629,#5633);
#5635=PROPERTY_DEFINITION('CUSTOMER','user defined attribute',#882);
#5639=REPRESENTATION('',(#5638),#801);
#5640=PROPERTY_DEFINITION_REPRESENTATION(#5635,#5639);
#5641=PROPERTY_DEFINITION('HEAT_TREATMENT','user defined attribute',#882);
#5645=REPRESENTATION('',(#5644),#801);
#5646=PROPERTY_DEFINITION_REPRESENTATION(#5641,#5645);
#5647=PROPERTY_DEFINITION('PTC_COMMON_NAME','user defined attribute',#882);
#5651=REPRESENTATION('',(#5650),#801);
#5652=PROPERTY_DEFINITION_REPRESENTATION(#5647,#5651);
#5653=PROPERTY_DEFINITION('PTC_MASTER_MATERIAL','user defined attribute',#882);
#5657=REPRESENTATION('',(#5656),#801);
#5658=PROPERTY_DEFINITION_REPRESENTATION(#5653,#5657);
ENDSEC;
END-ISO-10303-21;
