ISO-10303-21;
HEADER;
FILE_DESCRIPTION((''),'2;1');
FILE_NAME('ELECTRONICS_ENCLOSURE','2026-07-21T16:17:27',('morit'),(''),
'CREO PARAMETRIC BY PTC INC, 2025123','CREO PARAMETRIC BY PTC INC, 2025123','');
FILE_SCHEMA((
'AP242_MANAGED_MODEL_BASED_3D_ENGINEERING_MIM_LF { 1 0 10303 442 1 1 4 }'));
ENDSEC;
DATA;
#17=DIRECTION('',(1.E0,0.E0,0.E0));
#18=VECTOR('',#17,1.101E2);
#19=CARTESIAN_POINT('',(0.E0,0.E0,0.E0));
#20=LINE('76',#19,#18);
#21=DIRECTION('',(0.E0,0.E0,-1.E0));
#22=VECTOR('',#21,8.55E1);
#23=CARTESIAN_POINT('',(0.E0,0.E0,8.55E1));
#24=LINE('79',#23,#22);
#25=DIRECTION('',(-1.E0,0.E0,0.E0));
#26=VECTOR('',#25,1.101E2);
#27=CARTESIAN_POINT('',(1.101E2,0.E0,8.55E1));
#28=LINE('78',#27,#26);
#29=DIRECTION('',(0.E0,0.E0,1.E0));
#30=VECTOR('',#29,8.55E1);
#31=CARTESIAN_POINT('',(1.101E2,0.E0,0.E0));
#32=LINE('77',#31,#30);
#33=CARTESIAN_POINT('',(3.433E1,0.E0,3.E1));
#34=DIRECTION('',(0.E0,-1.E0,0.E0));
#35=DIRECTION('',(1.E0,0.E0,0.E0));
#36=AXIS2_PLACEMENT_3D('',#33,#34,#35);
#38=CARTESIAN_POINT('',(3.433E1,0.E0,3.E1));
#39=DIRECTION('',(0.E0,-1.E0,0.E0));
#40=DIRECTION('',(-1.E0,0.E0,0.E0));
#41=AXIS2_PLACEMENT_3D('',#38,#39,#40);
#43=CARTESIAN_POINT('',(7.433E1,0.E0,3.E1));
#44=DIRECTION('',(0.E0,-1.E0,0.E0));
#45=DIRECTION('',(1.E0,0.E0,0.E0));
#46=AXIS2_PLACEMENT_3D('',#43,#44,#45);
#48=CARTESIAN_POINT('',(7.433E1,0.E0,3.E1));
#49=DIRECTION('',(0.E0,-1.E0,0.E0));
#50=DIRECTION('',(-1.E0,0.E0,0.E0));
#51=AXIS2_PLACEMENT_3D('',#48,#49,#50);
#53=DIRECTION('',(0.E0,1.E0,0.E0));
#54=VECTOR('',#53,4.5E1);
#55=CARTESIAN_POINT('',(0.E0,0.E0,0.E0));
#56=LINE('86',#55,#54);
#57=DIRECTION('',(0.E0,1.E0,0.E0));
#58=VECTOR('',#57,4.5E1);
#59=CARTESIAN_POINT('',(1.101E2,0.E0,0.E0));
#60=LINE('88',#59,#58);
#61=DIRECTION('',(0.E0,-1.E0,0.E0));
#62=VECTOR('',#61,5.E0);
#63=CARTESIAN_POINT('',(1.101E2,1.E1,3.2E1));
#64=LINE('1358',#63,#62);
#65=DIRECTION('',(0.E0,0.E0,-1.E0));
#66=VECTOR('',#65,2.E1);
#67=CARTESIAN_POINT('',(1.101E2,5.E0,3.2E1));
#68=LINE('1359',#67,#66);
#69=DIRECTION('',(0.E0,1.E0,0.E0));
#70=VECTOR('',#69,5.E0);
#71=CARTESIAN_POINT('',(1.101E2,5.E0,1.2E1));
#72=LINE('1360',#71,#70);
#73=DIRECTION('',(0.E0,0.E0,1.E0));
#74=VECTOR('',#73,2.E1);
#75=CARTESIAN_POINT('',(1.101E2,1.E1,1.2E1));
#76=LINE('1361',#75,#74);
#77=CARTESIAN_POINT('',(1.101E2,2.655E1,4.275E1));
#78=DIRECTION('',(1.E0,0.E0,0.E0));
#79=DIRECTION('',(0.E0,0.E0,-1.E0));
#80=AXIS2_PLACEMENT_3D('',#77,#78,#79);
#82=CARTESIAN_POINT('',(1.101E2,2.655E1,4.275E1));
#83=DIRECTION('',(1.E0,0.E0,0.E0));
#84=DIRECTION('',(0.E0,0.E0,1.E0));
#85=AXIS2_PLACEMENT_3D('',#82,#83,#84);
#87=DIRECTION('',(0.E0,1.E0,0.E0));
#88=VECTOR('',#87,4.5E1);
#89=CARTESIAN_POINT('',(1.101E2,0.E0,8.55E1));
#90=LINE('90',#89,#88);
#91=DIRECTION('',(0.E0,-1.E0,0.E0));
#92=VECTOR('',#91,8.E0);
#93=CARTESIAN_POINT('',(0.E0,3.2E1,2.8E1));
#94=LINE('1308',#93,#92);
#95=DIRECTION('',(0.E0,0.E0,1.E0));
#96=VECTOR('',#95,1.5E1);
#97=CARTESIAN_POINT('',(0.E0,3.2E1,1.3E1));
#98=LINE('1311',#97,#96);
#99=DIRECTION('',(0.E0,1.E0,0.E0));
#100=VECTOR('',#99,8.E0);
#101=CARTESIAN_POINT('',(0.E0,2.4E1,1.3E1));
#102=LINE('1310',#101,#100);
#103=DIRECTION('',(0.E0,0.E0,-1.E0));
#104=VECTOR('',#103,1.5E1);
#105=CARTESIAN_POINT('',(0.E0,2.4E1,2.8E1));
#106=LINE('1309',#105,#104);
#107=DIRECTION('',(0.E0,-1.E0,0.E0));
#108=VECTOR('',#107,8.2E0);
#109=CARTESIAN_POINT('',(0.E0,3.72E1,7.37E1));
#110=LINE('1556',#109,#108);
#111=DIRECTION('',(0.E0,0.E0,1.E0));
#112=VECTOR('',#111,1.67E1);
#113=CARTESIAN_POINT('',(0.E0,3.72E1,5.7E1));
#114=LINE('1559',#113,#112);
#115=DIRECTION('',(0.E0,1.E0,0.E0));
#116=VECTOR('',#115,8.2E0);
#117=CARTESIAN_POINT('',(0.E0,2.9E1,5.7E1));
#118=LINE('1558',#117,#116);
#119=DIRECTION('',(0.E0,0.E0,-1.E0));
#120=VECTOR('',#119,1.67E1);
#121=CARTESIAN_POINT('',(0.E0,2.9E1,7.37E1));
#122=LINE('1557',#121,#120);
#123=CARTESIAN_POINT('',(0.E0,3.315E1,7.66E1));
#124=DIRECTION('',(1.E0,0.E0,0.E0));
#125=DIRECTION('',(0.E0,0.E0,-1.E0));
#126=AXIS2_PLACEMENT_3D('',#123,#124,#125);
#128=CARTESIAN_POINT('',(0.E0,3.315E1,7.66E1));
#129=DIRECTION('',(1.E0,0.E0,0.E0));
#130=DIRECTION('',(0.E0,0.E0,1.E0));
#131=AXIS2_PLACEMENT_3D('',#128,#129,#130);
#133=CARTESIAN_POINT('',(0.E0,3.315E1,5.41E1));
#134=DIRECTION('',(1.E0,0.E0,0.E0));
#135=DIRECTION('',(0.E0,0.E0,-1.E0));
#136=AXIS2_PLACEMENT_3D('',#133,#134,#135);
#138=CARTESIAN_POINT('',(0.E0,3.315E1,5.41E1));
#139=DIRECTION('',(1.E0,0.E0,0.E0));
#140=DIRECTION('',(0.E0,0.E0,1.E0));
#141=AXIS2_PLACEMENT_3D('',#138,#139,#140);
#143=DIRECTION('',(0.E0,-8.944271909999E-1,-4.472135955E-1));
#144=VECTOR('',#143,6.708203932499E0);
#145=CARTESIAN_POINT('',(0.E0,4.5E1,5.E0));
#146=LINE('2124',#145,#144);
#147=DIRECTION('',(0.E0,8.944271909999E-1,-4.472135955E-1));
#148=VECTOR('',#147,6.708203932499E0);
#149=CARTESIAN_POINT('',(0.E0,3.9E1,8.35E1));
#150=LINE('2127',#149,#148);
#151=DIRECTION('',(0.E0,1.E0,0.E0));
#152=VECTOR('',#151,4.5E1);
#153=CARTESIAN_POINT('',(0.E0,0.E0,8.55E1));
#154=LINE('92',#153,#152);
#155=DIRECTION('',(-1.E0,0.E0,0.E0));
#156=VECTOR('',#155,5.E0);
#157=CARTESIAN_POINT('',(5.E0,3.2E1,2.8E1));
#158=LINE('1316',#157,#156);
#159=DIRECTION('',(-1.E0,0.E0,0.E0));
#160=VECTOR('',#159,5.E0);
#161=CARTESIAN_POINT('',(5.E0,2.4E1,2.8E1));
#162=LINE('1317',#161,#160);
#163=DIRECTION('',(-1.E0,0.E0,0.E0));
#164=VECTOR('',#163,5.E0);
#165=CARTESIAN_POINT('',(5.E0,2.4E1,1.3E1));
#166=LINE('1318',#165,#164);
#167=DIRECTION('',(-1.E0,0.E0,0.E0));
#168=VECTOR('',#167,5.E0);
#169=CARTESIAN_POINT('',(5.E0,3.2E1,1.3E1));
#170=LINE('1319',#169,#168);
#171=DIRECTION('',(0.E0,-1.E0,0.E0));
#172=VECTOR('',#171,8.E0);
#173=CARTESIAN_POINT('',(5.E0,3.2E1,2.8E1));
#174=LINE('1312',#173,#172);
#175=DIRECTION('',(0.E0,0.E0,-1.E0));
#176=VECTOR('',#175,1.5E1);
#177=CARTESIAN_POINT('',(5.E0,2.4E1,2.8E1));
#178=LINE('1313',#177,#176);
#179=DIRECTION('',(0.E0,1.E0,0.E0));
#180=VECTOR('',#179,8.E0);
#181=CARTESIAN_POINT('',(5.E0,2.4E1,1.3E1));
#182=LINE('1314',#181,#180);
#183=DIRECTION('',(0.E0,0.E0,1.E0));
#184=VECTOR('',#183,1.5E1);
#185=CARTESIAN_POINT('',(5.E0,3.2E1,1.3E1));
#186=LINE('1315',#185,#184);
#187=DIRECTION('',(0.E0,-1.E0,0.E0));
#188=VECTOR('',#187,8.2E0);
#189=CARTESIAN_POINT('',(5.E0,3.72E1,7.37E1));
#190=LINE('1564',#189,#188);
#191=DIRECTION('',(0.E0,0.E0,-1.E0));
#192=VECTOR('',#191,1.67E1);
#193=CARTESIAN_POINT('',(5.E0,2.9E1,7.37E1));
#194=LINE('1565',#193,#192);
#195=DIRECTION('',(0.E0,1.E0,0.E0));
#196=VECTOR('',#195,8.2E0);
#197=CARTESIAN_POINT('',(5.E0,2.9E1,5.7E1));
#198=LINE('1566',#197,#196);
#199=DIRECTION('',(0.E0,0.E0,1.E0));
#200=VECTOR('',#199,1.67E1);
#201=CARTESIAN_POINT('',(5.E0,3.72E1,5.7E1));
#202=LINE('1567',#201,#200);
#203=CARTESIAN_POINT('',(5.E0,3.315E1,7.66E1));
#204=DIRECTION('',(1.E0,0.E0,0.E0));
#205=DIRECTION('',(0.E0,0.E0,-1.E0));
#206=AXIS2_PLACEMENT_3D('',#203,#204,#205);
#208=CARTESIAN_POINT('',(5.E0,3.315E1,7.66E1));
#209=DIRECTION('',(1.E0,0.E0,0.E0));
#210=DIRECTION('',(0.E0,0.E0,1.E0));
#211=AXIS2_PLACEMENT_3D('',#208,#209,#210);
#213=CARTESIAN_POINT('',(5.E0,3.315E1,5.41E1));
#214=DIRECTION('',(1.E0,0.E0,0.E0));
#215=DIRECTION('',(0.E0,0.E0,-1.E0));
#216=AXIS2_PLACEMENT_3D('',#213,#214,#215);
#218=CARTESIAN_POINT('',(5.E0,3.315E1,5.41E1));
#219=DIRECTION('',(1.E0,0.E0,0.E0));
#220=DIRECTION('',(0.E0,0.E0,1.E0));
#221=AXIS2_PLACEMENT_3D('',#218,#219,#220);
#223=DIRECTION('',(0.E0,0.E0,-1.E0));
#224=VECTOR('',#223,7.55E1);
#225=CARTESIAN_POINT('',(5.E0,3.9E1,8.05E1));
#226=LINE('2138',#225,#224);
#227=DIRECTION('',(0.E0,0.E0,-1.E0));
#228=VECTOR('',#227,3.E0);
#229=CARTESIAN_POINT('',(5.E0,2.E1,8.E0));
#230=LINE('961',#229,#228);
#231=DIRECTION('',(0.E0,1.E0,0.E0));
#232=VECTOR('',#231,1.5E1);
#233=CARTESIAN_POINT('',(5.E0,5.E0,8.E0));
#234=LINE('916',#233,#232);
#235=DIRECTION('',(0.E0,1.E0,0.E0));
#236=VECTOR('',#235,1.5E1);
#237=CARTESIAN_POINT('',(5.E0,5.E0,7.75E1));
#238=LINE('917',#237,#236);
#239=DIRECTION('',(0.E0,0.E0,-1.E0));
#240=VECTOR('',#239,3.E0);
#241=CARTESIAN_POINT('',(5.E0,2.E1,8.05E1));
#242=LINE('960',#241,#240);
#243=DIRECTION('',(0.E0,1.E0,0.E0));
#244=VECTOR('',#243,1.9E1);
#245=CARTESIAN_POINT('',(5.E0,2.E1,8.05E1));
#246=LINE('2142',#245,#244);
#247=DIRECTION('',(-1.E0,0.E0,0.E0));
#248=VECTOR('',#247,5.E0);
#249=CARTESIAN_POINT('',(5.E0,3.72E1,7.37E1));
#250=LINE('1505',#249,#248);
#251=DIRECTION('',(-1.E0,0.E0,0.E0));
#252=VECTOR('',#251,5.E0);
#253=CARTESIAN_POINT('',(5.E0,3.72E1,5.7E1));
#254=LINE('1508',#253,#252);
#255=DIRECTION('',(-1.E0,0.E0,0.E0));
#256=VECTOR('',#255,5.E0);
#257=CARTESIAN_POINT('',(5.E0,2.9E1,5.7E1));
#258=LINE('1507',#257,#256);
#259=DIRECTION('',(-1.E0,0.E0,0.E0));
#260=VECTOR('',#259,5.E0);
#261=CARTESIAN_POINT('',(5.E0,2.9E1,7.37E1));
#262=LINE('1506',#261,#260);
#263=DIRECTION('',(-1.E0,0.E0,0.E0));
#264=VECTOR('',#263,5.E0);
#265=CARTESIAN_POINT('',(5.E0,3.315E1,7.5E1));
#266=LINE('1552',#265,#264);
#267=DIRECTION('',(-1.E0,0.E0,0.E0));
#268=VECTOR('',#267,5.E0);
#269=CARTESIAN_POINT('',(5.E0,3.315E1,7.82E1));
#270=LINE('1553',#269,#268);
#271=DIRECTION('',(-1.E0,0.E0,0.E0));
#272=VECTOR('',#271,5.E0);
#273=CARTESIAN_POINT('',(5.E0,3.315E1,5.25E1));
#274=LINE('1554',#273,#272);
#275=DIRECTION('',(-1.E0,0.E0,0.E0));
#276=VECTOR('',#275,5.E0);
#277=CARTESIAN_POINT('',(5.E0,3.315E1,5.57E1));
#278=LINE('1555',#277,#276);
#279=DIRECTION('',(0.E0,0.E0,-1.E0));
#280=VECTOR('',#279,8.15E1);
#281=CARTESIAN_POINT('',(0.E0,3.9E1,8.35E1));
#282=LINE('2150',#281,#280);
#283=DIRECTION('',(1.E0,0.E0,0.E0));
#284=VECTOR('',#283,1.051E2);
#285=CARTESIAN_POINT('',(0.E0,3.9E1,2.E0));
#286=LINE('2147',#285,#284);
#287=CARTESIAN_POINT('',(2.44E0,3.9E1,4.275E1));
#288=DIRECTION('',(0.E0,-1.E0,0.E0));
#289=DIRECTION('',(0.E0,0.E0,-1.E0));
#290=AXIS2_PLACEMENT_3D('',#287,#288,#289);
#292=CARTESIAN_POINT('',(2.44E0,3.9E1,4.275E1));
#293=DIRECTION('',(0.E0,1.E0,0.E0));
#294=DIRECTION('',(0.E0,0.E0,-1.E0));
#295=AXIS2_PLACEMENT_3D('',#292,#293,#294);
#297=DIRECTION('',(-1.E0,0.E0,0.E0));
#298=VECTOR('',#297,1.001E2);
#299=CARTESIAN_POINT('',(1.051E2,3.9E1,8.05E1));
#300=LINE('2132',#299,#298);
#301=DIRECTION('',(-1.E0,0.E0,0.E0));
#302=VECTOR('',#301,3.E0);
#303=CARTESIAN_POINT('',(8.E0,2.E1,8.05E1));
#304=LINE('959',#303,#302);
#305=DIRECTION('',(0.E0,1.E0,0.E0));
#306=VECTOR('',#305,1.5E1);
#307=CARTESIAN_POINT('',(8.E0,5.E0,8.05E1));
#308=LINE('914',#307,#306);
#309=DIRECTION('',(0.E0,1.E0,0.E0));
#310=VECTOR('',#309,1.5E1);
#311=CARTESIAN_POINT('',(1.021E2,5.E0,8.05E1));
#312=LINE('915',#311,#310);
#313=DIRECTION('',(-1.E0,0.E0,0.E0));
#314=VECTOR('',#313,3.E0);
#315=CARTESIAN_POINT('',(1.051E2,2.E1,8.05E1));
#316=LINE('958',#315,#314);
#317=DIRECTION('',(0.E0,1.E0,0.E0));
#318=VECTOR('',#317,1.9E1);
#319=CARTESIAN_POINT('',(1.051E2,2.E1,8.05E1));
#320=LINE('2136',#319,#318);
#321=CARTESIAN_POINT('',(8.E0,2.E1,8.E0));
#322=DIRECTION('',(0.E0,-1.E0,0.E0));
#323=DIRECTION('',(1.E0,0.E0,0.E0));
#324=AXIS2_PLACEMENT_3D('',#321,#322,#323);
#326=CARTESIAN_POINT('',(8.E0,2.E1,8.E0));
#327=DIRECTION('',(0.E0,-1.E0,0.E0));
#328=DIRECTION('',(-1.E0,0.E0,0.E0));
#329=AXIS2_PLACEMENT_3D('',#326,#327,#328);
#331=CARTESIAN_POINT('',(1.021E2,2.E1,7.75E1));
#332=DIRECTION('',(0.E0,-1.E0,0.E0));
#333=DIRECTION('',(1.E0,0.E0,0.E0));
#334=AXIS2_PLACEMENT_3D('',#331,#332,#333);
#336=CARTESIAN_POINT('',(1.021E2,2.E1,7.75E1));
#337=DIRECTION('',(0.E0,-1.E0,0.E0));
#338=DIRECTION('',(-1.E0,0.E0,0.E0));
#339=AXIS2_PLACEMENT_3D('',#336,#337,#338);
#341=CARTESIAN_POINT('',(8.E0,2.E1,7.75E1));
#342=DIRECTION('',(0.E0,-1.E0,0.E0));
#343=DIRECTION('',(1.E0,0.E0,0.E0));
#344=AXIS2_PLACEMENT_3D('',#341,#342,#343);
#346=CARTESIAN_POINT('',(8.E0,2.E1,7.75E1));
#347=DIRECTION('',(0.E0,-1.E0,0.E0));
#348=DIRECTION('',(-1.E0,0.E0,0.E0));
#349=AXIS2_PLACEMENT_3D('',#346,#347,#348);
#351=CARTESIAN_POINT('',(1.021E2,2.E1,8.E0));
#352=DIRECTION('',(0.E0,-1.E0,0.E0));
#353=DIRECTION('',(1.E0,0.E0,0.E0));
#354=AXIS2_PLACEMENT_3D('',#351,#352,#353);
#356=CARTESIAN_POINT('',(1.021E2,2.E1,8.E0));
#357=DIRECTION('',(0.E0,-1.E0,0.E0));
#358=DIRECTION('',(-1.E0,0.E0,0.E0));
#359=AXIS2_PLACEMENT_3D('',#356,#357,#358);
#361=CARTESIAN_POINT('',(1.021E2,2.E1,8.E0));
#362=DIRECTION('',(0.E0,1.E0,0.E0));
#363=DIRECTION('',(0.E0,0.E0,-1.E0));
#364=AXIS2_PLACEMENT_3D('',#361,#362,#363);
#366=CARTESIAN_POINT('',(8.E0,2.E1,8.E0));
#367=DIRECTION('',(0.E0,1.E0,0.E0));
#368=DIRECTION('',(-1.E0,0.E0,0.E0));
#369=AXIS2_PLACEMENT_3D('',#366,#367,#368);
#371=CARTESIAN_POINT('',(8.E0,2.E1,7.75E1));
#372=DIRECTION('',(0.E0,1.E0,0.E0));
#373=DIRECTION('',(0.E0,0.E0,1.E0));
#374=AXIS2_PLACEMENT_3D('',#371,#372,#373);
#376=CARTESIAN_POINT('',(1.021E2,2.E1,7.75E1));
#377=DIRECTION('',(0.E0,1.E0,0.E0));
#378=DIRECTION('',(1.E0,0.E0,0.E0));
#379=AXIS2_PLACEMENT_3D('',#376,#377,#378);
#381=DIRECTION('',(0.E0,1.E0,0.E0));
#382=VECTOR('',#381,1.5E1);
#383=CARTESIAN_POINT('',(9.25E0,5.E0,8.E0));
#384=LINE('399',#383,#382);
#385=CARTESIAN_POINT('',(8.E0,5.E0,8.E0));
#386=DIRECTION('',(0.E0,1.E0,0.E0));
#387=DIRECTION('',(-1.E0,0.E0,0.E0));
#388=AXIS2_PLACEMENT_3D('',#385,#386,#387);
#390=CARTESIAN_POINT('',(8.E0,5.E0,8.E0));
#391=DIRECTION('',(0.E0,1.E0,0.E0));
#392=DIRECTION('',(1.E0,0.E0,0.E0));
#393=AXIS2_PLACEMENT_3D('',#390,#391,#392);
#395=CARTESIAN_POINT('',(1.021E2,5.E0,7.75E1));
#396=DIRECTION('',(0.E0,1.E0,0.E0));
#397=DIRECTION('',(-1.E0,0.E0,0.E0));
#398=AXIS2_PLACEMENT_3D('',#395,#396,#397);
#400=CARTESIAN_POINT('',(1.021E2,5.E0,7.75E1));
#401=DIRECTION('',(0.E0,1.E0,0.E0));
#402=DIRECTION('',(1.E0,0.E0,0.E0));
#403=AXIS2_PLACEMENT_3D('',#400,#401,#402);
#405=CARTESIAN_POINT('',(8.E0,5.E0,7.75E1));
#406=DIRECTION('',(0.E0,1.E0,0.E0));
#407=DIRECTION('',(-1.E0,0.E0,0.E0));
#408=AXIS2_PLACEMENT_3D('',#405,#406,#407);
#410=CARTESIAN_POINT('',(8.E0,5.E0,7.75E1));
#411=DIRECTION('',(0.E0,1.E0,0.E0));
#412=DIRECTION('',(1.E0,0.E0,0.E0));
#413=AXIS2_PLACEMENT_3D('',#410,#411,#412);
#415=CARTESIAN_POINT('',(1.021E2,5.E0,8.E0));
#416=DIRECTION('',(0.E0,1.E0,0.E0));
#417=DIRECTION('',(-1.E0,0.E0,0.E0));
#418=AXIS2_PLACEMENT_3D('',#415,#416,#417);
#420=CARTESIAN_POINT('',(1.021E2,5.E0,8.E0));
#421=DIRECTION('',(0.E0,1.E0,0.E0));
#422=DIRECTION('',(1.E0,0.E0,0.E0));
#423=AXIS2_PLACEMENT_3D('',#420,#421,#422);
#425=CARTESIAN_POINT('',(3.433E1,5.E0,3.E1));
#426=DIRECTION('',(0.E0,-1.E0,0.E0));
#427=DIRECTION('',(1.E0,0.E0,0.E0));
#428=AXIS2_PLACEMENT_3D('',#425,#426,#427);
#430=CARTESIAN_POINT('',(3.433E1,5.E0,3.E1));
#431=DIRECTION('',(0.E0,-1.E0,0.E0));
#432=DIRECTION('',(-1.E0,0.E0,0.E0));
#433=AXIS2_PLACEMENT_3D('',#430,#431,#432);
#435=CARTESIAN_POINT('',(7.433E1,5.E0,3.E1));
#436=DIRECTION('',(0.E0,-1.E0,0.E0));
#437=DIRECTION('',(1.E0,0.E0,0.E0));
#438=AXIS2_PLACEMENT_3D('',#435,#436,#437);
#440=CARTESIAN_POINT('',(7.433E1,5.E0,3.E1));
#441=DIRECTION('',(0.E0,-1.E0,0.E0));
#442=DIRECTION('',(-1.E0,0.E0,0.E0));
#443=AXIS2_PLACEMENT_3D('',#440,#441,#442);
#445=DIRECTION('',(0.E0,0.E0,1.E0));
#446=VECTOR('',#445,4.E0);
#447=CARTESIAN_POINT('',(1.051E2,5.E0,8.E0));
#448=LINE('1460',#447,#446);
#449=DIRECTION('',(-1.E0,0.E0,0.E0));
#450=VECTOR('',#449,5.E0);
#451=CARTESIAN_POINT('',(1.101E2,5.E0,3.2E1));
#452=LINE('1367',#451,#450);
#453=DIRECTION('',(0.E0,0.E0,1.E0));
#454=VECTOR('',#453,4.55E1);
#455=CARTESIAN_POINT('',(1.051E2,5.E0,3.2E1));
#456=LINE('1461',#455,#454);
#457=CARTESIAN_POINT('',(1.021E2,5.E0,7.75E1));
#458=DIRECTION('',(0.E0,1.E0,0.E0));
#459=DIRECTION('',(1.E0,0.E0,0.E0));
#460=AXIS2_PLACEMENT_3D('',#457,#458,#459);
#462=DIRECTION('',(-1.E0,0.E0,0.E0));
#463=VECTOR('',#462,9.41E1);
#464=CARTESIAN_POINT('',(1.021E2,5.E0,8.05E1));
#465=LINE('919',#464,#463);
#466=CARTESIAN_POINT('',(8.E0,5.E0,7.75E1));
#467=DIRECTION('',(0.E0,1.E0,0.E0));
#468=DIRECTION('',(0.E0,0.E0,1.E0));
#469=AXIS2_PLACEMENT_3D('',#466,#467,#468);
#471=DIRECTION('',(0.E0,0.E0,-1.E0));
#472=VECTOR('',#471,6.95E1);
#473=CARTESIAN_POINT('',(5.E0,5.E0,7.75E1));
#474=LINE('162',#473,#472);
#475=CARTESIAN_POINT('',(8.E0,5.E0,8.E0));
#476=DIRECTION('',(0.E0,1.E0,0.E0));
#477=DIRECTION('',(-1.E0,0.E0,0.E0));
#478=AXIS2_PLACEMENT_3D('',#475,#476,#477);
#480=DIRECTION('',(1.E0,0.E0,0.E0));
#481=VECTOR('',#480,9.41E1);
#482=CARTESIAN_POINT('',(8.E0,5.E0,5.E0));
#483=LINE('161',#482,#481);
#484=CARTESIAN_POINT('',(1.021E2,5.E0,8.E0));
#485=DIRECTION('',(0.E0,1.E0,0.E0));
#486=DIRECTION('',(0.E0,0.E0,-1.E0));
#487=AXIS2_PLACEMENT_3D('',#484,#485,#486);
#489=DIRECTION('',(0.E0,1.E0,0.E0));
#490=VECTOR('',#489,1.5E1);
#491=CARTESIAN_POINT('',(6.75E0,5.E0,8.E0));
#492=LINE('400',#491,#490);
#493=DIRECTION('',(0.E0,1.E0,0.E0));
#494=VECTOR('',#493,1.5E1);
#495=CARTESIAN_POINT('',(1.0335E2,5.E0,7.75E1));
#496=LINE('926',#495,#494);
#497=DIRECTION('',(0.E0,1.E0,0.E0));
#498=VECTOR('',#497,1.5E1);
#499=CARTESIAN_POINT('',(1.0085E2,5.E0,7.75E1));
#500=LINE('927',#499,#498);
#501=DIRECTION('',(0.E0,1.E0,0.E0));
#502=VECTOR('',#501,1.5E1);
#503=CARTESIAN_POINT('',(9.25E0,5.E0,7.75E1));
#504=LINE('928',#503,#502);
#505=DIRECTION('',(0.E0,1.E0,0.E0));
#506=VECTOR('',#505,1.5E1);
#507=CARTESIAN_POINT('',(6.75E0,5.E0,7.75E1));
#508=LINE('929',#507,#506);
#509=DIRECTION('',(0.E0,1.E0,0.E0));
#510=VECTOR('',#509,1.5E1);
#511=CARTESIAN_POINT('',(1.0335E2,5.E0,8.E0));
#512=LINE('930',#511,#510);
#513=DIRECTION('',(0.E0,1.E0,0.E0));
#514=VECTOR('',#513,1.5E1);
#515=CARTESIAN_POINT('',(1.0085E2,5.E0,8.E0));
#516=LINE('931',#515,#514);
#517=DIRECTION('',(0.E0,-1.E0,0.E0));
#518=VECTOR('',#517,5.E0);
#519=CARTESIAN_POINT('',(3.593E1,5.E0,3.E1));
#520=LINE('989',#519,#518);
#521=DIRECTION('',(0.E0,-1.E0,0.E0));
#522=VECTOR('',#521,5.E0);
#523=CARTESIAN_POINT('',(3.273E1,5.E0,3.E1));
#524=LINE('990',#523,#522);
#525=DIRECTION('',(0.E0,-1.E0,0.E0));
#526=VECTOR('',#525,5.E0);
#527=CARTESIAN_POINT('',(7.593E1,5.E0,3.E1));
#528=LINE('1019',#527,#526);
#529=DIRECTION('',(0.E0,-1.E0,0.E0));
#530=VECTOR('',#529,5.E0);
#531=CARTESIAN_POINT('',(7.273E1,5.E0,3.E1));
#532=LINE('1020',#531,#530);
#533=CARTESIAN_POINT('',(1.051E2,2.655E1,4.275E1));
#534=DIRECTION('',(1.E0,0.E0,0.E0));
#535=DIRECTION('',(0.E0,0.E0,-1.E0));
#536=AXIS2_PLACEMENT_3D('',#533,#534,#535);
#538=CARTESIAN_POINT('',(1.051E2,2.655E1,4.275E1));
#539=DIRECTION('',(1.E0,0.E0,0.E0));
#540=DIRECTION('',(0.E0,0.E0,1.E0));
#541=AXIS2_PLACEMENT_3D('',#538,#539,#540);
#543=DIRECTION('',(0.E0,8.944271909999E-1,-4.472135955E-1));
#544=VECTOR('',#543,6.708203932499E0);
#545=CARTESIAN_POINT('',(1.051E2,3.9E1,8.35E1));
#546=LINE('2146',#545,#544);
#547=DIRECTION('',(0.E0,0.E0,1.E0));
#548=VECTOR('',#547,3.E0);
#549=CARTESIAN_POINT('',(1.051E2,3.9E1,8.05E1));
#550=LINE('2145',#549,#548);
#551=DIRECTION('',(0.E0,0.E0,1.E0));
#552=VECTOR('',#551,3.E0);
#553=CARTESIAN_POINT('',(1.051E2,2.E1,7.75E1));
#554=LINE('957',#553,#552);
#555=DIRECTION('',(0.E0,1.E0,0.E0));
#556=VECTOR('',#555,1.5E1);
#557=CARTESIAN_POINT('',(1.051E2,5.E0,7.75E1));
#558=LINE('913',#557,#556);
#559=DIRECTION('',(0.E0,-1.E0,0.E0));
#560=VECTOR('',#559,5.E0);
#561=CARTESIAN_POINT('',(1.051E2,1.E1,3.2E1));
#562=LINE('1362',#561,#560);
#563=DIRECTION('',(0.E0,0.E0,1.E0));
#564=VECTOR('',#563,2.E1);
#565=CARTESIAN_POINT('',(1.051E2,1.E1,1.2E1));
#566=LINE('1365',#565,#564);
#567=DIRECTION('',(0.E0,1.E0,0.E0));
#568=VECTOR('',#567,5.E0);
#569=CARTESIAN_POINT('',(1.051E2,5.E0,1.2E1));
#570=LINE('1364',#569,#568);
#571=DIRECTION('',(0.E0,1.E0,0.E0));
#572=VECTOR('',#571,1.5E1);
#573=CARTESIAN_POINT('',(1.051E2,5.E0,8.E0));
#574=LINE('912',#573,#572);
#575=DIRECTION('',(0.E0,0.E0,1.E0));
#576=VECTOR('',#575,3.E0);
#577=CARTESIAN_POINT('',(1.051E2,2.E1,5.E0));
#578=LINE('956',#577,#576);
#579=DIRECTION('',(0.E0,1.E0,0.E0));
#580=VECTOR('',#579,1.9E1);
#581=CARTESIAN_POINT('',(1.051E2,2.E1,5.E0));
#582=LINE('2135',#581,#580);
#583=DIRECTION('',(0.E0,0.E0,1.E0));
#584=VECTOR('',#583,3.E0);
#585=CARTESIAN_POINT('',(1.051E2,3.9E1,2.E0));
#586=LINE('2144',#585,#584);
#587=DIRECTION('',(0.E0,-8.944271909999E-1,-4.472135955E-1));
#588=VECTOR('',#587,6.708203932499E0);
#589=CARTESIAN_POINT('',(1.051E2,4.5E1,5.E0));
#590=LINE('2143',#589,#588);
#591=DIRECTION('',(-1.E0,0.E0,0.E0));
#592=VECTOR('',#591,5.E0);
#593=CARTESIAN_POINT('',(1.101E2,2.655E1,3.915E1));
#594=LINE('1421',#593,#592);
#595=DIRECTION('',(-1.E0,0.E0,0.E0));
#596=VECTOR('',#595,5.E0);
#597=CARTESIAN_POINT('',(1.101E2,2.655E1,4.635E1));
#598=LINE('1422',#597,#596);
#599=DIRECTION('',(1.E0,0.E0,0.E0));
#600=VECTOR('',#599,1.051E2);
#601=CARTESIAN_POINT('',(0.E0,4.5E1,5.E0));
#602=LINE('2122',#601,#600);
#603=DIRECTION('',(0.E0,0.E0,-1.E0));
#604=VECTOR('',#603,5.E0);
#605=CARTESIAN_POINT('',(0.E0,4.5E1,5.E0));
#606=LINE('2140',#605,#604);
#607=DIRECTION('',(1.E0,0.E0,0.E0));
#608=VECTOR('',#607,1.101E2);
#609=CARTESIAN_POINT('',(0.E0,4.5E1,0.E0));
#610=LINE('81',#609,#608);
#611=DIRECTION('',(0.E0,0.E0,1.E0));
#612=VECTOR('',#611,8.55E1);
#613=CARTESIAN_POINT('',(1.101E2,4.5E1,0.E0));
#614=LINE('82',#613,#612);
#615=DIRECTION('',(-1.E0,0.E0,0.E0));
#616=VECTOR('',#615,1.101E2);
#617=CARTESIAN_POINT('',(1.101E2,4.5E1,8.55E1));
#618=LINE('83',#617,#616);
#619=DIRECTION('',(0.E0,0.E0,-1.E0));
#620=VECTOR('',#619,5.E0);
#621=CARTESIAN_POINT('',(0.E0,4.5E1,8.55E1));
#622=LINE('2139',#621,#620);
#623=DIRECTION('',(1.E0,0.E0,0.E0));
#624=VECTOR('',#623,1.051E2);
#625=CARTESIAN_POINT('',(0.E0,4.5E1,8.05E1));
#626=LINE('2123',#625,#624);
#627=DIRECTION('',(0.E0,0.E0,1.E0));
#628=VECTOR('',#627,7.55E1);
#629=CARTESIAN_POINT('',(1.051E2,4.5E1,5.E0));
#630=LINE('2134',#629,#628);
#631=DIRECTION('',(1.E0,0.E0,0.E0));
#632=VECTOR('',#631,1.051E2);
#633=CARTESIAN_POINT('',(0.E0,3.9E1,8.35E1));
#634=LINE('2148',#633,#632);
#635=DIRECTION('',(-1.E0,0.E0,0.E0));
#636=VECTOR('',#635,5.E0);
#637=CARTESIAN_POINT('',(1.101E2,1.E1,3.2E1));
#638=LINE('1366',#637,#636);
#639=DIRECTION('',(-1.E0,0.E0,0.E0));
#640=VECTOR('',#639,5.E0);
#641=CARTESIAN_POINT('',(1.101E2,1.E1,1.2E1));
#642=LINE('1369',#641,#640);
#643=DIRECTION('',(-1.E0,0.E0,0.E0));
#644=VECTOR('',#643,5.E0);
#645=CARTESIAN_POINT('',(1.101E2,5.E0,1.2E1));
#646=LINE('1368',#645,#644);
#647=DIRECTION('',(1.E0,0.E0,0.E0));
#648=VECTOR('',#647,1.001E2);
#649=CARTESIAN_POINT('',(5.E0,3.9E1,5.E0));
#650=LINE('2129',#649,#648);
#651=DIRECTION('',(1.E0,0.E0,0.E0));
#652=VECTOR('',#651,3.E0);
#653=CARTESIAN_POINT('',(1.021E2,2.E1,5.E0));
#654=LINE('955',#653,#652);
#655=DIRECTION('',(0.E0,1.E0,0.E0));
#656=VECTOR('',#655,1.5E1);
#657=CARTESIAN_POINT('',(1.021E2,5.E0,5.E0));
#658=LINE('910',#657,#656);
#659=DIRECTION('',(0.E0,1.E0,0.E0));
#660=VECTOR('',#659,1.5E1);
#661=CARTESIAN_POINT('',(8.E0,5.E0,5.E0));
#662=LINE('911',#661,#660);
#663=DIRECTION('',(1.E0,0.E0,0.E0));
#664=VECTOR('',#663,3.E0);
#665=CARTESIAN_POINT('',(5.E0,2.E1,5.E0));
#666=LINE('954',#665,#664);
#667=DIRECTION('',(0.E0,1.E0,0.E0));
#668=VECTOR('',#667,1.9E1);
#669=CARTESIAN_POINT('',(5.E0,2.E1,5.E0));
#670=LINE('2141',#669,#668);
#671=CARTESIAN_POINT('',(0.E0,0.E0,0.E0));
#672=CARTESIAN_POINT('',(1.101E2,0.E0,0.E0));
#673=VERTEX_POINT('',#671);
#674=VERTEX_POINT('',#672);
#675=CARTESIAN_POINT('',(1.101E2,0.E0,8.55E1));
#676=VERTEX_POINT('',#675);
#677=CARTESIAN_POINT('',(0.E0,0.E0,8.55E1));
#678=VERTEX_POINT('',#677);
#679=CARTESIAN_POINT('',(0.E0,4.5E1,0.E0));
#680=CARTESIAN_POINT('',(1.101E2,4.5E1,0.E0));
#681=VERTEX_POINT('',#679);
#682=VERTEX_POINT('',#680);
#683=CARTESIAN_POINT('',(1.101E2,4.5E1,8.55E1));
#684=VERTEX_POINT('',#683);
#685=CARTESIAN_POINT('',(0.E0,4.5E1,8.55E1));
#686=VERTEX_POINT('',#685);
#687=CARTESIAN_POINT('',(8.E0,5.E0,5.E0));
#688=CARTESIAN_POINT('',(1.021E2,5.E0,5.E0));
#689=VERTEX_POINT('',#687);
#690=VERTEX_POINT('',#688);
#691=CARTESIAN_POINT('',(5.E0,5.E0,7.75E1));
#692=CARTESIAN_POINT('',(5.E0,5.E0,8.E0));
#693=VERTEX_POINT('',#691);
#694=VERTEX_POINT('',#692);
#695=CARTESIAN_POINT('',(9.25E0,2.E1,8.E0));
#696=CARTESIAN_POINT('',(6.75E0,2.E1,8.E0));
#697=VERTEX_POINT('',#695);
#698=VERTEX_POINT('',#696);
#699=CARTESIAN_POINT('',(6.75E0,5.E0,8.E0));
#700=CARTESIAN_POINT('',(9.25E0,5.E0,8.E0));
#701=VERTEX_POINT('',#699);
#702=VERTEX_POINT('',#700);
#703=CARTESIAN_POINT('',(1.0335E2,2.E1,7.75E1));
#704=CARTESIAN_POINT('',(1.0085E2,2.E1,7.75E1));
#705=VERTEX_POINT('',#703);
#706=VERTEX_POINT('',#704);
#707=CARTESIAN_POINT('',(9.25E0,2.E1,7.75E1));
#708=CARTESIAN_POINT('',(6.75E0,2.E1,7.75E1));
#709=VERTEX_POINT('',#707);
#710=VERTEX_POINT('',#708);
#711=CARTESIAN_POINT('',(1.0335E2,2.E1,8.E0));
#712=CARTESIAN_POINT('',(1.0085E2,2.E1,8.E0));
#713=VERTEX_POINT('',#711);
#714=VERTEX_POINT('',#712);
#715=CARTESIAN_POINT('',(1.0085E2,5.E0,7.75E1));
#716=CARTESIAN_POINT('',(1.0335E2,5.E0,7.75E1));
#717=VERTEX_POINT('',#715);
#718=VERTEX_POINT('',#716);
#719=CARTESIAN_POINT('',(6.75E0,5.E0,7.75E1));
#720=CARTESIAN_POINT('',(9.25E0,5.E0,7.75E1));
#721=VERTEX_POINT('',#719);
#722=VERTEX_POINT('',#720);
#723=CARTESIAN_POINT('',(1.0085E2,5.E0,8.E0));
#724=CARTESIAN_POINT('',(1.0335E2,5.E0,8.E0));
#725=VERTEX_POINT('',#723);
#726=VERTEX_POINT('',#724);
#727=CARTESIAN_POINT('',(1.051E2,5.E0,8.E0));
#728=VERTEX_POINT('',#727);
#729=CARTESIAN_POINT('',(8.E0,5.E0,8.05E1));
#730=VERTEX_POINT('',#729);
#731=CARTESIAN_POINT('',(1.051E2,5.E0,7.75E1));
#732=CARTESIAN_POINT('',(1.021E2,5.E0,8.05E1));
#733=VERTEX_POINT('',#731);
#734=VERTEX_POINT('',#732);
#735=CARTESIAN_POINT('',(1.021E2,2.E1,5.E0));
#736=VERTEX_POINT('',#735);
#737=CARTESIAN_POINT('',(8.E0,2.E1,5.E0));
#738=VERTEX_POINT('',#737);
#739=CARTESIAN_POINT('',(1.051E2,2.E1,8.E0));
#740=VERTEX_POINT('',#739);
#741=CARTESIAN_POINT('',(1.051E2,2.E1,7.75E1));
#742=VERTEX_POINT('',#741);
#743=CARTESIAN_POINT('',(8.E0,2.E1,8.05E1));
#744=VERTEX_POINT('',#743);
#745=CARTESIAN_POINT('',(1.021E2,2.E1,8.05E1));
#746=VERTEX_POINT('',#745);
#747=CARTESIAN_POINT('',(5.E0,2.E1,8.E0));
#748=VERTEX_POINT('',#747);
#749=CARTESIAN_POINT('',(5.E0,2.E1,7.75E1));
#750=VERTEX_POINT('',#749);
#751=CARTESIAN_POINT('',(5.E0,2.E1,5.E0));
#752=VERTEX_POINT('',#751);
#753=CARTESIAN_POINT('',(1.051E2,2.E1,5.E0));
#754=VERTEX_POINT('',#753);
#755=CARTESIAN_POINT('',(1.051E2,2.E1,8.05E1));
#756=VERTEX_POINT('',#755);
#757=CARTESIAN_POINT('',(5.E0,2.E1,8.05E1));
#758=VERTEX_POINT('',#757);
#759=CARTESIAN_POINT('',(3.593E1,0.E0,3.E1));
#760=CARTESIAN_POINT('',(3.273E1,0.E0,3.E1));
#761=VERTEX_POINT('',#759);
#762=VERTEX_POINT('',#760);
#763=CARTESIAN_POINT('',(3.593E1,5.E0,3.E1));
#764=CARTESIAN_POINT('',(3.273E1,5.E0,3.E1));
#765=VERTEX_POINT('',#763);
#766=VERTEX_POINT('',#764);
#767=CARTESIAN_POINT('',(7.593E1,0.E0,3.E1));
#768=CARTESIAN_POINT('',(7.273E1,0.E0,3.E1));
#769=VERTEX_POINT('',#767);
#770=VERTEX_POINT('',#768);
#771=CARTESIAN_POINT('',(7.593E1,5.E0,3.E1));
#772=CARTESIAN_POINT('',(7.273E1,5.E0,3.E1));
#773=VERTEX_POINT('',#771);
#774=VERTEX_POINT('',#772);
#775=CARTESIAN_POINT('',(0.E0,3.2E1,2.8E1));
#776=CARTESIAN_POINT('',(0.E0,2.4E1,2.8E1));
#777=VERTEX_POINT('',#775);
#778=VERTEX_POINT('',#776);
#779=CARTESIAN_POINT('',(0.E0,2.4E1,1.3E1));
#780=VERTEX_POINT('',#779);
#781=CARTESIAN_POINT('',(0.E0,3.2E1,1.3E1));
#782=VERTEX_POINT('',#781);
#783=CARTESIAN_POINT('',(5.E0,3.2E1,2.8E1));
#784=CARTESIAN_POINT('',(5.E0,2.4E1,2.8E1));
#785=VERTEX_POINT('',#783);
#786=VERTEX_POINT('',#784);
#787=CARTESIAN_POINT('',(5.E0,2.4E1,1.3E1));
#788=VERTEX_POINT('',#787);
#789=CARTESIAN_POINT('',(5.E0,3.2E1,1.3E1));
#790=VERTEX_POINT('',#789);
#791=CARTESIAN_POINT('',(1.101E2,1.E1,3.2E1));
#792=CARTESIAN_POINT('',(1.101E2,5.E0,3.2E1));
#793=VERTEX_POINT('',#791);
#794=VERTEX_POINT('',#792);
#795=CARTESIAN_POINT('',(1.101E2,5.E0,1.2E1));
#796=VERTEX_POINT('',#795);
#797=CARTESIAN_POINT('',(1.101E2,1.E1,1.2E1));
#798=VERTEX_POINT('',#797);
#799=CARTESIAN_POINT('',(1.051E2,1.E1,3.2E1));
#800=CARTESIAN_POINT('',(1.051E2,5.E0,3.2E1));
#801=VERTEX_POINT('',#799);
#802=VERTEX_POINT('',#800);
#803=CARTESIAN_POINT('',(1.051E2,5.E0,1.2E1));
#804=CARTESIAN_POINT('',(1.051E2,1.E1,1.2E1));
#805=VERTEX_POINT('',#803);
#806=VERTEX_POINT('',#804);
#807=CARTESIAN_POINT('',(1.101E2,2.655E1,3.915E1));
#808=CARTESIAN_POINT('',(1.101E2,2.655E1,4.635E1));
#809=VERTEX_POINT('',#807);
#810=VERTEX_POINT('',#808);
#811=CARTESIAN_POINT('',(1.051E2,2.655E1,3.915E1));
#812=CARTESIAN_POINT('',(1.051E2,2.655E1,4.635E1));
#813=VERTEX_POINT('',#811);
#814=VERTEX_POINT('',#812);
#815=CARTESIAN_POINT('',(5.E0,3.72E1,7.37E1));
#816=CARTESIAN_POINT('',(0.E0,3.72E1,7.37E1));
#817=VERTEX_POINT('',#815);
#818=VERTEX_POINT('',#816);
#819=CARTESIAN_POINT('',(5.E0,2.9E1,7.37E1));
#820=CARTESIAN_POINT('',(0.E0,2.9E1,7.37E1));
#821=VERTEX_POINT('',#819);
#822=VERTEX_POINT('',#820);
#823=CARTESIAN_POINT('',(5.E0,2.9E1,5.7E1));
#824=CARTESIAN_POINT('',(0.E0,2.9E1,5.7E1));
#825=VERTEX_POINT('',#823);
#826=VERTEX_POINT('',#824);
#827=CARTESIAN_POINT('',(5.E0,3.72E1,5.7E1));
#828=CARTESIAN_POINT('',(0.E0,3.72E1,5.7E1));
#829=VERTEX_POINT('',#827);
#830=VERTEX_POINT('',#828);
#831=CARTESIAN_POINT('',(5.E0,3.315E1,7.5E1));
#832=CARTESIAN_POINT('',(0.E0,3.315E1,7.5E1));
#833=VERTEX_POINT('',#831);
#834=VERTEX_POINT('',#832);
#835=CARTESIAN_POINT('',(5.E0,3.315E1,7.82E1));
#836=CARTESIAN_POINT('',(0.E0,3.315E1,7.82E1));
#837=VERTEX_POINT('',#835);
#838=VERTEX_POINT('',#836);
#839=CARTESIAN_POINT('',(5.E0,3.315E1,5.25E1));
#840=CARTESIAN_POINT('',(0.E0,3.315E1,5.25E1));
#841=VERTEX_POINT('',#839);
#842=VERTEX_POINT('',#840);
#843=CARTESIAN_POINT('',(5.E0,3.315E1,5.57E1));
#844=CARTESIAN_POINT('',(0.E0,3.315E1,5.57E1));
#845=VERTEX_POINT('',#843);
#846=VERTEX_POINT('',#844);
#847=CARTESIAN_POINT('',(0.E0,4.5E1,5.E0));
#848=CARTESIAN_POINT('',(1.051E2,4.5E1,5.E0));
#849=VERTEX_POINT('',#847);
#850=VERTEX_POINT('',#848);
#851=CARTESIAN_POINT('',(0.E0,4.5E1,8.05E1));
#852=CARTESIAN_POINT('',(1.051E2,4.5E1,8.05E1));
#853=VERTEX_POINT('',#851);
#854=VERTEX_POINT('',#852);
#855=CARTESIAN_POINT('',(0.E0,3.9E1,2.E0));
#856=VERTEX_POINT('',#855);
#857=CARTESIAN_POINT('',(0.E0,3.9E1,8.35E1));
#858=VERTEX_POINT('',#857);
#859=CARTESIAN_POINT('',(5.E0,3.9E1,5.E0));
#860=CARTESIAN_POINT('',(1.051E2,3.9E1,5.E0));
#861=VERTEX_POINT('',#859);
#862=VERTEX_POINT('',#860);
#863=CARTESIAN_POINT('',(1.051E2,3.9E1,8.05E1));
#864=CARTESIAN_POINT('',(5.E0,3.9E1,8.05E1));
#865=VERTEX_POINT('',#863);
#866=VERTEX_POINT('',#864);
#867=CARTESIAN_POINT('',(1.051E2,3.9E1,2.E0));
#868=VERTEX_POINT('',#867);
#869=CARTESIAN_POINT('',(1.051E2,3.9E1,8.35E1));
#870=VERTEX_POINT('',#869);
#871=CARTESIAN_POINT('',(2.44E0,3.9E1,4.125E1));
#872=CARTESIAN_POINT('',(2.44E0,3.9E1,4.425E1));
#873=VERTEX_POINT('',#871);
#874=VERTEX_POINT('',#872);
#875=CARTESIAN_POINT('',(0.E0,0.E0,0.E0));
#876=DIRECTION('',(0.E0,-1.E0,0.E0));
#877=DIRECTION('',(1.E0,0.E0,0.E0));
#878=AXIS2_PLACEMENT_3D('',#875,#876,#877);
#879=PLANE('75',#878);
#881=ORIENTED_EDGE('76',*,*,#880,.F.);
#883=ORIENTED_EDGE('79',*,*,#882,.F.);
#885=ORIENTED_EDGE('78',*,*,#884,.F.);
#887=ORIENTED_EDGE('77',*,*,#886,.F.);
#888=EDGE_LOOP('75',(#881,#883,#885,#887));
#889=FACE_OUTER_BOUND('75',#888,.F.);
#891=ORIENTED_EDGE('985',*,*,#890,.T.);
#893=ORIENTED_EDGE('986',*,*,#892,.T.);
#894=EDGE_LOOP('75',(#891,#893));
#895=FACE_BOUND('75',#894,.F.);
#897=ORIENTED_EDGE('1015',*,*,#896,.T.);
#899=ORIENTED_EDGE('1016',*,*,#898,.T.);
#900=EDGE_LOOP('75',(#897,#899));
#901=FACE_BOUND('75',#900,.F.);
#903=CARTESIAN_POINT('',(0.E0,0.E0,0.E0));
#904=DIRECTION('',(0.E0,0.E0,-1.E0));
#905=DIRECTION('',(1.E0,0.E0,0.E0));
#906=AXIS2_PLACEMENT_3D('',#903,#904,#905);
#907=PLANE('85',#906);
#908=ORIENTED_EDGE('76',*,*,#880,.T.);
#910=ORIENTED_EDGE('88',*,*,#909,.T.);
#912=ORIENTED_EDGE('81',*,*,#911,.F.);
#914=ORIENTED_EDGE('86',*,*,#913,.F.);
#915=EDGE_LOOP('85',(#908,#910,#912,#914));
#916=FACE_OUTER_BOUND('85',#915,.F.);
#918=CARTESIAN_POINT('',(1.101E2,0.E0,0.E0));
#919=DIRECTION('',(1.E0,0.E0,0.E0));
#920=DIRECTION('',(0.E0,0.E0,1.E0));
#921=AXIS2_PLACEMENT_3D('',#918,#919,#920);
#922=PLANE('87',#921);
#923=ORIENTED_EDGE('77',*,*,#886,.T.);
#925=ORIENTED_EDGE('90',*,*,#924,.T.);
#927=ORIENTED_EDGE('82',*,*,#926,.F.);
#928=ORIENTED_EDGE('88',*,*,#909,.F.);
#929=EDGE_LOOP('87',(#923,#925,#927,#928));
#930=FACE_OUTER_BOUND('87',#929,.F.);
#932=ORIENTED_EDGE('1358',*,*,#931,.T.);
#934=ORIENTED_EDGE('1359',*,*,#933,.T.);
#936=ORIENTED_EDGE('1360',*,*,#935,.T.);
#938=ORIENTED_EDGE('1361',*,*,#937,.T.);
#939=EDGE_LOOP('87',(#932,#934,#936,#938));
#940=FACE_BOUND('87',#939,.F.);
#942=ORIENTED_EDGE('1413',*,*,#941,.T.);
#944=ORIENTED_EDGE('1414',*,*,#943,.T.);
#945=EDGE_LOOP('87',(#942,#944));
#946=FACE_BOUND('87',#945,.F.);
#948=CARTESIAN_POINT('',(1.101E2,0.E0,8.55E1));
#949=DIRECTION('',(0.E0,0.E0,1.E0));
#950=DIRECTION('',(-1.E0,0.E0,0.E0));
#951=AXIS2_PLACEMENT_3D('',#948,#949,#950);
#952=PLANE('89',#951);
#953=ORIENTED_EDGE('78',*,*,#884,.T.);
#955=ORIENTED_EDGE('92',*,*,#954,.T.);
#957=ORIENTED_EDGE('83',*,*,#956,.F.);
#958=ORIENTED_EDGE('90',*,*,#924,.F.);
#959=EDGE_LOOP('89',(#953,#955,#957,#958));
#960=FACE_OUTER_BOUND('89',#959,.F.);
#962=CARTESIAN_POINT('',(0.E0,0.E0,8.55E1));
#963=DIRECTION('',(-1.E0,0.E0,0.E0));
#964=DIRECTION('',(0.E0,0.E0,-1.E0));
#965=AXIS2_PLACEMENT_3D('',#962,#963,#964);
#966=PLANE('91',#965);
#968=ORIENTED_EDGE('2124',*,*,#967,.T.);
#970=ORIENTED_EDGE('2150',*,*,#969,.F.);
#972=ORIENTED_EDGE('2127',*,*,#971,.T.);
#974=ORIENTED_EDGE('2139',*,*,#973,.F.);
#975=ORIENTED_EDGE('92',*,*,#954,.F.);
#976=ORIENTED_EDGE('79',*,*,#882,.T.);
#977=ORIENTED_EDGE('86',*,*,#913,.T.);
#979=ORIENTED_EDGE('2140',*,*,#978,.F.);
#980=EDGE_LOOP('91',(#968,#970,#972,#974,#975,#976,#977,#979));
#981=FACE_OUTER_BOUND('91',#980,.F.);
#983=ORIENTED_EDGE('1556',*,*,#982,.F.);
#985=ORIENTED_EDGE('1559',*,*,#984,.F.);
#987=ORIENTED_EDGE('1558',*,*,#986,.F.);
#989=ORIENTED_EDGE('1557',*,*,#988,.F.);
#990=EDGE_LOOP('91',(#983,#985,#987,#989));
#991=FACE_BOUND('91',#990,.F.);
#993=ORIENTED_EDGE('1560',*,*,#992,.F.);
#995=ORIENTED_EDGE('1561',*,*,#994,.F.);
#996=EDGE_LOOP('91',(#993,#995));
#997=FACE_BOUND('91',#996,.F.);
#999=ORIENTED_EDGE('1562',*,*,#998,.F.);
#1001=ORIENTED_EDGE('1563',*,*,#1000,.F.);
#1002=EDGE_LOOP('91',(#999,#1001));
#1003=FACE_BOUND('91',#1002,.F.);
#1005=ORIENTED_EDGE('1308',*,*,#1004,.F.);
#1007=ORIENTED_EDGE('1311',*,*,#1006,.F.);
#1009=ORIENTED_EDGE('1310',*,*,#1008,.F.);
#1011=ORIENTED_EDGE('1309',*,*,#1010,.F.);
#1012=EDGE_LOOP('91',(#1005,#1007,#1009,#1011));
#1013=FACE_BOUND('91',#1012,.F.);
#1015=CARTESIAN_POINT('',(5.E0,3.2E1,2.8E1));
#1016=DIRECTION('',(0.E0,0.E0,1.E0));
#1017=DIRECTION('',(0.E0,-1.E0,0.E0));
#1018=AXIS2_PLACEMENT_3D('',#1015,#1016,#1017);
#1019=PLANE('1300',#1018);
#1020=ORIENTED_EDGE('1308',*,*,#1004,.T.);
#1022=ORIENTED_EDGE('1317',*,*,#1021,.F.);
#1024=ORIENTED_EDGE('1312',*,*,#1023,.F.);
#1026=ORIENTED_EDGE('1316',*,*,#1025,.T.);
#1027=EDGE_LOOP('1300',(#1020,#1022,#1024,#1026));
#1028=FACE_OUTER_BOUND('1300',#1027,.F.);
#1030=CARTESIAN_POINT('',(5.E0,2.4E1,2.8E1));
#1031=DIRECTION('',(0.E0,-1.E0,0.E0));
#1032=DIRECTION('',(0.E0,0.E0,-1.E0));
#1033=AXIS2_PLACEMENT_3D('',#1030,#1031,#1032);
#1034=PLANE('1302',#1033);
#1035=ORIENTED_EDGE('1309',*,*,#1010,.T.);
#1037=ORIENTED_EDGE('1318',*,*,#1036,.F.);
#1039=ORIENTED_EDGE('1313',*,*,#1038,.F.);
#1040=ORIENTED_EDGE('1317',*,*,#1021,.T.);
#1041=EDGE_LOOP('1302',(#1035,#1037,#1039,#1040));
#1042=FACE_OUTER_BOUND('1302',#1041,.F.);
#1044=CARTESIAN_POINT('',(5.E0,2.4E1,1.3E1));
#1045=DIRECTION('',(0.E0,0.E0,-1.E0));
#1046=DIRECTION('',(0.E0,1.E0,0.E0));
#1047=AXIS2_PLACEMENT_3D('',#1044,#1045,#1046);
#1048=PLANE('1304',#1047);
#1049=ORIENTED_EDGE('1310',*,*,#1008,.T.);
#1051=ORIENTED_EDGE('1319',*,*,#1050,.F.);
#1053=ORIENTED_EDGE('1314',*,*,#1052,.F.);
#1054=ORIENTED_EDGE('1318',*,*,#1036,.T.);
#1055=EDGE_LOOP('1304',(#1049,#1051,#1053,#1054));
#1056=FACE_OUTER_BOUND('1304',#1055,.F.);
#1058=CARTESIAN_POINT('',(5.E0,3.2E1,1.3E1));
#1059=DIRECTION('',(0.E0,1.E0,0.E0));
#1060=DIRECTION('',(0.E0,0.E0,1.E0));
#1061=AXIS2_PLACEMENT_3D('',#1058,#1059,#1060);
#1062=PLANE('1306',#1061);
#1063=ORIENTED_EDGE('1311',*,*,#1006,.T.);
#1064=ORIENTED_EDGE('1316',*,*,#1025,.F.);
#1066=ORIENTED_EDGE('1315',*,*,#1065,.F.);
#1067=ORIENTED_EDGE('1319',*,*,#1050,.T.);
#1068=EDGE_LOOP('1306',(#1063,#1064,#1066,#1067));
#1069=FACE_OUTER_BOUND('1306',#1068,.F.);
#1071=CARTESIAN_POINT('',(5.E0,0.E0,8.55E1));
#1072=DIRECTION('',(-1.E0,0.E0,0.E0));
#1073=DIRECTION('',(0.E0,0.E0,-1.E0));
#1074=AXIS2_PLACEMENT_3D('',#1071,#1072,#1073);
#1075=PLANE('106',#1074);
#1077=ORIENTED_EDGE('2138',*,*,#1076,.T.);
#1079=ORIENTED_EDGE('2141',*,*,#1078,.F.);
#1081=ORIENTED_EDGE('961',*,*,#1080,.F.);
#1083=ORIENTED_EDGE('916',*,*,#1082,.F.);
#1085=ORIENTED_EDGE('162',*,*,#1084,.F.);
#1087=ORIENTED_EDGE('917',*,*,#1086,.T.);
#1089=ORIENTED_EDGE('960',*,*,#1088,.F.);
#1091=ORIENTED_EDGE('2142',*,*,#1090,.T.);
#1092=EDGE_LOOP('106',(#1077,#1079,#1081,#1083,#1085,#1087,#1089,#1091));
#1093=FACE_OUTER_BOUND('106',#1092,.F.);
#1095=ORIENTED_EDGE('1564',*,*,#1094,.T.);
#1097=ORIENTED_EDGE('1565',*,*,#1096,.T.);
#1099=ORIENTED_EDGE('1566',*,*,#1098,.T.);
#1101=ORIENTED_EDGE('1567',*,*,#1100,.T.);
#1102=EDGE_LOOP('106',(#1095,#1097,#1099,#1101));
#1103=FACE_BOUND('106',#1102,.F.);
#1105=ORIENTED_EDGE('1568',*,*,#1104,.T.);
#1107=ORIENTED_EDGE('1569',*,*,#1106,.T.);
#1108=EDGE_LOOP('106',(#1105,#1107));
#1109=FACE_BOUND('106',#1108,.F.);
#1111=ORIENTED_EDGE('1570',*,*,#1110,.T.);
#1113=ORIENTED_EDGE('1571',*,*,#1112,.T.);
#1114=EDGE_LOOP('106',(#1111,#1113));
#1115=FACE_BOUND('106',#1114,.F.);
#1116=ORIENTED_EDGE('1312',*,*,#1023,.T.);
#1117=ORIENTED_EDGE('1313',*,*,#1038,.T.);
#1118=ORIENTED_EDGE('1314',*,*,#1052,.T.);
#1119=ORIENTED_EDGE('1315',*,*,#1065,.T.);
#1120=EDGE_LOOP('106',(#1116,#1117,#1118,#1119));
#1121=FACE_BOUND('106',#1120,.F.);
#1123=CARTESIAN_POINT('',(5.E0,3.72E1,7.37E1));
#1124=DIRECTION('',(0.E0,0.E0,1.E0));
#1125=DIRECTION('',(0.E0,-1.E0,0.E0));
#1126=AXIS2_PLACEMENT_3D('',#1123,#1124,#1125);
#1127=PLANE('1489',#1126);
#1129=ORIENTED_EDGE('1505',*,*,#1128,.T.);
#1130=ORIENTED_EDGE('1556',*,*,#982,.T.);
#1132=ORIENTED_EDGE('1506',*,*,#1131,.F.);
#1133=ORIENTED_EDGE('1564',*,*,#1094,.F.);
#1134=EDGE_LOOP('1489',(#1129,#1130,#1132,#1133));
#1135=FACE_OUTER_BOUND('1489',#1134,.F.);
#1137=CARTESIAN_POINT('',(5.E0,3.72E1,5.7E1));
#1138=DIRECTION('',(0.E0,1.E0,0.E0));
#1139=DIRECTION('',(0.E0,0.E0,1.E0));
#1140=AXIS2_PLACEMENT_3D('',#1137,#1138,#1139);
#1141=PLANE('1495',#1140);
#1142=ORIENTED_EDGE('1505',*,*,#1128,.F.);
#1143=ORIENTED_EDGE('1567',*,*,#1100,.F.);
#1145=ORIENTED_EDGE('1508',*,*,#1144,.T.);
#1146=ORIENTED_EDGE('1559',*,*,#984,.T.);
#1147=EDGE_LOOP('1495',(#1142,#1143,#1145,#1146));
#1148=FACE_OUTER_BOUND('1495',#1147,.F.);
#1150=CARTESIAN_POINT('',(5.E0,2.9E1,5.7E1));
#1151=DIRECTION('',(0.E0,0.E0,-1.E0));
#1152=DIRECTION('',(0.E0,1.E0,0.E0));
#1153=AXIS2_PLACEMENT_3D('',#1150,#1151,#1152);
#1154=PLANE('1493',#1153);
#1156=ORIENTED_EDGE('1507',*,*,#1155,.T.);
#1157=ORIENTED_EDGE('1558',*,*,#986,.T.);
#1158=ORIENTED_EDGE('1508',*,*,#1144,.F.);
#1159=ORIENTED_EDGE('1566',*,*,#1098,.F.);
#1160=EDGE_LOOP('1493',(#1156,#1157,#1158,#1159));
#1161=FACE_OUTER_BOUND('1493',#1160,.F.);
#1163=CARTESIAN_POINT('',(5.E0,2.9E1,7.37E1));
#1164=DIRECTION('',(0.E0,-1.E0,0.E0));
#1165=DIRECTION('',(0.E0,0.E0,-1.E0));
#1166=AXIS2_PLACEMENT_3D('',#1163,#1164,#1165);
#1167=PLANE('1491',#1166);
#1168=ORIENTED_EDGE('1506',*,*,#1131,.T.);
#1169=ORIENTED_EDGE('1557',*,*,#988,.T.);
#1170=ORIENTED_EDGE('1507',*,*,#1155,.F.);
#1171=ORIENTED_EDGE('1565',*,*,#1096,.F.);
#1172=EDGE_LOOP('1491',(#1168,#1169,#1170,#1171));
#1173=FACE_OUTER_BOUND('1491',#1172,.F.);
#1175=CARTESIAN_POINT('',(5.E0,3.315E1,7.66E1));
#1176=DIRECTION('',(1.E0,0.E0,0.E0));
#1177=DIRECTION('',(0.E0,0.E0,-1.E0));
#1178=AXIS2_PLACEMENT_3D('',#1175,#1176,#1177);
#1179=CYLINDRICAL_SURFACE('1532',#1178,1.6E0);
#1181=ORIENTED_EDGE('1552',*,*,#1180,.T.);
#1182=ORIENTED_EDGE('1560',*,*,#992,.T.);
#1184=ORIENTED_EDGE('1553',*,*,#1183,.F.);
#1185=ORIENTED_EDGE('1568',*,*,#1104,.F.);
#1186=EDGE_LOOP('1532',(#1181,#1182,#1184,#1185));
#1187=FACE_OUTER_BOUND('1532',#1186,.F.);
#1189=CARTESIAN_POINT('',(5.E0,3.315E1,7.66E1));
#1190=DIRECTION('',(1.E0,0.E0,0.E0));
#1191=DIRECTION('',(0.E0,0.E0,-1.E0));
#1192=AXIS2_PLACEMENT_3D('',#1189,#1190,#1191);
#1193=CYLINDRICAL_SURFACE('1534',#1192,1.6E0);
#1194=ORIENTED_EDGE('1552',*,*,#1180,.F.);
#1195=ORIENTED_EDGE('1569',*,*,#1106,.F.);
#1196=ORIENTED_EDGE('1553',*,*,#1183,.T.);
#1197=ORIENTED_EDGE('1561',*,*,#994,.T.);
#1198=EDGE_LOOP('1534',(#1194,#1195,#1196,#1197));
#1199=FACE_OUTER_BOUND('1534',#1198,.F.);
#1201=CARTESIAN_POINT('',(5.E0,3.315E1,5.41E1));
#1202=DIRECTION('',(1.E0,0.E0,0.E0));
#1203=DIRECTION('',(0.E0,0.E0,-1.E0));
#1204=AXIS2_PLACEMENT_3D('',#1201,#1202,#1203);
#1205=CYLINDRICAL_SURFACE('1536',#1204,1.6E0);
#1207=ORIENTED_EDGE('1554',*,*,#1206,.T.);
#1208=ORIENTED_EDGE('1562',*,*,#998,.T.);
#1210=ORIENTED_EDGE('1555',*,*,#1209,.F.);
#1211=ORIENTED_EDGE('1570',*,*,#1110,.F.);
#1212=EDGE_LOOP('1536',(#1207,#1208,#1210,#1211));
#1213=FACE_OUTER_BOUND('1536',#1212,.F.);
#1215=CARTESIAN_POINT('',(5.E0,3.315E1,5.41E1));
#1216=DIRECTION('',(1.E0,0.E0,0.E0));
#1217=DIRECTION('',(0.E0,0.E0,-1.E0));
#1218=AXIS2_PLACEMENT_3D('',#1215,#1216,#1217);
#1219=CYLINDRICAL_SURFACE('1538',#1218,1.6E0);
#1220=ORIENTED_EDGE('1554',*,*,#1206,.F.);
#1221=ORIENTED_EDGE('1571',*,*,#1112,.F.);
#1222=ORIENTED_EDGE('1555',*,*,#1209,.T.);
#1223=ORIENTED_EDGE('1563',*,*,#1000,.T.);
#1224=EDGE_LOOP('1538',(#1220,#1221,#1222,#1223));
#1225=FACE_OUTER_BOUND('1538',#1224,.F.);
#1227=CARTESIAN_POINT('',(0.E0,3.9E1,5.E0));
#1228=DIRECTION('',(0.E0,-1.E0,0.E0));
#1229=DIRECTION('',(0.E0,0.E0,1.E0));
#1230=AXIS2_PLACEMENT_3D('',#1227,#1228,#1229);
#1231=PLANE('2045',#1230);
#1232=ORIENTED_EDGE('2138',*,*,#1076,.F.);
#1234=ORIENTED_EDGE('2132',*,*,#1233,.F.);
#1236=ORIENTED_EDGE('2145',*,*,#1235,.T.);
#1238=ORIENTED_EDGE('2148',*,*,#1237,.F.);
#1239=ORIENTED_EDGE('2150',*,*,#969,.T.);
#1241=ORIENTED_EDGE('2147',*,*,#1240,.T.);
#1243=ORIENTED_EDGE('2144',*,*,#1242,.T.);
#1245=ORIENTED_EDGE('2129',*,*,#1244,.F.);
#1246=EDGE_LOOP('2045',(#1232,#1234,#1236,#1238,#1239,#1241,#1243,#1245));
#1247=FACE_OUTER_BOUND('2045',#1246,.F.);
#1249=ORIENTED_EDGE('2200',*,*,#1248,.F.);
#1251=ORIENTED_EDGE('2201',*,*,#1250,.T.);
#1252=EDGE_LOOP('2045',(#1249,#1251));
#1253=FACE_BOUND('2045',#1252,.F.);
#1255=CARTESIAN_POINT('',(1.101E2,0.E0,8.05E1));
#1256=DIRECTION('',(0.E0,0.E0,1.E0));
#1257=DIRECTION('',(-1.E0,0.E0,0.E0));
#1258=AXIS2_PLACEMENT_3D('',#1255,#1256,#1257);
#1259=PLANE('105',#1258);
#1260=ORIENTED_EDGE('2132',*,*,#1233,.T.);
#1261=ORIENTED_EDGE('2142',*,*,#1090,.F.);
#1263=ORIENTED_EDGE('959',*,*,#1262,.F.);
#1265=ORIENTED_EDGE('914',*,*,#1264,.F.);
#1267=ORIENTED_EDGE('919',*,*,#1266,.F.);
#1269=ORIENTED_EDGE('915',*,*,#1268,.T.);
#1271=ORIENTED_EDGE('958',*,*,#1270,.F.);
#1273=ORIENTED_EDGE('2136',*,*,#1272,.T.);
#1274=EDGE_LOOP('105',(#1260,#1261,#1263,#1265,#1267,#1269,#1271,#1273));
#1275=FACE_OUTER_BOUND('105',#1274,.F.);
#1277=CARTESIAN_POINT('',(0.E0,2.E1,0.E0));
#1278=DIRECTION('',(0.E0,1.E0,0.E0));
#1279=DIRECTION('',(1.E0,0.E0,0.E0));
#1280=AXIS2_PLACEMENT_3D('',#1277,#1278,#1279);
#1281=PLANE('146',#1280);
#1283=ORIENTED_EDGE('922',*,*,#1282,.F.);
#1285=ORIENTED_EDGE('955',*,*,#1284,.T.);
#1287=ORIENTED_EDGE('956',*,*,#1286,.T.);
#1288=EDGE_LOOP('146',(#1283,#1285,#1287));
#1289=FACE_OUTER_BOUND('146',#1288,.F.);
#1291=ORIENTED_EDGE('838',*,*,#1290,.F.);
#1293=ORIENTED_EDGE('839',*,*,#1292,.F.);
#1294=EDGE_LOOP('146',(#1291,#1293));
#1295=FACE_BOUND('146',#1294,.F.);
#1297=CARTESIAN_POINT('',(0.E0,2.E1,0.E0));
#1298=DIRECTION('',(0.E0,1.E0,0.E0));
#1299=DIRECTION('',(1.E0,0.E0,0.E0));
#1300=AXIS2_PLACEMENT_3D('',#1297,#1298,#1299);
#1301=PLANE('146',#1300);
#1303=ORIENTED_EDGE('923',*,*,#1302,.F.);
#1304=ORIENTED_EDGE('961',*,*,#1080,.T.);
#1306=ORIENTED_EDGE('954',*,*,#1305,.T.);
#1307=EDGE_LOOP('146',(#1303,#1304,#1306));
#1308=FACE_OUTER_BOUND('146',#1307,.F.);
#1310=ORIENTED_EDGE('376',*,*,#1309,.F.);
#1312=ORIENTED_EDGE('377',*,*,#1311,.F.);
#1313=EDGE_LOOP('146',(#1310,#1312));
#1314=FACE_BOUND('146',#1313,.F.);
#1316=CARTESIAN_POINT('',(0.E0,2.E1,0.E0));
#1317=DIRECTION('',(0.E0,1.E0,0.E0));
#1318=DIRECTION('',(1.E0,0.E0,0.E0));
#1319=AXIS2_PLACEMENT_3D('',#1316,#1317,#1318);
#1320=PLANE('146',#1319);
#1322=ORIENTED_EDGE('924',*,*,#1321,.F.);
#1323=ORIENTED_EDGE('959',*,*,#1262,.T.);
#1324=ORIENTED_EDGE('960',*,*,#1088,.T.);
#1325=EDGE_LOOP('146',(#1322,#1323,#1324));
#1326=FACE_OUTER_BOUND('146',#1325,.F.);
#1328=ORIENTED_EDGE('836',*,*,#1327,.F.);
#1330=ORIENTED_EDGE('837',*,*,#1329,.F.);
#1331=EDGE_LOOP('146',(#1328,#1330));
#1332=FACE_BOUND('146',#1331,.F.);
#1334=CARTESIAN_POINT('',(0.E0,2.E1,0.E0));
#1335=DIRECTION('',(0.E0,1.E0,0.E0));
#1336=DIRECTION('',(1.E0,0.E0,0.E0));
#1337=AXIS2_PLACEMENT_3D('',#1334,#1335,#1336);
#1338=PLANE('146',#1337);
#1340=ORIENTED_EDGE('925',*,*,#1339,.F.);
#1342=ORIENTED_EDGE('957',*,*,#1341,.T.);
#1343=ORIENTED_EDGE('958',*,*,#1270,.T.);
#1344=EDGE_LOOP('146',(#1340,#1342,#1343));
#1345=FACE_OUTER_BOUND('146',#1344,.F.);
#1347=ORIENTED_EDGE('834',*,*,#1346,.F.);
#1349=ORIENTED_EDGE('835',*,*,#1348,.F.);
#1350=EDGE_LOOP('146',(#1347,#1349));
#1351=FACE_BOUND('146',#1350,.F.);
#1353=CARTESIAN_POINT('',(8.E0,5.E0,8.E0));
#1354=DIRECTION('',(0.E0,1.E0,0.E0));
#1355=DIRECTION('',(1.E0,0.E0,0.E0));
#1356=AXIS2_PLACEMENT_3D('',#1353,#1354,#1355);
#1357=CYLINDRICAL_SURFACE('382',#1356,1.25E0);
#1359=ORIENTED_EDGE('393',*,*,#1358,.T.);
#1361=ORIENTED_EDGE('399',*,*,#1360,.T.);
#1362=ORIENTED_EDGE('376',*,*,#1309,.T.);
#1364=ORIENTED_EDGE('400',*,*,#1363,.F.);
#1365=EDGE_LOOP('382',(#1359,#1361,#1362,#1364));
#1366=FACE_OUTER_BOUND('382',#1365,.F.);
#1368=CARTESIAN_POINT('',(0.E0,5.E0,0.E0));
#1369=DIRECTION('',(0.E0,-1.E0,0.E0));
#1370=DIRECTION('',(1.E0,0.E0,0.E0));
#1371=AXIS2_PLACEMENT_3D('',#1368,#1369,#1370);
#1372=PLANE('102',#1371);
#1373=ORIENTED_EDGE('393',*,*,#1358,.F.);
#1375=ORIENTED_EDGE('394',*,*,#1374,.F.);
#1376=EDGE_LOOP('102',(#1373,#1375));
#1377=FACE_OUTER_BOUND('102',#1376,.F.);
#1379=CARTESIAN_POINT('',(0.E0,5.E0,0.E0));
#1380=DIRECTION('',(0.E0,-1.E0,0.E0));
#1381=DIRECTION('',(1.E0,0.E0,0.E0));
#1382=AXIS2_PLACEMENT_3D('',#1379,#1380,#1381);
#1383=PLANE('102',#1382);
#1385=ORIENTED_EDGE('900',*,*,#1384,.F.);
#1387=ORIENTED_EDGE('901',*,*,#1386,.F.);
#1388=EDGE_LOOP('102',(#1385,#1387));
#1389=FACE_OUTER_BOUND('102',#1388,.F.);
#1391=CARTESIAN_POINT('',(0.E0,5.E0,0.E0));
#1392=DIRECTION('',(0.E0,-1.E0,0.E0));
#1393=DIRECTION('',(1.E0,0.E0,0.E0));
#1394=AXIS2_PLACEMENT_3D('',#1391,#1392,#1393);
#1395=PLANE('102',#1394);
#1397=ORIENTED_EDGE('902',*,*,#1396,.F.);
#1399=ORIENTED_EDGE('903',*,*,#1398,.F.);
#1400=EDGE_LOOP('102',(#1397,#1399));
#1401=FACE_OUTER_BOUND('102',#1400,.F.);
#1403=CARTESIAN_POINT('',(0.E0,5.E0,0.E0));
#1404=DIRECTION('',(0.E0,-1.E0,0.E0));
#1405=DIRECTION('',(1.E0,0.E0,0.E0));
#1406=AXIS2_PLACEMENT_3D('',#1403,#1404,#1405);
#1407=PLANE('102',#1406);
#1409=ORIENTED_EDGE('904',*,*,#1408,.F.);
#1411=ORIENTED_EDGE('905',*,*,#1410,.F.);
#1412=EDGE_LOOP('102',(#1409,#1411));
#1413=FACE_OUTER_BOUND('102',#1412,.F.);
#1415=CARTESIAN_POINT('',(0.E0,5.E0,0.E0));
#1416=DIRECTION('',(0.E0,-1.E0,0.E0));
#1417=DIRECTION('',(1.E0,0.E0,0.E0));
#1418=AXIS2_PLACEMENT_3D('',#1415,#1416,#1417);
#1419=PLANE('102',#1418);
#1421=ORIENTED_EDGE('1460',*,*,#1420,.T.);
#1423=ORIENTED_EDGE('1368',*,*,#1422,.F.);
#1424=ORIENTED_EDGE('1359',*,*,#933,.F.);
#1426=ORIENTED_EDGE('1367',*,*,#1425,.T.);
#1428=ORIENTED_EDGE('1461',*,*,#1427,.T.);
#1430=ORIENTED_EDGE('909',*,*,#1429,.T.);
#1431=ORIENTED_EDGE('919',*,*,#1266,.T.);
#1433=ORIENTED_EDGE('908',*,*,#1432,.T.);
#1434=ORIENTED_EDGE('162',*,*,#1084,.T.);
#1436=ORIENTED_EDGE('907',*,*,#1435,.T.);
#1438=ORIENTED_EDGE('161',*,*,#1437,.T.);
#1440=ORIENTED_EDGE('906',*,*,#1439,.T.);
#1441=EDGE_LOOP('102',(#1421,#1423,#1424,#1426,#1428,#1430,#1431,#1433,#1434,
#1436,#1438,#1440));
#1442=FACE_OUTER_BOUND('102',#1441,.F.);
#1444=ORIENTED_EDGE('987',*,*,#1443,.F.);
#1446=ORIENTED_EDGE('988',*,*,#1445,.F.);
#1447=EDGE_LOOP('102',(#1444,#1446));
#1448=FACE_BOUND('102',#1447,.F.);
#1450=ORIENTED_EDGE('1017',*,*,#1449,.F.);
#1452=ORIENTED_EDGE('1018',*,*,#1451,.F.);
#1453=EDGE_LOOP('102',(#1450,#1452));
#1454=FACE_BOUND('102',#1453,.F.);
#1456=CARTESIAN_POINT('',(8.E0,5.E0,8.E0));
#1457=DIRECTION('',(0.E0,1.E0,0.E0));
#1458=DIRECTION('',(1.E0,0.E0,0.E0));
#1459=AXIS2_PLACEMENT_3D('',#1456,#1457,#1458);
#1460=CYLINDRICAL_SURFACE('384',#1459,1.25E0);
#1461=ORIENTED_EDGE('394',*,*,#1374,.T.);
#1462=ORIENTED_EDGE('400',*,*,#1363,.T.);
#1463=ORIENTED_EDGE('377',*,*,#1311,.T.);
#1464=ORIENTED_EDGE('399',*,*,#1360,.F.);
#1465=EDGE_LOOP('384',(#1461,#1462,#1463,#1464));
#1466=FACE_OUTER_BOUND('384',#1465,.F.);
#1468=CARTESIAN_POINT('',(1.021E2,5.E0,7.75E1));
#1469=DIRECTION('',(0.E0,1.E0,0.E0));
#1470=DIRECTION('',(1.E0,0.E0,0.E0));
#1471=AXIS2_PLACEMENT_3D('',#1468,#1469,#1470);
#1472=CYLINDRICAL_SURFACE('852',#1471,1.25E0);
#1473=ORIENTED_EDGE('900',*,*,#1384,.T.);
#1475=ORIENTED_EDGE('926',*,*,#1474,.T.);
#1476=ORIENTED_EDGE('834',*,*,#1346,.T.);
#1478=ORIENTED_EDGE('927',*,*,#1477,.F.);
#1479=EDGE_LOOP('852',(#1473,#1475,#1476,#1478));
#1480=FACE_OUTER_BOUND('852',#1479,.F.);
#1482=CARTESIAN_POINT('',(1.021E2,5.E0,7.75E1));
#1483=DIRECTION('',(0.E0,1.E0,0.E0));
#1484=DIRECTION('',(1.E0,0.E0,0.E0));
#1485=AXIS2_PLACEMENT_3D('',#1482,#1483,#1484);
#1486=CYLINDRICAL_SURFACE('854',#1485,1.25E0);
#1487=ORIENTED_EDGE('901',*,*,#1386,.T.);
#1488=ORIENTED_EDGE('927',*,*,#1477,.T.);
#1489=ORIENTED_EDGE('835',*,*,#1348,.T.);
#1490=ORIENTED_EDGE('926',*,*,#1474,.F.);
#1491=EDGE_LOOP('854',(#1487,#1488,#1489,#1490));
#1492=FACE_OUTER_BOUND('854',#1491,.F.);
#1494=CARTESIAN_POINT('',(8.E0,5.E0,7.75E1));
#1495=DIRECTION('',(0.E0,1.E0,0.E0));
#1496=DIRECTION('',(1.E0,0.E0,0.E0));
#1497=AXIS2_PLACEMENT_3D('',#1494,#1495,#1496);
#1498=CYLINDRICAL_SURFACE('856',#1497,1.25E0);
#1499=ORIENTED_EDGE('902',*,*,#1396,.T.);
#1501=ORIENTED_EDGE('928',*,*,#1500,.T.);
#1502=ORIENTED_EDGE('836',*,*,#1327,.T.);
#1504=ORIENTED_EDGE('929',*,*,#1503,.F.);
#1505=EDGE_LOOP('856',(#1499,#1501,#1502,#1504));
#1506=FACE_OUTER_BOUND('856',#1505,.F.);
#1508=CARTESIAN_POINT('',(8.E0,5.E0,7.75E1));
#1509=DIRECTION('',(0.E0,1.E0,0.E0));
#1510=DIRECTION('',(1.E0,0.E0,0.E0));
#1511=AXIS2_PLACEMENT_3D('',#1508,#1509,#1510);
#1512=CYLINDRICAL_SURFACE('858',#1511,1.25E0);
#1513=ORIENTED_EDGE('903',*,*,#1398,.T.);
#1514=ORIENTED_EDGE('929',*,*,#1503,.T.);
#1515=ORIENTED_EDGE('837',*,*,#1329,.T.);
#1516=ORIENTED_EDGE('928',*,*,#1500,.F.);
#1517=EDGE_LOOP('858',(#1513,#1514,#1515,#1516));
#1518=FACE_OUTER_BOUND('858',#1517,.F.);
#1520=CARTESIAN_POINT('',(1.021E2,5.E0,8.E0));
#1521=DIRECTION('',(0.E0,1.E0,0.E0));
#1522=DIRECTION('',(1.E0,0.E0,0.E0));
#1523=AXIS2_PLACEMENT_3D('',#1520,#1521,#1522);
#1524=CYLINDRICAL_SURFACE('860',#1523,1.25E0);
#1525=ORIENTED_EDGE('904',*,*,#1408,.T.);
#1527=ORIENTED_EDGE('930',*,*,#1526,.T.);
#1528=ORIENTED_EDGE('838',*,*,#1290,.T.);
#1530=ORIENTED_EDGE('931',*,*,#1529,.F.);
#1531=EDGE_LOOP('860',(#1525,#1527,#1528,#1530));
#1532=FACE_OUTER_BOUND('860',#1531,.F.);
#1534=CARTESIAN_POINT('',(1.021E2,5.E0,8.E0));
#1535=DIRECTION('',(0.E0,1.E0,0.E0));
#1536=DIRECTION('',(1.E0,0.E0,0.E0));
#1537=AXIS2_PLACEMENT_3D('',#1534,#1535,#1536);
#1538=CYLINDRICAL_SURFACE('862',#1537,1.25E0);
#1539=ORIENTED_EDGE('905',*,*,#1410,.T.);
#1540=ORIENTED_EDGE('931',*,*,#1529,.T.);
#1541=ORIENTED_EDGE('839',*,*,#1292,.T.);
#1542=ORIENTED_EDGE('930',*,*,#1526,.F.);
#1543=EDGE_LOOP('862',(#1539,#1540,#1541,#1542));
#1544=FACE_OUTER_BOUND('862',#1543,.F.);
#1546=CARTESIAN_POINT('',(3.433E1,5.E0,3.E1));
#1547=DIRECTION('',(0.E0,-1.E0,0.E0));
#1548=DIRECTION('',(1.E0,0.E0,0.E0));
#1549=AXIS2_PLACEMENT_3D('',#1546,#1547,#1548);
#1550=CYLINDRICAL_SURFACE('979',#1549,1.6E0);
#1551=ORIENTED_EDGE('985',*,*,#890,.F.);
#1553=ORIENTED_EDGE('989',*,*,#1552,.F.);
#1554=ORIENTED_EDGE('987',*,*,#1443,.T.);
#1556=ORIENTED_EDGE('990',*,*,#1555,.T.);
#1557=EDGE_LOOP('979',(#1551,#1553,#1554,#1556));
#1558=FACE_OUTER_BOUND('979',#1557,.F.);
#1560=CARTESIAN_POINT('',(3.433E1,5.E0,3.E1));
#1561=DIRECTION('',(0.E0,-1.E0,0.E0));
#1562=DIRECTION('',(1.E0,0.E0,0.E0));
#1563=AXIS2_PLACEMENT_3D('',#1560,#1561,#1562);
#1564=CYLINDRICAL_SURFACE('981',#1563,1.6E0);
#1565=ORIENTED_EDGE('986',*,*,#892,.F.);
#1566=ORIENTED_EDGE('990',*,*,#1555,.F.);
#1567=ORIENTED_EDGE('988',*,*,#1445,.T.);
#1568=ORIENTED_EDGE('989',*,*,#1552,.T.);
#1569=EDGE_LOOP('981',(#1565,#1566,#1567,#1568));
#1570=FACE_OUTER_BOUND('981',#1569,.F.);
#1572=CARTESIAN_POINT('',(7.433E1,5.E0,3.E1));
#1573=DIRECTION('',(0.E0,-1.E0,0.E0));
#1574=DIRECTION('',(1.E0,0.E0,0.E0));
#1575=AXIS2_PLACEMENT_3D('',#1572,#1573,#1574);
#1576=CYLINDRICAL_SURFACE('1009',#1575,1.6E0);
#1577=ORIENTED_EDGE('1015',*,*,#896,.F.);
#1579=ORIENTED_EDGE('1019',*,*,#1578,.F.);
#1580=ORIENTED_EDGE('1017',*,*,#1449,.T.);
#1582=ORIENTED_EDGE('1020',*,*,#1581,.T.);
#1583=EDGE_LOOP('1009',(#1577,#1579,#1580,#1582));
#1584=FACE_OUTER_BOUND('1009',#1583,.F.);
#1586=CARTESIAN_POINT('',(7.433E1,5.E0,3.E1));
#1587=DIRECTION('',(0.E0,-1.E0,0.E0));
#1588=DIRECTION('',(1.E0,0.E0,0.E0));
#1589=AXIS2_PLACEMENT_3D('',#1586,#1587,#1588);
#1590=CYLINDRICAL_SURFACE('1011',#1589,1.6E0);
#1591=ORIENTED_EDGE('1016',*,*,#898,.F.);
#1592=ORIENTED_EDGE('1020',*,*,#1581,.F.);
#1593=ORIENTED_EDGE('1018',*,*,#1451,.T.);
#1594=ORIENTED_EDGE('1019',*,*,#1578,.T.);
#1595=EDGE_LOOP('1011',(#1591,#1592,#1593,#1594));
#1596=FACE_OUTER_BOUND('1011',#1595,.F.);
#1598=CARTESIAN_POINT('',(1.051E2,0.E0,0.E0));
#1599=DIRECTION('',(1.E0,0.E0,0.E0));
#1600=DIRECTION('',(0.E0,0.E0,1.E0));
#1601=AXIS2_PLACEMENT_3D('',#1598,#1599,#1600);
#1602=PLANE('104',#1601);
#1604=ORIENTED_EDGE('2134',*,*,#1603,.T.);
#1606=ORIENTED_EDGE('2146',*,*,#1605,.F.);
#1607=ORIENTED_EDGE('2145',*,*,#1235,.F.);
#1608=ORIENTED_EDGE('2136',*,*,#1272,.F.);
#1609=ORIENTED_EDGE('957',*,*,#1341,.F.);
#1611=ORIENTED_EDGE('913',*,*,#1610,.F.);
#1612=ORIENTED_EDGE('1461',*,*,#1427,.F.);
#1614=ORIENTED_EDGE('1362',*,*,#1613,.F.);
#1616=ORIENTED_EDGE('1365',*,*,#1615,.F.);
#1618=ORIENTED_EDGE('1364',*,*,#1617,.F.);
#1619=ORIENTED_EDGE('1460',*,*,#1420,.F.);
#1621=ORIENTED_EDGE('912',*,*,#1620,.T.);
#1622=ORIENTED_EDGE('956',*,*,#1286,.F.);
#1624=ORIENTED_EDGE('2135',*,*,#1623,.T.);
#1625=ORIENTED_EDGE('2144',*,*,#1242,.F.);
#1627=ORIENTED_EDGE('2143',*,*,#1626,.F.);
#1628=EDGE_LOOP('104',(#1604,#1606,#1607,#1608,#1609,#1611,#1612,#1614,#1616,
#1618,#1619,#1621,#1622,#1624,#1625,#1627));
#1629=FACE_OUTER_BOUND('104',#1628,.F.);
#1631=ORIENTED_EDGE('1417',*,*,#1630,.F.);
#1633=ORIENTED_EDGE('1418',*,*,#1632,.F.);
#1634=EDGE_LOOP('104',(#1631,#1633));
#1635=FACE_BOUND('104',#1634,.F.);
#1637=CARTESIAN_POINT('',(1.101E2,2.655E1,4.275E1));
#1638=DIRECTION('',(1.E0,0.E0,0.E0));
#1639=DIRECTION('',(0.E0,0.E0,-1.E0));
#1640=AXIS2_PLACEMENT_3D('',#1637,#1638,#1639);
#1641=CYLINDRICAL_SURFACE('1401',#1640,3.6E0);
#1642=ORIENTED_EDGE('1413',*,*,#941,.F.);
#1644=ORIENTED_EDGE('1421',*,*,#1643,.T.);
#1645=ORIENTED_EDGE('1417',*,*,#1630,.T.);
#1647=ORIENTED_EDGE('1422',*,*,#1646,.F.);
#1648=EDGE_LOOP('1401',(#1642,#1644,#1645,#1647));
#1649=FACE_OUTER_BOUND('1401',#1648,.F.);
#1651=CARTESIAN_POINT('',(1.101E2,2.655E1,4.275E1));
#1652=DIRECTION('',(1.E0,0.E0,0.E0));
#1653=DIRECTION('',(0.E0,0.E0,-1.E0));
#1654=AXIS2_PLACEMENT_3D('',#1651,#1652,#1653);
#1655=CYLINDRICAL_SURFACE('1403',#1654,3.6E0);
#1656=ORIENTED_EDGE('1414',*,*,#943,.F.);
#1657=ORIENTED_EDGE('1422',*,*,#1646,.T.);
#1658=ORIENTED_EDGE('1418',*,*,#1632,.T.);
#1659=ORIENTED_EDGE('1421',*,*,#1643,.F.);
#1660=EDGE_LOOP('1403',(#1656,#1657,#1658,#1659));
#1661=FACE_OUTER_BOUND('1403',#1660,.F.);
#1663=CARTESIAN_POINT('',(0.E0,4.5E1,0.E0));
#1664=DIRECTION('',(0.E0,-1.E0,0.E0));
#1665=DIRECTION('',(1.E0,0.E0,0.E0));
#1666=AXIS2_PLACEMENT_3D('',#1663,#1664,#1665);
#1667=PLANE('80',#1666);
#1669=ORIENTED_EDGE('2122',*,*,#1668,.F.);
#1670=ORIENTED_EDGE('2140',*,*,#978,.T.);
#1671=ORIENTED_EDGE('81',*,*,#911,.T.);
#1672=ORIENTED_EDGE('82',*,*,#926,.T.);
#1673=ORIENTED_EDGE('83',*,*,#956,.T.);
#1674=ORIENTED_EDGE('2139',*,*,#973,.T.);
#1676=ORIENTED_EDGE('2123',*,*,#1675,.T.);
#1677=ORIENTED_EDGE('2134',*,*,#1603,.F.);
#1678=EDGE_LOOP('80',(#1669,#1670,#1671,#1672,#1673,#1674,#1676,#1677));
#1679=FACE_OUTER_BOUND('80',#1678,.F.);
#1681=CARTESIAN_POINT('',(0.E0,4.5E1,5.E0));
#1682=DIRECTION('',(0.E0,4.472135955E-1,-8.944271909999E-1));
#1683=DIRECTION('',(0.E0,-8.944271909999E-1,-4.472135955E-1));
#1684=AXIS2_PLACEMENT_3D('',#1681,#1682,#1683);
#1685=PLANE('2111',#1684);
#1686=ORIENTED_EDGE('2122',*,*,#1668,.T.);
#1687=ORIENTED_EDGE('2143',*,*,#1626,.T.);
#1688=ORIENTED_EDGE('2147',*,*,#1240,.F.);
#1689=ORIENTED_EDGE('2124',*,*,#967,.F.);
#1690=EDGE_LOOP('2111',(#1686,#1687,#1688,#1689));
#1691=FACE_OUTER_BOUND('2111',#1690,.F.);
#1693=CARTESIAN_POINT('',(0.E0,3.9E1,8.35E1));
#1694=DIRECTION('',(0.E0,4.472135955E-1,8.944271909999E-1));
#1695=DIRECTION('',(0.E0,8.944271909999E-1,-4.472135955E-1));
#1696=AXIS2_PLACEMENT_3D('',#1693,#1694,#1695);
#1697=PLANE('2117',#1696);
#1698=ORIENTED_EDGE('2123',*,*,#1675,.F.);
#1699=ORIENTED_EDGE('2127',*,*,#971,.F.);
#1700=ORIENTED_EDGE('2148',*,*,#1237,.T.);
#1701=ORIENTED_EDGE('2146',*,*,#1605,.T.);
#1702=EDGE_LOOP('2117',(#1698,#1699,#1700,#1701));
#1703=FACE_OUTER_BOUND('2117',#1702,.F.);
#1705=CARTESIAN_POINT('',(1.021E2,5.E0,7.75E1));
#1706=DIRECTION('',(0.E0,1.E0,0.E0));
#1707=DIRECTION('',(1.E0,0.E0,0.E0));
#1708=AXIS2_PLACEMENT_3D('',#1705,#1706,#1707);
#1709=CYLINDRICAL_SURFACE('884',#1708,3.E0);
#1710=ORIENTED_EDGE('909',*,*,#1429,.F.);
#1711=ORIENTED_EDGE('913',*,*,#1610,.T.);
#1712=ORIENTED_EDGE('925',*,*,#1339,.T.);
#1713=ORIENTED_EDGE('915',*,*,#1268,.F.);
#1714=EDGE_LOOP('884',(#1710,#1711,#1712,#1713));
#1715=FACE_OUTER_BOUND('884',#1714,.F.);
#1717=CARTESIAN_POINT('',(1.101E2,1.E1,3.2E1));
#1718=DIRECTION('',(0.E0,0.E0,1.E0));
#1719=DIRECTION('',(0.E0,-1.E0,0.E0));
#1720=AXIS2_PLACEMENT_3D('',#1717,#1718,#1719);
#1721=PLANE('1350',#1720);
#1722=ORIENTED_EDGE('1358',*,*,#931,.F.);
#1724=ORIENTED_EDGE('1366',*,*,#1723,.T.);
#1725=ORIENTED_EDGE('1362',*,*,#1613,.T.);
#1726=ORIENTED_EDGE('1367',*,*,#1425,.F.);
#1727=EDGE_LOOP('1350',(#1722,#1724,#1725,#1726));
#1728=FACE_OUTER_BOUND('1350',#1727,.F.);
#1730=CARTESIAN_POINT('',(1.101E2,1.E1,1.2E1));
#1731=DIRECTION('',(0.E0,1.E0,0.E0));
#1732=DIRECTION('',(0.E0,0.E0,1.E0));
#1733=AXIS2_PLACEMENT_3D('',#1730,#1731,#1732);
#1734=PLANE('1356',#1733);
#1735=ORIENTED_EDGE('1361',*,*,#937,.F.);
#1737=ORIENTED_EDGE('1369',*,*,#1736,.T.);
#1738=ORIENTED_EDGE('1365',*,*,#1615,.T.);
#1739=ORIENTED_EDGE('1366',*,*,#1723,.F.);
#1740=EDGE_LOOP('1356',(#1735,#1737,#1738,#1739));
#1741=FACE_OUTER_BOUND('1356',#1740,.F.);
#1743=CARTESIAN_POINT('',(1.101E2,5.E0,1.2E1));
#1744=DIRECTION('',(0.E0,0.E0,-1.E0));
#1745=DIRECTION('',(0.E0,1.E0,0.E0));
#1746=AXIS2_PLACEMENT_3D('',#1743,#1744,#1745);
#1747=PLANE('1354',#1746);
#1748=ORIENTED_EDGE('1360',*,*,#935,.F.);
#1749=ORIENTED_EDGE('1368',*,*,#1422,.T.);
#1750=ORIENTED_EDGE('1364',*,*,#1617,.T.);
#1751=ORIENTED_EDGE('1369',*,*,#1736,.F.);
#1752=EDGE_LOOP('1354',(#1748,#1749,#1750,#1751));
#1753=FACE_OUTER_BOUND('1354',#1752,.F.);
#1755=CARTESIAN_POINT('',(1.021E2,5.E0,8.E0));
#1756=DIRECTION('',(0.E0,1.E0,0.E0));
#1757=DIRECTION('',(1.E0,0.E0,0.E0));
#1758=AXIS2_PLACEMENT_3D('',#1755,#1756,#1757);
#1759=CYLINDRICAL_SURFACE('866',#1758,3.E0);
#1760=ORIENTED_EDGE('906',*,*,#1439,.F.);
#1762=ORIENTED_EDGE('910',*,*,#1761,.T.);
#1763=ORIENTED_EDGE('922',*,*,#1282,.T.);
#1764=ORIENTED_EDGE('912',*,*,#1620,.F.);
#1765=EDGE_LOOP('866',(#1760,#1762,#1763,#1764));
#1766=FACE_OUTER_BOUND('866',#1765,.F.);
#1768=CARTESIAN_POINT('',(0.E0,0.E0,5.E0));
#1769=DIRECTION('',(0.E0,0.E0,-1.E0));
#1770=DIRECTION('',(1.E0,0.E0,0.E0));
#1771=AXIS2_PLACEMENT_3D('',#1768,#1769,#1770);
#1772=PLANE('103',#1771);
#1773=ORIENTED_EDGE('2129',*,*,#1244,.T.);
#1774=ORIENTED_EDGE('2135',*,*,#1623,.F.);
#1775=ORIENTED_EDGE('955',*,*,#1284,.F.);
#1776=ORIENTED_EDGE('910',*,*,#1761,.F.);
#1777=ORIENTED_EDGE('161',*,*,#1437,.F.);
#1779=ORIENTED_EDGE('911',*,*,#1778,.T.);
#1780=ORIENTED_EDGE('954',*,*,#1305,.F.);
#1781=ORIENTED_EDGE('2141',*,*,#1078,.T.);
#1782=EDGE_LOOP('103',(#1773,#1774,#1775,#1776,#1777,#1779,#1780,#1781));
#1783=FACE_OUTER_BOUND('103',#1782,.F.);
#1785=CARTESIAN_POINT('',(8.E0,5.E0,8.E0));
#1786=DIRECTION('',(0.E0,1.E0,0.E0));
#1787=DIRECTION('',(1.E0,0.E0,0.E0));
#1788=AXIS2_PLACEMENT_3D('',#1785,#1786,#1787);
#1789=CYLINDRICAL_SURFACE('870',#1788,3.E0);
#1790=ORIENTED_EDGE('907',*,*,#1435,.F.);
#1791=ORIENTED_EDGE('916',*,*,#1082,.T.);
#1792=ORIENTED_EDGE('923',*,*,#1302,.T.);
#1793=ORIENTED_EDGE('911',*,*,#1778,.F.);
#1794=EDGE_LOOP('870',(#1790,#1791,#1792,#1793));
#1795=FACE_OUTER_BOUND('870',#1794,.F.);
#1797=CARTESIAN_POINT('',(8.E0,5.E0,7.75E1));
#1798=DIRECTION('',(0.E0,1.E0,0.E0));
#1799=DIRECTION('',(1.E0,0.E0,0.E0));
#1800=AXIS2_PLACEMENT_3D('',#1797,#1798,#1799);
#1801=CYLINDRICAL_SURFACE('878',#1800,3.E0);
#1802=ORIENTED_EDGE('908',*,*,#1432,.F.);
#1803=ORIENTED_EDGE('914',*,*,#1264,.T.);
#1804=ORIENTED_EDGE('924',*,*,#1321,.T.);
#1805=ORIENTED_EDGE('917',*,*,#1086,.F.);
#1806=EDGE_LOOP('878',(#1802,#1803,#1804,#1805));
#1807=FACE_OUTER_BOUND('878',#1806,.F.);
#1809=CARTESIAN_POINT('',(2.44E0,3.9E1,4.275E1));
#1810=DIRECTION('',(0.E0,0.E0,1.E0));
#1811=DIRECTION('',(-1.E0,0.E0,0.E0));
#1812=AXIS2_PLACEMENT_3D('',#1809,#1810,#1811);
#1813=SPHERICAL_SURFACE('2196',#1812,1.5E0);
#1814=ORIENTED_EDGE('2200',*,*,#1248,.T.);
#1815=ORIENTED_EDGE('2201',*,*,#1250,.F.);
#1816=EDGE_LOOP('2196',(#1814,#1815));
#1817=FACE_OUTER_BOUND('2196',#1816,.F.);
#1821=CARTESIAN_POINT('',(0.E0,0.E0,0.E0));
#1822=DIRECTION('',(1.E0,0.E0,0.E0));
#1823=DIRECTION('',(0.E0,1.E0,0.E0));
#1824=AXIS2_PLACEMENT_3D('',#1821,#1822,#1823);
#1825=PLANE('RECHTS',#1824);
#1826=CARTESIAN_POINT('',(0.E0,0.E0,0.E0));
#1827=DIRECTION('',(0.E0,1.E0,0.E0));
#1828=DIRECTION('',(0.E0,0.E0,1.E0));
#1829=AXIS2_PLACEMENT_3D('',#1826,#1827,#1828);
#1830=PLANE('OBEN',#1829);
#1831=CARTESIAN_POINT('',(0.E0,0.E0,0.E0));
#1832=DIRECTION('',(0.E0,0.E0,1.E0));
#1833=DIRECTION('',(1.E0,0.E0,0.E0));
#1834=AXIS2_PLACEMENT_3D('',#1831,#1832,#1833);
#1835=PLANE('VORNE',#1834);
#1836=CARTESIAN_POINT('',(0.E0,0.E0,0.E0));
#1837=DIRECTION('',(0.E0,0.E0,1.E0));
#1838=DIRECTION('',(1.E0,0.E0,0.E0));
#1839=AXIS2_PLACEMENT_3D('PRT_CSYS_DEF',#1836,#1837,#1838);
#1840=DRAUGHTING_PRE_DEFINED_CURVE_FONT('continuous');
#1841=CURVE_STYLE('',#1840,POSITIVE_LENGTH_MEASURE(2.E-2),#6);
#1842=PRESENTATION_STYLE_ASSIGNMENT((#1841));
#1843=STYLED_ITEM('',(#1842),#1839);
#1844=DIRECTION('',(-1.E0,0.E0,0.E0));
#1845=VECTOR('',#1844,1.101E2);
#1846=CARTESIAN_POINT('',(1.101E2,0.E0,0.E0));
#1847=LINE('',#1846,#1845);
#1849=CURVE_STYLE('',#1840,POSITIVE_LENGTH_MEASURE(2.E-2),#4);
#1850=PRESENTATION_STYLE_ASSIGNMENT((#1849));
#1851=STYLED_ITEM('',(#1850),#1848);
#1852=DIRECTION('',(0.E0,1.E0,0.E0));
#1853=VECTOR('',#1852,5.1E1);
#1854=CARTESIAN_POINT('',(0.E0,0.E0,0.E0));
#1855=LINE('',#1854,#1853);
#1857=CURVE_STYLE('',#1840,POSITIVE_LENGTH_MEASURE(2.E-2),#4);
#1858=PRESENTATION_STYLE_ASSIGNMENT((#1857));
#1859=STYLED_ITEM('',(#1858),#1856);
#1860=DIRECTION('',(0.E0,0.E0,-1.E0));
#1861=VECTOR('',#1860,8.55E1);
#1862=CARTESIAN_POINT('',(0.E0,0.E0,8.55E1));
#1863=LINE('',#1862,#1861);
#1865=CURVE_STYLE('',#1840,POSITIVE_LENGTH_MEASURE(2.E-2),#4);
#1866=PRESENTATION_STYLE_ASSIGNMENT((#1865));
#1867=STYLED_ITEM('',(#1866),#1864);
#1868=DIRECTION('',(1.E0,0.E0,0.E0));
#1869=VECTOR('',#1868,1.101E2);
#1870=CARTESIAN_POINT('',(0.E0,0.E0,0.E0));
#1871=LINE('',#1870,#1869);
#1873=CURVE_STYLE('',#1840,POSITIVE_LENGTH_MEASURE(2.E-2),#1);
#1874=PRESENTATION_STYLE_ASSIGNMENT((#1873));
#1875=STYLED_ITEM('',(#1874),#1872);
#1877=DIRECTION('',(0.E0,0.E0,1.E0));
#1878=VECTOR('',#1877,8.55E1);
#1879=CARTESIAN_POINT('',(1.101E2,0.E0,0.E0));
#1880=LINE('',#1879,#1878);
#1882=CURVE_STYLE('',#1840,POSITIVE_LENGTH_MEASURE(2.E-2),#1);
#1883=PRESENTATION_STYLE_ASSIGNMENT((#1882));
#1884=STYLED_ITEM('',(#1883),#1881);
#1886=DIRECTION('',(-1.E0,0.E0,0.E0));
#1887=VECTOR('',#1886,1.101E2);
#1888=CARTESIAN_POINT('',(1.101E2,0.E0,8.55E1));
#1889=LINE('',#1888,#1887);
#1891=CURVE_STYLE('',#1840,POSITIVE_LENGTH_MEASURE(2.E-2),#1);
#1892=PRESENTATION_STYLE_ASSIGNMENT((#1891));
#1893=STYLED_ITEM('',(#1892),#1890);
#1895=DIRECTION('',(0.E0,0.E0,-1.E0));
#1896=VECTOR('',#1895,8.55E1);
#1897=CARTESIAN_POINT('',(0.E0,0.E0,8.55E1));
#1898=LINE('',#1897,#1896);
#1900=CURVE_STYLE('',#1840,POSITIVE_LENGTH_MEASURE(2.E-2),#1);
#1901=PRESENTATION_STYLE_ASSIGNMENT((#1900));
#1902=STYLED_ITEM('',(#1901),#1899);
#1906=CARTESIAN_POINT('',(8.E0,5.E0,8.E0));
#1907=DIRECTION('',(0.E0,-1.E0,0.E0));
#1908=DIRECTION('',(1.E0,0.E0,0.E0));
#1909=AXIS2_PLACEMENT_3D('',#1906,#1907,#1908);
#1912=CURVE_STYLE('',#1840,POSITIVE_LENGTH_MEASURE(2.E-2),#1);
#1913=PRESENTATION_STYLE_ASSIGNMENT((#1912));
#1914=STYLED_ITEM('',(#1913),#1911);
#1916=CARTESIAN_POINT('',(8.E0,5.E0,8.E0));
#1917=DIRECTION('',(0.E0,-1.E0,0.E0));
#1918=DIRECTION('',(-1.E0,0.E0,0.E0));
#1919=AXIS2_PLACEMENT_3D('',#1916,#1917,#1918);
#1922=CURVE_STYLE('',#1840,POSITIVE_LENGTH_MEASURE(2.E-2),#1);
#1923=PRESENTATION_STYLE_ASSIGNMENT((#1922));
#1924=STYLED_ITEM('',(#1923),#1921);
#1927=CARTESIAN_POINT('',(1.021E2,5.E0,7.75E1));
#1928=DIRECTION('',(0.E0,-1.E0,0.E0));
#1929=DIRECTION('',(1.E0,0.E0,0.E0));
#1930=AXIS2_PLACEMENT_3D('',#1927,#1928,#1929);
#1933=CURVE_STYLE('',#1840,POSITIVE_LENGTH_MEASURE(2.E-2),#1);
#1934=PRESENTATION_STYLE_ASSIGNMENT((#1933));
#1935=STYLED_ITEM('',(#1934),#1932);
#1937=CARTESIAN_POINT('',(1.021E2,5.E0,7.75E1));
#1938=DIRECTION('',(0.E0,-1.E0,0.E0));
#1939=DIRECTION('',(-1.E0,0.E0,0.E0));
#1940=AXIS2_PLACEMENT_3D('',#1937,#1938,#1939);
#1943=CURVE_STYLE('',#1840,POSITIVE_LENGTH_MEASURE(2.E-2),#1);
#1944=PRESENTATION_STYLE_ASSIGNMENT((#1943));
#1945=STYLED_ITEM('',(#1944),#1942);
#1948=CARTESIAN_POINT('',(8.E0,5.E0,7.75E1));
#1949=DIRECTION('',(0.E0,-1.E0,0.E0));
#1950=DIRECTION('',(1.E0,0.E0,0.E0));
#1951=AXIS2_PLACEMENT_3D('',#1948,#1949,#1950);
#1954=CURVE_STYLE('',#1840,POSITIVE_LENGTH_MEASURE(2.E-2),#1);
#1955=PRESENTATION_STYLE_ASSIGNMENT((#1954));
#1956=STYLED_ITEM('',(#1955),#1953);
#1958=CARTESIAN_POINT('',(8.E0,5.E0,7.75E1));
#1959=DIRECTION('',(0.E0,-1.E0,0.E0));
#1960=DIRECTION('',(-1.E0,0.E0,0.E0));
#1961=AXIS2_PLACEMENT_3D('',#1958,#1959,#1960);
#1964=CURVE_STYLE('',#1840,POSITIVE_LENGTH_MEASURE(2.E-2),#1);
#1965=PRESENTATION_STYLE_ASSIGNMENT((#1964));
#1966=STYLED_ITEM('',(#1965),#1963);
#1969=CARTESIAN_POINT('',(1.021E2,5.E0,8.E0));
#1970=DIRECTION('',(0.E0,-1.E0,0.E0));
#1971=DIRECTION('',(1.E0,0.E0,0.E0));
#1972=AXIS2_PLACEMENT_3D('',#1969,#1970,#1971);
#1975=CURVE_STYLE('',#1840,POSITIVE_LENGTH_MEASURE(2.E-2),#1);
#1976=PRESENTATION_STYLE_ASSIGNMENT((#1975));
#1977=STYLED_ITEM('',(#1976),#1974);
#1979=CARTESIAN_POINT('',(1.021E2,5.E0,8.E0));
#1980=DIRECTION('',(0.E0,-1.E0,0.E0));
#1981=DIRECTION('',(-1.E0,0.E0,0.E0));
#1982=AXIS2_PLACEMENT_3D('',#1979,#1980,#1981);
#1985=CURVE_STYLE('',#1840,POSITIVE_LENGTH_MEASURE(2.E-2),#1);
#1986=PRESENTATION_STYLE_ASSIGNMENT((#1985));
#1987=STYLED_ITEM('',(#1986),#1984);
#1990=DIRECTION('',(-1.E0,0.E0,0.E0));
#1991=VECTOR('',#1990,3.E0);
#1992=CARTESIAN_POINT('',(1.051E2,5.E0,5.E0));
#1993=LINE('',#1992,#1991);
#1995=CURVE_STYLE('',#1840,POSITIVE_LENGTH_MEASURE(2.E-2),#1);
#1996=PRESENTATION_STYLE_ASSIGNMENT((#1995));
#1997=STYLED_ITEM('',(#1996),#1994);
#1999=CARTESIAN_POINT('',(1.021E2,5.E0,8.E0));
#2000=DIRECTION('',(0.E0,1.E0,0.E0));
#2001=DIRECTION('',(0.E0,0.E0,-1.E0));
#2002=AXIS2_PLACEMENT_3D('',#1999,#2000,#2001);
#2005=CURVE_STYLE('',#1840,POSITIVE_LENGTH_MEASURE(2.E-2),#1);
#2006=PRESENTATION_STYLE_ASSIGNMENT((#2005));
#2007=STYLED_ITEM('',(#2006),#2004);
#2009=DIRECTION('',(0.E0,0.E0,-1.E0));
#2010=VECTOR('',#2009,3.E0);
#2011=CARTESIAN_POINT('',(1.051E2,5.E0,8.E0));
#2012=LINE('',#2011,#2010);
#2014=CURVE_STYLE('',#1840,POSITIVE_LENGTH_MEASURE(2.E-2),#1);
#2015=PRESENTATION_STYLE_ASSIGNMENT((#2014));
#2016=STYLED_ITEM('',(#2015),#2013);
#2019=CARTESIAN_POINT('',(8.E0,5.E0,8.E0));
#2020=DIRECTION('',(0.E0,1.E0,0.E0));
#2021=DIRECTION('',(-1.E0,0.E0,0.E0));
#2022=AXIS2_PLACEMENT_3D('',#2019,#2020,#2021);
#2025=CURVE_STYLE('',#1840,POSITIVE_LENGTH_MEASURE(2.E-2),#1);
#2026=PRESENTATION_STYLE_ASSIGNMENT((#2025));
#2027=STYLED_ITEM('',(#2026),#2024);
#2029=DIRECTION('',(-1.E0,0.E0,0.E0));
#2030=VECTOR('',#2029,3.E0);
#2031=CARTESIAN_POINT('',(8.E0,5.E0,5.E0));
#2032=LINE('',#2031,#2030);
#2034=CURVE_STYLE('',#1840,POSITIVE_LENGTH_MEASURE(2.E-2),#1);
#2035=PRESENTATION_STYLE_ASSIGNMENT((#2034));
#2036=STYLED_ITEM('',(#2035),#2033);
#2038=DIRECTION('',(0.E0,0.E0,1.E0));
#2039=VECTOR('',#2038,3.E0);
#2040=CARTESIAN_POINT('',(5.E0,5.E0,5.E0));
#2041=LINE('',#2040,#2039);
#2043=CURVE_STYLE('',#1840,POSITIVE_LENGTH_MEASURE(2.E-2),#1);
#2044=PRESENTATION_STYLE_ASSIGNMENT((#2043));
#2045=STYLED_ITEM('',(#2044),#2042);
#2048=DIRECTION('',(1.E0,0.E0,0.E0));
#2049=VECTOR('',#2048,3.E0);
#2050=CARTESIAN_POINT('',(5.E0,5.E0,8.05E1));
#2051=LINE('',#2050,#2049);
#2053=CURVE_STYLE('',#1840,POSITIVE_LENGTH_MEASURE(2.E-2),#1);
#2054=PRESENTATION_STYLE_ASSIGNMENT((#2053));
#2055=STYLED_ITEM('',(#2054),#2052);
#2057=CARTESIAN_POINT('',(8.E0,5.E0,7.75E1));
#2058=DIRECTION('',(0.E0,1.E0,0.E0));
#2059=DIRECTION('',(0.E0,0.E0,1.E0));
#2060=AXIS2_PLACEMENT_3D('',#2057,#2058,#2059);
#2063=CURVE_STYLE('',#1840,POSITIVE_LENGTH_MEASURE(2.E-2),#1);
#2064=PRESENTATION_STYLE_ASSIGNMENT((#2063));
#2065=STYLED_ITEM('',(#2064),#2062);
#2067=DIRECTION('',(0.E0,0.E0,1.E0));
#2068=VECTOR('',#2067,3.E0);
#2069=CARTESIAN_POINT('',(5.E0,5.E0,7.75E1));
#2070=LINE('',#2069,#2068);
#2072=CURVE_STYLE('',#1840,POSITIVE_LENGTH_MEASURE(2.E-2),#1);
#2073=PRESENTATION_STYLE_ASSIGNMENT((#2072));
#2074=STYLED_ITEM('',(#2073),#2071);
#2077=DIRECTION('',(0.E0,0.E0,-1.E0));
#2078=VECTOR('',#2077,3.E0);
#2079=CARTESIAN_POINT('',(1.051E2,5.E0,8.05E1));
#2080=LINE('',#2079,#2078);
#2082=CURVE_STYLE('',#1840,POSITIVE_LENGTH_MEASURE(2.E-2),#1);
#2083=PRESENTATION_STYLE_ASSIGNMENT((#2082));
#2084=STYLED_ITEM('',(#2083),#2081);
#2086=CARTESIAN_POINT('',(1.021E2,5.E0,7.75E1));
#2087=DIRECTION('',(0.E0,1.E0,0.E0));
#2088=DIRECTION('',(1.E0,0.E0,0.E0));
#2089=AXIS2_PLACEMENT_3D('',#2086,#2087,#2088);
#2092=CURVE_STYLE('',#1840,POSITIVE_LENGTH_MEASURE(2.E-2),#1);
#2093=PRESENTATION_STYLE_ASSIGNMENT((#2092));
#2094=STYLED_ITEM('',(#2093),#2091);
#2096=DIRECTION('',(1.E0,0.E0,0.E0));
#2097=VECTOR('',#2096,3.E0);
#2098=CARTESIAN_POINT('',(1.021E2,5.E0,8.05E1));
#2099=LINE('',#2098,#2097);
#2101=CURVE_STYLE('',#1840,POSITIVE_LENGTH_MEASURE(2.E-2),#1);
#2102=PRESENTATION_STYLE_ASSIGNMENT((#2101));
#2103=STYLED_ITEM('',(#2102),#2100);
#2106=DIRECTION('',(0.E0,1.E0,0.E0));
#2107=VECTOR('',#2106,1.5E1);
#2108=CARTESIAN_POINT('',(8.E0,5.E0,8.E0));
#2109=LINE('',#2108,#2107);
#2111=CURVE_STYLE('',#1840,POSITIVE_LENGTH_MEASURE(2.E-2),#4);
#2112=PRESENTATION_STYLE_ASSIGNMENT((#2111));
#2113=STYLED_ITEM('',(#2112),#2110);
#2114=DIRECTION('',(0.E0,1.E0,0.E0));
#2115=VECTOR('',#2114,1.5E1);
#2116=CARTESIAN_POINT('',(1.021E2,5.E0,7.75E1));
#2117=LINE('',#2116,#2115);
#2119=CURVE_STYLE('',#1840,POSITIVE_LENGTH_MEASURE(2.E-2),#4);
#2120=PRESENTATION_STYLE_ASSIGNMENT((#2119));
#2121=STYLED_ITEM('',(#2120),#2118);
#2122=DIRECTION('',(0.E0,1.E0,0.E0));
#2123=VECTOR('',#2122,1.5E1);
#2124=CARTESIAN_POINT('',(8.E0,5.E0,7.75E1));
#2125=LINE('',#2124,#2123);
#2127=CURVE_STYLE('',#1840,POSITIVE_LENGTH_MEASURE(2.E-2),#4);
#2128=PRESENTATION_STYLE_ASSIGNMENT((#2127));
#2129=STYLED_ITEM('',(#2128),#2126);
#2130=DIRECTION('',(0.E0,1.E0,0.E0));
#2131=VECTOR('',#2130,1.5E1);
#2132=CARTESIAN_POINT('',(1.021E2,5.E0,8.E0));
#2133=LINE('',#2132,#2131);
#2135=CURVE_STYLE('',#1840,POSITIVE_LENGTH_MEASURE(2.E-2),#4);
#2136=PRESENTATION_STYLE_ASSIGNMENT((#2135));
#2137=STYLED_ITEM('',(#2136),#2134);
#2138=CARTESIAN_POINT('',(5.505E1,0.E0,4.275E1));
#2139=DIRECTION('',(0.E0,0.E0,1.E0));
#2140=DIRECTION('',(-1.E0,0.E0,0.E0));
#2141=AXIS2_PLACEMENT_3D('',#2138,#2139,#2140);
#2142=PLANE('DTM1',#2141);
#2143=CARTESIAN_POINT('',(3.433E1,-5.E-2,3.E1));
#2144=DIRECTION('',(0.E0,0.E0,1.E0));
#2145=DIRECTION('',(1.E0,0.E0,0.E0));
#2146=AXIS2_PLACEMENT_3D('1000',#2143,#2144,#2145);
#2149=GENERAL_PROPERTY('','PTC_ACTUAL_PAT_MEMBERS','user defined attribute');
#2150=GENERAL_PROPERTY_ASSOCIATION('user defined attribute','',#2149,#2148);
#2151=INTEGER_REPRESENTATION_ITEM('PTC_ACTUAL_PAT_MEMBERS',2);
#2154=PLANE_ANGLE_MEASURE_WITH_UNIT(PLANE_ANGLE_MEASURE(1.745329251994E-2),
#2153);
#2155=(CONVERSION_BASED_UNIT('DEGREE',#2154)NAMED_UNIT(*)PLANE_ANGLE_UNIT());
#2157=UNCERTAINTY_MEASURE_WITH_UNIT(LENGTH_MEASURE(1.E-2),#2152,'closure',
'Maximum model space distance between geometric entities at asserted connectivities');
#2163=CARTESIAN_POINT('',(7.433E1,-5.E-2,3.E1));
#2164=DIRECTION('',(0.E0,0.E0,1.E0));
#2165=DIRECTION('',(1.E0,0.E0,0.E0));
#2166=AXIS2_PLACEMENT_3D('1000',#2163,#2164,#2165);
#2169=GENERAL_PROPERTY('','PTC_ACTUAL_PAT_MEMBERS','user defined attribute');
#2170=GENERAL_PROPERTY_ASSOCIATION('user defined attribute','',#2169,#2168);
#2171=INTEGER_REPRESENTATION_ITEM('PTC_ACTUAL_PAT_MEMBERS',2);
#2176=DIRECTION('',(0.E0,-1.E0,0.E0));
#2177=VECTOR('',#2176,5.E0);
#2178=CARTESIAN_POINT('',(3.433E1,5.E0,3.E1));
#2179=LINE('',#2178,#2177);
#2181=CURVE_STYLE('',#1840,POSITIVE_LENGTH_MEASURE(2.E-2),#4);
#2182=PRESENTATION_STYLE_ASSIGNMENT((#2181));
#2183=STYLED_ITEM('',(#2182),#2180);
#2184=DIRECTION('',(0.E0,-1.E0,0.E0));
#2185=VECTOR('',#2184,5.E0);
#2186=CARTESIAN_POINT('',(7.433E1,5.E0,3.E1));
#2187=LINE('',#2186,#2185);
#2189=CURVE_STYLE('',#1840,POSITIVE_LENGTH_MEASURE(2.E-2),#4);
#2190=PRESENTATION_STYLE_ASSIGNMENT((#2189));
#2191=STYLED_ITEM('',(#2190),#2188);
#2192=DIRECTION('',(0.E0,-1.E0,0.E0));
#2193=VECTOR('',#2192,8.E0);
#2194=CARTESIAN_POINT('',(5.E0,3.2E1,2.8E1));
#2195=LINE('',#2194,#2193);
#2197=CURVE_STYLE('',#1840,POSITIVE_LENGTH_MEASURE(2.E-2),#1);
#2198=PRESENTATION_STYLE_ASSIGNMENT((#2197));
#2199=STYLED_ITEM('',(#2198),#2196);
#2201=DIRECTION('',(0.E0,0.E0,-1.E0));
#2202=VECTOR('',#2201,1.5E1);
#2203=CARTESIAN_POINT('',(5.E0,2.4E1,2.8E1));
#2204=LINE('',#2203,#2202);
#2206=CURVE_STYLE('',#1840,POSITIVE_LENGTH_MEASURE(2.E-2),#1);
#2207=PRESENTATION_STYLE_ASSIGNMENT((#2206));
#2208=STYLED_ITEM('',(#2207),#2205);
#2210=DIRECTION('',(0.E0,1.E0,0.E0));
#2211=VECTOR('',#2210,8.E0);
#2212=CARTESIAN_POINT('',(5.E0,2.4E1,1.3E1));
#2213=LINE('',#2212,#2211);
#2215=CURVE_STYLE('',#1840,POSITIVE_LENGTH_MEASURE(2.E-2),#1);
#2216=PRESENTATION_STYLE_ASSIGNMENT((#2215));
#2217=STYLED_ITEM('',(#2216),#2214);
#2219=DIRECTION('',(0.E0,0.E0,1.E0));
#2220=VECTOR('',#2219,1.5E1);
#2221=CARTESIAN_POINT('',(5.E0,3.2E1,1.3E1));
#2222=LINE('',#2221,#2220);
#2224=CURVE_STYLE('',#1840,POSITIVE_LENGTH_MEASURE(2.E-2),#1);
#2225=PRESENTATION_STYLE_ASSIGNMENT((#2224));
#2226=STYLED_ITEM('',(#2225),#2223);
#2229=DIRECTION('',(0.E0,-1.E0,0.E0));
#2230=VECTOR('',#2229,5.E0);
#2231=CARTESIAN_POINT('',(1.101E2,1.E1,3.2E1));
#2232=LINE('',#2231,#2230);
#2234=CURVE_STYLE('',#1840,POSITIVE_LENGTH_MEASURE(2.E-2),#1);
#2235=PRESENTATION_STYLE_ASSIGNMENT((#2234));
#2236=STYLED_ITEM('',(#2235),#2233);
#2238=DIRECTION('',(0.E0,0.E0,-1.E0));
#2239=VECTOR('',#2238,2.E1);
#2240=CARTESIAN_POINT('',(1.101E2,5.E0,3.2E1));
#2241=LINE('',#2240,#2239);
#2243=CURVE_STYLE('',#1840,POSITIVE_LENGTH_MEASURE(2.E-2),#1);
#2244=PRESENTATION_STYLE_ASSIGNMENT((#2243));
#2245=STYLED_ITEM('',(#2244),#2242);
#2247=DIRECTION('',(0.E0,1.E0,0.E0));
#2248=VECTOR('',#2247,5.E0);
#2249=CARTESIAN_POINT('',(1.101E2,5.E0,1.2E1));
#2250=LINE('',#2249,#2248);
#2252=CURVE_STYLE('',#1840,POSITIVE_LENGTH_MEASURE(2.E-2),#1);
#2253=PRESENTATION_STYLE_ASSIGNMENT((#2252));
#2254=STYLED_ITEM('',(#2253),#2251);
#2256=DIRECTION('',(0.E0,0.E0,1.E0));
#2257=VECTOR('',#2256,2.E1);
#2258=CARTESIAN_POINT('',(1.101E2,1.E1,1.2E1));
#2259=LINE('',#2258,#2257);
#2261=CURVE_STYLE('',#1840,POSITIVE_LENGTH_MEASURE(2.E-2),#1);
#2262=PRESENTATION_STYLE_ASSIGNMENT((#2261));
#2263=STYLED_ITEM('',(#2262),#2260);
#2266=CARTESIAN_POINT('',(1.101E2,2.655E1,4.275E1));
#2267=DIRECTION('',(1.E0,0.E0,0.E0));
#2268=DIRECTION('',(0.E0,0.E0,-1.E0));
#2269=AXIS2_PLACEMENT_3D('',#2266,#2267,#2268);
#2272=CURVE_STYLE('',#1840,POSITIVE_LENGTH_MEASURE(2.E-2),#1);
#2273=PRESENTATION_STYLE_ASSIGNMENT((#2272));
#2274=STYLED_ITEM('',(#2273),#2271);
#2276=CARTESIAN_POINT('',(1.101E2,2.655E1,4.275E1));
#2277=DIRECTION('',(1.E0,0.E0,0.E0));
#2278=DIRECTION('',(0.E0,0.E0,1.E0));
#2279=AXIS2_PLACEMENT_3D('',#2276,#2277,#2278);
#2282=CURVE_STYLE('',#1840,POSITIVE_LENGTH_MEASURE(2.E-2),#1);
#2283=PRESENTATION_STYLE_ASSIGNMENT((#2282));
#2284=STYLED_ITEM('',(#2283),#2281);
#2287=CARTESIAN_POINT('',(5.E0,3.315E1,7.66E1));
#2288=DIRECTION('',(1.E0,0.E0,0.E0));
#2289=DIRECTION('',(0.E0,0.E0,-1.E0));
#2290=AXIS2_PLACEMENT_3D('',#2287,#2288,#2289);
#2293=CURVE_STYLE('',#1840,POSITIVE_LENGTH_MEASURE(2.E-2),#1);
#2294=PRESENTATION_STYLE_ASSIGNMENT((#2293));
#2295=STYLED_ITEM('',(#2294),#2292);
#2297=CARTESIAN_POINT('',(5.E0,3.315E1,7.66E1));
#2298=DIRECTION('',(1.E0,0.E0,0.E0));
#2299=DIRECTION('',(0.E0,0.E0,1.E0));
#2300=AXIS2_PLACEMENT_3D('',#2297,#2298,#2299);
#2303=CURVE_STYLE('',#1840,POSITIVE_LENGTH_MEASURE(2.E-2),#1);
#2304=PRESENTATION_STYLE_ASSIGNMENT((#2303));
#2305=STYLED_ITEM('',(#2304),#2302);
#2308=CARTESIAN_POINT('',(5.E0,3.315E1,5.41E1));
#2309=DIRECTION('',(1.E0,0.E0,0.E0));
#2310=DIRECTION('',(0.E0,0.E0,-1.E0));
#2311=AXIS2_PLACEMENT_3D('',#2308,#2309,#2310);
#2314=CURVE_STYLE('',#1840,POSITIVE_LENGTH_MEASURE(2.E-2),#1);
#2315=PRESENTATION_STYLE_ASSIGNMENT((#2314));
#2316=STYLED_ITEM('',(#2315),#2313);
#2318=CARTESIAN_POINT('',(5.E0,3.315E1,5.41E1));
#2319=DIRECTION('',(1.E0,0.E0,0.E0));
#2320=DIRECTION('',(0.E0,0.E0,1.E0));
#2321=AXIS2_PLACEMENT_3D('',#2318,#2319,#2320);
#2324=CURVE_STYLE('',#1840,POSITIVE_LENGTH_MEASURE(2.E-2),#1);
#2325=PRESENTATION_STYLE_ASSIGNMENT((#2324));
#2326=STYLED_ITEM('',(#2325),#2323);
#2329=DIRECTION('',(0.E0,-1.E0,0.E0));
#2330=VECTOR('',#2329,8.2E0);
#2331=CARTESIAN_POINT('',(5.E0,3.72E1,7.37E1));
#2332=LINE('',#2331,#2330);
#2334=CURVE_STYLE('',#1840,POSITIVE_LENGTH_MEASURE(2.E-2),#1);
#2335=PRESENTATION_STYLE_ASSIGNMENT((#2334));
#2336=STYLED_ITEM('',(#2335),#2333);
#2338=DIRECTION('',(0.E0,0.E0,-1.E0));
#2339=VECTOR('',#2338,1.67E1);
#2340=CARTESIAN_POINT('',(5.E0,2.9E1,7.37E1));
#2341=LINE('',#2340,#2339);
#2343=CURVE_STYLE('',#1840,POSITIVE_LENGTH_MEASURE(2.E-2),#1);
#2344=PRESENTATION_STYLE_ASSIGNMENT((#2343));
#2345=STYLED_ITEM('',(#2344),#2342);
#2347=DIRECTION('',(0.E0,1.E0,0.E0));
#2348=VECTOR('',#2347,8.2E0);
#2349=CARTESIAN_POINT('',(5.E0,2.9E1,5.7E1));
#2350=LINE('',#2349,#2348);
#2352=CURVE_STYLE('',#1840,POSITIVE_LENGTH_MEASURE(2.E-2),#1);
#2353=PRESENTATION_STYLE_ASSIGNMENT((#2352));
#2354=STYLED_ITEM('',(#2353),#2351);
#2356=DIRECTION('',(0.E0,0.E0,1.E0));
#2357=VECTOR('',#2356,1.67E1);
#2358=CARTESIAN_POINT('',(5.E0,3.72E1,5.7E1));
#2359=LINE('',#2358,#2357);
#2361=CURVE_STYLE('',#1840,POSITIVE_LENGTH_MEASURE(2.E-2),#1);
#2362=PRESENTATION_STYLE_ASSIGNMENT((#2361));
#2363=STYLED_ITEM('',(#2362),#2360);
#2366=DIRECTION('',(1.E0,0.E0,0.E0));
#2367=VECTOR('',#2366,5.E0);
#2368=CARTESIAN_POINT('',(1.051E2,2.655E1,4.275E1));
#2369=LINE('',#2368,#2367);
#2371=CURVE_STYLE('',#1840,POSITIVE_LENGTH_MEASURE(2.E-2),#4);
#2372=PRESENTATION_STYLE_ASSIGNMENT((#2371));
#2373=STYLED_ITEM('',(#2372),#2370);
#2374=DIRECTION('',(1.E0,0.E0,0.E0));
#2375=VECTOR('',#2374,5.E0);
#2376=CARTESIAN_POINT('',(0.E0,3.315E1,7.66E1));
#2377=LINE('',#2376,#2375);
#2379=CURVE_STYLE('',#1840,POSITIVE_LENGTH_MEASURE(2.E-2),#4);
#2380=PRESENTATION_STYLE_ASSIGNMENT((#2379));
#2381=STYLED_ITEM('',(#2380),#2378);
#2382=DIRECTION('',(1.E0,0.E0,0.E0));
#2383=VECTOR('',#2382,5.E0);
#2384=CARTESIAN_POINT('',(0.E0,3.315E1,5.41E1));
#2385=LINE('',#2384,#2383);
#2387=CURVE_STYLE('',#1840,POSITIVE_LENGTH_MEASURE(2.E-2),#4);
#2388=PRESENTATION_STYLE_ASSIGNMENT((#2387));
#2389=STYLED_ITEM('',(#2388),#2386);
#2390=DIRECTION('',(-1.E0,0.E0,0.E0));
#2391=VECTOR('',#2390,3.348631561300E0);
#2392=CARTESIAN_POINT('',(1.072743157806E2,4.5E1,7.87E1));
#2393=LINE('',#2392,#2391);
#2395=CURVE_STYLE('',#1840,POSITIVE_LENGTH_MEASURE(2.E-2),#1);
#2396=PRESENTATION_STYLE_ASSIGNMENT((#2395));
#2397=STYLED_ITEM('',(#2396),#2394);
#2399=DIRECTION('',(-5.E-1,0.E0,8.660254037844E-1));
#2400=VECTOR('',#2399,3.348631561300E0);
#2401=CARTESIAN_POINT('',(1.039256842194E2,4.5E1,7.87E1));
#2402=LINE('',#2401,#2400);
#2404=CURVE_STYLE('',#1840,POSITIVE_LENGTH_MEASURE(2.E-2),#1);
#2405=PRESENTATION_STYLE_ASSIGNMENT((#2404));
#2406=STYLED_ITEM('',(#2405),#2403);
#2408=DIRECTION('',(5.E-1,0.E0,8.660254037844E-1));
#2409=VECTOR('',#2408,3.348631561300E0);
#2410=CARTESIAN_POINT('',(1.022513684387E2,4.5E1,8.16E1));
#2411=LINE('',#2410,#2409);
#2413=CURVE_STYLE('',#1840,POSITIVE_LENGTH_MEASURE(2.E-2),#1);
#2414=PRESENTATION_STYLE_ASSIGNMENT((#2413));
#2415=STYLED_ITEM('',(#2414),#2412);
#2417=DIRECTION('',(1.E0,0.E0,0.E0));
#2418=VECTOR('',#2417,3.348631561300E0);
#2419=CARTESIAN_POINT('',(1.039256842194E2,4.5E1,8.45E1));
#2420=LINE('',#2419,#2418);
#2422=CURVE_STYLE('',#1840,POSITIVE_LENGTH_MEASURE(2.E-2),#1);
#2423=PRESENTATION_STYLE_ASSIGNMENT((#2422));
#2424=STYLED_ITEM('',(#2423),#2421);
#2426=DIRECTION('',(5.E-1,0.E0,-8.660254037844E-1));
#2427=VECTOR('',#2426,3.348631561300E0);
#2428=CARTESIAN_POINT('',(1.072743157806E2,4.5E1,8.45E1));
#2429=LINE('',#2428,#2427);
#2431=CURVE_STYLE('',#1840,POSITIVE_LENGTH_MEASURE(2.E-2),#1);
#2432=PRESENTATION_STYLE_ASSIGNMENT((#2431));
#2433=STYLED_ITEM('',(#2432),#2430);
#2435=DIRECTION('',(-5.E-1,0.E0,-8.660254037844E-1));
#2436=VECTOR('',#2435,3.348631561300E0);
#2437=CARTESIAN_POINT('',(1.089486315613E2,4.5E1,8.16E1));
#2438=LINE('',#2437,#2436);
#2440=CURVE_STYLE('',#1840,POSITIVE_LENGTH_MEASURE(2.E-2),#1);
#2441=PRESENTATION_STYLE_ASSIGNMENT((#2440));
#2442=STYLED_ITEM('',(#2441),#2439);
#2445=DIRECTION('',(0.E0,-1.E0,0.E0));
#2446=VECTOR('',#2445,5.1E1);
#2447=CARTESIAN_POINT('',(1.076E2,5.1E1,4.275E1));
#2448=LINE('',#2447,#2446);
#2450=CURVE_STYLE('',#1840,POSITIVE_LENGTH_MEASURE(2.E-2),#4);
#2451=PRESENTATION_STYLE_ASSIGNMENT((#2450));
#2452=STYLED_ITEM('',(#2451),#2449);
#2453=CARTESIAN_POINT('',(1.076E2,0.E0,4.275E1));
#2454=DIRECTION('',(1.E0,0.E0,0.E0));
#2455=DIRECTION('',(0.E0,-1.E0,0.E0));
#2456=AXIS2_PLACEMENT_3D('',#2453,#2454,#2455);
#2457=PLANE('DTM2',#2456);
#2458=DIRECTION('',(0.E0,0.E0,1.E0));
#2459=VECTOR('',#2458,7.55E1);
#2460=CARTESIAN_POINT('',(0.E0,3.9E1,5.E0));
#2461=LINE('',#2460,#2459);
#2463=CURVE_STYLE('',#1840,POSITIVE_LENGTH_MEASURE(2.E-2),#1);
#2464=PRESENTATION_STYLE_ASSIGNMENT((#2463));
#2465=STYLED_ITEM('',(#2464),#2462);
#2467=DIRECTION('',(0.E0,1.E0,0.E0));
#2468=VECTOR('',#2467,1.2E1);
#2469=CARTESIAN_POINT('',(0.E0,3.9E1,8.05E1));
#2470=LINE('',#2469,#2468);
#2472=CURVE_STYLE('',#1840,POSITIVE_LENGTH_MEASURE(2.E-2),#1);
#2473=PRESENTATION_STYLE_ASSIGNMENT((#2472));
#2474=STYLED_ITEM('',(#2473),#2471);
#2476=DIRECTION('',(0.E0,0.E0,-1.E0));
#2477=VECTOR('',#2476,7.55E1);
#2478=CARTESIAN_POINT('',(0.E0,5.1E1,8.05E1));
#2479=LINE('',#2478,#2477);
#2481=CURVE_STYLE('',#1840,POSITIVE_LENGTH_MEASURE(2.E-2),#1);
#2482=PRESENTATION_STYLE_ASSIGNMENT((#2481));
#2483=STYLED_ITEM('',(#2482),#2480);
#2485=DIRECTION('',(0.E0,-1.E0,0.E0));
#2486=VECTOR('',#2485,1.2E1);
#2487=CARTESIAN_POINT('',(0.E0,5.1E1,5.E0));
#2488=LINE('',#2487,#2486);
#2490=CURVE_STYLE('',#1840,POSITIVE_LENGTH_MEASURE(2.E-2),#1);
#2491=PRESENTATION_STYLE_ASSIGNMENT((#2490));
#2492=STYLED_ITEM('',(#2491),#2489);
#2495=DIRECTION('',(0.E0,1.E0,0.E0));
#2496=VECTOR('',#2495,6.E0);
#2497=CARTESIAN_POINT('',(0.E0,3.9E1,5.E0));
#2498=LINE('',#2497,#2496);
#2500=CURVE_STYLE('',#1840,POSITIVE_LENGTH_MEASURE(2.E-2),#1);
#2501=PRESENTATION_STYLE_ASSIGNMENT((#2500));
#2502=STYLED_ITEM('',(#2501),#2499);
#2504=DIRECTION('',(0.E0,-8.944271909999E-1,-4.472135955E-1));
#2505=VECTOR('',#2504,6.708203932499E0);
#2506=CARTESIAN_POINT('',(0.E0,4.5E1,5.E0));
#2507=LINE('',#2506,#2505);
#2509=CURVE_STYLE('',#1840,POSITIVE_LENGTH_MEASURE(2.E-2),#1);
#2510=PRESENTATION_STYLE_ASSIGNMENT((#2509));
#2511=STYLED_ITEM('',(#2510),#2508);
#2513=DIRECTION('',(0.E0,0.E0,1.E0));
#2514=VECTOR('',#2513,3.E0);
#2515=CARTESIAN_POINT('',(0.E0,3.9E1,2.E0));
#2516=LINE('',#2515,#2514);
#2518=CURVE_STYLE('',#1840,POSITIVE_LENGTH_MEASURE(2.E-2),#1);
#2519=PRESENTATION_STYLE_ASSIGNMENT((#2518));
#2520=STYLED_ITEM('',(#2519),#2517);
#2523=DIRECTION('',(0.E0,0.E0,1.E0));
#2524=VECTOR('',#2523,3.E0);
#2525=CARTESIAN_POINT('',(0.E0,3.9E1,8.05E1));
#2526=LINE('',#2525,#2524);
#2528=CURVE_STYLE('',#1840,POSITIVE_LENGTH_MEASURE(2.E-2),#1);
#2529=PRESENTATION_STYLE_ASSIGNMENT((#2528));
#2530=STYLED_ITEM('',(#2529),#2527);
#2532=DIRECTION('',(0.E0,8.944271909999E-1,-4.472135955E-1));
#2533=VECTOR('',#2532,6.708203932499E0);
#2534=CARTESIAN_POINT('',(0.E0,3.9E1,8.35E1));
#2535=LINE('',#2534,#2533);
#2537=CURVE_STYLE('',#1840,POSITIVE_LENGTH_MEASURE(2.E-2),#1);
#2538=PRESENTATION_STYLE_ASSIGNMENT((#2537));
#2539=STYLED_ITEM('',(#2538),#2536);
#2541=DIRECTION('',(0.E0,-1.E0,0.E0));
#2542=VECTOR('',#2541,6.E0);
#2543=CARTESIAN_POINT('',(0.E0,4.5E1,8.05E1));
#2544=LINE('',#2543,#2542);
#2546=CURVE_STYLE('',#1840,POSITIVE_LENGTH_MEASURE(2.E-2),#1);
#2547=PRESENTATION_STYLE_ASSIGNMENT((#2546));
#2548=STYLED_ITEM('',(#2547),#2545);
#2551=DIRECTION('',(0.E0,0.E0,1.E0));
#2552=VECTOR('',#2551,3.E0);
#2553=CARTESIAN_POINT('',(2.44E0,3.9E1,4.125E1));
#2554=LINE('',#2553,#2552);
#2556=CURVE_STYLE('',#1840,POSITIVE_LENGTH_MEASURE(2.E-2),#1);
#2557=PRESENTATION_STYLE_ASSIGNMENT((#2556));
#2558=STYLED_ITEM('',(#2557),#2555);
#2560=CARTESIAN_POINT('',(2.44E0,3.9E1,4.275E1));
#2561=DIRECTION('',(0.E0,1.E0,0.E0));
#2562=DIRECTION('',(0.E0,0.E0,1.E0));
#2563=AXIS2_PLACEMENT_3D('',#2560,#2561,#2562);
#2566=CURVE_STYLE('',#1840,POSITIVE_LENGTH_MEASURE(2.E-2),#1);
#2567=PRESENTATION_STYLE_ASSIGNMENT((#2566));
#2568=STYLED_ITEM('',(#2567),#2565);
#2571=DIRECTION('',(0.E0,0.E0,1.E0));
#2572=VECTOR('',#2571,3.E0);
#2573=CARTESIAN_POINT('',(2.44E0,3.9E1,4.125E1));
#2574=LINE('',#2573,#2572);
#2576=CURVE_STYLE('',#1840,POSITIVE_LENGTH_MEASURE(2.E-2),#4);
#2577=PRESENTATION_STYLE_ASSIGNMENT((#2576));
#2578=STYLED_ITEM('',(#2577),#2575);
#2579=PRESENTATION_LAYER_ASSIGNMENT('_26_BEZUGSACHSEN','',(#1848,#1856,#1864,
#2110,#2118,#2126,#2134,#2180,#2188,#2370,#2449,#2575));
#2580=PRESENTATION_LAYER_ASSIGNMENT('_27_BEZUGSEBENEN','',(#1825,#1830,#1835,
#2142,#2457));
#2581=PRESENTATION_LAYER_ASSIGNMENT('_29_KOORDINATENSYSTEME','',(#1839));
#2582=PRESENTATION_LAYER_ASSIGNMENT('_00_PRT_START_FEATURES','',(#1825,#1830,
#1835,#1839,#1848));
#2583=PRESENTATION_LAYER_ASSIGNMENT('_21_KURVEN','',(#1904,#1926,#1947,#1968,
#1989,#2018,#2047,#2076,#2105,#2228,#2265,#2286,#2307,#2328,#2365,#2444,#2494,
#2522,#2550,#2570));
#2584=PRESENTATION_LAYER_ASSIGNMENT('.BLACK_HOLE','',(#1904,#1926,#1947,#1968,
#1989,#2018,#2047,#2076,#2105,#2228,#2265,#2286,#2307,#2328,#2365,#2444,#2494,
#2522,#2550,#2570));
#2585=PRESENTATION_LAYER_ASSIGNMENT('_30_VOLUMEN','',(#2110,#2118,#2126,#2134,
#2180,#2370,#2378,#2386,#2575));
#2586=PRESENTATION_LAYER_ASSIGNMENT('_34_BOHRUNGEN','',(#2180,#2188));
#2587=INVISIBILITY((#2584));
#2590=PLANE_ANGLE_MEASURE_WITH_UNIT(PLANE_ANGLE_MEASURE(1.745329251994E-2),
#2589);
#2591=(CONVERSION_BASED_UNIT('DEGREE',#2590)NAMED_UNIT(*)PLANE_ANGLE_UNIT());
#2593=UNCERTAINTY_MEASURE_WITH_UNIT(LENGTH_MEASURE(1.E-2),#2588,'closure',
'Maximum model space distance between geometric entities at asserted connectivities');
#1905=GEOMETRIC_CURVE_SET('66',(#1904,#1926,#1947,#1968,#1989,#2018,#2047,#2076,
#2105,#2228,#2265,#2286,#2307,#2328,#2365,#2444,#2494,#2522,#2550,#2570));
#2598=CARTESIAN_POINT('',(0.E0,0.E0,0.E0));
#2599=DIRECTION('',(0.E0,0.E0,1.E0));
#2600=DIRECTION('',(1.E0,0.E0,0.E0));
#2603=SHAPE_REPRESENTATION_RELATIONSHIP('','',#2602,#2595);
#2604=SHAPE_REPRESENTATION_RELATIONSHIP('','',#2602,#2596);
#2605=CONSTRUCTIVE_GEOMETRY_REPRESENTATION_RELATIONSHIP('','',#2602,#2597);
#2606=MECHANICAL_DESIGN_GEOMETRIC_PRESENTATION_REPRESENTATION('',(#1843,#1851,
#1859,#1867,#1875,#1884,#1893,#1902,#1914,#1924,#1935,#1945,#1956,#1966,#1977,
#1987,#1997,#2007,#2016,#2027,#2036,#2045,#2055,#2065,#2074,#2084,#2094,#2103,
#2113,#2121,#2129,#2137,#2183,#2191,#2199,#2208,#2217,#2226,#2236,#2245,#2254,
#2263,#2274,#2284,#2295,#2305,#2316,#2326,#2336,#2345,#2354,#2363,#2373,#2381,
#2389,#2397,#2406,#2415,#2424,#2433,#2442,#2452,#2465,#2474,#2483,#2492,#2502,
#2511,#2520,#2530,#2539,#2548,#2558,#2568,#2578),#2594);
#2607=APPLICATION_CONTEXT('automotive design');
#2608=APPLICATION_PROTOCOL_DEFINITION('international standard',
'config_control_design',1994,#2607);
#2609=PRODUCT_DEFINITION_CONTEXT('',#2607,'design');
#2610=PRODUCT_CONTEXT('',#2607,'mechanical');
#2611=PRODUCT('ELECTRONICS_ENCLOSURE','ELECTRONICS_ENCLOSURE','NOT SPECIFIED',(
#2610));
#2612=PRODUCT_DEFINITION_FORMATION_WITH_SPECIFIED_SOURCE('27','LAST_VERSION',
#2611,.MADE.);
#2620=DERIVED_UNIT_ELEMENT(#2619,-3.E0);
#2622=DERIVED_UNIT_ELEMENT(#2621,1.E0);
#2623=DERIVED_UNIT((#2620,#2622));
#2624=MEASURE_REPRESENTATION_ITEM('density measure',POSITIVE_RATIO_MEASURE(
7.85E-6),#2623);
#2628=DESCRIPTIVE_REPRESENTATION_ITEM('STAHL_ALLGEMEIN','');
#2637=DERIVED_UNIT_ELEMENT(#2636,2.E0);
#2638=AREA_UNIT((#2637));
#2639=MEASURE_REPRESENTATION_ITEM('surface area measure',AREA_MEASURE(
5.156261133078E4),#2638);
#2644=DERIVED_UNIT_ELEMENT(#2643,3.E0);
#2645=VOLUME_UNIT((#2644));
#2646=MEASURE_REPRESENTATION_ITEM('volume measure',VOLUME_MEASURE(
1.165267105195E5),#2645);
#2650=CARTESIAN_POINT('centre point',(5.640767573863E1,1.517885560209E1,
4.281400361652E1));
#2655=DERIVED_UNIT_ELEMENT(#2654,2.E0);
#2656=AREA_UNIT((#2655));
#2657=MEASURE_REPRESENTATION_ITEM('surface area measure',AREA_MEASURE(
5.156261133078E4),#2656);
#2662=DERIVED_UNIT_ELEMENT(#2661,3.E0);
#2663=VOLUME_UNIT((#2662));
#2664=MEASURE_REPRESENTATION_ITEM('volume measure',VOLUME_MEASURE(
1.165267105195E5),#2663);
#2668=CARTESIAN_POINT('centre point',(5.640767573863E1,1.517885560209E1,
4.281400361652E1));
#2672=PRODUCT_CONTEXT('',#2607,'mechanical');
#2673=PRODUCT('STAHL_ALLGEMEIN','allgemeiner Stahl','NOT SPECIFIED',(#2672));
#2674=PRODUCT_DEFINITION_FORMATION_WITH_SPECIFIED_SOURCE('','LAST_VERSION',
#2673,.MADE.);
#2677=DIMENSIONAL_EXPONENTS(0.E0,0.E0,0.E0,0.E0,0.E0,0.E0,0.E0);
#2678=NAMED_UNIT(#2677);
#2679=MEASURE_WITH_UNIT(COUNT_MEASURE(1.E0),#2678);
#2681=DERIVED_UNIT_ELEMENT(#2680,-3.E0);
#2683=DERIVED_UNIT_ELEMENT(#2682,1.E0);
#2684=DERIVED_UNIT((#2681,#2683));
#2685=MEASURE_REPRESENTATION_ITEM('density measure',POSITIVE_RATIO_MEASURE(
7.85E-6),#2684);
#2690=DRAUGHTING_MODEL('Default',(#2704,#2706,#2708,#2719,#2720),#2594);
#2691=CARTESIAN_POINT('',(0.E0,0.E0,0.E0));
#2692=DIRECTION('',(0.E0,0.E0,1.E0));
#2693=DIRECTION('',(1.E0,0.E0,0.E0));
#2694=AXIS2_PLACEMENT_3D('',#2691,#2692,#2693);
#2695=REPRESENTATION_MAP(#2694,#2602);
#2696=MAPPED_ITEM('',#2695,#2694);
#2697=PRESENTATION_STYLE_ASSIGNMENT((.NULL.));
#2698=STYLED_ITEM('',(#2697),#2696);
#2699=DRAUGHTING_MODEL('',(#2694,#2696,#2698),#2594);
#2700=MECHANICAL_DESIGN_AND_DRAUGHTING_RELATIONSHIP('','',#2690,#2699);
#2701=CARTESIAN_POINT('',(0.E0,0.E0,0.E0));
#2702=DIRECTION('',(0.E0,0.E0,1.E0));
#2703=DIRECTION('',(1.E0,0.E0,0.E0));
#2704=AXIS2_PLACEMENT_3D('',#2701,#2702,#2703);
#2705=REPRESENTATION_MAP(#2704,#2602);
#2706=MAPPED_ITEM('',#2705,#2704);
#2707=PRESENTATION_STYLE_ASSIGNMENT((.NULL.));
#2708=STYLED_ITEM('',(#2707),#2706);
#2709=CARTESIAN_POINT('',(0.E0,0.E0,0.E0));
#2710=CARTESIAN_POINT('',(-8.740119599181E1,-7.374475911809E1,
3.018075980554E2));
#2711=DIRECTION('',(0.E0,0.E0,1.E0));
#2712=DIRECTION('',(1.E0,0.E0,0.E0));
#2713=AXIS2_PLACEMENT_3D('',#2710,#2711,#2712);
#2715=VIEW_VOLUME(.PARALLEL.,#2709,3.018075980554E2,3.018075980554E2,.T.,0.E0,
.F.,.T.,#2714);
#2716=CARTESIAN_POINT('',(3.010959724269E0,2.190531160602E1,3.219878510862E2));
#2717=DIRECTION('',(-2.711738920204E-1,-3.007818704648E-1,-9.143276145268E-1));
#2718=DIRECTION('',(-9.600629033078E-1,1.654814065067E-2,2.792944337670E-1));
#2719=AXIS2_PLACEMENT_3D('',#2716,#2717,#2718);
#2720=CAMERA_MODEL_D3('DEFAULT',#2719,#2715);
#2721=DRAUGHTING_MODEL('V_A',(#2726,#2728,#2730,#2741,#2742),#2594);
#2722=MECHANICAL_DESIGN_AND_DRAUGHTING_RELATIONSHIP('','',#2721,#2699);
#2723=CARTESIAN_POINT('',(0.E0,0.E0,0.E0));
#2724=DIRECTION('',(0.E0,0.E0,1.E0));
#2725=DIRECTION('',(1.E0,0.E0,0.E0));
#2726=AXIS2_PLACEMENT_3D('',#2723,#2724,#2725);
#2727=REPRESENTATION_MAP(#2726,#2602);
#2728=MAPPED_ITEM('',#2727,#2726);
#2729=PRESENTATION_STYLE_ASSIGNMENT((.NULL.));
#2730=STYLED_ITEM('',(#2729),#2728);
#2731=CARTESIAN_POINT('',(0.E0,0.E0,0.E0));
#2732=CARTESIAN_POINT('',(-3.235119599181E1,-4.824475911809E1,
3.445575980554E2));
#2733=DIRECTION('',(0.E0,0.E0,1.E0));
#2734=DIRECTION('',(1.E0,0.E0,0.E0));
#2735=AXIS2_PLACEMENT_3D('',#2732,#2733,#2734);
#2737=VIEW_VOLUME(.PARALLEL.,#2731,3.445575980554E2,3.445575980554E2,.T.,0.E0,
.F.,.T.,#2736);
#2738=CARTESIAN_POINT('',(-3.235119599181E1,-4.824475911809E1,
3.445575980554E2));
#2739=DIRECTION('',(0.E0,0.E0,-1.E0));
#2740=DIRECTION('',(-1.E0,0.E0,0.E0));
#2741=AXIS2_PLACEMENT_3D('',#2738,#2739,#2740);
#2742=CAMERA_MODEL_D3('FRONT',#2741,#2737);
#2743=DRAUGHTING_MODEL('S_A',(#2748,#2750,#2752,#2763,#2764),#2594);
#2744=MECHANICAL_DESIGN_AND_DRAUGHTING_RELATIONSHIP('','',#2743,#2699);
#2745=CARTESIAN_POINT('',(0.E0,0.E0,0.E0));
#2746=DIRECTION('',(0.E0,0.E0,1.E0));
#2747=DIRECTION('',(1.E0,0.E0,0.E0));
#2748=AXIS2_PLACEMENT_3D('',#2745,#2746,#2747);
#2749=REPRESENTATION_MAP(#2748,#2602);
#2750=MAPPED_ITEM('',#2749,#2748);
#2751=PRESENTATION_STYLE_ASSIGNMENT((.NULL.));
#2752=STYLED_ITEM('',(#2751),#2750);
#2753=CARTESIAN_POINT('',(0.E0,0.E0,0.E0));
#2754=CARTESIAN_POINT('',(-4.465119599181E1,-4.824475911809E1,
2.467575980554E2));
#2755=DIRECTION('',(0.E0,0.E0,1.E0));
#2756=DIRECTION('',(1.E0,0.E0,0.E0));
#2757=AXIS2_PLACEMENT_3D('',#2754,#2755,#2756);
#2759=VIEW_VOLUME(.PARALLEL.,#2753,2.467575980554E2,2.467575980554E2,.T.,0.E0,
.F.,.T.,#2758);
#2760=CARTESIAN_POINT('',(-2.467575980554E2,-4.824475911809E1,
-4.465119599181E1));
#2761=DIRECTION('',(1.E0,0.E0,0.E0));
#2762=DIRECTION('',(0.E0,0.E0,-1.E0));
#2763=AXIS2_PLACEMENT_3D('',#2760,#2761,#2762);
#2764=CAMERA_MODEL_D3('LEFT',#2763,#2759);
#2765=DRAUGHTING_MODEL('D_S',(#2770,#2772,#2774,#2785,#2786),#2594);
#2766=MECHANICAL_DESIGN_AND_DRAUGHTING_RELATIONSHIP('','',#2765,#2699);
#2767=CARTESIAN_POINT('',(0.E0,0.E0,0.E0));
#2768=DIRECTION('',(0.E0,0.E0,1.E0));
#2769=DIRECTION('',(1.E0,0.E0,0.E0));
#2770=AXIS2_PLACEMENT_3D('',#2767,#2768,#2769);
#2771=REPRESENTATION_MAP(#2770,#2602);
#2772=MAPPED_ITEM('',#2771,#2770);
#2773=PRESENTATION_STYLE_ASSIGNMENT((.NULL.));
#2774=STYLED_ITEM('',(#2773),#2772);
#2775=CARTESIAN_POINT('',(0.E0,0.E0,0.E0));
#2776=CARTESIAN_POINT('',(-3.235119599181E1,-1.164947591181E2,
3.273075980554E2));
#2777=DIRECTION('',(0.E0,0.E0,1.E0));
#2778=DIRECTION('',(1.E0,0.E0,0.E0));
#2779=AXIS2_PLACEMENT_3D('',#2776,#2777,#2778);
#2781=VIEW_VOLUME(.PARALLEL.,#2775,3.273075980554E2,3.273075980554E2,.T.,0.E0,
.F.,.T.,#2780);
#2782=CARTESIAN_POINT('',(-3.235119599181E1,3.273075980554E2,1.164947591181E2));
#2783=DIRECTION('',(0.E0,-1.E0,0.E0));
#2784=DIRECTION('',(-1.E0,0.E0,0.E0));
#2785=AXIS2_PLACEMENT_3D('',#2782,#2783,#2784);
#2786=CAMERA_MODEL_D3('TOP',#2785,#2781);
#2788=GENERAL_PROPERTY('','CAD_APPROVED_BY','user defined attribute');
#2789=GENERAL_PROPERTY_ASSOCIATION('user defined attribute','',#2788,#2787);
#2790=DESCRIPTIVE_REPRESENTATION_ITEM('CAD_APPROVED_BY','-');
#2794=GENERAL_PROPERTY('','CAD_APPROVED_ON','user defined attribute');
#2795=GENERAL_PROPERTY_ASSOCIATION('user defined attribute','',#2794,#2793);
#2796=DESCRIPTIVE_REPRESENTATION_ITEM('CAD_APPROVED_ON','jjjj-mm-dd');
#2800=GENERAL_PROPERTY('','CAD_CHANGE_NO','user defined attribute');
#2801=GENERAL_PROPERTY_ASSOCIATION('user defined attribute','',#2800,#2799);
#2802=DESCRIPTIVE_REPRESENTATION_ITEM('CAD_CHANGE_NO','-');
#2806=GENERAL_PROPERTY('','CAD_CHANGE_TEXT','user defined attribute');
#2807=GENERAL_PROPERTY_ASSOCIATION('user defined attribute','',#2806,#2805);
#2808=DESCRIPTIVE_REPRESENTATION_ITEM('CAD_CHANGE_TEXT','-');
#2812=GENERAL_PROPERTY('','CAD_CREATED_BY','user defined attribute');
#2813=GENERAL_PROPERTY_ASSOCIATION('user defined attribute','',#2812,#2811);
#2814=DESCRIPTIVE_REPRESENTATION_ITEM('CAD_CREATED_BY','-');
#2818=GENERAL_PROPERTY('','CAD_CREATED_ON','user defined attribute');
#2819=GENERAL_PROPERTY_ASSOCIATION('user defined attribute','',#2818,#2817);
#2820=DESCRIPTIVE_REPRESENTATION_ITEM('CAD_CREATED_ON','jjjj-mm-dd');
#2824=GENERAL_PROPERTY('','CAD_LIFECYCLE_STATE','user defined attribute');
#2825=GENERAL_PROPERTY_ASSOCIATION('user defined attribute','',#2824,#2823);
#2826=DESCRIPTIVE_REPRESENTATION_ITEM('CAD_LIFECYCLE_STATE','-');
#2830=GENERAL_PROPERTY('','CAD_MODIFIED_BY','user defined attribute');
#2831=GENERAL_PROPERTY_ASSOCIATION('user defined attribute','',#2830,#2829);
#2832=DESCRIPTIVE_REPRESENTATION_ITEM('CAD_MODIFIED_BY','-');
#2836=GENERAL_PROPERTY('','CAD_MODIFIED_ON','user defined attribute');
#2837=GENERAL_PROPERTY_ASSOCIATION('user defined attribute','',#2836,#2835);
#2838=DESCRIPTIVE_REPRESENTATION_ITEM('CAD_MODIFIED_ON','jjjj-mm-dd');
#2842=GENERAL_PROPERTY('','CAD_REVISION','user defined attribute');
#2843=GENERAL_PROPERTY_ASSOCIATION('user defined attribute','',#2842,#2841);
#2844=DESCRIPTIVE_REPRESENTATION_ITEM('CAD_REVISION','-');
#2848=GENERAL_PROPERTY('','DEPARTMENT','user defined attribute');
#2849=GENERAL_PROPERTY_ASSOCIATION('user defined attribute','',#2848,#2847);
#2850=DESCRIPTIVE_REPRESENTATION_ITEM('DEPARTMENT','DEV');
#2854=GENERAL_PROPERTY('','DESCRIPTION_1_DE','user defined attribute');
#2855=GENERAL_PROPERTY_ASSOCIATION('user defined attribute','',#2854,#2853);
#2856=DESCRIPTIVE_REPRESENTATION_ITEM('DESCRIPTION_1_DE','-');
#2860=GENERAL_PROPERTY('','DESCRIPTION_1_EN','user defined attribute');
#2861=GENERAL_PROPERTY_ASSOCIATION('user defined attribute','',#2860,#2859);
#2862=DESCRIPTIVE_REPRESENTATION_ITEM('DESCRIPTION_1_EN','-');
#2866=GENERAL_PROPERTY('','DESCRIPTION_2_DE','user defined attribute');
#2867=GENERAL_PROPERTY_ASSOCIATION('user defined attribute','',#2866,#2865);
#2868=DESCRIPTIVE_REPRESENTATION_ITEM('DESCRIPTION_2_DE','-');
#2872=GENERAL_PROPERTY('','DESCRIPTION_2_EN','user defined attribute');
#2873=GENERAL_PROPERTY_ASSOCIATION('user defined attribute','',#2872,#2871);
#2874=DESCRIPTIVE_REPRESENTATION_ITEM('DESCRIPTION_2_EN','-');
#2878=GENERAL_PROPERTY('','DRAWING_NO','user defined attribute');
#2879=GENERAL_PROPERTY_ASSOCIATION('user defined attribute','',#2878,#2877);
#2880=DESCRIPTIVE_REPRESENTATION_ITEM('DRAWING_NO','-');
#2884=GENERAL_PROPERTY('','MC_CHECKTYPE','user defined attribute');
#2885=GENERAL_PROPERTY_ASSOCIATION('user defined attribute','',#2884,#2883);
#2886=DESCRIPTIVE_REPRESENTATION_ITEM('MC_CHECKTYPE','SUT_INT_DE');
#2890=GENERAL_PROPERTY('','COATING','user defined attribute');
#2891=GENERAL_PROPERTY_ASSOCIATION('user defined attribute','',#2890,#2889);
#2892=DESCRIPTIVE_REPRESENTATION_ITEM('COATING','-');
#2896=GENERAL_PROPERTY('','COLORING','user defined attribute');
#2897=GENERAL_PROPERTY_ASSOCIATION('user defined attribute','',#2896,#2895);
#2898=DESCRIPTIVE_REPRESENTATION_ITEM('COLORING','-');
#2902=GENERAL_PROPERTY('','DESC_SEMIFINISHED','user defined attribute');
#2903=GENERAL_PROPERTY_ASSOCIATION('user defined attribute','',#2902,#2901);
#2904=DESCRIPTIVE_REPRESENTATION_ITEM('DESC_SEMIFINISHED','-');
#2908=GENERAL_PROPERTY('','DIMENSION','user defined attribute');
#2909=GENERAL_PROPERTY_ASSOCIATION('user defined attribute','',#2908,#2907);
#2910=DESCRIPTIVE_REPRESENTATION_ITEM('DIMENSION','-');
#2914=GENERAL_PROPERTY('','HARDNESS','user defined attribute');
#2915=GENERAL_PROPERTY_ASSOCIATION('user defined attribute','',#2914,#2913);
#2916=DESCRIPTIVE_REPRESENTATION_ITEM('HARDNESS','-');
#2920=GENERAL_PROPERTY('','MASS','user defined attribute');
#2921=GENERAL_PROPERTY_ASSOCIATION('user defined attribute','',#2920,#2919);
#2922=REAL_REPRESENTATION_ITEM('MASS',9.14E-1);
#2926=GENERAL_PROPERTY('','MATERIAL','user defined attribute');
#2927=GENERAL_PROPERTY_ASSOCIATION('user defined attribute','',#2926,#2925);
#2928=DESCRIPTIVE_REPRESENTATION_ITEM('MATERIAL','Stahl allg.');
#2932=GENERAL_PROPERTY('','PART_NO','user defined attribute');
#2933=GENERAL_PROPERTY_ASSOCIATION('user defined attribute','',#2932,#2931);
#2934=DESCRIPTIVE_REPRESENTATION_ITEM('PART_NO','-');
#2938=GENERAL_PROPERTY('','PART_NO_SEMIFINISHED','user defined attribute');
#2939=GENERAL_PROPERTY_ASSOCIATION('user defined attribute','',#2938,#2937);
#2940=DESCRIPTIVE_REPRESENTATION_ITEM('PART_NO_SEMIFINISHED','-');
#2944=GENERAL_PROPERTY('','STANDARD','user defined attribute');
#2945=GENERAL_PROPERTY_ASSOCIATION('user defined attribute','',#2944,#2943);
#2946=DESCRIPTIVE_REPRESENTATION_ITEM('STANDARD','-');
#2950=GENERAL_PROPERTY('','STANDARD_DIMENSION','user defined attribute');
#2951=GENERAL_PROPERTY_ASSOCIATION('user defined attribute','',#2950,#2949);
#2952=DESCRIPTIVE_REPRESENTATION_ITEM('STANDARD_DIMENSION','DIN EN ISO 14405');
#2956=GENERAL_PROPERTY('','STANDARD_EDGE','user defined attribute');
#2957=GENERAL_PROPERTY_ASSOCIATION('user defined attribute','',#2956,#2955);
#2958=DESCRIPTIVE_REPRESENTATION_ITEM('STANDARD_EDGE','ISO 13715');
#2962=GENERAL_PROPERTY('','STANDARD_INFO_DE','user defined attribute');
#2963=GENERAL_PROPERTY_ASSOCIATION('user defined attribute','',#2962,#2961);
#2964=DESCRIPTIVE_REPRESENTATION_ITEM('STANDARD_INFO_DE','-');
#2968=GENERAL_PROPERTY('','STANDARD_INFO_EN','user defined attribute');
#2969=GENERAL_PROPERTY_ASSOCIATION('user defined attribute','',#2968,#2967);
#2970=DESCRIPTIVE_REPRESENTATION_ITEM('STANDARD_INFO_EN','-');
#2974=GENERAL_PROPERTY('','STANDARD_SURFACE','user defined attribute');
#2975=GENERAL_PROPERTY_ASSOCIATION('user defined attribute','',#2974,#2973);
#2976=DESCRIPTIVE_REPRESENTATION_ITEM('STANDARD_SURFACE','ISO 1302');
#2980=GENERAL_PROPERTY('','STANDARD_TOL_CLASS','user defined attribute');
#2981=GENERAL_PROPERTY_ASSOCIATION('user defined attribute','',#2980,#2979);
#2982=DESCRIPTIVE_REPRESENTATION_ITEM('STANDARD_TOL_CLASS','ISO 2768-mK');
#2986=GENERAL_PROPERTY('','SUPPLIER','user defined attribute');
#2987=GENERAL_PROPERTY_ASSOCIATION('user defined attribute','',#2986,#2985);
#2988=DESCRIPTIVE_REPRESENTATION_ITEM('SUPPLIER','-');
#2992=GENERAL_PROPERTY('','CLASSIFICATION','user defined attribute');
#2993=GENERAL_PROPERTY_ASSOCIATION('user defined attribute','',#2992,#2991);
#2994=DESCRIPTIVE_REPRESENTATION_ITEM('CLASSIFICATION','FERTIGUNG');
#2998=GENERAL_PROPERTY('','CATEGORY','user defined attribute');
#2999=GENERAL_PROPERTY_ASSOCIATION('user defined attribute','',#2998,#2997);
#3000=INTEGER_REPRESENTATION_ITEM('CATEGORY',1);
#3004=GENERAL_PROPERTY('','PROJECT','user defined attribute');
#3005=GENERAL_PROPERTY_ASSOCIATION('user defined attribute','',#3004,#3003);
#3006=DESCRIPTIVE_REPRESENTATION_ITEM('PROJECT','-');
#3010=GENERAL_PROPERTY('','PROJECT_NO','user defined attribute');
#3011=GENERAL_PROPERTY_ASSOCIATION('user defined attribute','',#3010,#3009);
#3012=DESCRIPTIVE_REPRESENTATION_ITEM('PROJECT_NO','-');
#3016=GENERAL_PROPERTY('','ORDER_CODE','user defined attribute');
#3017=GENERAL_PROPERTY_ASSOCIATION('user defined attribute','',#3016,#3015);
#3018=DESCRIPTIVE_REPRESENTATION_ITEM('ORDER_CODE','-');
#3022=GENERAL_PROPERTY('','STANDARD_WELDING','user defined attribute');
#3023=GENERAL_PROPERTY_ASSOCIATION('user defined attribute','',#3022,#3021);
#3024=DESCRIPTIVE_REPRESENTATION_ITEM('STANDARD_WELDING','ISO 9692');
#3028=GENERAL_PROPERTY('','CUSTOMER','user defined attribute');
#3029=GENERAL_PROPERTY_ASSOCIATION('user defined attribute','',#3028,#3027);
#3030=DESCRIPTIVE_REPRESENTATION_ITEM('CUSTOMER','-');
#3034=GENERAL_PROPERTY('','HEAT_TREATMENT','user defined attribute');
#3035=GENERAL_PROPERTY_ASSOCIATION('user defined attribute','',#3034,#3033);
#3036=DESCRIPTIVE_REPRESENTATION_ITEM('HEAT_TREATMENT','-');
#3040=GENERAL_PROPERTY('','BESTELL','user defined attribute');
#3041=GENERAL_PROPERTY_ASSOCIATION('user defined attribute','',#3040,#3039);
#3042=DESCRIPTIVE_REPRESENTATION_ITEM('BESTELL','-');
#3046=GENERAL_PROPERTY('','BEMERKUNG','user defined attribute');
#3047=GENERAL_PROPERTY_ASSOCIATION('user defined attribute','',#3046,#3045);
#3048=DESCRIPTIVE_REPRESENTATION_ITEM('BEMERKUNG','-');
#3052=GENERAL_PROPERTY('','PTC_MASTER_MATERIAL','user defined attribute');
#3053=GENERAL_PROPERTY_ASSOCIATION('user defined attribute','',#3052,#3051);
#3054=DESCRIPTIVE_REPRESENTATION_ITEM('PTC_MASTER_MATERIAL','STAHL_ALLGEMEIN');
#1=COLOUR_RGB('',0.E0,7.450980392157E-1,9.215686274510E-1);
#2=DRAUGHTING_PRE_DEFINED_COLOUR('green');
#3=COLOUR_RGB('',1.1E-2,1.2E-2,1.E0);
#4=COLOUR_RGB('',2.156862745098E-1,0.E0,3.725490196078E-1);
#5=COLOUR_RGB('',4.1E-1,2.61589E-1,1.12848E-1);
#6=COLOUR_RGB('',4.705882352941E-1,3.137254901961E-1,3.333333333333E-1);
#7=COLOUR_RGB('',5.04854E-1,1.5455E-2,1.5455E-2);
#8=COLOUR_RGB('',6.35294E-1,6.86275E-1,7.4902E-1);
#9=COLOUR_RGB('',6.40777E-1,6.40777E-1,6.40777E-1);
#10=COLOUR_RGB('',6.69062E-1,6.69903E-1,6.55217E-1);
#11=COLOUR_RGB('',9.21569E-1,7.05882E-1,4.70588E-1);
#12=DRAUGHTING_PRE_DEFINED_COLOUR('red');
#13=DRAUGHTING_PRE_DEFINED_COLOUR('yellow');
#14=COLOUR_RGB('',1.E0,1.E0,5.3E-1);
#15=COLOUR_RGB('',1.E0,1.E0,9.49E-1);
#16=DRAUGHTING_PRE_DEFINED_COLOUR('white');
#37=CIRCLE('985',#36,1.6E0);
#42=CIRCLE('986',#41,1.6E0);
#47=CIRCLE('1015',#46,1.6E0);
#52=CIRCLE('1016',#51,1.6E0);
#81=CIRCLE('1413',#80,3.6E0);
#86=CIRCLE('1414',#85,3.6E0);
#127=CIRCLE('1560',#126,1.6E0);
#132=CIRCLE('1561',#131,1.6E0);
#137=CIRCLE('1562',#136,1.6E0);
#142=CIRCLE('1563',#141,1.6E0);
#207=CIRCLE('1568',#206,1.6E0);
#212=CIRCLE('1569',#211,1.6E0);
#217=CIRCLE('1570',#216,1.6E0);
#222=CIRCLE('1571',#221,1.6E0);
#291=CIRCLE('2200',#290,1.5E0);
#296=CIRCLE('2201',#295,1.5E0);
#325=CIRCLE('376',#324,1.25E0);
#330=CIRCLE('377',#329,1.25E0);
#335=CIRCLE('834',#334,1.25E0);
#340=CIRCLE('835',#339,1.25E0);
#345=CIRCLE('836',#344,1.25E0);
#350=CIRCLE('837',#349,1.25E0);
#355=CIRCLE('838',#354,1.25E0);
#360=CIRCLE('839',#359,1.25E0);
#365=CIRCLE('922',#364,3.E0);
#370=CIRCLE('923',#369,3.E0);
#375=CIRCLE('924',#374,3.E0);
#380=CIRCLE('925',#379,3.E0);
#389=CIRCLE('393',#388,1.25E0);
#394=CIRCLE('394',#393,1.25E0);
#399=CIRCLE('900',#398,1.25E0);
#404=CIRCLE('901',#403,1.25E0);
#409=CIRCLE('902',#408,1.25E0);
#414=CIRCLE('903',#413,1.25E0);
#419=CIRCLE('904',#418,1.25E0);
#424=CIRCLE('905',#423,1.25E0);
#429=CIRCLE('987',#428,1.6E0);
#434=CIRCLE('988',#433,1.6E0);
#439=CIRCLE('1017',#438,1.6E0);
#444=CIRCLE('1018',#443,1.6E0);
#461=CIRCLE('909',#460,3.E0);
#470=CIRCLE('908',#469,3.E0);
#479=CIRCLE('907',#478,3.E0);
#488=CIRCLE('906',#487,3.E0);
#537=CIRCLE('1417',#536,3.6E0);
#542=CIRCLE('1418',#541,3.6E0);
#880=EDGE_CURVE('76',#673,#674,#20,.T.);
#882=EDGE_CURVE('79',#678,#673,#24,.T.);
#884=EDGE_CURVE('78',#676,#678,#28,.T.);
#886=EDGE_CURVE('77',#674,#676,#32,.T.);
#890=EDGE_CURVE('985',#761,#762,#37,.T.);
#892=EDGE_CURVE('986',#762,#761,#42,.T.);
#896=EDGE_CURVE('1015',#769,#770,#47,.T.);
#898=EDGE_CURVE('1016',#770,#769,#52,.T.);
#902=ADVANCED_FACE('75',(#889,#895,#901),#879,.T.);
#909=EDGE_CURVE('88',#674,#682,#60,.T.);
#911=EDGE_CURVE('81',#681,#682,#610,.T.);
#913=EDGE_CURVE('86',#673,#681,#56,.T.);
#917=ADVANCED_FACE('85',(#916),#907,.T.);
#924=EDGE_CURVE('90',#676,#684,#90,.T.);
#926=EDGE_CURVE('82',#682,#684,#614,.T.);
#931=EDGE_CURVE('1358',#793,#794,#64,.T.);
#933=EDGE_CURVE('1359',#794,#796,#68,.T.);
#935=EDGE_CURVE('1360',#796,#798,#72,.T.);
#937=EDGE_CURVE('1361',#798,#793,#76,.T.);
#941=EDGE_CURVE('1413',#809,#810,#81,.T.);
#943=EDGE_CURVE('1414',#810,#809,#86,.T.);
#947=ADVANCED_FACE('87',(#930,#940,#946),#922,.T.);
#954=EDGE_CURVE('92',#678,#686,#154,.T.);
#956=EDGE_CURVE('83',#684,#686,#618,.T.);
#961=ADVANCED_FACE('89',(#960),#952,.T.);
#967=EDGE_CURVE('2124',#849,#856,#146,.T.);
#969=EDGE_CURVE('2150',#858,#856,#282,.T.);
#971=EDGE_CURVE('2127',#858,#853,#150,.T.);
#973=EDGE_CURVE('2139',#686,#853,#622,.T.);
#978=EDGE_CURVE('2140',#849,#681,#606,.T.);
#982=EDGE_CURVE('1556',#818,#822,#110,.T.);
#984=EDGE_CURVE('1559',#830,#818,#114,.T.);
#986=EDGE_CURVE('1558',#826,#830,#118,.T.);
#988=EDGE_CURVE('1557',#822,#826,#122,.T.);
#992=EDGE_CURVE('1560',#834,#838,#127,.T.);
#994=EDGE_CURVE('1561',#838,#834,#132,.T.);
#998=EDGE_CURVE('1562',#842,#846,#137,.T.);
#1000=EDGE_CURVE('1563',#846,#842,#142,.T.);
#1004=EDGE_CURVE('1308',#777,#778,#94,.T.);
#1006=EDGE_CURVE('1311',#782,#777,#98,.T.);
#1008=EDGE_CURVE('1310',#780,#782,#102,.T.);
#1010=EDGE_CURVE('1309',#778,#780,#106,.T.);
#1014=ADVANCED_FACE('91',(#981,#991,#997,#1003,#1013),#966,.T.);
#1021=EDGE_CURVE('1317',#786,#778,#162,.T.);
#1023=EDGE_CURVE('1312',#785,#786,#174,.T.);
#1025=EDGE_CURVE('1316',#785,#777,#158,.T.);
#1029=ADVANCED_FACE('1300',(#1028),#1019,.F.);
#1036=EDGE_CURVE('1318',#788,#780,#166,.T.);
#1038=EDGE_CURVE('1313',#786,#788,#178,.T.);
#1043=ADVANCED_FACE('1302',(#1042),#1034,.F.);
#1050=EDGE_CURVE('1319',#790,#782,#170,.T.);
#1052=EDGE_CURVE('1314',#788,#790,#182,.T.);
#1057=ADVANCED_FACE('1304',(#1056),#1048,.F.);
#1065=EDGE_CURVE('1315',#790,#785,#186,.T.);
#1070=ADVANCED_FACE('1306',(#1069),#1062,.F.);
#1076=EDGE_CURVE('2138',#866,#861,#226,.T.);
#1078=EDGE_CURVE('2141',#752,#861,#670,.T.);
#1080=EDGE_CURVE('961',#748,#752,#230,.T.);
#1082=EDGE_CURVE('916',#694,#748,#234,.T.);
#1084=EDGE_CURVE('162',#693,#694,#474,.T.);
#1086=EDGE_CURVE('917',#693,#750,#238,.T.);
#1088=EDGE_CURVE('960',#758,#750,#242,.T.);
#1090=EDGE_CURVE('2142',#758,#866,#246,.T.);
#1094=EDGE_CURVE('1564',#817,#821,#190,.T.);
#1096=EDGE_CURVE('1565',#821,#825,#194,.T.);
#1098=EDGE_CURVE('1566',#825,#829,#198,.T.);
#1100=EDGE_CURVE('1567',#829,#817,#202,.T.);
#1104=EDGE_CURVE('1568',#833,#837,#207,.T.);
#1106=EDGE_CURVE('1569',#837,#833,#212,.T.);
#1110=EDGE_CURVE('1570',#841,#845,#217,.T.);
#1112=EDGE_CURVE('1571',#845,#841,#222,.T.);
#1122=ADVANCED_FACE('106',(#1093,#1103,#1109,#1115,#1121),#1075,.F.);
#1128=EDGE_CURVE('1505',#817,#818,#250,.T.);
#1131=EDGE_CURVE('1506',#821,#822,#262,.T.);
#1136=ADVANCED_FACE('1489',(#1135),#1127,.F.);
#1144=EDGE_CURVE('1508',#829,#830,#254,.T.);
#1149=ADVANCED_FACE('1495',(#1148),#1141,.F.);
#1155=EDGE_CURVE('1507',#825,#826,#258,.T.);
#1162=ADVANCED_FACE('1493',(#1161),#1154,.F.);
#1174=ADVANCED_FACE('1491',(#1173),#1167,.F.);
#1180=EDGE_CURVE('1552',#833,#834,#266,.T.);
#1183=EDGE_CURVE('1553',#837,#838,#270,.T.);
#1188=ADVANCED_FACE('1532',(#1187),#1179,.F.);
#1200=ADVANCED_FACE('1534',(#1199),#1193,.F.);
#1206=EDGE_CURVE('1554',#841,#842,#274,.T.);
#1209=EDGE_CURVE('1555',#845,#846,#278,.T.);
#1214=ADVANCED_FACE('1536',(#1213),#1205,.F.);
#1226=ADVANCED_FACE('1538',(#1225),#1219,.F.);
#1233=EDGE_CURVE('2132',#865,#866,#300,.T.);
#1235=EDGE_CURVE('2145',#865,#870,#550,.T.);
#1237=EDGE_CURVE('2148',#858,#870,#634,.T.);
#1240=EDGE_CURVE('2147',#856,#868,#286,.T.);
#1242=EDGE_CURVE('2144',#868,#862,#586,.T.);
#1244=EDGE_CURVE('2129',#861,#862,#650,.T.);
#1248=EDGE_CURVE('2200',#873,#874,#291,.T.);
#1250=EDGE_CURVE('2201',#873,#874,#296,.T.);
#1254=ADVANCED_FACE('2045',(#1247,#1253),#1231,.F.);
#1262=EDGE_CURVE('959',#744,#758,#304,.T.);
#1264=EDGE_CURVE('914',#730,#744,#308,.T.);
#1266=EDGE_CURVE('919',#734,#730,#465,.T.);
#1268=EDGE_CURVE('915',#734,#746,#312,.T.);
#1270=EDGE_CURVE('958',#756,#746,#316,.T.);
#1272=EDGE_CURVE('2136',#756,#865,#320,.T.);
#1276=ADVANCED_FACE('105',(#1275),#1259,.F.);
#1282=EDGE_CURVE('922',#736,#740,#365,.T.);
#1284=EDGE_CURVE('955',#736,#754,#654,.T.);
#1286=EDGE_CURVE('956',#754,#740,#578,.T.);
#1290=EDGE_CURVE('838',#713,#714,#355,.T.);
#1292=EDGE_CURVE('839',#714,#713,#360,.T.);
#1296=ADVANCED_FACE('146',(#1289,#1295),#1281,.T.);
#1302=EDGE_CURVE('923',#748,#738,#370,.T.);
#1305=EDGE_CURVE('954',#752,#738,#666,.T.);
#1309=EDGE_CURVE('376',#697,#698,#325,.T.);
#1311=EDGE_CURVE('377',#698,#697,#330,.T.);
#1315=ADVANCED_FACE('146',(#1308,#1314),#1301,.T.);
#1321=EDGE_CURVE('924',#744,#750,#375,.T.);
#1327=EDGE_CURVE('836',#709,#710,#345,.T.);
#1329=EDGE_CURVE('837',#710,#709,#350,.T.);
#1333=ADVANCED_FACE('146',(#1326,#1332),#1320,.T.);
#1339=EDGE_CURVE('925',#742,#746,#380,.T.);
#1341=EDGE_CURVE('957',#742,#756,#554,.T.);
#1346=EDGE_CURVE('834',#705,#706,#335,.T.);
#1348=EDGE_CURVE('835',#706,#705,#340,.T.);
#1352=ADVANCED_FACE('146',(#1345,#1351),#1338,.T.);
#1358=EDGE_CURVE('393',#701,#702,#389,.T.);
#1360=EDGE_CURVE('399',#702,#697,#384,.T.);
#1363=EDGE_CURVE('400',#701,#698,#492,.T.);
#1367=ADVANCED_FACE('382',(#1366),#1357,.F.);
#1374=EDGE_CURVE('394',#702,#701,#394,.T.);
#1378=ADVANCED_FACE('102',(#1377),#1372,.F.);
#1384=EDGE_CURVE('900',#717,#718,#399,.T.);
#1386=EDGE_CURVE('901',#718,#717,#404,.T.);
#1390=ADVANCED_FACE('102',(#1389),#1383,.F.);
#1396=EDGE_CURVE('902',#721,#722,#409,.T.);
#1398=EDGE_CURVE('903',#722,#721,#414,.T.);
#1402=ADVANCED_FACE('102',(#1401),#1395,.F.);
#1408=EDGE_CURVE('904',#725,#726,#419,.T.);
#1410=EDGE_CURVE('905',#726,#725,#424,.T.);
#1414=ADVANCED_FACE('102',(#1413),#1407,.F.);
#1420=EDGE_CURVE('1460',#728,#805,#448,.T.);
#1422=EDGE_CURVE('1368',#796,#805,#646,.T.);
#1425=EDGE_CURVE('1367',#794,#802,#452,.T.);
#1427=EDGE_CURVE('1461',#802,#733,#456,.T.);
#1429=EDGE_CURVE('909',#733,#734,#461,.T.);
#1432=EDGE_CURVE('908',#730,#693,#470,.T.);
#1435=EDGE_CURVE('907',#694,#689,#479,.T.);
#1437=EDGE_CURVE('161',#689,#690,#483,.T.);
#1439=EDGE_CURVE('906',#690,#728,#488,.T.);
#1443=EDGE_CURVE('987',#765,#766,#429,.T.);
#1445=EDGE_CURVE('988',#766,#765,#434,.T.);
#1449=EDGE_CURVE('1017',#773,#774,#439,.T.);
#1451=EDGE_CURVE('1018',#774,#773,#444,.T.);
#1455=ADVANCED_FACE('102',(#1442,#1448,#1454),#1419,.F.);
#1467=ADVANCED_FACE('384',(#1466),#1460,.F.);
#1474=EDGE_CURVE('926',#718,#705,#496,.T.);
#1477=EDGE_CURVE('927',#717,#706,#500,.T.);
#1481=ADVANCED_FACE('852',(#1480),#1472,.F.);
#1493=ADVANCED_FACE('854',(#1492),#1486,.F.);
#1500=EDGE_CURVE('928',#722,#709,#504,.T.);
#1503=EDGE_CURVE('929',#721,#710,#508,.T.);
#1507=ADVANCED_FACE('856',(#1506),#1498,.F.);
#1519=ADVANCED_FACE('858',(#1518),#1512,.F.);
#1526=EDGE_CURVE('930',#726,#713,#512,.T.);
#1529=EDGE_CURVE('931',#725,#714,#516,.T.);
#1533=ADVANCED_FACE('860',(#1532),#1524,.F.);
#1545=ADVANCED_FACE('862',(#1544),#1538,.F.);
#1552=EDGE_CURVE('989',#765,#761,#520,.T.);
#1555=EDGE_CURVE('990',#766,#762,#524,.T.);
#1559=ADVANCED_FACE('979',(#1558),#1550,.F.);
#1571=ADVANCED_FACE('981',(#1570),#1564,.F.);
#1578=EDGE_CURVE('1019',#773,#769,#528,.T.);
#1581=EDGE_CURVE('1020',#774,#770,#532,.T.);
#1585=ADVANCED_FACE('1009',(#1584),#1576,.F.);
#1597=ADVANCED_FACE('1011',(#1596),#1590,.F.);
#1603=EDGE_CURVE('2134',#850,#854,#630,.T.);
#1605=EDGE_CURVE('2146',#870,#854,#546,.T.);
#1610=EDGE_CURVE('913',#733,#742,#558,.T.);
#1613=EDGE_CURVE('1362',#801,#802,#562,.T.);
#1615=EDGE_CURVE('1365',#806,#801,#566,.T.);
#1617=EDGE_CURVE('1364',#805,#806,#570,.T.);
#1620=EDGE_CURVE('912',#728,#740,#574,.T.);
#1623=EDGE_CURVE('2135',#754,#862,#582,.T.);
#1626=EDGE_CURVE('2143',#850,#868,#590,.T.);
#1630=EDGE_CURVE('1417',#813,#814,#537,.T.);
#1632=EDGE_CURVE('1418',#814,#813,#542,.T.);
#1636=ADVANCED_FACE('104',(#1629,#1635),#1602,.F.);
#1643=EDGE_CURVE('1421',#809,#813,#594,.T.);
#1646=EDGE_CURVE('1422',#810,#814,#598,.T.);
#1650=ADVANCED_FACE('1401',(#1649),#1641,.F.);
#1662=ADVANCED_FACE('1403',(#1661),#1655,.F.);
#1668=EDGE_CURVE('2122',#849,#850,#602,.T.);
#1675=EDGE_CURVE('2123',#853,#854,#626,.T.);
#1680=ADVANCED_FACE('80',(#1679),#1667,.F.);
#1692=ADVANCED_FACE('2111',(#1691),#1685,.F.);
#1704=ADVANCED_FACE('2117',(#1703),#1697,.F.);
#1716=ADVANCED_FACE('884',(#1715),#1709,.T.);
#1723=EDGE_CURVE('1366',#793,#801,#638,.T.);
#1729=ADVANCED_FACE('1350',(#1728),#1721,.F.);
#1736=EDGE_CURVE('1369',#798,#806,#642,.T.);
#1742=ADVANCED_FACE('1356',(#1741),#1734,.F.);
#1754=ADVANCED_FACE('1354',(#1753),#1747,.F.);
#1761=EDGE_CURVE('910',#690,#736,#658,.T.);
#1767=ADVANCED_FACE('866',(#1766),#1759,.T.);
#1778=EDGE_CURVE('911',#689,#738,#662,.T.);
#1784=ADVANCED_FACE('103',(#1783),#1772,.F.);
#1796=ADVANCED_FACE('870',(#1795),#1789,.T.);
#1808=ADVANCED_FACE('878',(#1807),#1801,.T.);
#1818=ADVANCED_FACE('2196',(#1817),#1813,.T.);
#1819=CLOSED_SHELL('',(#902,#917,#947,#961,#1014,#1029,#1043,#1057,#1070,#1122,
#1136,#1149,#1162,#1174,#1188,#1200,#1214,#1226,#1254,#1276,#1296,#1315,#1333,
#1352,#1367,#1378,#1390,#1402,#1414,#1455,#1467,#1481,#1493,#1507,#1519,#1533,
#1545,#1559,#1571,#1585,#1597,#1636,#1650,#1662,#1680,#1692,#1704,#1716,#1729,
#1742,#1754,#1767,#1784,#1796,#1808,#1818));
#1820=MANIFOLD_SOLID_BREP('',#1819);
#1848=TRIMMED_CURVE('ACHSE_X',#1847,(PARAMETER_VALUE(0.E0)),(PARAMETER_VALUE(
1.E0)),.T.,.UNSPECIFIED.);
#1856=TRIMMED_CURVE('ACHSE_Y',#1855,(PARAMETER_VALUE(0.E0)),(PARAMETER_VALUE(
1.E0)),.T.,.UNSPECIFIED.);
#1864=TRIMMED_CURVE('ACHSE_Z',#1863,(PARAMETER_VALUE(0.E0)),(PARAMETER_VALUE(
1.E0)),.T.,.UNSPECIFIED.);
#1872=TRIMMED_CURVE('67',#1871,(PARAMETER_VALUE(0.E0)),(PARAMETER_VALUE(1.E0)),
.T.,.UNSPECIFIED.);
#1876=COMPOSITE_CURVE_SEGMENT(.CONTINUOUS.,.T.,#1872);
#1881=TRIMMED_CURVE('68',#1880,(PARAMETER_VALUE(0.E0)),(PARAMETER_VALUE(1.E0)),
.T.,.UNSPECIFIED.);
#1885=COMPOSITE_CURVE_SEGMENT(.CONTINUOUS.,.T.,#1881);
#1890=TRIMMED_CURVE('69',#1889,(PARAMETER_VALUE(0.E0)),(PARAMETER_VALUE(1.E0)),
.T.,.UNSPECIFIED.);
#1894=COMPOSITE_CURVE_SEGMENT(.CONTINUOUS.,.T.,#1890);
#1899=TRIMMED_CURVE('70',#1898,(PARAMETER_VALUE(0.E0)),(PARAMETER_VALUE(1.E0)),
.T.,.UNSPECIFIED.);
#1903=COMPOSITE_CURVE_SEGMENT(.CONTINUOUS.,.T.,#1899);
#1904=COMPOSITE_CURVE('66',(#1876,#1885,#1894,#1903),.F.);
#1910=CIRCLE('368',#1909,1.25E0);
#1911=TRIMMED_CURVE('368',#1910,(PARAMETER_VALUE(1.8E2)),(PARAMETER_VALUE
(0.E0)),.F.,.UNSPECIFIED.);
#1915=COMPOSITE_CURVE_SEGMENT(.CONTINUOUS.,.T.,#1911);
#1920=CIRCLE('369',#1919,1.25E0);
#1921=TRIMMED_CURVE('369',#1920,(PARAMETER_VALUE(1.8E2)),(PARAMETER_VALUE
(0.E0)),.F.,.UNSPECIFIED.);
#1925=COMPOSITE_CURVE_SEGMENT(.CONTINUOUS.,.T.,#1921);
#1926=COMPOSITE_CURVE('365',(#1915,#1925),.F.);
#1931=CIRCLE('798',#1930,1.25E0);
#1932=TRIMMED_CURVE('798',#1931,(PARAMETER_VALUE(1.8E2)),(PARAMETER_VALUE
(0.E0)),.F.,.UNSPECIFIED.);
#1936=COMPOSITE_CURVE_SEGMENT(.CONTINUOUS.,.T.,#1932);
#1941=CIRCLE('799',#1940,1.25E0);
#1942=TRIMMED_CURVE('799',#1941,(PARAMETER_VALUE(1.8E2)),(PARAMETER_VALUE
(0.E0)),.F.,.UNSPECIFIED.);
#1946=COMPOSITE_CURVE_SEGMENT(.CONTINUOUS.,.T.,#1942);
#1947=COMPOSITE_CURVE('791',(#1936,#1946),.F.);
#1952=CIRCLE('800',#1951,1.25E0);
#1953=TRIMMED_CURVE('800',#1952,(PARAMETER_VALUE(1.8E2)),(PARAMETER_VALUE
(0.E0)),.F.,.UNSPECIFIED.);
#1957=COMPOSITE_CURVE_SEGMENT(.CONTINUOUS.,.T.,#1953);
#1962=CIRCLE('801',#1961,1.25E0);
#1963=TRIMMED_CURVE('801',#1962,(PARAMETER_VALUE(1.8E2)),(PARAMETER_VALUE
(0.E0)),.F.,.UNSPECIFIED.);
#1967=COMPOSITE_CURVE_SEGMENT(.CONTINUOUS.,.T.,#1963);
#1968=COMPOSITE_CURVE('792',(#1957,#1967),.F.);
#1973=CIRCLE('802',#1972,1.25E0);
#1974=TRIMMED_CURVE('802',#1973,(PARAMETER_VALUE(1.8E2)),(PARAMETER_VALUE
(0.E0)),.F.,.UNSPECIFIED.);
#1978=COMPOSITE_CURVE_SEGMENT(.CONTINUOUS.,.T.,#1974);
#1983=CIRCLE('803',#1982,1.25E0);
#1984=TRIMMED_CURVE('803',#1983,(PARAMETER_VALUE(1.8E2)),(PARAMETER_VALUE
(0.E0)),.F.,.UNSPECIFIED.);
#1988=COMPOSITE_CURVE_SEGMENT(.CONTINUOUS.,.T.,#1984);
#1989=COMPOSITE_CURVE('793',(#1978,#1988),.F.);
#1994=TRIMMED_CURVE('804',#1993,(PARAMETER_VALUE(0.E0)),(PARAMETER_VALUE(1.E0)),
.T.,.UNSPECIFIED.);
#1998=COMPOSITE_CURVE_SEGMENT(.CONTINUOUS.,.T.,#1994);
#2003=CIRCLE('805',#2002,3.E0);
#2004=TRIMMED_CURVE('805',#2003,(PARAMETER_VALUE(0.E0)),(PARAMETER_VALUE
(2.7E2)),.T.,.UNSPECIFIED.);
#2008=COMPOSITE_CURVE_SEGMENT(.CONTINUOUS.,.T.,#2004);
#2013=TRIMMED_CURVE('806',#2012,(PARAMETER_VALUE(0.E0)),(PARAMETER_VALUE(1.E0)),
.T.,.UNSPECIFIED.);
#2017=COMPOSITE_CURVE_SEGMENT(.CONTINUOUS.,.T.,#2013);
#2018=COMPOSITE_CURVE('794',(#1998,#2008,#2017),.F.);
#2023=CIRCLE('807',#2022,3.E0);
#2024=TRIMMED_CURVE('807',#2023,(PARAMETER_VALUE(0.E0)),(PARAMETER_VALUE
(2.7E2)),.T.,.UNSPECIFIED.);
#2028=COMPOSITE_CURVE_SEGMENT(.CONTINUOUS.,.T.,#2024);
#2033=TRIMMED_CURVE('808',#2032,(PARAMETER_VALUE(0.E0)),(PARAMETER_VALUE(1.E0)),
.T.,.UNSPECIFIED.);
#2037=COMPOSITE_CURVE_SEGMENT(.CONTINUOUS.,.T.,#2033);
#2042=TRIMMED_CURVE('809',#2041,(PARAMETER_VALUE(0.E0)),(PARAMETER_VALUE(1.E0)),
.T.,.UNSPECIFIED.);
#2046=COMPOSITE_CURVE_SEGMENT(.CONTINUOUS.,.T.,#2042);
#2047=COMPOSITE_CURVE('795',(#2028,#2037,#2046),.F.);
#2052=TRIMMED_CURVE('810',#2051,(PARAMETER_VALUE(0.E0)),(PARAMETER_VALUE(1.E0)),
.T.,.UNSPECIFIED.);
#2056=COMPOSITE_CURVE_SEGMENT(.CONTINUOUS.,.T.,#2052);
#2061=CIRCLE('811',#2060,3.E0);
#2062=TRIMMED_CURVE('811',#2061,(PARAMETER_VALUE(0.E0)),(PARAMETER_VALUE
(2.7E2)),.T.,.UNSPECIFIED.);
#2066=COMPOSITE_CURVE_SEGMENT(.CONTINUOUS.,.T.,#2062);
#2071=TRIMMED_CURVE('812',#2070,(PARAMETER_VALUE(0.E0)),(PARAMETER_VALUE(1.E0)),
.T.,.UNSPECIFIED.);
#2075=COMPOSITE_CURVE_SEGMENT(.CONTINUOUS.,.T.,#2071);
#2076=COMPOSITE_CURVE('796',(#2056,#2066,#2075),.F.);
#2081=TRIMMED_CURVE('813',#2080,(PARAMETER_VALUE(0.E0)),(PARAMETER_VALUE(1.E0)),
.T.,.UNSPECIFIED.);
#2085=COMPOSITE_CURVE_SEGMENT(.CONTINUOUS.,.T.,#2081);
#2090=CIRCLE('814',#2089,3.E0);
#2091=TRIMMED_CURVE('814',#2090,(PARAMETER_VALUE(0.E0)),(PARAMETER_VALUE
(2.7E2)),.T.,.UNSPECIFIED.);
#2095=COMPOSITE_CURVE_SEGMENT(.CONTINUOUS.,.T.,#2091);
#2100=TRIMMED_CURVE('815',#2099,(PARAMETER_VALUE(0.E0)),(PARAMETER_VALUE(1.E0)),
.T.,.UNSPECIFIED.);
#2104=COMPOSITE_CURVE_SEGMENT(.CONTINUOUS.,.T.,#2100);
#2105=COMPOSITE_CURVE('797',(#2085,#2095,#2104),.F.);
#2110=TRIMMED_CURVE('A_3',#2109,(PARAMETER_VALUE(0.E0)),(PARAMETER_VALUE(1.E0)),
.T.,.UNSPECIFIED.);
#2118=TRIMMED_CURVE('A_4',#2117,(PARAMETER_VALUE(0.E0)),(PARAMETER_VALUE(1.E0)),
.T.,.UNSPECIFIED.);
#2126=TRIMMED_CURVE('A_5',#2125,(PARAMETER_VALUE(0.E0)),(PARAMETER_VALUE(1.E0)),
.T.,.UNSPECIFIED.);
#2134=TRIMMED_CURVE('A_6',#2133,(PARAMETER_VALUE(0.E0)),(PARAMETER_VALUE(1.E0)),
.T.,.UNSPECIFIED.);
#2147=SHAPE_ASPECT('','',#2614,.F.);
#2148=PROPERTY_DEFINITION('PTC_ACTUAL_PAT_MEMBERS','user defined attribute',
#2147);
#2152=(LENGTH_UNIT()NAMED_UNIT(*)SI_UNIT(.MILLI.,.METRE.));
#2153=(NAMED_UNIT(*)PLANE_ANGLE_UNIT()SI_UNIT($,.RADIAN.));
#2156=(NAMED_UNIT(*)SI_UNIT($,.STERADIAN.)SOLID_ANGLE_UNIT());
#2158=(GEOMETRIC_REPRESENTATION_CONTEXT(3)GLOBAL_UNCERTAINTY_ASSIGNED_CONTEXT((
#2157))GLOBAL_UNIT_ASSIGNED_CONTEXT((#2152,#2155,#2156))REPRESENTATION_CONTEXT(
'ID1','3'));
#2159=REPRESENTATION('',(#2151),#2158);
#2160=PROPERTY_DEFINITION_REPRESENTATION(#2148,#2159);
#2161=SHAPE_REPRESENTATION('',(#2146),#2158);
#2162=SHAPE_DEFINITION_REPRESENTATION(#2147,#2161);
#2167=SHAPE_ASPECT('','',#2614,.F.);
#2168=PROPERTY_DEFINITION('PTC_ACTUAL_PAT_MEMBERS','user defined attribute',
#2167);
#2172=REPRESENTATION('',(#2171),#2158);
#2173=PROPERTY_DEFINITION_REPRESENTATION(#2168,#2172);
#2174=SHAPE_REPRESENTATION('',(#2166),#2158);
#2175=SHAPE_DEFINITION_REPRESENTATION(#2167,#2174);
#2180=TRIMMED_CURVE('A_7',#2179,(PARAMETER_VALUE(0.E0)),(PARAMETER_VALUE(1.E0)),
.T.,.UNSPECIFIED.);
#2188=TRIMMED_CURVE('A_8',#2187,(PARAMETER_VALUE(0.E0)),(PARAMETER_VALUE(1.E0)),
.T.,.UNSPECIFIED.);
#2196=TRIMMED_CURVE('1283',#2195,(PARAMETER_VALUE(0.E0)),(PARAMETER_VALUE
(1.E0)),.T.,.UNSPECIFIED.);
#2200=COMPOSITE_CURVE_SEGMENT(.CONTINUOUS.,.T.,#2196);
#2205=TRIMMED_CURVE('1284',#2204,(PARAMETER_VALUE(0.E0)),(PARAMETER_VALUE
(1.E0)),.T.,.UNSPECIFIED.);
#2209=COMPOSITE_CURVE_SEGMENT(.CONTINUOUS.,.T.,#2205);
#2214=TRIMMED_CURVE('1285',#2213,(PARAMETER_VALUE(0.E0)),(PARAMETER_VALUE
(1.E0)),.T.,.UNSPECIFIED.);
#2218=COMPOSITE_CURVE_SEGMENT(.CONTINUOUS.,.T.,#2214);
#2223=TRIMMED_CURVE('1286',#2222,(PARAMETER_VALUE(0.E0)),(PARAMETER_VALUE
(1.E0)),.T.,.UNSPECIFIED.);
#2227=COMPOSITE_CURVE_SEGMENT(.CONTINUOUS.,.T.,#2223);
#2228=COMPOSITE_CURVE('1282',(#2200,#2209,#2218,#2227),.F.);
#2233=TRIMMED_CURVE('1333',#2232,(PARAMETER_VALUE(0.E0)),(PARAMETER_VALUE
(1.E0)),.T.,.UNSPECIFIED.);
#2237=COMPOSITE_CURVE_SEGMENT(.CONTINUOUS.,.T.,#2233);
#2242=TRIMMED_CURVE('1334',#2241,(PARAMETER_VALUE(0.E0)),(PARAMETER_VALUE
(1.E0)),.T.,.UNSPECIFIED.);
#2246=COMPOSITE_CURVE_SEGMENT(.CONTINUOUS.,.T.,#2242);
#2251=TRIMMED_CURVE('1335',#2250,(PARAMETER_VALUE(0.E0)),(PARAMETER_VALUE
(1.E0)),.T.,.UNSPECIFIED.);
#2255=COMPOSITE_CURVE_SEGMENT(.CONTINUOUS.,.T.,#2251);
#2260=TRIMMED_CURVE('1336',#2259,(PARAMETER_VALUE(0.E0)),(PARAMETER_VALUE
(1.E0)),.T.,.UNSPECIFIED.);
#2264=COMPOSITE_CURVE_SEGMENT(.CONTINUOUS.,.T.,#2260);
#2265=COMPOSITE_CURVE('1332',(#2237,#2246,#2255,#2264),.F.);
#2270=CIRCLE('1384',#2269,3.6E0);
#2271=TRIMMED_CURVE('1384',#2270,(PARAMETER_VALUE(0.E0)),(PARAMETER_VALUE
(1.8E2)),.T.,.UNSPECIFIED.);
#2275=COMPOSITE_CURVE_SEGMENT(.CONTINUOUS.,.T.,#2271);
#2280=CIRCLE('1385',#2279,3.6E0);
#2281=TRIMMED_CURVE('1385',#2280,(PARAMETER_VALUE(0.E0)),(PARAMETER_VALUE
(1.8E2)),.T.,.UNSPECIFIED.);
#2285=COMPOSITE_CURVE_SEGMENT(.CONTINUOUS.,.T.,#2281);
#2286=COMPOSITE_CURVE('1382',(#2275,#2285),.F.);
#2291=CIRCLE('1520',#2290,1.6E0);
#2292=TRIMMED_CURVE('1520',#2291,(PARAMETER_VALUE(0.E0)),(PARAMETER_VALUE
(1.8E2)),.T.,.UNSPECIFIED.);
#2296=COMPOSITE_CURVE_SEGMENT(.CONTINUOUS.,.T.,#2292);
#2301=CIRCLE('1521',#2300,1.6E0);
#2302=TRIMMED_CURVE('1521',#2301,(PARAMETER_VALUE(0.E0)),(PARAMETER_VALUE
(1.8E2)),.T.,.UNSPECIFIED.);
#2306=COMPOSITE_CURVE_SEGMENT(.CONTINUOUS.,.T.,#2302);
#2307=COMPOSITE_CURVE('1518',(#2296,#2306),.F.);
#2312=CIRCLE('1522',#2311,1.6E0);
#2313=TRIMMED_CURVE('1522',#2312,(PARAMETER_VALUE(0.E0)),(PARAMETER_VALUE
(1.8E2)),.T.,.UNSPECIFIED.);
#2317=COMPOSITE_CURVE_SEGMENT(.CONTINUOUS.,.T.,#2313);
#2322=CIRCLE('1523',#2321,1.6E0);
#2323=TRIMMED_CURVE('1523',#2322,(PARAMETER_VALUE(0.E0)),(PARAMETER_VALUE
(1.8E2)),.T.,.UNSPECIFIED.);
#2327=COMPOSITE_CURVE_SEGMENT(.CONTINUOUS.,.T.,#2323);
#2328=COMPOSITE_CURVE('1519',(#2317,#2327),.F.);
#2333=TRIMMED_CURVE('1472',#2332,(PARAMETER_VALUE(0.E0)),(PARAMETER_VALUE
(1.E0)),.T.,.UNSPECIFIED.);
#2337=COMPOSITE_CURVE_SEGMENT(.CONTINUOUS.,.T.,#2333);
#2342=TRIMMED_CURVE('1473',#2341,(PARAMETER_VALUE(0.E0)),(PARAMETER_VALUE
(1.E0)),.T.,.UNSPECIFIED.);
#2346=COMPOSITE_CURVE_SEGMENT(.CONTINUOUS.,.T.,#2342);
#2351=TRIMMED_CURVE('1474',#2350,(PARAMETER_VALUE(0.E0)),(PARAMETER_VALUE
(1.E0)),.T.,.UNSPECIFIED.);
#2355=COMPOSITE_CURVE_SEGMENT(.CONTINUOUS.,.T.,#2351);
#2360=TRIMMED_CURVE('1475',#2359,(PARAMETER_VALUE(0.E0)),(PARAMETER_VALUE
(1.E0)),.T.,.UNSPECIFIED.);
#2364=COMPOSITE_CURVE_SEGMENT(.CONTINUOUS.,.T.,#2360);
#2365=COMPOSITE_CURVE('1471',(#2337,#2346,#2355,#2364),.F.);
#2370=TRIMMED_CURVE('A_9',#2369,(PARAMETER_VALUE(0.E0)),(PARAMETER_VALUE(1.E0)),
.T.,.UNSPECIFIED.);
#2378=TRIMMED_CURVE('A_11',#2377,(PARAMETER_VALUE(0.E0)),(PARAMETER_VALUE
(1.E0)),.T.,.UNSPECIFIED.);
#2386=TRIMMED_CURVE('A_12',#2385,(PARAMETER_VALUE(0.E0)),(PARAMETER_VALUE
(1.E0)),.T.,.UNSPECIFIED.);
#2394=TRIMMED_CURVE('1576',#2393,(PARAMETER_VALUE(0.E0)),(PARAMETER_VALUE
(1.E0)),.T.,.UNSPECIFIED.);
#2398=COMPOSITE_CURVE_SEGMENT(.CONTINUOUS.,.T.,#2394);
#2403=TRIMMED_CURVE('1577',#2402,(PARAMETER_VALUE(0.E0)),(PARAMETER_VALUE
(1.E0)),.T.,.UNSPECIFIED.);
#2407=COMPOSITE_CURVE_SEGMENT(.CONTINUOUS.,.T.,#2403);
#2412=TRIMMED_CURVE('1578',#2411,(PARAMETER_VALUE(0.E0)),(PARAMETER_VALUE
(1.E0)),.T.,.UNSPECIFIED.);
#2416=COMPOSITE_CURVE_SEGMENT(.CONTINUOUS.,.T.,#2412);
#2421=TRIMMED_CURVE('1579',#2420,(PARAMETER_VALUE(0.E0)),(PARAMETER_VALUE
(1.E0)),.T.,.UNSPECIFIED.);
#2425=COMPOSITE_CURVE_SEGMENT(.CONTINUOUS.,.T.,#2421);
#2430=TRIMMED_CURVE('1580',#2429,(PARAMETER_VALUE(0.E0)),(PARAMETER_VALUE
(1.E0)),.T.,.UNSPECIFIED.);
#2434=COMPOSITE_CURVE_SEGMENT(.CONTINUOUS.,.T.,#2430);
#2439=TRIMMED_CURVE('1581',#2438,(PARAMETER_VALUE(0.E0)),(PARAMETER_VALUE
(1.E0)),.T.,.UNSPECIFIED.);
#2443=COMPOSITE_CURVE_SEGMENT(.CONTINUOUS.,.T.,#2439);
#2444=COMPOSITE_CURVE('1575',(#2398,#2407,#2416,#2425,#2434,#2443),.F.);
#2449=TRIMMED_CURVE('A_13',#2448,(PARAMETER_VALUE(0.E0)),(PARAMETER_VALUE
(1.E0)),.T.,.UNSPECIFIED.);
#2462=TRIMMED_CURVE('2028',#2461,(PARAMETER_VALUE(0.E0)),(PARAMETER_VALUE
(1.E0)),.T.,.UNSPECIFIED.);
#2466=COMPOSITE_CURVE_SEGMENT(.CONTINUOUS.,.T.,#2462);
#2471=TRIMMED_CURVE('2029',#2470,(PARAMETER_VALUE(0.E0)),(PARAMETER_VALUE
(1.E0)),.T.,.UNSPECIFIED.);
#2475=COMPOSITE_CURVE_SEGMENT(.CONTINUOUS.,.T.,#2471);
#2480=TRIMMED_CURVE('2030',#2479,(PARAMETER_VALUE(0.E0)),(PARAMETER_VALUE
(1.E0)),.T.,.UNSPECIFIED.);
#2484=COMPOSITE_CURVE_SEGMENT(.CONTINUOUS.,.T.,#2480);
#2489=TRIMMED_CURVE('2031',#2488,(PARAMETER_VALUE(0.E0)),(PARAMETER_VALUE
(1.E0)),.T.,.UNSPECIFIED.);
#2493=COMPOSITE_CURVE_SEGMENT(.CONTINUOUS.,.T.,#2489);
#2494=COMPOSITE_CURVE('2027',(#2466,#2475,#2484,#2493),.F.);
#2499=TRIMMED_CURVE('2086',#2498,(PARAMETER_VALUE(0.E0)),(PARAMETER_VALUE
(1.E0)),.T.,.UNSPECIFIED.);
#2503=COMPOSITE_CURVE_SEGMENT(.CONTINUOUS.,.T.,#2499);
#2508=TRIMMED_CURVE('2087',#2507,(PARAMETER_VALUE(0.E0)),(PARAMETER_VALUE
(1.E0)),.T.,.UNSPECIFIED.);
#2512=COMPOSITE_CURVE_SEGMENT(.CONTINUOUS.,.T.,#2508);
#2517=TRIMMED_CURVE('2088',#2516,(PARAMETER_VALUE(0.E0)),(PARAMETER_VALUE
(1.E0)),.T.,.UNSPECIFIED.);
#2521=COMPOSITE_CURVE_SEGMENT(.CONTINUOUS.,.T.,#2517);
#2522=COMPOSITE_CURVE('2084',(#2503,#2512,#2521),.F.);
#2527=TRIMMED_CURVE('2089',#2526,(PARAMETER_VALUE(0.E0)),(PARAMETER_VALUE
(1.E0)),.T.,.UNSPECIFIED.);
#2531=COMPOSITE_CURVE_SEGMENT(.CONTINUOUS.,.T.,#2527);
#2536=TRIMMED_CURVE('2090',#2535,(PARAMETER_VALUE(0.E0)),(PARAMETER_VALUE
(1.E0)),.T.,.UNSPECIFIED.);
#2540=COMPOSITE_CURVE_SEGMENT(.CONTINUOUS.,.T.,#2536);
#2545=TRIMMED_CURVE('2091',#2544,(PARAMETER_VALUE(0.E0)),(PARAMETER_VALUE
(1.E0)),.T.,.UNSPECIFIED.);
#2549=COMPOSITE_CURVE_SEGMENT(.CONTINUOUS.,.T.,#2545);
#2550=COMPOSITE_CURVE('2085',(#2531,#2540,#2549),.F.);
#2555=TRIMMED_CURVE('2183',#2554,(PARAMETER_VALUE(0.E0)),(PARAMETER_VALUE
(1.E0)),.T.,.UNSPECIFIED.);
#2559=COMPOSITE_CURVE_SEGMENT(.CONTINUOUS.,.T.,#2555);
#2564=CIRCLE('2184',#2563,1.5E0);
#2565=TRIMMED_CURVE('2184',#2564,(PARAMETER_VALUE(0.E0)),(PARAMETER_VALUE
(1.8E2)),.T.,.UNSPECIFIED.);
#2569=COMPOSITE_CURVE_SEGMENT(.CONTINUOUS.,.T.,#2565);
#2570=COMPOSITE_CURVE('2182',(#2559,#2569),.F.);
#2575=TRIMMED_CURVE('A_14',#2574,(PARAMETER_VALUE(0.E0)),(PARAMETER_VALUE
(1.E0)),.T.,.UNSPECIFIED.);
#2588=(LENGTH_UNIT()NAMED_UNIT(*)SI_UNIT(.MILLI.,.METRE.));
#2589=(NAMED_UNIT(*)PLANE_ANGLE_UNIT()SI_UNIT($,.RADIAN.));
#2592=(NAMED_UNIT(*)SI_UNIT($,.STERADIAN.)SOLID_ANGLE_UNIT());
#2594=(GEOMETRIC_REPRESENTATION_CONTEXT(3)GLOBAL_UNCERTAINTY_ASSIGNED_CONTEXT((
#2593))GLOBAL_UNIT_ASSIGNED_CONTEXT((#2588,#2591,#2592))REPRESENTATION_CONTEXT(
'ID2','3'));
#2595=ADVANCED_BREP_SHAPE_REPRESENTATION('',(#1820),#2594);
#2596=GEOMETRICALLY_BOUNDED_WIREFRAME_SHAPE_REPRESENTATION('',(#1905),#2594);
#2597=CONSTRUCTIVE_GEOMETRY_REPRESENTATION('supplemental geometry',(#1825,#1830,
#1835,#1839,#1848,#1856,#1864,#2110,#2118,#2126,#2134,#2142,#2146,#2166,#2180,
#2188,#2370,#2378,#2386,#2449,#2457,#2575),#2594);
#2601=AXIS2_PLACEMENT_3D('',#2598,#2599,#2600);
#2602=SHAPE_REPRESENTATION('',(#2601),#2594);
#2613=PRODUCT_DEFINITION('design','',#2612,#2609);
#2614=PRODUCT_DEFINITION_SHAPE('','SHAPE FOR ELECTRONICS_ENCLOSURE.',#2613);
#2615=SHAPE_ASPECT('','solid data associated with ELECTRONICS_ENCLOSURE',#2614,
.F.);
#2616=PROPERTY_DEFINITION('',
'shape for solid data with which properties are associated',#2615);
#2617=SHAPE_REPRESENTATION('',(#1820),#2594);
#2618=SHAPE_DEFINITION_REPRESENTATION(#2616,#2617);
#2619=(LENGTH_UNIT()NAMED_UNIT(*)SI_UNIT(.MILLI.,.METRE.));
#2621=(MASS_UNIT()NAMED_UNIT(*)SI_UNIT(.KILO.,.GRAM.));
#2625=PROPERTY_DEFINITION('material_property','density',#2615);
#2626=REPRESENTATION('density',(#2624),#2594);
#2627=PROPERTY_DEFINITION_REPRESENTATION(#2625,#2626);
#2629=PROPERTY_DEFINITION('material property','material name',#2615);
#2630=REPRESENTATION('material name',(#2628),#2594);
#2631=PROPERTY_DEFINITION_REPRESENTATION(#2629,#2630);
#2632=SHAPE_ASPECT('','solid data associated with ELECTRONICS_ENCLOSURE',#2614,
.F.);
#2633=PROPERTY_DEFINITION('',
'shape for solid data with which properties are associated',#2632);
#2634=SHAPE_REPRESENTATION('',(#1820),#2594);
#2635=SHAPE_DEFINITION_REPRESENTATION(#2633,#2634);
#2636=(LENGTH_UNIT()NAMED_UNIT(*)SI_UNIT(.MILLI.,.METRE.));
#2640=PROPERTY_DEFINITION('geometric validation property',
'area of ELECTRONICS_ENCLOSURE',#2632);
#2641=REPRESENTATION('surface area',(#2639),#2594);
#2642=PROPERTY_DEFINITION_REPRESENTATION(#2640,#2641);
#2643=(LENGTH_UNIT()NAMED_UNIT(*)SI_UNIT(.MILLI.,.METRE.));
#2647=PROPERTY_DEFINITION('geometric validation property',
'volume of ELECTRONICS_ENCLOSURE',#2632);
#2648=REPRESENTATION('volume',(#2646),#2594);
#2649=PROPERTY_DEFINITION_REPRESENTATION(#2647,#2648);
#2651=PROPERTY_DEFINITION('geometric validation property',
'centroid of ELECTRONICS_ENCLOSURE',#2632);
#2652=REPRESENTATION('centroid',(#2650),#2594);
#2653=PROPERTY_DEFINITION_REPRESENTATION(#2651,#2652);
#2654=(LENGTH_UNIT()NAMED_UNIT(*)SI_UNIT(.MILLI.,.METRE.));
#2658=PROPERTY_DEFINITION('geometric validation property',
'area of ELECTRONICS_ENCLOSURE',#2614);
#2659=REPRESENTATION('surface area',(#2657),#2594);
#2660=PROPERTY_DEFINITION_REPRESENTATION(#2658,#2659);
#2661=(LENGTH_UNIT()NAMED_UNIT(*)SI_UNIT(.MILLI.,.METRE.));
#2665=PROPERTY_DEFINITION('geometric validation property',
'volume of ELECTRONICS_ENCLOSURE',#2614);
#2666=REPRESENTATION('volume',(#2664),#2594);
#2667=PROPERTY_DEFINITION_REPRESENTATION(#2665,#2666);
#2669=PROPERTY_DEFINITION('geometric validation property',
'centroid of ELECTRONICS_ENCLOSURE',#2614);
#2670=REPRESENTATION('centroid',(#2668),#2594);
#2671=PROPERTY_DEFINITION_REPRESENTATION(#2669,#2670);
#2675=PRODUCT_DEFINITION('design','',#2674,#2609);
#2676=MAKE_FROM_USAGE_OPTION(
'Assign material STAHL_ALLGEMEIN to ELECTRONICS_ENCLOSURE','make from','',#2613,
#2675,1,'',#2679);
#2680=(LENGTH_UNIT()NAMED_UNIT(*)SI_UNIT(.MILLI.,.METRE.));
#2682=(MASS_UNIT()NAMED_UNIT(*)SI_UNIT(.KILO.,.GRAM.));
#2686=PROPERTY_DEFINITION('material_property','density',#2675);
#2687=REPRESENTATION('density',(#2685),#2594);
#2688=PROPERTY_DEFINITION_REPRESENTATION(#2686,#2687);
#2689=SHAPE_DEFINITION_REPRESENTATION(#2614,#2602);
#2714=PLANAR_BOX('',1.748023919836E2,1.474895182362E2,#2713);
#2736=PLANAR_BOX('',1.748023919836E2,1.474895182362E2,#2735);
#2758=PLANAR_BOX('',1.748023919836E2,1.474895182362E2,#2757);
#2780=PLANAR_BOX('',1.748023919836E2,1.474895182362E2,#2779);
#2787=PROPERTY_DEFINITION('CAD_APPROVED_BY','user defined attribute',#2675);
#2791=REPRESENTATION('',(#2790),#2594);
#2792=PROPERTY_DEFINITION_REPRESENTATION(#2787,#2791);
#2793=PROPERTY_DEFINITION('CAD_APPROVED_ON','user defined attribute',#2675);
#2797=REPRESENTATION('',(#2796),#2594);
#2798=PROPERTY_DEFINITION_REPRESENTATION(#2793,#2797);
#2799=PROPERTY_DEFINITION('CAD_CHANGE_NO','user defined attribute',#2675);
#2803=REPRESENTATION('',(#2802),#2594);
#2804=PROPERTY_DEFINITION_REPRESENTATION(#2799,#2803);
#2805=PROPERTY_DEFINITION('CAD_CHANGE_TEXT','user defined attribute',#2675);
#2809=REPRESENTATION('',(#2808),#2594);
#2810=PROPERTY_DEFINITION_REPRESENTATION(#2805,#2809);
#2811=PROPERTY_DEFINITION('CAD_CREATED_BY','user defined attribute',#2675);
#2815=REPRESENTATION('',(#2814),#2594);
#2816=PROPERTY_DEFINITION_REPRESENTATION(#2811,#2815);
#2817=PROPERTY_DEFINITION('CAD_CREATED_ON','user defined attribute',#2675);
#2821=REPRESENTATION('',(#2820),#2594);
#2822=PROPERTY_DEFINITION_REPRESENTATION(#2817,#2821);
#2823=PROPERTY_DEFINITION('CAD_LIFECYCLE_STATE','user defined attribute',#2675);
#2827=REPRESENTATION('',(#2826),#2594);
#2828=PROPERTY_DEFINITION_REPRESENTATION(#2823,#2827);
#2829=PROPERTY_DEFINITION('CAD_MODIFIED_BY','user defined attribute',#2675);
#2833=REPRESENTATION('',(#2832),#2594);
#2834=PROPERTY_DEFINITION_REPRESENTATION(#2829,#2833);
#2835=PROPERTY_DEFINITION('CAD_MODIFIED_ON','user defined attribute',#2675);
#2839=REPRESENTATION('',(#2838),#2594);
#2840=PROPERTY_DEFINITION_REPRESENTATION(#2835,#2839);
#2841=PROPERTY_DEFINITION('CAD_REVISION','user defined attribute',#2675);
#2845=REPRESENTATION('',(#2844),#2594);
#2846=PROPERTY_DEFINITION_REPRESENTATION(#2841,#2845);
#2847=PROPERTY_DEFINITION('DEPARTMENT','user defined attribute',#2675);
#2851=REPRESENTATION('',(#2850),#2594);
#2852=PROPERTY_DEFINITION_REPRESENTATION(#2847,#2851);
#2853=PROPERTY_DEFINITION('DESCRIPTION_1_DE','user defined attribute',#2675);
#2857=REPRESENTATION('',(#2856),#2594);
#2858=PROPERTY_DEFINITION_REPRESENTATION(#2853,#2857);
#2859=PROPERTY_DEFINITION('DESCRIPTION_1_EN','user defined attribute',#2675);
#2863=REPRESENTATION('',(#2862),#2594);
#2864=PROPERTY_DEFINITION_REPRESENTATION(#2859,#2863);
#2865=PROPERTY_DEFINITION('DESCRIPTION_2_DE','user defined attribute',#2675);
#2869=REPRESENTATION('',(#2868),#2594);
#2870=PROPERTY_DEFINITION_REPRESENTATION(#2865,#2869);
#2871=PROPERTY_DEFINITION('DESCRIPTION_2_EN','user defined attribute',#2675);
#2875=REPRESENTATION('',(#2874),#2594);
#2876=PROPERTY_DEFINITION_REPRESENTATION(#2871,#2875);
#2877=PROPERTY_DEFINITION('DRAWING_NO','user defined attribute',#2675);
#2881=REPRESENTATION('',(#2880),#2594);
#2882=PROPERTY_DEFINITION_REPRESENTATION(#2877,#2881);
#2883=PROPERTY_DEFINITION('MC_CHECKTYPE','user defined attribute',#2675);
#2887=REPRESENTATION('',(#2886),#2594);
#2888=PROPERTY_DEFINITION_REPRESENTATION(#2883,#2887);
#2889=PROPERTY_DEFINITION('COATING','user defined attribute',#2675);
#2893=REPRESENTATION('',(#2892),#2594);
#2894=PROPERTY_DEFINITION_REPRESENTATION(#2889,#2893);
#2895=PROPERTY_DEFINITION('COLORING','user defined attribute',#2675);
#2899=REPRESENTATION('',(#2898),#2594);
#2900=PROPERTY_DEFINITION_REPRESENTATION(#2895,#2899);
#2901=PROPERTY_DEFINITION('DESC_SEMIFINISHED','user defined attribute',#2675);
#2905=REPRESENTATION('',(#2904),#2594);
#2906=PROPERTY_DEFINITION_REPRESENTATION(#2901,#2905);
#2907=PROPERTY_DEFINITION('DIMENSION','user defined attribute',#2675);
#2911=REPRESENTATION('',(#2910),#2594);
#2912=PROPERTY_DEFINITION_REPRESENTATION(#2907,#2911);
#2913=PROPERTY_DEFINITION('HARDNESS','user defined attribute',#2675);
#2917=REPRESENTATION('',(#2916),#2594);
#2918=PROPERTY_DEFINITION_REPRESENTATION(#2913,#2917);
#2919=PROPERTY_DEFINITION('MASS','user defined attribute',#2675);
#2923=REPRESENTATION('',(#2922),#2594);
#2924=PROPERTY_DEFINITION_REPRESENTATION(#2919,#2923);
#2925=PROPERTY_DEFINITION('MATERIAL','user defined attribute',#2675);
#2929=REPRESENTATION('',(#2928),#2594);
#2930=PROPERTY_DEFINITION_REPRESENTATION(#2925,#2929);
#2931=PROPERTY_DEFINITION('PART_NO','user defined attribute',#2675);
#2935=REPRESENTATION('',(#2934),#2594);
#2936=PROPERTY_DEFINITION_REPRESENTATION(#2931,#2935);
#2937=PROPERTY_DEFINITION('PART_NO_SEMIFINISHED','user defined attribute',
#2675);
#2941=REPRESENTATION('',(#2940),#2594);
#2942=PROPERTY_DEFINITION_REPRESENTATION(#2937,#2941);
#2943=PROPERTY_DEFINITION('STANDARD','user defined attribute',#2675);
#2947=REPRESENTATION('',(#2946),#2594);
#2948=PROPERTY_DEFINITION_REPRESENTATION(#2943,#2947);
#2949=PROPERTY_DEFINITION('STANDARD_DIMENSION','user defined attribute',#2675);
#2953=REPRESENTATION('',(#2952),#2594);
#2954=PROPERTY_DEFINITION_REPRESENTATION(#2949,#2953);
#2955=PROPERTY_DEFINITION('STANDARD_EDGE','user defined attribute',#2675);
#2959=REPRESENTATION('',(#2958),#2594);
#2960=PROPERTY_DEFINITION_REPRESENTATION(#2955,#2959);
#2961=PROPERTY_DEFINITION('STANDARD_INFO_DE','user defined attribute',#2675);
#2965=REPRESENTATION('',(#2964),#2594);
#2966=PROPERTY_DEFINITION_REPRESENTATION(#2961,#2965);
#2967=PROPERTY_DEFINITION('STANDARD_INFO_EN','user defined attribute',#2675);
#2971=REPRESENTATION('',(#2970),#2594);
#2972=PROPERTY_DEFINITION_REPRESENTATION(#2967,#2971);
#2973=PROPERTY_DEFINITION('STANDARD_SURFACE','user defined attribute',#2675);
#2977=REPRESENTATION('',(#2976),#2594);
#2978=PROPERTY_DEFINITION_REPRESENTATION(#2973,#2977);
#2979=PROPERTY_DEFINITION('STANDARD_TOL_CLASS','user defined attribute',#2675);
#2983=REPRESENTATION('',(#2982),#2594);
#2984=PROPERTY_DEFINITION_REPRESENTATION(#2979,#2983);
#2985=PROPERTY_DEFINITION('SUPPLIER','user defined attribute',#2675);
#2989=REPRESENTATION('',(#2988),#2594);
#2990=PROPERTY_DEFINITION_REPRESENTATION(#2985,#2989);
#2991=PROPERTY_DEFINITION('CLASSIFICATION','user defined attribute',#2675);
#2995=REPRESENTATION('',(#2994),#2594);
#2996=PROPERTY_DEFINITION_REPRESENTATION(#2991,#2995);
#2997=PROPERTY_DEFINITION('CATEGORY','user defined attribute',#2675);
#3001=REPRESENTATION('',(#3000),#2594);
#3002=PROPERTY_DEFINITION_REPRESENTATION(#2997,#3001);
#3003=PROPERTY_DEFINITION('PROJECT','user defined attribute',#2675);
#3007=REPRESENTATION('',(#3006),#2594);
#3008=PROPERTY_DEFINITION_REPRESENTATION(#3003,#3007);
#3009=PROPERTY_DEFINITION('PROJECT_NO','user defined attribute',#2675);
#3013=REPRESENTATION('',(#3012),#2594);
#3014=PROPERTY_DEFINITION_REPRESENTATION(#3009,#3013);
#3015=PROPERTY_DEFINITION('ORDER_CODE','user defined attribute',#2675);
#3019=REPRESENTATION('',(#3018),#2594);
#3020=PROPERTY_DEFINITION_REPRESENTATION(#3015,#3019);
#3021=PROPERTY_DEFINITION('STANDARD_WELDING','user defined attribute',#2675);
#3025=REPRESENTATION('',(#3024),#2594);
#3026=PROPERTY_DEFINITION_REPRESENTATION(#3021,#3025);
#3027=PROPERTY_DEFINITION('CUSTOMER','user defined attribute',#2675);
#3031=REPRESENTATION('',(#3030),#2594);
#3032=PROPERTY_DEFINITION_REPRESENTATION(#3027,#3031);
#3033=PROPERTY_DEFINITION('HEAT_TREATMENT','user defined attribute',#2675);
#3037=REPRESENTATION('',(#3036),#2594);
#3038=PROPERTY_DEFINITION_REPRESENTATION(#3033,#3037);
#3039=PROPERTY_DEFINITION('BESTELL','user defined attribute',#2675);
#3043=REPRESENTATION('',(#3042),#2594);
#3044=PROPERTY_DEFINITION_REPRESENTATION(#3039,#3043);
#3045=PROPERTY_DEFINITION('BEMERKUNG','user defined attribute',#2675);
#3049=REPRESENTATION('',(#3048),#2594);
#3050=PROPERTY_DEFINITION_REPRESENTATION(#3045,#3049);
#3051=PROPERTY_DEFINITION('PTC_MASTER_MATERIAL','user defined attribute',#2675);
#3055=REPRESENTATION('',(#3054),#2594);
#3056=PROPERTY_DEFINITION_REPRESENTATION(#3051,#3055);
ENDSEC;
END-ISO-10303-21;
