ISO-10303-21;
HEADER;
FILE_DESCRIPTION((''),'2;1');
FILE_NAME('IMMERSION_HEATER_CAGE','2026-07-21T16:05:48',('morit'),(''),
'CREO PARAMETRIC BY PTC INC, 2025123','CREO PARAMETRIC BY PTC INC, 2025123','');
FILE_SCHEMA((
'AP242_MANAGED_MODEL_BASED_3D_ENGINEERING_MIM_LF { 1 0 10303 442 1 1 4 }'));
ENDSEC;
DATA;
#17=CARTESIAN_POINT('',(0.E0,0.E0,0.E0));
#18=DIRECTION('',(0.E0,-1.E0,0.E0));
#19=DIRECTION('',(1.E0,0.E0,0.E0));
#20=AXIS2_PLACEMENT_3D('',#17,#18,#19);
#22=CARTESIAN_POINT('',(0.E0,0.E0,0.E0));
#23=DIRECTION('',(0.E0,-1.E0,0.E0));
#24=DIRECTION('',(-1.E0,0.E0,0.E0));
#25=AXIS2_PLACEMENT_3D('',#22,#23,#24);
#27=DIRECTION('',(0.E0,0.E0,-1.E0));
#28=VECTOR('',#27,2.052661081139E1);
#29=CARTESIAN_POINT('',(5.E0,0.E0,4.4E1));
#30=LINE('429',#29,#28);
#31=CARTESIAN_POINT('',(0.E0,0.E0,0.E0));
#32=DIRECTION('',(0.E0,1.E0,0.E0));
#33=DIRECTION('',(2.083333333333E-1,0.E0,9.780578828588E-1));
#34=AXIS2_PLACEMENT_3D('',#31,#32,#33);
#36=CARTESIAN_POINT('',(0.E0,0.E0,0.E0));
#37=DIRECTION('',(0.E0,1.E0,0.E0));
#38=DIRECTION('',(1.E0,0.E0,0.E0));
#39=AXIS2_PLACEMENT_3D('',#36,#37,#38);
#41=DIRECTION('',(0.E0,0.E0,-1.E0));
#42=VECTOR('',#41,2.052661081139E1);
#43=CARTESIAN_POINT('',(5.E0,0.E0,-2.347338918861E1));
#44=LINE('391',#43,#42);
#45=DIRECTION('',(0.E0,0.E0,1.E0));
#46=VECTOR('',#45,2.052661081139E1);
#47=CARTESIAN_POINT('',(-5.E0,0.E0,-4.4E1));
#48=LINE('390',#47,#46);
#49=CARTESIAN_POINT('',(0.E0,0.E0,0.E0));
#50=DIRECTION('',(0.E0,1.E0,0.E0));
#51=DIRECTION('',(-2.083333333333E-1,0.E0,-9.780578828588E-1));
#52=AXIS2_PLACEMENT_3D('',#49,#50,#51);
#54=CARTESIAN_POINT('',(0.E0,0.E0,0.E0));
#55=DIRECTION('',(0.E0,1.E0,0.E0));
#56=DIRECTION('',(-1.E0,0.E0,0.E0));
#57=AXIS2_PLACEMENT_3D('',#54,#55,#56);
#59=DIRECTION('',(0.E0,0.E0,1.E0));
#60=VECTOR('',#59,2.052661081139E1);
#61=CARTESIAN_POINT('',(-5.E0,0.E0,2.347338918861E1));
#62=LINE('430',#61,#60);
#63=CARTESIAN_POINT('',(0.E0,0.E0,4.E1));
#64=DIRECTION('',(0.E0,1.E0,0.E0));
#65=DIRECTION('',(0.E0,0.E0,1.E0));
#66=AXIS2_PLACEMENT_3D('',#63,#64,#65);
#68=CARTESIAN_POINT('',(0.E0,0.E0,4.E1));
#69=DIRECTION('',(0.E0,1.E0,0.E0));
#70=DIRECTION('',(0.E0,0.E0,-1.E0));
#71=AXIS2_PLACEMENT_3D('',#68,#69,#70);
#73=CARTESIAN_POINT('',(0.E0,0.E0,-4.E1));
#74=DIRECTION('',(0.E0,-1.E0,0.E0));
#75=DIRECTION('',(0.E0,0.E0,-1.E0));
#76=AXIS2_PLACEMENT_3D('',#73,#74,#75);
#78=CARTESIAN_POINT('',(0.E0,0.E0,-4.E1));
#79=DIRECTION('',(0.E0,-1.E0,0.E0));
#80=DIRECTION('',(0.E0,0.E0,1.E0));
#81=AXIS2_PLACEMENT_3D('',#78,#79,#80);
#83=CARTESIAN_POINT('',(-2.E1,5.E0,0.E0));
#84=CARTESIAN_POINT('',(-2.E1,5.E0,1.053868095514E-1));
#85=CARTESIAN_POINT('',(-1.999839995582E1,5.029368485593E0,3.193510431367E-1));
#86=CARTESIAN_POINT('',(-1.998991120513E1,5.185509761325E0,6.645781424334E-1));
#87=CARTESIAN_POINT('',(-1.997634539388E1,5.436041413498E0,9.899621880050E-1));
#88=CARTESIAN_POINT('',(-1.995791365706E1,5.778465292850E0,1.309282451078E0));
#89=CARTESIAN_POINT('',(-1.993573401269E1,6.193666720506E0,1.611157773988E0));
#90=CARTESIAN_POINT('',(-1.990993264012E1,6.681084434595E0,1.903246807495E0));
#91=CARTESIAN_POINT('',(-1.988089017195E1,7.235616465979E0,2.185469845365E0));
#92=CARTESIAN_POINT('',(-1.984872236411E1,7.857359617060E0,2.460331437558E0));
#93=CARTESIAN_POINT('',(-1.981352246050E1,8.547210812963E0,2.729156694166E0));
#94=CARTESIAN_POINT('',(-1.977549298265E1,9.304212733868E0,2.992176015925E0));
#95=CARTESIAN_POINT('',(-1.973439481214E1,1.013670612658E1,3.252175232657E0));
#96=CARTESIAN_POINT('',(-1.968996318764E1,1.105460162871E1,3.511201456327E0));
#97=CARTESIAN_POINT('',(-1.964181910863E1,1.207176576720E1,3.771235559104E0));
#98=CARTESIAN_POINT('',(-1.959064559436E1,1.318098943507E1,4.028531995417E0));
#99=CARTESIAN_POINT('',(-1.953728602777E1,1.437107621991E1,4.279728977160E0));
#100=CARTESIAN_POINT('',(-1.948140480899E1,1.565761295840E1,4.527278123988E0));
#101=CARTESIAN_POINT('',(-1.942250711622E1,1.706336005707E1,4.773639502898E0));
#102=CARTESIAN_POINT('',(-1.936033970564E1,1.860995902192E1,5.019844790190E0));
#103=CARTESIAN_POINT('',(-1.929472604271E1,2.032311918493E1,5.266435330072E0));
#104=CARTESIAN_POINT('',(-1.922584722613E1,2.222742449873E1,5.512573361329E0));
#105=CARTESIAN_POINT('',(-1.915448044161E1,2.434026330344E1,5.755597073591E0));
#106=CARTESIAN_POINT('',(-1.908166803693E1,2.668179956583E1,5.992475601901E0));
#107=CARTESIAN_POINT('',(-1.900882065974E1,2.927502743611E1,6.219542255091E0));
#108=CARTESIAN_POINT('',(-1.893785880979E1,3.214506883996E1,6.432176091286E0));
#109=CARTESIAN_POINT('',(-1.887135099856E1,3.531776064561E1,6.624514674516E0));
#110=CARTESIAN_POINT('',(-1.881260137368E1,3.882483816441E1,6.789270040519E0));
#111=CARTESIAN_POINT('',(-1.876595601100E1,4.268800426971E1,6.916861713414E0));
#112=CARTESIAN_POINT('',(-1.873662369043E1,4.696541733043E1,6.995679545328E0));
#113=CARTESIAN_POINT('',(-1.873197852720E1,5.155430975865E1,7.008060451813E0));
#114=CARTESIAN_POINT('',(-1.875461330251E1,5.605646545816E1,6.947481749295E0));
#115=CARTESIAN_POINT('',(-1.879889286959E1,6.021435765436E1,6.827119524391E0));
#116=CARTESIAN_POINT('',(-1.885819943116E1,6.398186393386E1,6.661865748741E0));
#117=CARTESIAN_POINT('',(-1.892475799074E1,6.727663745639E1,6.470606723353E0));
#118=CARTESIAN_POINT('',(-1.899602131442E1,7.023798915188E1,6.258526834183E0));
#119=CARTESIAN_POINT('',(-1.906939904169E1,7.290174760508E1,6.031405670911E0));
#120=CARTESIAN_POINT('',(-1.914262397253E1,7.529263375691E1,5.794900934190E0));
#121=CARTESIAN_POINT('',(-1.921425564772E1,7.743973671438E1,5.552823733313E0));
#122=CARTESIAN_POINT('',(-1.928328799744E1,7.936848103330E1,5.308140371510E0));
#123=CARTESIAN_POINT('',(-1.934907971843E1,8.110212593561E1,5.063049805103E0));
#124=CARTESIAN_POINT('',(-1.941147508009E1,8.266702662275E1,4.818282684144E0));
#125=CARTESIAN_POINT('',(-1.947074022051E1,8.409178642074E1,4.572918449530E0));
#126=CARTESIAN_POINT('',(-1.952723319146E1,8.540070466841E1,4.325378692908E0));
#127=CARTESIAN_POINT('',(-1.958151716190E1,8.661810064125E1,4.072734698494E0));
#128=CARTESIAN_POINT('',(-1.963415178501E1,8.776416619692E1,3.811090090072E0));
#129=CARTESIAN_POINT('',(-1.968392580240E1,8.881932571347E1,3.545035008437E0));
#130=CARTESIAN_POINT('',(-1.972957134857E1,8.976465453402E1,3.281416571100E0));
#131=CARTESIAN_POINT('',(-1.977160240962E1,9.061770233046E1,3.017880481860E0));
#132=CARTESIAN_POINT('',(-1.981051419808E1,9.139342981863E1,2.751056643111E0));
#133=CARTESIAN_POINT('',(-1.984666802144E1,9.210272628674E1,2.477062996113E0));
#134=CARTESIAN_POINT('',(-1.987971226265E1,9.274181071032E1,2.196405173777E0));
#135=CARTESIAN_POINT('',(-1.990942851402E1,9.330937772822E1,1.908776191544E0));
#136=CARTESIAN_POINT('',(-1.993567462784E1,9.380523333076E1,1.612120351725E0));
#137=CARTESIAN_POINT('',(-1.995800872930E1,9.422330850405E1,1.307907932987E0));
#138=CARTESIAN_POINT('',(-1.997638588564E1,9.456470543136E1,9.889747395506E-1));
#139=CARTESIAN_POINT('',(-1.998988878771E1,9.481407674900E1,6.651614995216E-1));
#140=CARTESIAN_POINT('',(-1.999840183650E1,9.497066647709E1,3.194345179297E-1));
#141=CARTESIAN_POINT('',(-2.E1,9.5E1,1.054557405710E-1));
#142=CARTESIAN_POINT('',(-2.E1,9.5E1,0.E0));
#144=DIRECTION('',(0.E0,1.E0,0.E0));
#145=VECTOR('',#144,5.E0);
#146=CARTESIAN_POINT('',(2.E1,0.E0,0.E0));
#147=LINE('687',#146,#145);
#148=CARTESIAN_POINT('',(2.E1,9.5E1,0.E0));
#149=CARTESIAN_POINT('',(2.E1,9.5E1,1.053104832177E-1));
#150=CARTESIAN_POINT('',(1.999840421162E1,9.497070982105E1,3.191453189504E-1));
#151=CARTESIAN_POINT('',(1.998990874168E1,9.481444471998E1,6.646437865158E-1));
#152=CARTESIAN_POINT('',(1.997636148950E1,9.456425592841E1,9.895879982248E-1));
#153=CARTESIAN_POINT('',(1.995795249909E1,9.422225802949E1,1.308677974314E0));
#154=CARTESIAN_POINT('',(1.993579579301E1,9.380749399033E1,1.610385823876E0));
#155=CARTESIAN_POINT('',(1.991001014622E1,9.332038683693E1,1.902436201487E0));
#156=CARTESIAN_POINT('',(1.988097764023E1,9.276606315041E1,2.184674701211E0));
#157=CARTESIAN_POINT('',(1.984881743453E1,9.214449037150E1,2.459566555983E0));
#158=CARTESIAN_POINT('',(1.981361420062E1,9.145460217086E1,2.728495245716E0));
#159=CARTESIAN_POINT('',(1.977556989193E1,9.069733353884E1,2.991672244732E0));
#160=CARTESIAN_POINT('',(1.973446009535E1,8.986462959147E1,3.251780087379E0));
#161=CARTESIAN_POINT('',(1.969004140952E1,8.894702814186E1,3.510759670964E0));
#162=CARTESIAN_POINT('',(1.964192777561E1,8.793055513070E1,3.770667812432E0));
#163=CARTESIAN_POINT('',(1.959075396275E1,8.682139786168E1,4.028008504846E0));
#164=CARTESIAN_POINT('',(1.953735207234E1,8.563043135811E1,4.279432217652E0));
#165=CARTESIAN_POINT('',(1.948143801301E1,8.434316816174E1,4.527136076562E0));
#166=CARTESIAN_POINT('',(1.942256588620E1,8.293805085469E1,4.773395793807E0));
#167=CARTESIAN_POINT('',(1.936051231415E1,8.139436783470E1,5.019167795891E0));
#168=CARTESIAN_POINT('',(1.929513888612E1,7.968780486680E1,5.264905112021E0));
#169=CARTESIAN_POINT('',(1.922657517614E1,7.779317922384E1,5.510020314936E0));
#170=CARTESIAN_POINT('',(1.915537871984E1,7.568731715294E1,5.752606844853E0));
#171=CARTESIAN_POINT('',(1.908245363543E1,7.334496747903E1,5.989987349334E0));
#172=CARTESIAN_POINT('',(1.900916584407E1,7.073883676402E1,6.218512945733E0));
#173=CARTESIAN_POINT('',(1.893729734546E1,6.783366126327E1,6.433874267630E0));
#174=CARTESIAN_POINT('',(1.886935102902E1,6.458185170133E1,6.630240284161E0));
#175=CARTESIAN_POINT('',(1.881009024633E1,6.100558570896E1,6.796221722700E0));
#176=CARTESIAN_POINT('',(1.876381545417E1,5.709102574756E1,6.922653776109E0));
#177=CARTESIAN_POINT('',(1.873555660675E1,5.276793381848E1,6.998526456141E0));
#178=CARTESIAN_POINT('',(1.873261314330E1,4.816523297634E1,7.006370724849E0));
#179=CARTESIAN_POINT('',(1.875668452884E1,4.369551748276E1,6.941904661243E0));
#180=CARTESIAN_POINT('',(1.880151792923E1,3.959598017269E1,6.819889118065E0));
#181=CARTESIAN_POINT('',(1.886066207615E1,3.588444056152E1,6.654892399485E0));
#182=CARTESIAN_POINT('',(1.892724689203E1,3.261302939375E1,6.463313757734E0));
#183=CARTESIAN_POINT('',(1.899752127046E1,2.970680089231E1,6.253917664467E0));
#184=CARTESIAN_POINT('',(1.906945711080E1,2.709751340449E1,6.031173064264E0));
#185=CARTESIAN_POINT('',(1.914212083978E1,2.472315982412E1,5.796553273015E0));
#186=CARTESIAN_POINT('',(1.921388091731E1,2.257081303582E1,5.554141334346E0));
#187=CARTESIAN_POINT('',(1.928346643922E1,2.062637554825E1,5.307527519909E0));
#188=CARTESIAN_POINT('',(1.934970909161E1,1.888159372837E1,5.060665438234E0));
#189=CARTESIAN_POINT('',(1.941223761652E1,1.731426347603E1,4.815213476997E0));
#190=CARTESIAN_POINT('',(1.947143151700E1,1.589195227973E1,4.569965299829E0));
#191=CARTESIAN_POINT('',(1.952772791356E1,1.458807876930E1,4.323126990364E0));
#192=CARTESIAN_POINT('',(1.958181421945E1,1.337536782912E1,4.071292815585E0));
#193=CARTESIAN_POINT('',(1.963437412290E1,1.223106142506E1,3.809943737971E0));
#194=CARTESIAN_POINT('',(1.968415001336E1,1.117597677245E1,3.543792576668E0));
#195=CARTESIAN_POINT('',(1.972977617267E1,1.023115241817E1,3.280180851011E0));
#196=CARTESIAN_POINT('',(1.977174929742E1,9.379351334359E0,3.016907434613E0));
#197=CARTESIAN_POINT('',(1.981059657115E1,8.604947020715E0,2.750451831678E0));
#198=CARTESIAN_POINT('',(1.984670750512E1,7.896507376120E0,2.476738570383E0));
#199=CARTESIAN_POINT('',(1.987973003414E1,7.257848991744E0,2.196238891402E0));
#200=CARTESIAN_POINT('',(1.990943299523E1,6.690537810146E0,1.908723855296E0));
#201=CARTESIAN_POINT('',(1.993567448628E1,6.194769181197E0,1.612124838277E0));
#202=CARTESIAN_POINT('',(1.995801566461E1,5.776561788186E0,1.307808045738E0));
#203=CARTESIAN_POINT('',(1.997639844687E1,5.435061668390E0,9.887558114819E-1));
#204=CARTESIAN_POINT('',(1.998990450440E1,5.185633747750E0,6.646633121034E-1));
#205=CARTESIAN_POINT('',(1.999839962819E1,5.029374281298E0,3.194330729751E-1));
#206=CARTESIAN_POINT('',(2.E1,5.E0,1.054620841728E-1));
#207=CARTESIAN_POINT('',(2.E1,5.E0,0.E0));
#209=DIRECTION('',(0.E0,1.E0,0.E0));
#210=VECTOR('',#209,4.E1);
#211=CARTESIAN_POINT('',(2.E1,9.5E1,0.E0));
#212=LINE('688',#211,#210);
#213=CARTESIAN_POINT('',(1.369450409639E1,9.5E1,1.457602680959E1));
#214=CARTESIAN_POINT('',(1.361836980236E1,9.5E1,1.464755668636E1));
#215=CARTESIAN_POINT('',(1.346265143644E1,9.497119445823E1,1.479170237354E1));
#216=CARTESIAN_POINT('',(1.320699685842E1,9.481762251566E1,1.502041664658E1));
#217=CARTESIAN_POINT('',(1.296246754669E1,9.457153476820E1,1.523182025414E1));
#218=CARTESIAN_POINT('',(1.271869617190E1,9.423500907894E1,1.543589914868E1));
#219=CARTESIAN_POINT('',(1.248460468509E1,9.382635430924E1,1.562573949584E1));
#220=CARTESIAN_POINT('',(1.225502928103E1,9.334653172555E1,1.580638622656E1));
#221=CARTESIAN_POINT('',(1.203019585987E1,9.280033738370E1,1.597811970553E1));
#222=CARTESIAN_POINT('',(1.180862994305E1,9.218838385693E1,1.614252570564E1));
#223=CARTESIAN_POINT('',(1.158910366242E1,9.150895109477E1,1.630081614234E1));
#224=CARTESIAN_POINT('',(1.137152492403E1,9.076255766920E1,1.645331759332E1));
#225=CARTESIAN_POINT('',(1.115411097084E1,8.994238488351E1,1.660146781163E1));
#226=CARTESIAN_POINT('',(1.093565549240E1,8.904090097320E1,1.674617502466E1));
#227=CARTESIAN_POINT('',(1.071466014980E1,8.804648073334E1,1.688843135122E1));
#228=CARTESIAN_POINT('',(1.049229114396E1,8.695727832462E1,1.702746360213E1));
#229=CARTESIAN_POINT('',(1.027055722195E1,8.577711330217E1,1.716210672969E1));
#230=CARTESIAN_POINT('',(1.004750322047E1,8.448841384781E1,1.729364987969E1));
#231=CARTESIAN_POINT('',(9.819538169200E0,8.305566450897E1,1.742411750790E1));
#232=CARTESIAN_POINT('',(9.588891484125E0,8.147263914571E1,1.755210173549E1));
#233=CARTESIAN_POINT('',(9.357957966369E0,7.973466680477E1,1.767629174618E1));
#234=CARTESIAN_POINT('',(9.128074654500E0,7.782742536623E1,1.779607862299E1));
#235=CARTESIAN_POINT('',(8.899308719112E0,7.571806279213E1,1.791155640955E1));
#236=CARTESIAN_POINT('',(8.673424761159E0,7.337564008496E1,1.802199295421E1));
#237=CARTESIAN_POINT('',(8.453297485251E0,7.076456768788E1,1.812624164339E1));
#238=CARTESIAN_POINT('',(8.243691137258E0,6.785130578333E1,1.822245918076E1));
#239=CARTESIAN_POINT('',(8.051093069856E0,6.459449962237E1,1.830827029470E1));
#240=CARTESIAN_POINT('',(7.887014932785E0,6.101368184412E1,1.837942766499E1));
#241=CARTESIAN_POINT('',(7.761280539918E0,5.709587283447E1,1.843275726488E1));
#242=CARTESIAN_POINT('',(7.685519834268E0,5.277271450755E1,1.846437794715E1));
#243=CARTESIAN_POINT('',(7.677591102286E0,4.817226167405E1,1.846766414615E1));
#244=CARTESIAN_POINT('',(7.741808833972E0,4.370393925674E1,1.844092530385E1));
#245=CARTESIAN_POINT('',(7.862998604076E0,3.960353287786E1,1.838970952853E1));
#246=CARTESIAN_POINT('',(8.026013424390E0,3.588791265326E1,1.831926899808E1));
#247=CARTESIAN_POINT('',(8.214129939362E0,3.260825252607E1,1.823577895268E1));
#248=CARTESIAN_POINT('',(8.418142670486E0,2.969303238758E1,1.814256645258E1));
#249=CARTESIAN_POINT('',(8.633030658871E0,2.707762283390E1,1.804135645254E1));
#250=CARTESIAN_POINT('',(8.856645631821E0,2.470267799895E1,1.793268391348E1));
#251=CARTESIAN_POINT('',(9.085524570356E0,2.254721090441E1,1.781784391378E1));
#252=CARTESIAN_POINT('',(9.316997450242E0,2.059088042991E1,1.769792331098E1));
#253=CARTESIAN_POINT('',(9.549133654213E0,1.881488479037E1,1.757376634966E1));
#254=CARTESIAN_POINT('',(9.780329770220E0,1.720352698554E1,1.744615675245E1));
#255=CARTESIAN_POINT('',(1.000866907846E1,1.574717866514E1,1.731615303647E1));
#256=CARTESIAN_POINT('',(1.023159075915E1,1.444052392912E1,1.718536292356E1));
#257=CARTESIAN_POINT('',(1.045404782790E1,1.323901164248E1,1.705098299970E1));
#258=CARTESIAN_POINT('',(1.068091890948E1,1.211216291344E1,1.690982566689E1));
#259=CARTESIAN_POINT('',(1.090784097546E1,1.107899443058E1,1.676433685060E1));
#260=CARTESIAN_POINT('',(1.113029130361E1,1.015173712931E1,1.661746538614E1));
#261=CARTESIAN_POINT('',(1.135046484968E1,9.313297877666E0,1.646786902408E1));
#262=CARTESIAN_POINT('',(1.157101588231E1,8.549890090339E0,1.631368348847E1));
#263=CARTESIAN_POINT('',(1.179474501731E1,7.851886545261E0,1.615270542858E1));
#264=CARTESIAN_POINT('',(1.202101229968E1,7.223042490253E0,1.598506290636E1));
#265=CARTESIAN_POINT('',(1.225012224833E1,6.664116292415E0,1.581022021179E1));
#266=CARTESIAN_POINT('',(1.248327005067E1,6.175865355691E0,1.562682947803E1));
#267=CARTESIAN_POINT('',(1.271929431111E1,5.763953377705E0,1.543541371657E1));
#268=CARTESIAN_POINT('',(1.296302691314E1,5.427871057017E0,1.523133900746E1));
#269=CARTESIAN_POINT('',(1.320694017065E1,5.182485178873E0,1.502046188698E1));
#270=CARTESIAN_POINT('',(1.346240334413E1,5.028901005677E0,1.479192831524E1));
#271=CARTESIAN_POINT('',(1.361824655554E1,5.E0,1.464767247951E1));
#272=CARTESIAN_POINT('',(1.369450409639E1,5.E0,1.457602680959E1));
#274=CARTESIAN_POINT('',(1.369450409639E1,5.E0,1.457602680959E1));
#275=CARTESIAN_POINT('',(1.377106762291E1,5.E0,1.450409365927E1));
#276=CARTESIAN_POINT('',(1.392544340070E1,5.029115027331E0,1.435687529566E1));
#277=CARTESIAN_POINT('',(1.417085427210E1,5.184636293163E0,1.411470544008E1));
#278=CARTESIAN_POINT('',(1.439785316257E1,5.433820091296E0,1.388293713694E1));
#279=CARTESIAN_POINT('',(1.461720265780E1,5.774547857748E0,1.365172867571E1));
#280=CARTESIAN_POINT('',(1.482129309657E1,6.187864001202E0,1.342975641367E1));
#281=CARTESIAN_POINT('',(1.501576844873E1,6.673181938030E0,1.321189738691E1));
#282=CARTESIAN_POINT('',(1.520081974689E1,7.225418736872E0,1.299849618702E1));
#283=CARTESIAN_POINT('',(1.537828785589E1,7.844427004785E0,1.278800246889E1));
#284=CARTESIAN_POINT('',(1.554925588843E1,8.531229405353E0,1.257952021578E1));
#285=CARTESIAN_POINT('',(1.571396614855E1,9.284535413972E0,1.237312369004E1));
#286=CARTESIAN_POINT('',(1.587425580150E1,1.011235683951E1,1.216678355609E1));
#287=CARTESIAN_POINT('',(1.603145109250E1,1.102443480522E1,1.195890329783E1));
#288=CARTESIAN_POINT('',(1.618686740420E1,1.203524143116E1,1.174769010649E1));
#289=CARTESIAN_POINT('',(1.633831228495E1,1.313812879877E1,1.153610119037E1));
#290=CARTESIAN_POINT('',(1.648365779171E1,1.431986789330E1,1.132740863343E1));
#291=CARTESIAN_POINT('',(1.662441220074E1,1.559487756955E1,1.111979263361E1));
#292=CARTESIAN_POINT('',(1.676226313698E1,1.698742229346E1,1.091088703993E1));
#293=CARTESIAN_POINT('',(1.689790992642E1,1.852027507090E1,1.069961511278E1));
#294=CARTESIAN_POINT('',(1.703166701581E1,2.021958752500E1,1.048540482153E1));
#295=CARTESIAN_POINT('',(1.716327466839E1,2.211353031132E1,1.026856427455E1));
#296=CARTESIAN_POINT('',(1.729172915526E1,2.422735808549E1,1.005073906513E1));
#297=CARTESIAN_POINT('',(1.741620803582E1,2.660241250222E1,9.833409835891E0));
#298=CARTESIAN_POINT('',(1.753276380818E1,2.922662412136E1,9.623934045936E0));
#299=CARTESIAN_POINT('',(1.763878484633E1,3.210071288438E1,9.428063763869E0));
#300=CARTESIAN_POINT('',(1.773300454527E1,3.527255332094E1,9.249458242630E0));
#301=CARTESIAN_POINT('',(1.781270119013E1,3.878675282733E1,9.094820393529E0));
#302=CARTESIAN_POINT('',(1.787368643555E1,4.266185336832E1,8.974150252238E0));
#303=CARTESIAN_POINT('',(1.791098738501E1,4.695039038775E1,8.899276705212E0));
#304=CARTESIAN_POINT('',(1.791687080081E1,5.154804706441E1,8.887388193237E0));
#305=CARTESIAN_POINT('',(1.788840392506E1,5.605939528584E1,8.944717719415E0));
#306=CARTESIAN_POINT('',(1.783125237819E1,6.022763921990E1,9.058379908700E0));
#307=CARTESIAN_POINT('',(1.775169780005E1,6.400565799303E1,9.213535717329E0));
#308=CARTESIAN_POINT('',(1.765797070692E1,6.731467558401E1,9.392078670130E0));
#309=CARTESIAN_POINT('',(1.755246156081E1,7.028235107531E1,9.587955042877E0));
#310=CARTESIAN_POINT('',(1.743709097466E1,7.295989829076E1,9.796316372980E0));
#311=CARTESIAN_POINT('',(1.731375781012E1,7.537846252910E1,1.001273839532E1));
#312=CARTESIAN_POINT('',(1.718580413885E1,7.753664173997E1,1.023081603719E1));
#313=CARTESIAN_POINT('',(1.705451970541E1,7.946868085020E1,1.044819567066E1));
#314=CARTESIAN_POINT('',(1.692121206941E1,8.119793928311E1,1.066272297099E1));
#315=CARTESIAN_POINT('',(1.678631914810E1,8.275307768913E1,1.087383525298E1));
#316=CARTESIAN_POINT('',(1.664928129509E1,8.416498079407E1,1.108251910762E1));
#317=CARTESIAN_POINT('',(1.650905566629E1,8.546023433746E1,1.129036209104E1));
#318=CARTESIAN_POINT('',(1.636356752889E1,8.666620686706E1,1.150026798145E1));
#319=CARTESIAN_POINT('',(1.621012547925E1,8.780425864647E1,1.171561973486E1));
#320=CARTESIAN_POINT('',(1.605143622876E1,8.885272029028E1,1.193210791196E1));
#321=CARTESIAN_POINT('',(1.589177856180E1,8.979156502289E1,1.214391375495E1));
#322=CARTESIAN_POINT('',(1.572977524551E1,9.063853167134E1,1.235304122323E1));
#323=CARTESIAN_POINT('',(1.556320523861E1,9.140910373271E1,1.256228696736E1));
#324=CARTESIAN_POINT('',(1.538938905201E1,9.211442127692E1,1.277467984010E1));
#325=CARTESIAN_POINT('',(1.520845887316E1,9.275044047209E1,1.298959755205E1));
#326=CARTESIAN_POINT('',(1.502003963049E1,9.331566193998E1,1.320707841619E1));
#327=CARTESIAN_POINT('',(1.482256399429E1,9.380967662208E1,1.3428382E1));
#328=CARTESIAN_POINT('',(1.461671358661E1,9.422645272214E1,1.365226144741E1));
#329=CARTESIAN_POINT('',(1.439733005597E1,9.456679172188E1,1.388347403409E1));
#330=CARTESIAN_POINT('',(1.417090396900E1,9.481525178024E1,1.411465045452E1));
#331=CARTESIAN_POINT('',(1.392569260666E1,9.497078562075E1,1.435663372689E1));
#332=CARTESIAN_POINT('',(1.377119475325E1,9.5E1,1.450397421747E1));
#333=CARTESIAN_POINT('',(1.369450409639E1,9.5E1,1.457602680959E1));
#335=CARTESIAN_POINT('',(-1.369450409639E1,5.E0,1.457602680959E1));
#336=CARTESIAN_POINT('',(-1.361830481452E1,5.E0,1.464761774389E1));
#337=CARTESIAN_POINT('',(-1.346247231683E1,5.028890720472E0,1.479186429516E1));
#338=CARTESIAN_POINT('',(-1.320700343920E1,5.182365067606E0,1.502041138149E1));
#339=CARTESIAN_POINT('',(-1.296212428381E1,5.428828450209E0,1.523211570543E1));
#340=CARTESIAN_POINT('',(-1.271815128730E1,5.765825883423E0,1.543634930743E1));
#341=CARTESIAN_POINT('',(-1.248389856069E1,6.174985144143E0,1.562630459498E1));
#342=CARTESIAN_POINT('',(-1.225426066884E1,6.655203045945E0,1.580698220704E1));
#343=CARTESIAN_POINT('',(-1.202941964004E1,7.201677140293E0,1.597870404815E1));
#344=CARTESIAN_POINT('',(-1.180786375292E1,7.813862841096E0,1.614308589847E1));
#345=CARTESIAN_POINT('',(-1.158838984001E1,8.493384902940E0,1.630132311355E1));
#346=CARTESIAN_POINT('',(-1.137088101052E1,9.239768254925E0,1.645376213149E1));
#347=CARTESIAN_POINT('',(-1.115351738325E1,1.005996135770E1,1.660186643566E1));
#348=CARTESIAN_POINT('',(-1.093505655529E1,1.096167800499E1,1.674656624812E1));
#349=CARTESIAN_POINT('',(-1.071403954398E1,1.195643253239E1,1.688882508607E1));
#350=CARTESIAN_POINT('',(-1.049164474380E1,1.304601025157E1,1.702786240024E1));
#351=CARTESIAN_POINT('',(-1.026970583768E1,1.422755719538E1,1.716261810370E1));
#352=CARTESIAN_POINT('',(-1.004631739248E1,1.551869485917E1,1.729433994021E1));
#353=CARTESIAN_POINT('',(-9.818307410923E0,1.695241975265E1,1.742481085629E1));
#354=CARTESIAN_POINT('',(-9.587591141780E0,1.853664961511E1,1.755281337637E1));
#355=CARTESIAN_POINT('',(-9.356147233013E0,2.027941669761E1,1.767725471389E1));
#356=CARTESIAN_POINT('',(-9.125327630004E0,2.219630155167E1,1.779749186924E1));
#357=CARTESIAN_POINT('',(-8.896072186352E0,2.431345913707E1,1.791316439384E1));
#358=CARTESIAN_POINT('',(-8.670601900497E0,2.665599799472E1,1.802334634306E1));
#359=CARTESIAN_POINT('',(-8.451947913830E0,2.925383450558E1,1.812686132010E1));
#360=CARTESIAN_POINT('',(-8.245033585768E0,3.213191950870E1,1.822183565063E1));
#361=CARTESIAN_POINT('',(-8.056281007117E0,3.531307104930E1,1.830597674615E1));
#362=CARTESIAN_POINT('',(-7.893508650907E0,3.882656924223E1,1.837664026275E1));
#363=CARTESIAN_POINT('',(-7.766784905072E0,4.269352689990E1,1.843044321611E1));
#364=CARTESIAN_POINT('',(-7.688248462156E0,4.697184174803E1,1.846324583993E1));
#365=CARTESIAN_POINT('',(-7.675970078024E0,5.155895317898E1,1.846833544121E1));
#366=CARTESIAN_POINT('',(-7.736497866807E0,5.605953631193E1,1.844314792573E1));
#367=CARTESIAN_POINT('',(-7.856244588918E0,6.021805528738E1,1.839259559898E1));
#368=CARTESIAN_POINT('',(-8.019652732636E0,6.398805585283E1,1.832205356008E1));
#369=CARTESIAN_POINT('',(-8.207401640805E0,6.728735465080E1,1.823881113674E1));
#370=CARTESIAN_POINT('',(-8.414121210743E0,7.025738521519E1,1.814445174672E1));
#371=CARTESIAN_POINT('',(-8.633322110552E0,7.292731994398E1,1.804123379428E1));
#372=CARTESIAN_POINT('',(-8.858618125504E0,7.531708097993E1,1.793171195184E1));
#373=CARTESIAN_POINT('',(-9.087011292595E0,7.746556493078E1,1.781707819833E1));
#374=CARTESIAN_POINT('',(-9.316598321546E0,7.940540794929E1,1.769812277200E1));
#375=CARTESIAN_POINT('',(-9.547327247032E0,8.117175819380E1,1.757474302646E1));
#376=CARTESIAN_POINT('',(-9.778270615310E0,8.278279176425E1,1.744731208366E1));
#377=CARTESIAN_POINT('',(-1.000698689280E1,8.424259710024E1,1.731712716586E1));
#378=CARTESIAN_POINT('',(-1.023003071766E1,8.555068237512E1,1.718629096155E1));
#379=CARTESIAN_POINT('',(-1.045235888877E1,8.675224391840E1,1.705201850883E1));
#380=CARTESIAN_POINT('',(-1.067946197003E1,8.788094468990E1,1.691074748573E1));
#381=CARTESIAN_POINT('',(-1.090657661579E1,8.891551159599E1,1.676516024056E1));
#382=CARTESIAN_POINT('',(-1.112915920563E1,8.984376815721E1,1.661822455903E1));
#383=CARTESIAN_POINT('',(-1.134953754896E1,9.068336047200E1,1.646850963990E1));
#384=CARTESIAN_POINT('',(-1.157034330976E1,9.144792717609E1,1.631416225551E1));
#385=CARTESIAN_POINT('',(-1.179431761600E1,9.214687727970E1,1.615301899300E1));
#386=CARTESIAN_POINT('',(-1.202075533186E1,9.277630259181E1,1.598525713879E1));
#387=CARTESIAN_POINT('',(-1.224998003044E1,9.333557269155E1,1.581033117169E1));
#388=CARTESIAN_POINT('',(-1.248317978393E1,9.382395783774E1,1.562690132195E1));
#389=CARTESIAN_POINT('',(-1.271912954250E1,9.423578369120E1,1.543554910823E1));
#390=CARTESIAN_POINT('',(-1.296279489388E1,9.457182559135E1,1.523153445406E1));
#391=CARTESIAN_POINT('',(-1.320652710412E1,9.481719956764E1,1.502082643160E1));
#392=CARTESIAN_POINT('',(-1.346238737705E1,9.497113563428E1,1.479194604775E1));
#393=CARTESIAN_POINT('',(-1.361824616589E1,9.5E1,1.464767284560E1));
#394=CARTESIAN_POINT('',(-1.369450409639E1,9.5E1,1.457602680959E1));
#396=CARTESIAN_POINT('',(-1.369450409639E1,9.5E1,1.457602680959E1));
#397=CARTESIAN_POINT('',(-1.377108917388E1,9.5E1,1.450407341165E1));
#398=CARTESIAN_POINT('',(-1.392548832742E1,9.497083199704E1,1.435682914387E1));
#399=CARTESIAN_POINT('',(-1.417059388198E1,9.481557836706E1,1.411496606307E1));
#400=CARTESIAN_POINT('',(-1.439781175903E1,9.456626897369E1,1.388298259698E1));
#401=CARTESIAN_POINT('',(-1.461723283867E1,9.422540290499E1,1.365169667592E1));
#402=CARTESIAN_POINT('',(-1.482136870173E1,9.381196761098E1,1.342967311836E1));
#403=CARTESIAN_POINT('',(-1.501579931757E1,9.332672180134E1,1.321186149828E1));
#404=CARTESIAN_POINT('',(-1.520077336201E1,9.277471715932E1,1.299854952066E1));
#405=CARTESIAN_POINT('',(-1.537814745890E1,9.215607891122E1,1.278817004081E1));
#406=CARTESIAN_POINT('',(-1.554898778649E1,9.146989393786E1,1.257985000930E1));
#407=CARTESIAN_POINT('',(-1.571356174883E1,9.071740312232E1,1.237363570020E1));
#408=CARTESIAN_POINT('',(-1.587374326224E1,8.989043093248E1,1.216745125971E1));
#409=CARTESIAN_POINT('',(-1.603088940438E1,8.897900311525E1,1.195965561750E1));
#410=CARTESIAN_POINT('',(-1.618625013281E1,8.796898184440E1,1.174853946420E1));
#411=CARTESIAN_POINT('',(-1.633761819520E1,8.686719126560E1,1.153708337430E1));
#412=CARTESIAN_POINT('',(-1.648297047990E1,8.568603848066E1,1.132840932075E1));
#413=CARTESIAN_POINT('',(-1.662381398936E1,8.441087277688E1,1.112068822537E1));
#414=CARTESIAN_POINT('',(-1.676176998625E1,8.301787461532E1,1.091164582283E1));
#415=CARTESIAN_POINT('',(-1.689749266037E1,8.148474179291E1,1.070027477708E1));
#416=CARTESIAN_POINT('',(-1.703126964082E1,7.978575123063E1,1.048604967503E1));
#417=CARTESIAN_POINT('',(-1.716282656499E1,7.789333106593E1,1.026931260170E1));
#418=CARTESIAN_POINT('',(-1.729122101851E1,7.578142914941E1,1.005161002950E1));
#419=CARTESIAN_POINT('',(-1.741548669339E1,7.341237565259E1,9.834685906229E0));
#420=CARTESIAN_POINT('',(-1.753232308396E1,7.078493168068E1,9.624747772239E0));
#421=CARTESIAN_POINT('',(-1.763960318660E1,6.787942377645E1,9.426566580081E0));
#422=CARTESIAN_POINT('',(-1.773612323838E1,6.461546187829E1,9.243502252239E0));
#423=CARTESIAN_POINT('',(-1.781634780543E1,6.102702526836E1,9.087671168195E0));
#424=CARTESIAN_POINT('',(-1.787662222980E1,5.710065817895E1,8.968290087077E0));
#425=CARTESIAN_POINT('',(-1.791240809629E1,5.276609611653E1,8.896408184382E0));
#426=CARTESIAN_POINT('',(-1.791603276081E1,4.815107460186E1,8.889083111268E0));
#427=CARTESIAN_POINT('',(-1.788553467617E1,4.366825844914E1,8.950467993521E0));
#428=CARTESIAN_POINT('',(-1.782732472902E1,3.955527569964E1,9.066112415551E0));
#429=CARTESIAN_POINT('',(-1.774772547404E1,3.583817848590E1,9.221183052862E0));
#430=CARTESIAN_POINT('',(-1.765435338682E1,3.257587230635E1,9.398859126427E0));
#431=CARTESIAN_POINT('',(-1.755054505413E1,2.967245550680E1,9.591428332055E0));
#432=CARTESIAN_POINT('',(-1.743660935894E1,2.703017940636E1,9.797168703208E0));
#433=CARTESIAN_POINT('',(-1.731275273964E1,2.460296177851E1,1.001448244941E1));
#434=CARTESIAN_POINT('',(-1.718503056482E1,2.245156514333E1,1.023210811322E1));
#435=CARTESIAN_POINT('',(-1.705405139840E1,2.052502297109E1,1.044895531598E1));
#436=CARTESIAN_POINT('',(-1.692107914357E1,1.880058388392E1,1.066292953575E1));
#437=CARTESIAN_POINT('',(-1.678638686080E1,1.724770972449E1,1.087372889068E1));
#438=CARTESIAN_POINT('',(-1.664943239630E1,1.583650004122E1,1.108229180294E1));
#439=CARTESIAN_POINT('',(-1.650916910209E1,1.454072526481E1,1.129019754203E1));
#440=CARTESIAN_POINT('',(-1.636354813181E1,1.333359905780E1,1.150029748976E1));
#441=CARTESIAN_POINT('',(-1.620999713317E1,1.219483261489E1,1.171579784432E1));
#442=CARTESIAN_POINT('',(-1.605133012903E1,1.114663335520E1,1.193224987278E1));
#443=CARTESIAN_POINT('',(-1.589171158120E1,1.020806135318E1,1.214400151464E1));
#444=CARTESIAN_POINT('',(-1.572963516325E1,9.360754895690E0,1.235322099464E1));
#445=CARTESIAN_POINT('',(-1.556292163031E1,8.589639697205E0,1.256263996899E1));
#446=CARTESIAN_POINT('',(-1.538897851985E1,7.884012159844E0,1.277517534234E1));
#447=CARTESIAN_POINT('',(-1.520799336720E1,7.248042506893E0,1.299014281343E1));
#448=CARTESIAN_POINT('',(-1.501955514864E1,6.683008489718E0,1.320762937222E1));
#449=CARTESIAN_POINT('',(-1.482211272302E1,6.189322721666E0,1.342887888922E1));
#450=CARTESIAN_POINT('',(-1.461640670460E1,5.773020989900E0,1.365258850164E1));
#451=CARTESIAN_POINT('',(-1.439718654948E1,5.433065914569E0,1.388361944978E1));
#452=CARTESIAN_POINT('',(-1.417104424622E1,5.184868521318E0,1.411450971148E1));
#453=CARTESIAN_POINT('',(-1.392558977401E1,5.029146911371E0,1.435673536810E1));
#454=CARTESIAN_POINT('',(-1.377115431249E1,5.E0,1.450401221246E1));
#455=CARTESIAN_POINT('',(-1.369450409639E1,5.E0,1.457602680959E1));
#457=DIRECTION('',(-1.E0,0.E0,0.E0));
#458=VECTOR('',#457,4.E0);
#459=CARTESIAN_POINT('',(-2.E1,9.5E1,0.E0));
#460=LINE('696',#459,#458);
#461=DIRECTION('',(-1.E0,0.E0,0.E0));
#462=VECTOR('',#461,4.E0);
#463=CARTESIAN_POINT('',(2.4E1,9.5E1,0.E0));
#464=LINE('695',#463,#462);
#465=DIRECTION('',(-1.E0,0.E0,0.E0));
#466=VECTOR('',#465,4.E0);
#467=CARTESIAN_POINT('',(2.4E1,5.E0,0.E0));
#468=LINE('697',#467,#466);
#469=DIRECTION('',(-1.E0,0.E0,0.E0));
#470=VECTOR('',#469,4.E0);
#471=CARTESIAN_POINT('',(-2.E1,5.E0,0.E0));
#472=LINE('698',#471,#470);
#473=CARTESIAN_POINT('',(2.E1,5.E0,0.E0));
#474=CARTESIAN_POINT('',(2.E1,5.E0,-1.053473915688E-1));
#475=CARTESIAN_POINT('',(1.999840309982E1,5.029310570739E0,-3.192554691442E-1));
#476=CARTESIAN_POINT('',(1.998990186263E1,5.185681917010E0,-6.648690352735E-1));
#477=CARTESIAN_POINT('',(1.997634592791E1,5.436031978133E0,-9.899125087948E-1));
#478=CARTESIAN_POINT('',(1.995792555475E1,5.778243945383E0,-1.309095516198E0));
#479=CARTESIAN_POINT('',(1.993575634987E1,6.193247018663E0,-1.610878682118E0));
#480=CARTESIAN_POINT('',(1.990995597122E1,6.680641071311E0,-1.903007005227E0));
#481=CARTESIAN_POINT('',(1.988090694776E1,7.235293507092E0,-2.185321468632E0));
#482=CARTESIAN_POINT('',(1.984872689517E1,7.857269874081E0,-2.460300369280E0));
#483=CARTESIAN_POINT('',(1.981350311778E1,8.547589857278E0,-2.729303786755E0));
#484=CARTESIAN_POINT('',(1.977544049555E1,9.305262525089E0,-2.992528855597E0));
#485=CARTESIAN_POINT('',(1.973431003152E1,1.013843696401E1,-3.252692675290E0));
#486=CARTESIAN_POINT('',(1.968986040090E1,1.105674675053E1,-3.511778700925E0));
#487=CARTESIAN_POINT('',(1.964169855139E1,1.207434055217E1,-3.771865668328E0));
#488=CARTESIAN_POINT('',(1.959049216855E1,1.318435555762E1,-4.029280384619E0));
#489=CARTESIAN_POINT('',(1.953711143168E1,1.437502957006E1,-4.280525668737E0));
#490=CARTESIAN_POINT('',(1.948123638749E1,1.566156460186E1,-4.528000521848E0));
#491=CARTESIAN_POINT('',(1.942236610737E1,1.706680641234E1,-4.774209978581E0));
#492=CARTESIAN_POINT('',(1.936024095776E1,1.861249323728E1,-5.020222124248E0));
#493=CARTESIAN_POINT('',(1.929467577914E1,2.032449249426E1,-5.266616411202E0));
#494=CARTESIAN_POINT('',(1.922584203743E1,2.222760055747E1,-5.512589066053E0));
#495=CARTESIAN_POINT('',(1.915451616224E1,2.433919682765E1,-5.755476287823E0));
#496=CARTESIAN_POINT('',(1.908174259616E1,2.667933199999E1,-5.992236542780E0));
#497=CARTESIAN_POINT('',(1.900893324825E1,2.927083637860E1,-6.219196934963E0));
#498=CARTESIAN_POINT('',(1.893799897265E1,3.213903712984E1,-6.431762873634E0));
#499=CARTESIAN_POINT('',(1.887149969199E1,3.530995319119E1,-6.624091444574E0));
#500=CARTESIAN_POINT('',(1.881273057746E1,3.881603236495E1,-6.788912524593E0));
#501=CARTESIAN_POINT('',(1.876606808777E1,4.267666537882E1,-6.916558108111E0));
#502=CARTESIAN_POINT('',(1.873668601669E1,4.695111200070E1,-6.995513205991E0));
#503=CARTESIAN_POINT('',(1.873194808275E1,5.153714289536E1,-7.008141449623E0));
#504=CARTESIAN_POINT('',(1.875447324852E1,5.603856629956E1,-6.947858412185E0));
#505=CARTESIAN_POINT('',(1.879866365593E1,6.019701966241E1,-6.827748649667E0));
#506=CARTESIAN_POINT('',(1.885791062233E1,6.396600467662E1,-6.662682469686E0));
#507=CARTESIAN_POINT('',(1.892449042397E1,6.726475116999E1,-6.471390224528E0));
#508=CARTESIAN_POINT('',(1.899578406309E1,7.022886842254E1,-6.259247314600E0));
#509=CARTESIAN_POINT('',(1.906917862096E1,7.289422476054E1,-6.032103388552E0));
#510=CARTESIAN_POINT('',(1.914244848034E1,7.528720777062E1,-5.795482951876E0));
#511=CARTESIAN_POINT('',(1.921413928436E1,7.743641841463E1,-5.553229633519E0));
#512=CARTESIAN_POINT('',(1.928324058772E1,7.936723325014E1,-5.308316687012E0));
#513=CARTESIAN_POINT('',(1.934909918118E1,8.110265157982E1,-5.062979542596E0));
#514=CARTESIAN_POINT('',(1.941154726755E1,8.266881269059E1,-4.817995222883E0));
#515=CARTESIAN_POINT('',(1.947084312205E1,8.409421900455E1,-4.572482256336E0));
#516=CARTESIAN_POINT('',(1.952733985479E1,8.540313176877E1,-4.324896596284E0));
#517=CARTESIAN_POINT('',(1.958159527659E1,8.661981735670E1,-4.072355270074E0));
#518=CARTESIAN_POINT('',(1.963419005008E1,8.776498312017E1,-3.810889921760E0));
#519=CARTESIAN_POINT('',(1.968395525642E1,8.881994329963E1,-3.544872122359E0));
#520=CARTESIAN_POINT('',(1.972960091975E1,8.976525932493E1,-3.281237571403E0));
#521=CARTESIAN_POINT('',(1.977160868567E1,9.061782468464E1,-3.017833360128E0));
#522=CARTESIAN_POINT('',(1.981048753492E1,9.139289928602E1,-2.751240578666E0));
#523=CARTESIAN_POINT('',(1.984661781593E1,9.210174703152E1,-2.477459135583E0));
#524=CARTESIAN_POINT('',(1.987965664420E1,9.274074174071E1,-2.196905739413E0));
#525=CARTESIAN_POINT('',(1.990937624388E1,9.330838522715E1,-1.909320056047E0));
#526=CARTESIAN_POINT('',(1.993563410979E1,9.380447232942E1,-1.612629855941E0));
#527=CARTESIAN_POINT('',(1.995798901676E1,9.422294180350E1,-1.308222133681E0));
#528=CARTESIAN_POINT('',(1.997638311129E1,9.456465460009E1,-9.890754833714E-1));
#529=CARTESIAN_POINT('',(1.998989757967E1,9.481423877077E1,-6.648893976799E-1));
#530=CARTESIAN_POINT('',(1.999839851530E1,9.497060530815E1,-3.195435972954E-1));
#531=CARTESIAN_POINT('',(2.E1,9.5E1,-1.054993138568E-1));
#532=CARTESIAN_POINT('',(2.E1,9.5E1,0.E0));
#534=DIRECTION('',(0.E0,1.E0,0.E0));
#535=VECTOR('',#534,5.E0);
#536=CARTESIAN_POINT('',(-2.E1,0.E0,0.E0));
#537=LINE('689',#536,#535);
#538=CARTESIAN_POINT('',(-2.E1,9.5E1,0.E0));
#539=CARTESIAN_POINT('',(-2.E1,9.5E1,-1.053510273240E-1));
#540=CARTESIAN_POINT('',(-1.999840103249E1,9.497065126186E1,
-3.192441330804E-1));
#541=CARTESIAN_POINT('',(-1.998991790425E1,9.481461356277E1,
-6.643586335024E-1));
#542=CARTESIAN_POINT('',(-1.997636055769E1,9.456423913322E1,
-9.896459881016E-1));
#543=CARTESIAN_POINT('',(-1.995793991525E1,9.422202390113E1,-1.308875606250E0));
#544=CARTESIAN_POINT('',(-1.993577244099E1,9.380705522933E1,-1.610677689277E0));
#545=CARTESIAN_POINT('',(-1.990998542012E1,9.331991701378E1,-1.902690766764E0));
#546=CARTESIAN_POINT('',(-1.988095906427E1,9.276570565381E1,-2.184839592337E0));
#547=CARTESIAN_POINT('',(-1.984881055403E1,9.214435496636E1,-2.459616711870E0));
#548=CARTESIAN_POINT('',(-1.981363050976E1,9.145492134854E1,-2.728370217206E0));
#549=CARTESIAN_POINT('',(-1.977561884395E1,9.069831234061E1,-2.991342685884E0));
#550=CARTESIAN_POINT('',(-1.973454104448E1,8.986628196461E1,-3.251285734315E0));
#551=CARTESIAN_POINT('',(-1.969013997806E1,8.894908510401E1,-3.510206003842E0));
#552=CARTESIAN_POINT('',(-1.964204243341E1,8.793300384358E1,-3.770068476298E0));
#553=CARTESIAN_POINT('',(-1.959089931184E1,8.682458622504E1,-4.027299215480E0));
#554=CARTESIAN_POINT('',(-1.953751927093E1,8.563421606050E1,-4.278668837851E0));
#555=CARTESIAN_POINT('',(-1.948160206815E1,8.434701612184E1,-4.526432051420E0));
#556=CARTESIAN_POINT('',(-1.942270506630E1,8.294145153796E1,-4.772832512063E0));
#557=CARTESIAN_POINT('',(-1.936060966698E1,8.139686661559E1,-5.018795878096E0));
#558=CARTESIAN_POINT('',(-1.929518212672E1,7.968899418112E1,-5.264750302907E0));
#559=CARTESIAN_POINT('',(-1.922656021690E1,7.779278886760E1,-5.510075617830E0));
#560=CARTESIAN_POINT('',(-1.915531206555E1,7.568530626537E1,-5.752830950009E0));
#561=CARTESIAN_POINT('',(-1.908234839521E1,7.334146198438E1,-5.990323819949E0));
#562=CARTESIAN_POINT('',(-1.900903646212E1,7.073398621256E1,-6.218908960552E0));
#563=CARTESIAN_POINT('',(-1.893715063058E1,6.782734718680E1,-6.434306721791E0));
#564=CARTESIAN_POINT('',(-1.886918534095E1,6.457312189707E1,-6.630711571174E0));
#565=CARTESIAN_POINT('',(-1.880995146367E1,6.099590140384E1,-6.796604961631E0));
#566=CARTESIAN_POINT('',(-1.876370728054E1,5.707960421901E1,-6.922946376886E0));
#567=CARTESIAN_POINT('',(-1.873550212458E1,5.275412075920E1,-6.998671773564E0));
#568=CARTESIAN_POINT('',(-1.873264862788E1,4.814899092654E1,-7.006276288500E0));
#569=CARTESIAN_POINT('',(-1.875682162321E1,4.367879050715E1,-6.941535534722E0));
#570=CARTESIAN_POINT('',(-1.880173305085E1,3.958003505939E1,-6.819297796269E0));
#571=CARTESIAN_POINT('',(-1.886093306109E1,3.586967591266E1,-6.654125256704E0));
#572=CARTESIAN_POINT('',(-1.892750509218E1,3.260163164958E1,-6.462556703124E0));
#573=CARTESIAN_POINT('',(-1.899773664731E1,2.969859294777E1,-6.253261817191E0));
#574=CARTESIAN_POINT('',(-1.906962804128E1,2.709169805493E1,-6.030631258192E0));
#575=CARTESIAN_POINT('',(-1.914226039591E1,2.471883212618E1,-5.796091046240E0));
#576=CARTESIAN_POINT('',(-1.921398024448E1,2.256797488339E1,-5.553795418382E0));
#577=CARTESIAN_POINT('',(-1.928351346820E1,2.062513257645E1,-5.307353217476E0));
#578=CARTESIAN_POINT('',(-1.934969306657E1,1.888203208901E1,-5.060722444125E0));
#579=CARTESIAN_POINT('',(-1.941216396102E1,1.731608658542E1,-4.815506624620E0));
#580=CARTESIAN_POINT('',(-1.947132238806E1,1.589453206651E1,-4.570427891482E0));
#581=CARTESIAN_POINT('',(-1.952761124298E1,1.459073383443E1,-4.323654237183E0));
#582=CARTESIAN_POINT('',(-1.958172653099E1,1.337729518385E1,-4.071718629117E0));
#583=CARTESIAN_POINT('',(-1.963433030456E1,1.223199686636E1,-3.810172973049E0));
#584=CARTESIAN_POINT('',(-1.968411695271E1,1.117666977813E1,-3.543975593031E0));
#585=CARTESIAN_POINT('',(-1.972974290413E1,1.023183298384E1,-3.280382067741E0));
#586=CARTESIAN_POINT('',(-1.977173946372E1,9.379545191104E0,-3.016977894313E0));
#587=CARTESIAN_POINT('',(-1.981062022711E1,8.604475908652E0,-2.750289604831E0));
#588=CARTESIAN_POINT('',(-1.984675546891E1,7.895571761075E0,-2.476360408102E0));
#589=CARTESIAN_POINT('',(-1.987978390800E1,7.256813554009E0,-2.195754030260E0));
#590=CARTESIAN_POINT('',(-1.990948386507E1,6.689571908235E0,-1.908194496772E0));
#591=CARTESIAN_POINT('',(-1.993571395348E1,6.194027933720E0,-1.611628280678E0));
#592=CARTESIAN_POINT('',(-1.995803466326E1,5.776208388939E0,-1.307504844943E0));
#593=CARTESIAN_POINT('',(-1.997640082876E1,5.435018097152E0,
-9.886632673009E-1));
#594=CARTESIAN_POINT('',(-1.998989554598E1,5.185798833594E0,
-6.649410174630E-1));
#595=CARTESIAN_POINT('',(-1.999840292843E1,5.029313496661E0,
-3.193263002267E-1));
#596=CARTESIAN_POINT('',(-2.E1,5.E0,-1.054192377582E-1));
#597=CARTESIAN_POINT('',(-2.E1,5.E0,0.E0));
#599=DIRECTION('',(0.E0,1.E0,0.E0));
#600=VECTOR('',#599,4.E1);
#601=CARTESIAN_POINT('',(-2.E1,9.5E1,0.E0));
#602=LINE('690',#601,#600);
#603=CARTESIAN_POINT('',(-1.457602680959E1,5.E0,-1.369450409639E1));
#604=CARTESIAN_POINT('',(-1.464757212637E1,5.E0,-1.361835336847E1));
#605=CARTESIAN_POINT('',(-1.479172993165E1,5.028854540782E0,-1.346261821260E1));
#606=CARTESIAN_POINT('',(-1.502014117470E1,5.182137821233E0,-1.320730910831E1));
#607=CARTESIAN_POINT('',(-1.523173917420E1,5.428319335653E0,-1.296256537049E1));
#608=CARTESIAN_POINT('',(-1.543587262177E1,5.764938354046E0,-1.271872852344E1));
#609=CARTESIAN_POINT('',(-1.562574128226E1,6.173650660921E0,-1.248460240142E1));
#610=CARTESIAN_POINT('',(-1.580633198644E1,6.653324507631E0,-1.225509819400E1));
#611=CARTESIAN_POINT('',(-1.597798806832E1,7.199222748692E0,-1.203036973148E1));
#612=CARTESIAN_POINT('',(-1.614231963656E1,7.810808592229E0,-1.180891048416E1));
#613=CARTESIAN_POINT('',(-1.630049914247E1,8.489625621531E0,-1.158954752010E1));
#614=CARTESIAN_POINT('',(-1.645282856961E1,9.234937597001E0,-1.137222984389E1));
#615=CARTESIAN_POINT('',(-1.660081914671E1,1.005383688167E1,-1.115507450128E1));
#616=CARTESIAN_POINT('',(-1.674548321912E1,1.095452617540E1,-1.093671533410E1));
#617=CARTESIAN_POINT('',(-1.688784277174E1,1.194914088174E1,-1.071558911988E1));
#618=CARTESIAN_POINT('',(-1.702686355237E1,1.303780662252E1,-1.049326209440E1));
#619=CARTESIAN_POINT('',(-1.716119996822E1,1.421462892471E1,-1.027206557211E1));
#620=CARTESIAN_POINT('',(-1.729228587738E1,1.549769210421E1,-1.004984055425E1));
#621=CARTESIAN_POINT('',(-1.742247733479E1,1.692510418783E1,-9.822453935684E0));
#622=CARTESIAN_POINT('',(-1.755143625350E1,1.851800767959E1,-9.590131516024E0));
#623=CARTESIAN_POINT('',(-1.767660832547E1,2.026950661972E1,-9.357376591602E0));
#624=CARTESIAN_POINT('',(-1.779705429897E1,2.218879303597E1,-9.126182320376E0));
#625=CARTESIAN_POINT('',(-1.791275324148E1,2.430540381957E1,-8.896899537395E0));
#626=CARTESIAN_POINT('',(-1.802292182569E1,2.664624359813E1,-8.671484387434E0));
#627=CARTESIAN_POINT('',(-1.812649805520E1,2.924376629156E1,-8.452728803937E0));
#628=CARTESIAN_POINT('',(-1.822157457830E1,3.212296621909E1,-8.245612617571E0));
#629=CARTESIAN_POINT('',(-1.830580814154E1,3.530564773358E1,-8.056665589363E0));
#630=CARTESIAN_POINT('',(-1.837653570184E1,3.882025544742E1,-7.893752931288E0));
#631=CARTESIAN_POINT('',(-1.843038511148E1,4.268796188362E1,-7.766923297243E0));
#632=CARTESIAN_POINT('',(-1.846322625014E1,4.696691011972E1,-7.688295701975E0));
#633=CARTESIAN_POINT('',(-1.846834694074E1,5.155515711638E1,-7.675942320320E0));
#634=CARTESIAN_POINT('',(-1.844317106988E1,5.605731519126E1,-7.736442655393E0));
#635=CARTESIAN_POINT('',(-1.839260671848E1,6.021758186856E1,-7.856218987549E0));
#636=CARTESIAN_POINT('',(-1.832203012264E1,6.398927530401E1,-8.019707021106E0));
#637=CARTESIAN_POINT('',(-1.823873943759E1,6.729003654802E1,-8.207562455563E0));
#638=CARTESIAN_POINT('',(-1.814428359428E1,7.026233380412E1,-8.414486221440E0));
#639=CARTESIAN_POINT('',(-1.804097473056E1,7.293347809391E1,-8.633864187377E0));
#640=CARTESIAN_POINT('',(-1.793146227208E1,7.532207498502E1,-8.859122799838E0));
#641=CARTESIAN_POINT('',(-1.781682506604E1,7.747001638504E1,-9.087508496313E0));
#642=CARTESIAN_POINT('',(-1.769770014451E1,7.941209053964E1,-9.317407991588E0));
#643=CARTESIAN_POINT('',(-1.757363597899E1,8.118722202904E1,-9.549385812319E0));
#644=CARTESIAN_POINT('',(-1.744510864084E1,8.280919166006E1,-9.782209730132E0));
#645=CARTESIAN_POINT('',(-1.731519833818E1,8.426266341682E1,-1.001031036572E1));
#646=CARTESIAN_POINT('',(-1.718503121920E1,8.556243621848E1,-1.023213968896E1));
#647=CARTESIAN_POINT('',(-1.705089032689E1,8.676175903184E1,-1.045419831324E1));
#648=CARTESIAN_POINT('',(-1.690967444928E1,8.788900849163E1,-1.068116010518E1));
#649=CARTESIAN_POINT('',(-1.676408483939E1,8.892270404200E1,-1.090822893367E1));
#650=CARTESIAN_POINT('',(-1.661721050805E1,8.984977778487E1,-1.113067174479E1));
#651=CARTESIAN_POINT('',(-1.646758052709E1,9.068823457229E1,-1.135088418602E1));
#652=CARTESIAN_POINT('',(-1.631331164671E1,9.145185340574E1,-1.157154143645E1));
#653=CARTESIAN_POINT('',(-1.615222776993E1,9.215005602694E1,-1.179540017405E1));
#654=CARTESIAN_POINT('',(-1.598453024840E1,9.277880740988E1,-1.202172083351E1));
#655=CARTESIAN_POINT('',(-1.580967575864E1,9.333747211445E1,-1.225082467842E1));
#656=CARTESIAN_POINT('',(-1.562633347307E1,9.382530371029E1,-1.248388934278E1));
#657=CARTESIAN_POINT('',(-1.543506971376E1,9.423667488492E1,-1.271970995318E1));
#658=CARTESIAN_POINT('',(-1.523115788047E1,9.457233400218E1,-1.296323597037E1));
#659=CARTESIAN_POINT('',(-1.502055703307E1,9.481742645941E1,-1.320683188454E1));
#660=CARTESIAN_POINT('',(-1.479181122968E1,9.497117211300E1,-1.346253378048E1));
#661=CARTESIAN_POINT('',(-1.464762702789E1,9.5E1,-1.361829493291E1));
#662=CARTESIAN_POINT('',(-1.457602680959E1,9.5E1,-1.369450409639E1));
#664=CARTESIAN_POINT('',(-1.457602680959E1,9.5E1,-1.369450409639E1));
#665=CARTESIAN_POINT('',(-1.450420135742E1,9.5E1,-1.377095299217E1));
#666=CARTESIAN_POINT('',(-1.435721455928E1,9.497093421768E1,-1.392508625148E1));
#667=CARTESIAN_POINT('',(-1.411577452168E1,9.481621952251E1,-1.416978423248E1));
#668=CARTESIAN_POINT('',(-1.388415805790E1,9.456771579259E1,-1.439667471253E1));
#669=CARTESIAN_POINT('',(-1.365323472614E1,9.422792503483E1,-1.461579312742E1));
#670=CARTESIAN_POINT('',(-1.343153473372E1,9.381572939678E1,-1.481967894203E1));
#671=CARTESIAN_POINT('',(-1.321406406538E1,9.333198148309E1,-1.501385851405E1));
#672=CARTESIAN_POINT('',(-1.300106093814E1,9.278161594460E1,-1.519862323541E1));
#673=CARTESIAN_POINT('',(-1.279098748590E1,9.216481628781E1,-1.537580202616E1));
#674=CARTESIAN_POINT('',(-1.258297846336E1,9.148070082026E1,-1.554645390951E1));
#675=CARTESIAN_POINT('',(-1.237715591897E1,9.073081679173E1,-1.571078636823E1));
#676=CARTESIAN_POINT('',(-1.217140001018E1,8.990693557127E1,-1.587071311308E1));
#677=CARTESIAN_POINT('',(-1.196395834452E1,8.899866714286E1,-1.602767705950E1));
#678=CARTESIAN_POINT('',(-1.175301362242E1,8.799128324225E1,-1.618300106740E1));
#679=CARTESIAN_POINT('',(-1.154183602945E1,8.689289209262E1,-1.633425767659E1));
#680=CARTESIAN_POINT('',(-1.133406417671E1,8.571913745723E1,-1.647907559437E1));
#681=CARTESIAN_POINT('',(-1.112757314841E1,8.445463226555E1,-1.661919976954E1));
#682=CARTESIAN_POINT('',(-1.091935248601E1,8.307123630389E1,-1.675674803057E1));
#683=CARTESIAN_POINT('',(-1.070801970792E1,8.154343633972E1,-1.689258900429E1));
#684=CARTESIAN_POINT('',(-1.049270850333E1,7.984143325613E1,-1.702717804560E1));
#685=CARTESIAN_POINT('',(-1.027396179109E1,7.793668054303E1,-1.716005657186E1));
#686=CARTESIAN_POINT('',(-1.005439630276E1,7.581053767226E1,-1.728960840707E1));
#687=CARTESIAN_POINT('',(-9.836855378168E0,7.343762792950E1,-1.741426193841E1));
#688=CARTESIAN_POINT('',(-9.626814362879E0,7.081308189943E1,-1.753119117144E1));
#689=CARTESIAN_POINT('',(-9.427737679636E0,6.789884808692E1,-1.763898100445E1));
#690=CARTESIAN_POINT('',(-9.244244625986E0,6.463074850419E1,-1.773573762369E1));
#691=CARTESIAN_POINT('',(-9.088016272689E0,6.103712179952E1,-1.781617301649E1));
#692=CARTESIAN_POINT('',(-8.968363500137E0,5.710494549214E1,-1.787658578486E1));
#693=CARTESIAN_POINT('',(-8.896366684876E0,5.276461884629E1,-1.791242869974E1));
#694=CARTESIAN_POINT('',(-8.889101600591E0,4.814436345451E1,-1.791602364794E1));
#695=CARTESIAN_POINT('',(-8.950665030137E0,4.365821311365E1,-1.788543647679E1));
#696=CARTESIAN_POINT('',(-9.066529431565E0,3.954287691345E1,-1.782711350092E1));
#697=CARTESIAN_POINT('',(-9.221964270842E0,3.582128433117E1,-1.774732151055E1));
#698=CARTESIAN_POINT('',(-9.400359982072E0,3.255021313268E1,-1.765355885011E1));
#699=CARTESIAN_POINT('',(-9.593842975071E0,2.963889108244E1,-1.754922734296E1));
#700=CARTESIAN_POINT('',(-9.799353916189E0,2.700446427536E1,-1.743537838287E1));
#701=CARTESIAN_POINT('',(-1.001666998578E1,2.457955823742E1,-1.731149395239E1));
#702=CARTESIAN_POINT('',(-1.023649987436E1,2.240972047332E1,-1.718242890249E1));
#703=CARTESIAN_POINT('',(-1.045528606767E1,2.047119053502E1,-1.705018065014E1));
#704=CARTESIAN_POINT('',(-1.067050098516E1,1.874224193948E1,-1.691630992526E1));
#705=CARTESIAN_POINT('',(-1.088137610433E1,1.719392487654E1,-1.678142880759E1));
#706=CARTESIAN_POINT('',(-1.108923289031E1,1.579168784416E1,-1.664480447496E1));
#707=CARTESIAN_POINT('',(-1.129598756056E1,1.450631952374E1,-1.650520110233E1));
#708=CARTESIAN_POINT('',(-1.150515837578E1,1.330693561199E1,-1.636012727751E1));
#709=CARTESIAN_POINT('',(-1.172036761024E1,1.217175638320E1,-1.620669268660E1));
#710=CARTESIAN_POINT('',(-1.193663634587E1,1.112636228973E1,-1.604806676175E1));
#711=CARTESIAN_POINT('',(-1.214800846224E1,1.019114543225E1,-1.588864603608E1));
#712=CARTESIAN_POINT('',(-1.235679493164E1,9.347008006866E0,-1.572682498307E1));
#713=CARTESIAN_POINT('',(-1.256582819136E1,8.578531718356E0,-1.556034523748E1));
#714=CARTESIAN_POINT('',(-1.277805533687E1,7.875018405327E0,-1.538658511229E1));
#715=CARTESIAN_POINT('',(-1.299270690594E1,7.240964756988E0,-1.520580050123E1));
#716=CARTESIAN_POINT('',(-1.320987114157E1,6.677641180395E0,-1.501758080947E1));
#717=CARTESIAN_POINT('',(-1.343076333139E1,6.185514774030E0,-1.482040225274E1));
#718=CARTESIAN_POINT('',(-1.365412960251E1,5.770498164332E0,-1.461496381316E1));
#719=CARTESIAN_POINT('',(-1.388479083650E1,5.431625464003E0,-1.439605333788E1));
#720=CARTESIAN_POINT('',(-1.411531696105E1,5.184227012244E0,-1.417023591043E1));
#721=CARTESIAN_POINT('',(-1.435712305465E1,5.029043592117E0,-1.392518536834E1));
#722=CARTESIAN_POINT('',(-1.450414124422E1,5.E0,-1.377101697490E1));
#723=CARTESIAN_POINT('',(-1.457602680959E1,5.E0,-1.369450409639E1));
#725=CARTESIAN_POINT('',(1.457602680959E1,9.5E1,-1.369450409639E1));
#726=CARTESIAN_POINT('',(1.464751937879E1,9.5E1,-1.361840951144E1));
#727=CARTESIAN_POINT('',(1.479159268203E1,9.497122402794E1,-1.346277054530E1));
#728=CARTESIAN_POINT('',(1.502019686371E1,9.481780747665E1,-1.320724549551E1));
#729=CARTESIAN_POINT('',(1.523151476047E1,9.457194777296E1,-1.296282541189E1));
#730=CARTESIAN_POINT('',(1.543551263247E1,9.423572824040E1,-1.271916418132E1));
#731=CARTESIAN_POINT('',(1.562528131934E1,9.382743881075E1,-1.248517709273E1));
#732=CARTESIAN_POINT('',(1.580585584743E1,9.334806303078E1,-1.225571236953E1));
#733=CARTESIAN_POINT('',(1.597753601463E1,9.280233768814E1,-1.203097036419E1));
#734=CARTESIAN_POINT('',(1.614190495464E1,9.219085797764E1,-1.180947789332E1));
#735=CARTESIAN_POINT('',(1.630015127034E1,9.151198285945E1,-1.159003769880E1));
#736=CARTESIAN_POINT('',(1.645255581727E1,9.076649596822E1,-1.137262533559E1));
#737=CARTESIAN_POINT('',(1.660060266239E1,8.994744104550E1,-1.115539709121E1));
#738=CARTESIAN_POINT('',(1.674528185190E1,8.904680205307E1,-1.093702366185E1));
#739=CARTESIAN_POINT('',(1.688765293063E1,8.805226893620E1,-1.071588862631E1));
#740=CARTESIAN_POINT('',(1.702668987013E1,8.696362398543E1,-1.049354352472E1));
#741=CARTESIAN_POINT('',(1.716093582137E1,8.578775909574E1,-1.027250414983E1));
#742=CARTESIAN_POINT('',(1.729182205870E1,8.450702462438E1,-1.005063493994E1));
#743=CARTESIAN_POINT('',(1.742188140883E1,8.308180240852E1,-9.823510102962E0));
#744=CARTESIAN_POINT('',(1.755085512698E1,8.148959489614E1,-9.591194016527E0));
#745=CARTESIAN_POINT('',(1.767582796690E1,7.974186796287E1,-9.358842736054E0));
#746=CARTESIAN_POINT('',(1.779582880812E1,7.783172762770E1,-9.128562946213E0));
#747=CARTESIAN_POINT('',(1.791132221324E1,7.572262324025E1,-8.899779381924E0));
#748=CARTESIAN_POINT('',(1.802173619426E1,7.338153452323E1,-8.673958464146E0));
#749=CARTESIAN_POINT('',(1.812605532355E1,7.076982198074E1,-8.453699189007E0));
#750=CARTESIAN_POINT('',(1.822237234713E1,6.785439805545E1,-8.243884746355E0));
#751=CARTESIAN_POINT('',(1.830823755682E1,6.459606823892E1,-8.051168356079E0));
#752=CARTESIAN_POINT('',(1.837943468995E1,6.101349654732E1,-7.886999100099E0));
#753=CARTESIAN_POINT('',(1.843278304686E1,5.709377128114E1,-7.761219359626E0));
#754=CARTESIAN_POINT('',(1.846439730332E1,5.276875013883E1,-7.685473197649E0));
#755=CARTESIAN_POINT('',(1.846765239059E1,4.816693034858E1,-7.677619496926E0));
#756=CARTESIAN_POINT('',(1.844087156767E1,4.369793751974E1,-7.741937337146E0));
#757=CARTESIAN_POINT('',(1.838960993501E1,3.959706903903E1,-7.863232294425E0));
#758=CARTESIAN_POINT('',(1.831911591156E1,3.588087745466E1,-8.026364047933E0));
#759=CARTESIAN_POINT('',(1.823554932475E1,3.260010512568E1,-8.214641438459E0));
#760=CARTESIAN_POINT('',(1.814224598581E1,2.968386026210E1,-8.418835117033E0));
#761=CARTESIAN_POINT('',(1.804096535697E1,2.706835698489E1,-8.633848402309E0));
#762=CARTESIAN_POINT('',(1.793229444279E1,2.469484691220E1,-8.857433701743E0));
#763=CARTESIAN_POINT('',(1.781744125900E1,2.254014966970E1,-9.086315057247E0));
#764=CARTESIAN_POINT('',(1.769737134977E1,2.058226865196E1,-9.318051556959E0));
#765=CARTESIAN_POINT('',(1.757263928427E1,1.879925890326E1,-9.551225417033E0));
#766=CARTESIAN_POINT('',(1.744411778551E1,1.717918317027E1,-9.783971477089E0));
#767=CARTESIAN_POINT('',(1.731447328800E1,1.572973746056E1,-1.001156194818E1));
#768=CARTESIAN_POINT('',(1.718425927096E1,1.443024544644E1,-1.023343748012E1));
#769=CARTESIAN_POINT('',(1.705009310755E1,1.323153629544E1,-1.045549724639E1));
#770=CARTESIAN_POINT('',(1.690898158039E1,1.210581303321E1,-1.068225504876E1));
#771=CARTESIAN_POINT('',(1.676345992365E1,1.107312718711E1,-1.090918848245E1));
#772=CARTESIAN_POINT('',(1.661662781238E1,1.014677594710E1,-1.113154045598E1));
#773=CARTESIAN_POINT('',(1.646710836537E1,9.309311768485E0,-1.135156706137E1));
#774=CARTESIAN_POINT('',(1.631299653244E1,8.546721383928E0,-1.157198335302E1));
#775=CARTESIAN_POINT('',(1.615206632941E1,7.849318766413E0,-1.179561945053E1));
#776=CARTESIAN_POINT('',(1.598447196998E1,7.221005823356E0,-1.202179724265E1));
#777=CARTESIAN_POINT('',(1.580968614912E1,6.662568629094E0,-1.225081050317E1));
#778=CARTESIAN_POINT('',(1.562636744159E1,6.174770496755E0,-1.248384737409E1));
#779=CARTESIAN_POINT('',(1.543502465225E1,5.763230331131E0,-1.271976534047E1));
#780=CARTESIAN_POINT('',(1.523103356210E1,5.427458745568E0,-1.296338467252E1));
#781=CARTESIAN_POINT('',(1.502024297957E1,5.182300960861E0,-1.320718781679E1));
#782=CARTESIAN_POINT('',(1.479181917947E1,5.028871555796E0,-1.346252185195E1));
#783=CARTESIAN_POINT('',(1.464763541197E1,5.E0,-1.361828600914E1));
#784=CARTESIAN_POINT('',(1.457602680959E1,5.E0,-1.369450409639E1));
#786=CARTESIAN_POINT('',(1.457602680959E1,5.E0,-1.369450409639E1));
#787=CARTESIAN_POINT('',(1.450421462556E1,5.E0,-1.377093886995E1));
#788=CARTESIAN_POINT('',(1.435723926133E1,5.029018279930E0,-1.392506371886E1));
#789=CARTESIAN_POINT('',(1.411546592265E1,5.184032659854E0,-1.417009271067E1));
#790=CARTESIAN_POINT('',(1.388404254253E1,5.432459267083E0,-1.439678389975E1));
#791=CARTESIAN_POINT('',(1.365317452002E1,5.772176896152E0,-1.461584925949E1));
#792=CARTESIAN_POINT('',(1.343150724535E1,6.184326288354E0,-1.481970387797E1));
#793=CARTESIAN_POINT('',(1.321396988916E1,6.668232859604E0,-1.501394225200E1));
#794=CARTESIAN_POINT('',(1.300085994958E1,7.218925103062E0,-1.519879606505E1));
#795=CARTESIAN_POINT('',(1.279065381865E1,7.836203458933E0,-1.537608077507E1));
#796=CARTESIAN_POINT('',(1.258246262675E1,8.521063030385E0,-1.554687283131E1));
#797=CARTESIAN_POINT('',(1.237643555560E1,9.271912374911E0,-1.571135523048E1));
#798=CARTESIAN_POINT('',(1.217050169737E1,1.009681138327E1,-1.587140287511E1));
#799=CARTESIAN_POINT('',(1.196295813324E1,1.100589688035E1,-1.602842416975E1));
#800=CARTESIAN_POINT('',(1.175189840732E1,1.201425475643E1,-1.618381189485E1));
#801=CARTESIAN_POINT('',(1.154055486493E1,1.311403286640E1,-1.633516368245E1));
#802=CARTESIAN_POINT('',(1.133271573020E1,1.428879373910E1,-1.648000284874E1));
#803=CARTESIAN_POINT('',(1.112628654226E1,1.555359043853E1,-1.662006047793E1));
#804=CARTESIAN_POINT('',(1.091818396430E1,1.693688334554E1,-1.675750862711E1));
#805=CARTESIAN_POINT('',(1.070696419872E1,1.846455842478E1,-1.689325745325E1));
#806=CARTESIAN_POINT('',(1.049170429949E1,2.016688894710E1,-1.702779673652E1));
#807=CARTESIAN_POINT('',(1.027291892259E1,2.207285933110E1,-1.716068134776E1));
#808=CARTESIAN_POINT('',(1.005317483925E1,2.420182905823E1,-1.729032047194E1));
#809=CARTESIAN_POINT('',(9.835397810141E0,2.657941123871E1,-1.741508423503E1));
#810=CARTESIAN_POINT('',(9.626191970894E0,2.919613029847E1,-1.753152533110E1));
#811=CARTESIAN_POINT('',(9.429558038431E0,3.207606464303E1,-1.763799023078E1));
#812=CARTESIAN_POINT('',(9.250293787209E0,3.525530832182E1,-1.773257067703E1));
#813=CARTESIAN_POINT('',(9.095245141694E0,3.877490414642E1,-1.781248533350E1));
#814=CARTESIAN_POINT('',(8.974343950810E0,4.265328740622E1,-1.787358959083E1));
#815=CARTESIAN_POINT('',(8.899311154446E0,4.694504131354E1,-1.791097037618E1));
#816=CARTESIAN_POINT('',(8.887359753061E0,5.154713884178E1,-1.791688488213E1));
#817=CARTESIAN_POINT('',(8.944771371264E0,5.606325600420E1,-1.788837735726E1));
#818=CARTESIAN_POINT('',(9.058650456998E0,6.023624638606E1,-1.783111589513E1));
#819=CARTESIAN_POINT('',(9.214125769323E0,6.401839695719E1,-1.775139266374E1));
#820=CARTESIAN_POINT('',(9.393009555227E0,6.733064956369E1,-1.765747805844E1));
#821=CARTESIAN_POINT('',(9.589604829822E0,7.030567686386E1,-1.755156389190E1));
#822=CARTESIAN_POINT('',(9.798372502030E0,7.298439474757E1,-1.743593570640E1));
#823=CARTESIAN_POINT('',(1.001486711359E1,7.540107475357E1,-1.731253080123E1));
#824=CARTESIAN_POINT('',(1.023456685555E1,7.757243412012E1,-1.718358306053E1));
#825=CARTESIAN_POINT('',(1.045402595456E1,7.951839148321E1,-1.705095769264E1));
#826=CARTESIAN_POINT('',(1.066993062300E1,8.125351099193E1,-1.691667295417E1));
#827=CARTESIAN_POINT('',(1.088120468082E1,8.280491949880E1,-1.678154150273E1));
#828=CARTESIAN_POINT('',(1.108921014220E1,8.420817023400E1,-1.664481982936E1));
#829=CARTESIAN_POINT('',(1.129588682802E1,8.549304977130E1,-1.650526893149E1));
#830=CARTESIAN_POINT('',(1.150482792569E1,8.669121198277E1,-1.636035813561E1));
#831=CARTESIAN_POINT('',(1.171988676110E1,8.782581103855E1,-1.620704017021E1));
#832=CARTESIAN_POINT('',(1.193622974150E1,8.887177397951E1,-1.604837003239E1));
#833=CARTESIAN_POINT('',(1.214769119917E1,8.980751370461E1,-1.588888869202E1));
#834=CARTESIAN_POINT('',(1.235640594186E1,9.065147441193E1,-1.572712960715E1));
#835=CARTESIAN_POINT('',(1.256528023558E1,9.141953415070E1,-1.556078648995E1));
#836=CARTESIAN_POINT('',(1.277738294512E1,9.212286561537E1,-1.538714284120E1));
#837=CARTESIAN_POINT('',(1.299200736519E1,9.275709522853E1,-1.520639814586E1));
#838=CARTESIAN_POINT('',(1.320918687475E1,9.332071233542E1,-1.501818285968E1));
#839=CARTESIAN_POINT('',(1.343015469903E1,9.381326038939E1,-1.482095507050E1));
#840=CARTESIAN_POINT('',(1.365371088187E1,9.422882628734E1,-1.461535658071E1));
#841=CARTESIAN_POINT('',(1.388457518473E1,9.456814608334E1,-1.439626481345E1));
#842=CARTESIAN_POINT('',(1.411540936124E1,9.481585458453E1,-1.417014401850E1));
#843=CARTESIAN_POINT('',(1.435699673302E1,9.497088216730E1,-1.392531393027E1));
#844=CARTESIAN_POINT('',(1.450409490358E1,9.5E1,-1.377106629851E1));
#845=CARTESIAN_POINT('',(1.457602680959E1,9.5E1,-1.369450409639E1));
#847=CARTESIAN_POINT('',(0.E0,1.35E2,0.E0));
#848=DIRECTION('',(0.E0,-1.E0,0.E0));
#849=DIRECTION('',(1.E0,0.E0,0.E0));
#850=AXIS2_PLACEMENT_3D('',#847,#848,#849);
#852=CARTESIAN_POINT('',(0.E0,1.35E2,0.E0));
#853=DIRECTION('',(0.E0,-1.E0,0.E0));
#854=DIRECTION('',(-1.E0,0.E0,0.E0));
#855=AXIS2_PLACEMENT_3D('',#852,#853,#854);
#857=CARTESIAN_POINT('',(0.E0,1.35E2,0.E0));
#858=DIRECTION('',(0.E0,1.E0,0.E0));
#859=DIRECTION('',(1.E0,0.E0,0.E0));
#860=AXIS2_PLACEMENT_3D('',#857,#858,#859);
#862=CARTESIAN_POINT('',(0.E0,1.35E2,0.E0));
#863=DIRECTION('',(0.E0,1.E0,0.E0));
#864=DIRECTION('',(-1.E0,0.E0,0.E0));
#865=AXIS2_PLACEMENT_3D('',#862,#863,#864);
#867=CARTESIAN_POINT('',(2.4E1,9.5E1,0.E0));
#868=CARTESIAN_POINT('',(2.4E1,9.5E1,-1.053822444369E-1));
#869=CARTESIAN_POINT('',(2.399866676919E1,9.497063543514E1,-3.193301682248E-1));
#870=CARTESIAN_POINT('',(2.399159393687E1,9.481450944321E1,-6.645473011017E-1));
#871=CARTESIAN_POINT('',(2.398029161607E1,9.456397571506E1,-9.899459912189E-1));
#872=CARTESIAN_POINT('',(2.396493794542E1,9.422152337505E1,-1.309294816709E0));
#873=CARTESIAN_POINT('',(2.394646645644E1,9.380625050824E1,-1.611215379222E0));
#874=CARTESIAN_POINT('',(2.392498623512E1,9.331873740542E1,-1.903346762932E0));
#875=CARTESIAN_POINT('',(2.390081982772E1,9.276413747738E1,-2.185586337653E0));
#876=CARTESIAN_POINT('',(2.387406924751E1,9.214240468196E1,-2.460427669643E0));
#877=CARTESIAN_POINT('',(2.384481597057E1,9.145264624786E1,-2.729207337585E0));
#878=CARTESIAN_POINT('',(2.381323118319E1,9.069579526245E1,-2.992171060353E0));
#879=CARTESIAN_POINT('',(2.377912310665E1,8.986357448787E1,-3.252088583296E0));
#880=CARTESIAN_POINT('',(2.374228133796E1,8.894618645031E1,-3.510984137771E0));
#881=CARTESIAN_POINT('',(2.370240169786E1,8.792988639197E1,-3.770827265400E0));
#882=CARTESIAN_POINT('',(2.366003365073E1,8.682130103723E1,-4.028025505848E0));
#883=CARTESIAN_POINT('',(2.361585167255E1,8.563079855818E1,-4.279357109995E0));
#884=CARTESIAN_POINT('',(2.356961022934E1,8.434344114574E1,-4.527088197358E0));
#885=CARTESIAN_POINT('',(2.352095089108E1,8.293771898461E1,-4.773455598653E0));
#886=CARTESIAN_POINT('',(2.346970102077E1,8.139298078824E1,-5.019383838661E0));
#887=CARTESIAN_POINT('',(2.341575911473E1,7.968496195362E1,-5.265300184226E0));
#888=CARTESIAN_POINT('',(2.335924904822E1,7.778864651444E1,-5.510580667888E0));
#889=CARTESIAN_POINT('',(2.330064809114E1,7.568111201748E1,-5.753283298623E0));
#890=CARTESIAN_POINT('',(2.324071276759E1,7.333729421704E1,-5.990715651238E0));
#891=CARTESIAN_POINT('',(2.318057031142E1,7.072994567900E1,-6.219233443710E0));
#892=CARTESIAN_POINT('',(2.312167512060E1,6.782354250229E1,-6.434559783624E0));
#893=CARTESIAN_POINT('',(2.306606471876E1,6.456973722438E1,-6.630888588752E0));
#894=CARTESIAN_POINT('',(2.301765764634E1,6.099318825103E1,-6.796707211780E0));
#895=CARTESIAN_POINT('',(2.297990385723E1,5.707775333240E1,-6.922987468514E0));
#896=CARTESIAN_POINT('',(2.295689436317E1,5.275330579515E1,-6.998673347273E0));
#897=CARTESIAN_POINT('',(2.295456761813E1,4.814943845251E1,-7.006272619418E0));
#898=CARTESIAN_POINT('',(2.297428599138E1,4.368035221699E1,-6.941564683690E0));
#899=CARTESIAN_POINT('',(2.301094648081E1,3.958250430505E1,-6.819385064829E0));
#900=CARTESIAN_POINT('',(2.305932044074E1,3.587276961424E1,-6.654281512609E0));
#901=CARTESIAN_POINT('',(2.311378387761E1,3.260512250831E1,-6.462782133222E0));
#902=CARTESIAN_POINT('',(2.317131303240E1,2.970236445393E1,-6.253556419486E0));
#903=CARTESIAN_POINT('',(2.323027648742E1,2.709566964399E1,-6.030994898518E0));
#904=CARTESIAN_POINT('',(2.328992442037E1,2.472290879605E1,-5.796520264950E0));
#905=CARTESIAN_POINT('',(2.334889908520E1,2.257204780245E1,-5.554281531368E0));
#906=CARTESIAN_POINT('',(2.340614727567E1,2.062911588323E1,-5.307886387328E0));
#907=CARTESIAN_POINT('',(2.346069962130E1,1.888585052274E1,-5.061290440073E0));
#908=CARTESIAN_POINT('',(2.351225053160E1,1.731974716880E1,-4.816107558698E0));
#909=CARTESIAN_POINT('',(2.356111725103E1,1.589804337676E1,-4.571061620596E0));
#910=CARTESIAN_POINT('',(2.360765753643E1,1.459411016875E1,-4.324322711792E0));
#911=CARTESIAN_POINT('',(2.365243920103E1,1.338058651166E1,-4.072434009419E0));
#912=CARTESIAN_POINT('',(2.369600923066E1,1.223516642600E1,-3.810932761329E0));
#913=CARTESIAN_POINT('',(2.373728462678E1,1.117961736280E1,-3.544756931748E0));
#914=CARTESIAN_POINT('',(2.377514030988E1,1.023456501659E1,-3.281183167331E0));
#915=CARTESIAN_POINT('',(2.381000872527E1,9.382086218942E0,-3.017805297369E0));
#916=CARTESIAN_POINT('',(2.384231300740E1,8.606790199553E0,-2.751132864821E0));
#917=CARTESIAN_POINT('',(2.387235865633E1,7.897568081825E0,-2.477183958477E0));
#918=CARTESIAN_POINT('',(2.389984058783E1,7.258420283671E0,-2.196514973679E0));
#919=CARTESIAN_POINT('',(2.392456771030E1,6.690776203936E0,-1.908862353218E0));
#920=CARTESIAN_POINT('',(2.394641728547E1,6.194842761362E0,-1.612172807924E0));
#921=CARTESIAN_POINT('',(2.396501685293E1,5.776708819431E0,-1.307924818670E0));
#922=CARTESIAN_POINT('',(2.398032521891E1,5.435280413405E0,-9.889622800442E-1));
#923=CARTESIAN_POINT('',(2.399157529427E1,5.185903266100E0,-6.651297804187E-1));
#924=CARTESIAN_POINT('',(2.399866833744E1,5.029329562957E0,-3.194131681187E-1));
#925=CARTESIAN_POINT('',(2.4E1,5.E0,-1.054508493983E-1));
#926=CARTESIAN_POINT('',(2.4E1,5.E0,0.E0));
#928=DIRECTION('',(0.E0,1.E0,0.E0));
#929=VECTOR('',#928,4.E1);
#930=CARTESIAN_POINT('',(2.4E1,9.5E1,0.E0));
#931=LINE('692',#930,#929);
#932=CARTESIAN_POINT('',(-2.4E1,5.E0,0.E0));
#933=CARTESIAN_POINT('',(-2.4E1,5.E0,-1.053789621905E-1));
#934=CARTESIAN_POINT('',(-2.399866848076E1,5.029326636028E0,
-3.193423609011E-1));
#935=CARTESIAN_POINT('',(-2.399158055171E1,5.185786451662E0,
-6.650582271452E-1));
#936=CARTESIAN_POINT('',(-2.398027939300E1,5.436296201950E0,
-9.902133168972E-1));
#937=CARTESIAN_POINT('',(-2.396492594450E1,5.778745404741E0,-1.309515405125E0));
#938=CARTESIAN_POINT('',(-2.394645300325E1,6.194053017477E0,-1.611417167616E0));
#939=CARTESIAN_POINT('',(-2.392496161184E1,6.681823294101E0,-1.903664367961E0));
#940=CARTESIAN_POINT('',(-2.390077625795E1,7.236866677805E0,-2.186070449175E0));
#941=CARTESIAN_POINT('',(-2.387399931701E1,7.859228905124E0,-2.461114755890E0));
#942=CARTESIAN_POINT('',(-2.384470953514E1,8.549878681535E0,-2.730145662324E0));
#943=CARTESIAN_POINT('',(-2.381308231941E1,9.307797839391E0,-2.993362850092E0));
#944=CARTESIAN_POINT('',(-2.377893053868E1,1.014116543344E1,-3.253501307502E0));
#945=CARTESIAN_POINT('',(-2.374204857483E1,1.105966827869E1,-3.512562511019E0));
#946=CARTESIAN_POINT('',(-2.370211574969E1,1.207748337748E1,-3.772630121244E0));
#947=CARTESIAN_POINT('',(-2.365969558705E1,1.318766638124E1,-4.030011784221E0));
#948=CARTESIAN_POINT('',(-2.361551345991E1,1.437847024953E1,-4.281218117566E0));
#949=CARTESIAN_POINT('',(-2.356930713158E1,1.566516464168E1,-4.528660894232E0));
#950=CARTESIAN_POINT('',(-2.352066997837E1,1.707056979886E1,-4.774837901516E0));
#951=CARTESIAN_POINT('',(-2.346939560059E1,1.861641843161E1,-5.020815751188E0));
#952=CARTESIAN_POINT('',(-2.341534021017E1,2.032857856609E1,-5.267173227673E0));
#953=CARTESIAN_POINT('',(-2.335865627351E1,2.223180155257E1,-5.513100645766E0));
#954=CARTESIAN_POINT('',(-2.329999248816E1,2.434344469841E1,-5.755933721178E0));
#955=CARTESIAN_POINT('',(-2.324021459680E1,2.668354022599E1,-5.992631661449E0));
#956=CARTESIAN_POINT('',(-2.318048541143E1,2.927490177948E1,-6.219523199371E0));
#957=CARTESIAN_POINT('',(-2.312237074774E1,3.214281802435E1,-6.432014741977E0));
#958=CARTESIAN_POINT('',(-2.306795864382E1,3.531328957967E1,-6.624267657634E0));
#959=CARTESIAN_POINT('',(-2.301992819609E1,3.881874240254E1,-6.789016824754E0));
#960=CARTESIAN_POINT('',(-2.298183076938E1,4.267853163786E1,-6.916601324342E0));
#961=CARTESIAN_POINT('',(-2.295786002277E1,4.695195978524E1,-6.995516086069E0));
#962=CARTESIAN_POINT('',(-2.295399624914E1,5.153673313058E1,-7.008137038766E0));
#963=CARTESIAN_POINT('',(-2.297236960509E1,5.603701777815E1,-6.947885499654E0));
#964=CARTESIAN_POINT('',(-2.300843910650E1,6.019453342370E1,-6.827834319733E0));
#965=CARTESIAN_POINT('',(-2.305684858139E1,6.396288928090E1,-6.662837789738E0));
#966=CARTESIAN_POINT('',(-2.311131521959E1,6.726123556208E1,-6.471615013356E0));
#967=CARTESIAN_POINT('',(-2.316971049002E1,7.022502765680E1,-6.259545888868E0));
#968=CARTESIAN_POINT('',(-2.322990648434E1,7.289022443820E1,-6.032469594612E0));
#969=CARTESIAN_POINT('',(-2.329007944556E1,7.528315276519E1,-5.795910205605E0));
#970=CARTESIAN_POINT('',(-2.334903139262E1,7.743239353413E1,-5.553710229851E0));
#971=CARTESIAN_POINT('',(-2.340592423640E1,7.936330255453E1,-5.308842532720E0));
#972=CARTESIAN_POINT('',(-2.346021079825E1,8.109886036215E1,-5.063542851425E0));
#973=CARTESIAN_POINT('',(-2.351174184738E1,8.266516486009E1,-4.818593428123E0));
#974=CARTESIAN_POINT('',(-2.356072132017E1,8.409071191637E1,-4.573114694385E0));
#975=CARTESIAN_POINT('',(-2.360743314479E1,8.539975882509E1,-4.325564120373E0));
#976=CARTESIAN_POINT('',(-2.365233099825E1,8.661653855403E1,-4.073067822719E0));
#977=CARTESIAN_POINT('',(-2.369589369593E1,8.776183068871E1,-3.811645413032E0));
#978=CARTESIAN_POINT('',(-2.373715112663E1,8.881701026476E1,-3.545649326171E0));
#979=CARTESIAN_POINT('',(-2.377502301430E1,8.976254028063E1,-3.282034597507E0));
#980=CARTESIAN_POINT('',(-2.380990061993E1,9.061529541476E1,-3.018656637631E0));
#981=CARTESIAN_POINT('',(-2.384220312116E1,9.139059355717E1,-2.752080332473E0));
#982=CARTESIAN_POINT('',(-2.387224438757E1,9.209975459058E1,-2.478280605979E0));
#983=CARTESIAN_POINT('',(-2.389973474958E1,9.273913540302E1,-2.197665999667E0));
#984=CARTESIAN_POINT('',(-2.392447809088E1,9.330717957689E1,-1.909988191386E0));
#985=CARTESIAN_POINT('',(-2.394635073465E1,9.380365574778E1,-1.613175175938E0));
#986=CARTESIAN_POINT('',(-2.396497879357E1,9.422244042136E1,-1.308642700105E0));
#987=CARTESIAN_POINT('',(-2.398031045006E1,9.456439210772E1,
-9.893746022079E-1));
#988=CARTESIAN_POINT('',(-2.399157699015E1,9.481413437458E1,
-6.650781913416E-1));
#989=CARTESIAN_POINT('',(-2.399866466808E1,9.497058941772E1,
-3.196298759470E-1));
#990=CARTESIAN_POINT('',(-2.4E1,9.5E1,-1.055306654683E-1));
#991=CARTESIAN_POINT('',(-2.4E1,9.5E1,0.E0));
#993=DIRECTION('',(0.E0,1.E0,0.E0));
#994=VECTOR('',#993,5.E1);
#995=CARTESIAN_POINT('',(-5.E0,0.E0,-2.347338918861E1));
#996=LINE('375',#995,#994);
#997=DIRECTION('',(0.E0,1.E0,0.E0));
#998=VECTOR('',#997,5.E1);
#999=CARTESIAN_POINT('',(5.E0,0.E0,-2.347338918861E1));
#1000=LINE('374',#999,#998);
#1001=DIRECTION('',(0.E0,1.E0,0.E0));
#1002=VECTOR('',#1001,5.E0);
#1003=CARTESIAN_POINT('',(2.4E1,0.E0,0.E0));
#1004=LINE('691',#1003,#1002);
#1005=CARTESIAN_POINT('',(-1.740559938785E1,9.5E1,-1.652407667465E1));
#1006=CARTESIAN_POINT('',(-1.747775986212E1,9.5E1,-1.644806659968E1));
#1007=CARTESIAN_POINT('',(-1.762335492313E1,9.497100151170E1,
-1.629279094352E1));
#1008=CARTESIAN_POINT('',(-1.785510320206E1,9.481636760925E1,
-1.603849061221E1));
#1009=CARTESIAN_POINT('',(-1.806995084268E1,9.456862281190E1,
-1.579591538422E1));
#1010=CARTESIAN_POINT('',(-1.827797677074E1,9.422986184799E1,
-1.555467373754E1));
#1011=CARTESIAN_POINT('',(-1.847199968789E1,9.381873918191E1,
-1.532365357956E1));
#1012=CARTESIAN_POINT('',(-1.865723155591E1,9.333597317100E1,
-1.509752685856E1));
#1013=CARTESIAN_POINT('',(-1.883388996210E1,9.278640616753E1,
-1.487650885736E1));
#1014=CARTESIAN_POINT('',(-1.900365169837E1,9.217025658407E1,
-1.465899338982E1));
#1015=CARTESIAN_POINT('',(-1.916752961547E1,9.148647323366E1,
-1.444401666416E1));
#1016=CARTESIAN_POINT('',(-1.932564979651E1,9.073673360394E1,
-1.423173526528E1));
#1017=CARTESIAN_POINT('',(-1.947979594488E1,8.991300867E1,-1.401999584305E1));
#1018=CARTESIAN_POINT('',(-1.963133772919E1,8.900505890163E1,
-1.380701043658E1));
#1019=CARTESIAN_POINT('',(-1.978164874935E1,8.799758065790E1,
-1.359078651924E1));
#1020=CARTESIAN_POINT('',(-1.992832833161E1,8.689888362904E1,
-1.337474790132E1));
#1021=CARTESIAN_POINT('',(-2.006879691713E1,8.572691108859E1,
-1.316299463434E1));
#1022=CARTESIAN_POINT('',(-2.020479971446E1,8.446646524377E1,
-1.295325524518E1));
#1023=CARTESIAN_POINT('',(-2.033867366266E1,8.308708774055E1,
-1.274203001827E1));
#1024=CARTESIAN_POINT('',(-2.047141016905E1,8.156143162217E1,
-1.252768182815E1));
#1025=CARTESIAN_POINT('',(-2.060358514522E1,7.985727702665E1,
-1.230911537282E1));
#1026=CARTESIAN_POINT('',(-2.073467941832E1,7.794530912554E1,
-1.208698561584E1));
#1027=CARTESIAN_POINT('',(-2.086253508524E1,7.581462266932E1,
-1.186491335977E1));
#1028=CARTESIAN_POINT('',(-2.098536323505E1,7.344722916787E1,
-1.164623481012E1));
#1029=CARTESIAN_POINT('',(-2.110112187605E1,7.082515016272E1,
-1.143507639512E1));
#1030=CARTESIAN_POINT('',(-2.120827536908E1,6.790941769800E1,
-1.123499023831E1));
#1031=CARTESIAN_POINT('',(-2.130464272847E1,6.464259282723E1,
-1.105100330702E1));
#1032=CARTESIAN_POINT('',(-2.138501794302E1,6.104866360881E1,
-1.089445236907E1));
#1033=CARTESIAN_POINT('',(-2.144552394024E1,5.711649681479E1,
-1.077466358301E1));
#1034=CARTESIAN_POINT('',(-2.148151117881E1,5.277680862056E1,
-1.070257565689E1));
#1035=CARTESIAN_POINT('',(-2.148521010378E1,4.815757045207E1,
-1.069512843613E1));
#1036=CARTESIAN_POINT('',(-2.145466024358E1,4.367134478251E1,
-1.075642974249E1));
#1037=CARTESIAN_POINT('',(-2.139638184630E1,3.955501663356E1,
-1.087210921614E1));
#1038=CARTESIAN_POINT('',(-2.131675498756E1,3.583118349451E1,
-1.102760295082E1));
#1039=CARTESIAN_POINT('',(-2.122325514137E1,3.255396117816E1,
-1.120662444449E1));
#1040=CARTESIAN_POINT('',(-2.111945982137E1,2.963783636988E1,
-1.140112820522E1));
#1041=CARTESIAN_POINT('',(-2.100668312892E1,2.700397971798E1,
-1.160771325757E1));
#1042=CARTESIAN_POINT('',(-2.088462726192E1,2.458464141335E1,
-1.182598680272E1));
#1043=CARTESIAN_POINT('',(-2.075698922468E1,2.240561837389E1,
-1.204863361265E1));
#1044=CARTESIAN_POINT('',(-2.062633985323E1,2.045756103395E1,
-1.227094716080E1));
#1045=CARTESIAN_POINT('',(-2.049453624761E1,1.872264103821E1,
-1.248981245291E1));
#1046=CARTESIAN_POINT('',(-2.036237658075E1,1.717327362409E1,
-1.270411420360E1));
#1047=CARTESIAN_POINT('',(-2.022908168820E1,1.577295693010E1,
-1.291530057251E1));
#1048=CARTESIAN_POINT('',(-2.009338715288E1,1.449116841248E1,
-1.312542908905E1));
#1049=CARTESIAN_POINT('',(-1.995271367239E1,1.329518499095E1,
-1.333835774353E1));
#1050=CARTESIAN_POINT('',(-1.980408111468E1,1.216178922628E1,
-1.355811523444E1));
#1051=CARTESIAN_POINT('',(-1.965058987191E1,1.111702077717E1,
-1.377963307668E1));
#1052=CARTESIAN_POINT('',(-1.949665520630E1,1.018254272043E1,
-1.399656455771E1));
#1053=CARTESIAN_POINT('',(-1.934081946725E1,9.339719142456E0,
-1.421113209098E1));
#1054=CARTESIAN_POINT('',(-1.918086134031E1,8.572698020207E0,
-1.442633363385E1));
#1055=CARTESIAN_POINT('',(-1.901421377481E1,7.870447685868E0,
-1.464532495829E1));
#1056=CARTESIAN_POINT('',(-1.884112262130E1,7.237399977869E0,
-1.486738276929E1));
#1057=CARTESIAN_POINT('',(-1.866124391092E1,6.674960484948E0,
-1.509259946866E1));
#1058=CARTESIAN_POINT('',(-1.847316204430E1,6.183603224895E0,
-1.532227694770E1));
#1059=CARTESIAN_POINT('',(-1.827748986964E1,5.769106203464E0,
-1.555525360686E1));
#1060=CARTESIAN_POINT('',(-1.806945446989E1,5.430769229679E0,
-1.579647816688E1));
#1061=CARTESIAN_POINT('',(-1.785515023416E1,5.183742471283E0,
-1.603843385053E1));
#1062=CARTESIAN_POINT('',(-1.762358445340E1,5.029094760356E0,
-1.629254281277E1));
#1063=CARTESIAN_POINT('',(-1.747787730583E1,5.E0,-1.644794289061E1));
#1064=CARTESIAN_POINT('',(-1.740559938785E1,5.E0,-1.652407667465E1));
#1066=CARTESIAN_POINT('',(-1.740559938785E1,5.E0,-1.652407667465E1));
#1067=CARTESIAN_POINT('',(-1.733309339659E1,5.E0,-1.660045069916E1));
#1068=CARTESIAN_POINT('',(-1.718491579115E1,5.029264624618E0,
-1.675460195958E1));
#1069=CARTESIAN_POINT('',(-1.694191629719E1,5.185520171136E0,
-1.700028400591E1));
#1070=CARTESIAN_POINT('',(-1.671005328139E1,5.435800488697E0,
-1.722812738309E1));
#1071=CARTESIAN_POINT('',(-1.647934947638E1,5.777991663730E0,
-1.744888141411E1));
#1072=CARTESIAN_POINT('',(-1.625843206689E1,6.193008229554E0,
-1.765481701578E1));
#1073=CARTESIAN_POINT('',(-1.604206136995E1,6.680397749162E0,
-1.785160709569E1));
#1074=CARTESIAN_POINT('',(-1.583059737098E1,7.234944779403E0,
-1.803934762235E1));
#1075=CARTESIAN_POINT('',(-1.562242195847E1,7.856618576096E0,
-1.821989871036E1));
#1076=CARTESIAN_POINT('',(-1.541666515748E1,8.546338042745E0,
-1.839429615241E1));
#1077=CARTESIAN_POINT('',(-1.521333965674E1,9.302937147933E0,
-1.856279108543E1));
#1078=CARTESIAN_POINT('',(-1.501040792684E1,1.013460290906E1,
-1.872725962440E1));
#1079=CARTESIAN_POINT('',(-1.480630450676E1,1.105115423060E1,
-1.888904700893E1));
#1080=CARTESIAN_POINT('',(-1.459932552673E1,1.206697074160E1,
-1.904947516214E1));
#1081=CARTESIAN_POINT('',(-1.439245912524E1,1.317490712823E1,
-1.920622478541E1));
#1082=CARTESIAN_POINT('',(-1.418874811271E1,1.436241323281E1,
-1.935718108009E1));
#1083=CARTESIAN_POINT('',(-1.398630176814E1,1.564477281542E1,
-1.950395067170E1));
#1084=CARTESIAN_POINT('',(-1.378295196744E1,1.704572844174E1,
-1.964817967770E1));
#1085=CARTESIAN_POINT('',(-1.357774224327E1,1.858763422571E1,
-1.979054825221E1));
#1086=CARTESIAN_POINT('',(-1.337008903746E1,2.029723834593E1,
-1.993142736005E1));
#1087=CARTESIAN_POINT('',(-1.316072833538E1,2.219921492195E1,
-2.007027933539E1));
#1088=CARTESIAN_POINT('',(-1.295242362531E1,2.430631257004E1,
-2.020531732875E1));
#1089=CARTESIAN_POINT('',(-1.274803611146E1,2.663542130277E1,
-2.033485581141E1));
#1090=CARTESIAN_POINT('',(-1.255112943277E1,2.920268143517E1,
-2.045693262473E1));
#1091=CARTESIAN_POINT('',(-1.236468721094E1,3.204629007525E1,
-2.057010371190E1));
#1092=CARTESIAN_POINT('',(-1.219315294899E1,3.521204344133E1,
-2.067217467626E1));
#1093=CARTESIAN_POINT('',(-1.204329295743E1,3.875661622792E1,
-2.075974845249E1));
#1094=CARTESIAN_POINT('',(-1.192672356354E1,4.267172829070E1,
-2.082683840880E1));
#1095=CARTESIAN_POINT('',(-1.185541078151E1,4.697442036384E1,
-2.086743411447E1));
#1096=CARTESIAN_POINT('',(-1.184434280658E1,5.155853497568E1,
-2.087370161540E1));
#1097=CARTESIAN_POINT('',(-1.189940224330E1,5.610335386044E1,
-2.084244129992E1));
#1098=CARTESIAN_POINT('',(-1.201172788169E1,6.035387160720E1,
-2.077801798987E1));
#1099=CARTESIAN_POINT('',(-1.215763965648E1,6.403640386390E1,
-2.069306955014E1));
#1100=CARTESIAN_POINT('',(-1.232809400653E1,6.733649199511E1,
-2.059205583991E1));
#1101=CARTESIAN_POINT('',(-1.251546701623E1,7.029179433941E1,
-2.047877488128E1));
#1102=CARTESIAN_POINT('',(-1.271355483708E1,7.294201451207E1,
-2.035643463609E1));
#1103=CARTESIAN_POINT('',(-1.291833498056E1,7.532529508315E1,
-2.022712784412E1));
#1104=CARTESIAN_POINT('',(-1.312624779984E1,7.746778698624E1,
-2.009284207950E1));
#1105=CARTESIAN_POINT('',(-1.333465537374E1,7.939394484636E1,
-1.995514476835E1));
#1106=CARTESIAN_POINT('',(-1.354151123809E1,8.112523094467E1,
-1.981535180510E1));
#1107=CARTESIAN_POINT('',(-1.374614059380E1,8.268743394072E1,
-1.967394738162E1));
#1108=CARTESIAN_POINT('',(-1.394932291117E1,8.410922466133E1,
-1.953041477531E1));
#1109=CARTESIAN_POINT('',(-1.415233954620E1,8.541492726323E1,
-1.938381912321E1));
#1110=CARTESIAN_POINT('',(-1.435754453848E1,8.662902407867E1,
-1.923235095099E1));
#1111=CARTESIAN_POINT('',(-1.456800003762E1,8.777207334102E1,
-1.907346735174E1));
#1112=CARTESIAN_POINT('',(-1.477995119426E1,8.882505115445E1,
-1.890970070464E1));
#1113=CARTESIAN_POINT('',(-1.498786282045E1,8.976855152817E1,
-1.874532529808E1));
#1114=CARTESIAN_POINT('',(-1.519353660498E1,9.061964517540E1,
-1.857901780284E1));
#1115=CARTESIAN_POINT('',(-1.539965494613E1,9.139367674358E1,
-1.840855900662E1));
#1116=CARTESIAN_POINT('',(-1.560922105504E1,9.210193339424E1,
-1.823123651019E1));
#1117=CARTESIAN_POINT('',(-1.582173344626E1,9.274066454605E1,
-1.804715124630E1));
#1118=CARTESIAN_POINT('',(-1.603722978999E1,9.330828215791E1,
-1.785597520749E1));
#1119=CARTESIAN_POINT('',(-1.625703201009E1,9.380446016557E1,
-1.765612801068E1));
#1120=CARTESIAN_POINT('',(-1.647987448154E1,9.422300720884E1,
-1.744839291578E1));
#1121=CARTESIAN_POINT('',(-1.671059599715E1,9.456482152229E1,
-1.722759645402E1));
#1122=CARTESIAN_POINT('',(-1.694186318230E1,9.481436835316E1,
-1.700033266749E1));
#1123=CARTESIAN_POINT('',(-1.718467529147E1,9.497063656681E1,
-1.675484876843E1));
#1124=CARTESIAN_POINT('',(-1.733297380689E1,9.5E1,-1.660057666871E1));
#1125=CARTESIAN_POINT('',(-1.740559938785E1,9.5E1,-1.652407667465E1));
#1127=CARTESIAN_POINT('',(1.740559938785E1,5.E0,-1.652407667465E1));
#1128=CARTESIAN_POINT('',(1.747781528307E1,5.E0,-1.644800822215E1));
#1129=CARTESIAN_POINT('',(1.762350139280E1,5.029078921967E0,-1.629263136200E1));
#1130=CARTESIAN_POINT('',(1.785506847218E1,5.183595146966E0,-1.603852963725E1));
#1131=CARTESIAN_POINT('',(1.807020920604E1,5.431686829905E0,-1.579562291510E1));
#1132=CARTESIAN_POINT('',(1.827838217471E1,5.770879422781E0,-1.555419841799E1));
#1133=CARTESIAN_POINT('',(1.847251372665E1,6.182458545431E0,-1.532303475982E1));
#1134=CARTESIAN_POINT('',(1.865777002446E1,6.665563513779E0,-1.509686141329E1));
#1135=CARTESIAN_POINT('',(1.883441304687E1,7.215356225243E0,-1.487584646734E1));
#1136=CARTESIAN_POINT('',(1.900414247189E1,7.831663256493E0,-1.465835667947E1));
#1137=CARTESIAN_POINT('',(1.916794883720E1,8.515406940852E0,-1.444345956174E1));
#1138=CARTESIAN_POINT('',(1.932599224253E1,9.265003476391E0,-1.423126958853E1));
#1139=CARTESIAN_POINT('',(1.948009525486E1,1.008868656470E1,-1.401957991578E1));
#1140=CARTESIAN_POINT('',(1.963165213098E1,1.099692795493E1,-1.380656365756E1));
#1141=CARTESIAN_POINT('',(1.978195358341E1,1.200459048536E1,-1.359034231416E1));
#1142=CARTESIAN_POINT('',(1.992857449886E1,1.310306858871E1,-1.337438083914E1));
#1143=CARTESIAN_POINT('',(2.006909150758E1,1.427563832853E1,-1.316254699252E1));
#1144=CARTESIAN_POINT('',(2.020527170693E1,1.553807281987E1,-1.295252147178E1));
#1145=CARTESIAN_POINT('',(2.033933472504E1,1.692003009324E1,-1.274097701690E1));
#1146=CARTESIAN_POINT('',(2.047220467609E1,1.844818323447E1,-1.252638476517E1));
#1147=CARTESIAN_POINT('',(2.060439442883E1,2.015383779680E1,-1.230775982643E1));
#1148=CARTESIAN_POINT('',(2.073539295575E1,2.206581391710E1,-1.208576126386E1));
#1149=CARTESIAN_POINT('',(2.086339474261E1,2.420041383730E1,-1.186340680765E1));
#1150=CARTESIAN_POINT('',(2.098652586179E1,2.657691369644E1,-1.164414017284E1));
#1151=CARTESIAN_POINT('',(2.110183086730E1,2.919339678880E1,-1.143375585303E1));
#1152=CARTESIAN_POINT('',(2.120764366886E1,3.207594339590E1,-1.123615518722E1));
#1153=CARTESIAN_POINT('',(2.130188586067E1,3.525860096373E1,-1.105629616423E1));
#1154=CARTESIAN_POINT('',(2.138165570587E1,3.878027496254E1,-1.090105135674E1));
#1155=CARTESIAN_POINT('',(2.144277049044E1,4.266173141927E1,-1.078015044498E1));
#1156=CARTESIAN_POINT('',(2.148017507484E1,4.695699967183E1,-1.070526367077E1));
#1157=CARTESIAN_POINT('',(2.148600389407E1,5.156304782185E1,-1.069352928850E1));
#1158=CARTESIAN_POINT('',(2.145729171825E1,5.608128227997E1,-1.075116877797E1));
#1159=CARTESIAN_POINT('',(2.139984318139E1,6.025508394581E1,-1.086529290456E1));
#1160=CARTESIAN_POINT('',(2.132010055208E1,6.403691028973E1,-1.102113420996E1));
#1161=CARTESIAN_POINT('',(2.122653061136E1,6.734589698428E1,-1.120042840333E1));
#1162=CARTESIAN_POINT('',(2.112124310263E1,7.032025893841E1,-1.139785492422E1));
#1163=CARTESIAN_POINT('',(2.100663963857E1,7.299779212945E1,-1.160780336592E1));
#1164=CARTESIAN_POINT('',(2.088491513381E1,7.540932931344E1,-1.182546698743E1));
#1165=CARTESIAN_POINT('',(2.075780803881E1,7.758124195232E1,-1.204722028090E1));
#1166=CARTESIAN_POINT('',(2.062711965783E1,7.953160463934E1,-1.226963806987E1));
#1167=CARTESIAN_POINT('',(2.049527729761E1,8.126815236334E1,-1.248859617467E1));
#1168=CARTESIAN_POINT('',(2.036318516578E1,8.281772563543E1,-1.270281711802E1));
#1169=CARTESIAN_POINT('',(2.022998776519E1,8.421799117555E1,-1.291388028708E1));
#1170=CARTESIAN_POINT('',(2.009437241923E1,8.549999682487E1,-1.312392031551E1));
#1171=CARTESIAN_POINT('',(1.995367902958E1,8.669707649678E1,-1.333691488131E1));
#1172=CARTESIAN_POINT('',(1.980490675600E1,8.783230295028E1,-1.355691090383E1));
#1173=CARTESIAN_POINT('',(1.965132631266E1,8.887825827871E1,-1.377858345788E1));
#1174=CARTESIAN_POINT('',(1.949735238662E1,8.981347747442E1,-1.399559419566E1));
#1175=CARTESIAN_POINT('',(1.934140133752E1,9.065734965724E1,-1.421034186261E1));
#1176=CARTESIAN_POINT('',(1.918127134264E1,9.142549434767E1,-1.442579046392E1));
#1177=CARTESIAN_POINT('',(1.901445144218E1,9.212864641968E1,-1.464501795607E1));
#1178=CARTESIAN_POINT('',(1.884124506418E1,9.276220165193E1,-1.486722854357E1));
#1179=CARTESIAN_POINT('',(1.866129002393E1,9.332491897254E1,-1.509254315247E1));
#1180=CARTESIAN_POINT('',(1.847317582509E1,9.381635870367E1,-1.532225998586E1));
#1181=CARTESIAN_POINT('',(1.827757544648E1,9.423072589719E1,-1.555515256406E1));
#1182=CARTESIAN_POINT('',(1.806961275119E1,9.456897996630E1,-1.579629503177E1));
#1183=CARTESIAN_POINT('',(1.785549074116E1,9.481596428118E1,-1.603805587949E1));
#1184=CARTESIAN_POINT('',(1.762359100519E1,9.497094434855E1,-1.629253848069E1));
#1185=CARTESIAN_POINT('',(1.747787426885E1,9.5E1,-1.644794608961E1));
#1186=CARTESIAN_POINT('',(1.740559938785E1,9.5E1,-1.652407667465E1));
#1188=CARTESIAN_POINT('',(1.740559938785E1,9.5E1,-1.652407667465E1));
#1189=CARTESIAN_POINT('',(1.733308515519E1,9.5E1,-1.660045938022E1));
#1190=CARTESIAN_POINT('',(1.718490557218E1,9.497069241513E1,-1.675460990760E1));
#1191=CARTESIAN_POINT('',(1.694224575439E1,9.481474989167E1,-1.699995471077E1));
#1192=CARTESIAN_POINT('',(1.671020027954E1,9.456441465083E1,-1.722798656870E1));
#1193=CARTESIAN_POINT('',(1.647944997519E1,9.422217812720E1,-1.744878654049E1));
#1194=CARTESIAN_POINT('',(1.625850571272E1,9.380714265245E1,-1.765474913684E1));
#1195=CARTESIAN_POINT('',(1.604220782335E1,9.331994584748E1,-1.785147471272E1));
#1196=CARTESIAN_POINT('',(1.583086153602E1,9.276577961130E1,-1.803911491312E1));
#1197=CARTESIAN_POINT('',(1.562283920522E1,9.214468139759E1,-1.821953980281E1));
#1198=CARTESIAN_POINT('',(1.541727183681E1,9.145578305356E1,-1.839378651552E1));
#1199=CARTESIAN_POINT('',(1.521412188617E1,9.070009774191E1,-1.856214900393E1));
#1200=CARTESIAN_POINT('',(1.501134309796E1,8.986939288883E1,-1.872650928922E1));
#1201=CARTESIAN_POINT('',(1.480737965642E1,8.895386727305E1,-1.888820315319E1));
#1202=CARTESIAN_POINT('',(1.460064098031E1,8.793973264445E1,-1.904846549946E1));
#1203=CARTESIAN_POINT('',(1.439393438060E1,8.683333692062E1,-1.920511946155E1));
#1204=CARTESIAN_POINT('',(1.418996113871E1,8.564502508206E1,-1.935629424116E1));
#1205=CARTESIAN_POINT('',(1.398705644481E1,8.436028552014E1,-1.950341164670E1));
#1206=CARTESIAN_POINT('',(1.378344354320E1,8.295782719624E1,-1.964783534622E1));
#1207=CARTESIAN_POINT('',(1.357837839660E1,8.141726375088E1,-1.979010956081E1));
#1208=CARTESIAN_POINT('',(1.337150820457E1,7.971469654644E1,-1.993046969212E1));
#1209=CARTESIAN_POINT('',(1.316330527220E1,7.782510853172E1,-2.006858495611E1));
#1210=CARTESIAN_POINT('',(1.295532536502E1,7.572479111250E1,-2.020345833144E1));
#1211=CARTESIAN_POINT('',(1.274989728445E1,7.338817911629E1,-2.033369816009E1));
#1212=CARTESIAN_POINT('',(1.255023195747E1,7.078705043276E1,-2.045749717169E1));
#1213=CARTESIAN_POINT('',(1.236066797826E1,6.789002036337E1,-2.057253033523E1));
#1214=CARTESIAN_POINT('',(1.218694177805E1,6.466291323061E1,-2.067584157319E1));
#1215=CARTESIAN_POINT('',(1.203657368537E1,6.106107739416E1,-2.076364420951E1));
#1216=CARTESIAN_POINT('',(1.192090823384E1,5.708354564274E1,-2.083016349959E1));
#1217=CARTESIAN_POINT('',(1.185251946589E1,5.272458975664E1,-2.086907261714E1));
#1218=CARTESIAN_POINT('',(1.184608574290E1,4.812137380099E1,-2.087271540215E1));
#1219=CARTESIAN_POINT('',(1.190525281895E1,4.361350902211E1,-2.083910505507E1));
#1220=CARTESIAN_POINT('',(1.201884876037E1,3.943954716282E1,-2.077390256492E1));
#1221=CARTESIAN_POINT('',(1.216530878920E1,3.579964757566E1,-2.068856075802E1));
#1222=CARTESIAN_POINT('',(1.233427194568E1,3.256022310048E1,-2.058834741635E1));
#1223=CARTESIAN_POINT('',(1.251912987781E1,2.965750528899E1,-2.047652439738E1));
#1224=CARTESIAN_POINT('',(1.271476649803E1,2.704402487945E1,-2.035566912494E1));
#1225=CARTESIAN_POINT('',(1.291838317971E1,2.467437736556E1,-2.022709449135E1));
#1226=CARTESIAN_POINT('',(1.312628221699E1,2.253170560883E1,-2.009282195767E1));
#1227=CARTESIAN_POINT('',(1.333543332829E1,2.059899329489E1,-1.995462893555E1));
#1228=CARTESIAN_POINT('',(1.354286900748E1,1.886386227163E1,-1.981442542364E1));
#1229=CARTESIAN_POINT('',(1.374752208491E1,1.730251892256E1,-1.967298120806E1));
#1230=CARTESIAN_POINT('',(1.395040632501E1,1.588359038810E1,-1.952963882089E1));
#1231=CARTESIAN_POINT('',(1.415297138764E1,1.458125118658E1,-1.938335549886E1));
#1232=CARTESIAN_POINT('',(1.435789049213E1,1.336902767249E1,-1.923209224965E1));
#1233=CARTESIAN_POINT('',(1.456843217250E1,1.222565966349E1,-1.907313816061E1));
#1234=CARTESIAN_POINT('',(1.478046704338E1,1.117249916648E1,-1.890929754503E1));
#1235=CARTESIAN_POINT('',(1.498833561208E1,1.022940318442E1,-1.874494709682E1));
#1236=CARTESIAN_POINT('',(1.519403362196E1,9.378385598537E0,-1.857861179876E1));
#1237=CARTESIAN_POINT('',(1.540025277674E1,8.604176270927E0,-1.840805971522E1));
#1238=CARTESIAN_POINT('',(1.560993757772E1,7.895770025378E0,-1.823062363742E1));
#1239=CARTESIAN_POINT('',(1.582248945692E1,7.257204509875E0,-1.804648852903E1));
#1240=CARTESIAN_POINT('',(1.603797004036E1,6.689912802294E0,-1.785531012418E1));
#1241=CARTESIAN_POINT('',(1.625768763725E1,6.194205483204E0,-1.765552314836E1));
#1242=CARTESIAN_POINT('',(1.648033017176E1,5.776250612856E0,-1.744796107977E1));
#1243=CARTESIAN_POINT('',(1.671083991710E1,5.434913582743E0,-1.722735686848E1));
#1244=CARTESIAN_POINT('',(1.694179187958E1,5.185697067369E0,-1.700040348691E1));
#1245=CARTESIAN_POINT('',(1.718480753487E1,5.029288318932E0,-1.675471441005E1));
#1246=CARTESIAN_POINT('',(1.733302196866E1,5.E0,-1.660052593762E1));
#1247=CARTESIAN_POINT('',(1.740559938785E1,5.E0,-1.652407667465E1));
#1249=CARTESIAN_POINT('',(-2.4E1,9.5E1,0.E0));
#1250=CARTESIAN_POINT('',(-2.4E1,9.5E1,1.053420058107E-1));
#1251=CARTESIAN_POINT('',(-2.399866940876E1,9.497069378749E1,
3.192320760904E-1));
#1252=CARTESIAN_POINT('',(-2.399158629215E1,9.481434037223E1,
6.648327053673E-1));
#1253=CARTESIAN_POINT('',(-2.398029237794E1,9.456399217096E1,
9.898883800209E-1));
#1254=CARTESIAN_POINT('',(-2.396494842069E1,9.422175738016E1,1.309097326231E0));
#1255=CARTESIAN_POINT('',(-2.394648589717E1,9.380668925782E1,1.610923639413E0));
#1256=CARTESIAN_POINT('',(-2.392500677232E1,9.331920635391E1,1.903092812342E0));
#1257=CARTESIAN_POINT('',(-2.390083515736E1,9.276449220395E1,2.185422868890E0));
#1258=CARTESIAN_POINT('',(-2.387407470560E1,9.214253402948E1,2.460380104090E0));
#1259=CARTESIAN_POINT('',(-2.384480195631E1,9.145231619880E1,2.729336370930E0));
#1260=CARTESIAN_POINT('',(-2.381318989005E1,9.069480106452E1,2.992505596987E0));
#1261=CARTESIAN_POINT('',(-2.377905521546E1,8.986190460505E1,3.252587966393E0));
#1262=CARTESIAN_POINT('',(-2.374219889092E1,8.894411173317E1,3.511542398451E0));
#1263=CARTESIAN_POINT('',(-2.370230594666E1,8.792741865049E1,3.771431067375E0));
#1264=CARTESIAN_POINT('',(-2.365991251317E1,8.681809171454E1,4.028739238410E0));
#1265=CARTESIAN_POINT('',(-2.361571257541E1,8.562699239086E1,4.280124611583E0));
#1266=CARTESIAN_POINT('',(-2.356947386495E1,8.433957102826E1,4.527796113676E0));
#1267=CARTESIAN_POINT('',(-2.352083518159E1,8.293429464873E1,4.774022694592E0));
#1268=CARTESIAN_POINT('',(-2.346961990793E1,8.139045643518E1,5.019759541487E0));
#1269=CARTESIAN_POINT('',(-2.341572263831E1,7.968374441157E1,5.265458815920E0));
#1270=CARTESIAN_POINT('',(-2.335926045608E1,7.778900495727E1,5.510529285196E0));
#1271=CARTESIAN_POINT('',(-2.330070191698E1,7.568308642440E1,5.753063205059E0));
#1272=CARTESIAN_POINT('',(-2.324079814784E1,7.334075770701E1,5.990383240253E0));
#1273=CARTESIAN_POINT('',(-2.318067535584E1,7.073474848128E1,6.218841401027E0));
#1274=CARTESIAN_POINT('',(-2.312179424034E1,6.782980194392E1,6.434131120007E0));
#1275=CARTESIAN_POINT('',(-2.306619929459E1,6.457840665245E1,6.630420664984E0));
#1276=CARTESIAN_POINT('',(-2.301777020010E1,6.100280242206E1,6.796326852900E0));
#1277=CARTESIAN_POINT('',(-2.297999157370E1,5.708909836812E1,6.922696866003E0));
#1278=CARTESIAN_POINT('',(-2.295693855808E1,5.276703596585E1,6.998528886925E0));
#1279=CARTESIAN_POINT('',(-2.295453883826E1,4.816559613962E1,7.006366492412E0));
#1280=CARTESIAN_POINT('',(-2.297417464950E1,4.369699916490E1,6.941931929539E0));
#1281=CARTESIAN_POINT('',(-2.301077156460E1,3.959837800191E1,6.819973566526E0));
#1282=CARTESIAN_POINT('',(-2.305909978019E1,3.588747228690E1,6.655045249404E0));
#1283=CARTESIAN_POINT('',(-2.311357342252E1,3.261646853812E1,6.463535614946E0));
#1284=CARTESIAN_POINT('',(-2.317113744384E1,2.971052643049E1,6.254208492990E0));
#1285=CARTESIAN_POINT('',(-2.323013717797E1,2.710144343155E1,6.031532749078E0));
#1286=CARTESIAN_POINT('',(-2.328981071644E1,2.472719885541E1,5.796978400224E0));
#1287=CARTESIAN_POINT('',(-2.334881828585E1,2.257485296235E1,5.554623409011E0));
#1288=CARTESIAN_POINT('',(-2.340610938665E1,2.063033029182E1,5.308056810058E0));
#1289=CARTESIAN_POINT('',(-2.346071361477E1,1.888538737764E1,5.061229752767E0));
#1290=CARTESIAN_POINT('',(-2.351231209638E1,1.731790108556E1,4.815810706273E0));
#1291=CARTESIAN_POINT('',(-2.356120818534E1,1.589544180760E1,4.570595209913E0));
#1292=CARTESIAN_POINT('',(-2.360775482845E1,1.459143328424E1,4.323791284740E0));
#1293=CARTESIAN_POINT('',(-2.365251263433E1,1.337863694819E1,4.072003481427E0));
#1294=CARTESIAN_POINT('',(-2.369604631549E1,1.223421095899E1,3.810698776358E0));
#1295=CARTESIAN_POINT('',(-2.373731272759E1,1.117890698770E1,3.544569364272E0));
#1296=CARTESIAN_POINT('',(-2.377516860471E1,1.023386747910E1,3.280977048294E0));
#1297=CARTESIAN_POINT('',(-2.381001754846E1,9.381876582621E0,3.017729709857E0));
#1298=CARTESIAN_POINT('',(-2.384229384791E1,8.607249675624E0,2.751290742585E0));
#1299=CARTESIAN_POINT('',(-2.387231905663E1,7.898497350475E0,2.477559296947E0));
#1300=CARTESIAN_POINT('',(-2.389979588824E1,7.259453173786E0,2.196998391862E0));
#1301=CARTESIAN_POINT('',(-2.392452539751E1,6.691741664452E0,1.909391226125E0));
#1302=CARTESIAN_POINT('',(-2.394638440863E1,6.195584430340E0,1.612669451034E0));
#1303=CARTESIAN_POINT('',(-2.396500102340E1,5.777062349544E0,1.308228062146E0));
#1304=CARTESIAN_POINT('',(-2.398032324640E1,5.435323701079E0,
9.890545085849E-1));
#1305=CARTESIAN_POINT('',(-2.399158276863E1,5.185737957528E0,
6.648518345619E-1));
#1306=CARTESIAN_POINT('',(-2.399866559697E1,5.029390140368E0,
3.195192181333E-1));
#1307=CARTESIAN_POINT('',(-2.4E1,5.E0,1.054933881192E-1));
#1308=CARTESIAN_POINT('',(-2.4E1,5.E0,0.E0));
#1310=DIRECTION('',(0.E0,1.E0,0.E0));
#1311=VECTOR('',#1310,4.E1);
#1312=CARTESIAN_POINT('',(-2.4E1,9.5E1,0.E0));
#1313=LINE('694',#1312,#1311);
#1314=CARTESIAN_POINT('',(2.4E1,5.E0,0.E0));
#1315=CARTESIAN_POINT('',(2.4E1,5.E0,1.054180731925E-1));
#1316=CARTESIAN_POINT('',(2.399866587052E1,5.029384342793E0,3.194372089096E-1));
#1317=CARTESIAN_POINT('',(2.399158834653E1,5.185614063988E0,6.647670780323E-1));
#1318=CARTESIAN_POINT('',(2.398027896301E1,5.436305287127E0,9.902626078049E-1));
#1319=CARTESIAN_POINT('',(2.396491604145E1,5.778966611680E0,1.309702187686E0));
#1320=CARTESIAN_POINT('',(2.394643440870E1,6.194472679196E0,1.611696119102E0));
#1321=CARTESIAN_POINT('',(2.392494223735E1,6.682265741872E0,1.903903538454E0));
#1322=CARTESIAN_POINT('',(2.390076242809E1,7.237186811927E0,2.186217384041E0));
#1323=CARTESIAN_POINT('',(2.387399581543E1,7.859312515992E0,2.461143210813E0));
#1324=CARTESIAN_POINT('',(2.384472607361E1,8.549488681160E0,2.729994543430E0));
#1325=CARTESIAN_POINT('',(2.381312655062E1,9.306732588745E0,2.993005021921E0));
#1326=CARTESIAN_POINT('',(2.377900161133E1,1.013941703558E1,3.252978828900E0));
#1327=CARTESIAN_POINT('',(2.374213452401E1,1.105750529548E1,3.511980652543E0));
#1328=CARTESIAN_POINT('',(2.370221639761E1,1.207488935230E1,3.771995505426E0));
#1329=CARTESIAN_POINT('',(2.365982341744E1,1.318427913331E1,4.029258929352E0));
#1330=CARTESIAN_POINT('',(2.361565867225E1,1.437449551349E1,4.280417331675E0));
#1331=CARTESIAN_POINT('',(2.356944709772E1,1.566119099828E1,4.527934639662E0));
#1332=CARTESIAN_POINT('',(2.352078719559E1,1.706709982635E1,4.774263620252E0));
#1333=CARTESIAN_POINT('',(2.346947786962E1,1.861385847900E1,5.020434607840E0));
#1334=CARTESIAN_POINT('',(2.341538250354E1,2.032717612123E1,5.266988206701E0));
#1335=CARTESIAN_POINT('',(2.335866148514E1,2.223159237154E1,5.513080895379E0));
#1336=CARTESIAN_POINT('',(2.329996411347E1,2.434447379898E1,5.756050433676E0));
#1337=CARTESIAN_POINT('',(2.324015439596E1,2.668596594589E1,5.992866708888E0));
#1338=CARTESIAN_POINT('',(2.318039411061E1,2.927904592152E1,6.219864634542E0));
#1339=CARTESIAN_POINT('',(2.312225696689E1,3.214879660560E1,6.432424265353E0));
#1340=CARTESIAN_POINT('',(2.306783797258E1,3.532103645434E1,6.624687504253E0));
#1341=CARTESIAN_POINT('',(2.301982344891E1,3.882747983762E1,6.789371499863E0));
#1342=CARTESIAN_POINT('',(2.298173987214E1,4.268979509061E1,6.916902890727E0));
#1343=CARTESIAN_POINT('',(2.295780944990E1,4.696618257180E1,6.995681489396E0));
#1344=CARTESIAN_POINT('',(2.295402094280E1,5.155381530045E1,7.008056517802E0));
#1345=CARTESIAN_POINT('',(2.297248336910E1,5.605483568659E1,6.947510677564E0));
#1346=CARTESIAN_POINT('',(2.300862552638E1,6.021179920017E1,6.827208006161E0));
#1347=CARTESIAN_POINT('',(2.305708380031E1,6.397868563852E1,6.662024509126E0));
#1348=CARTESIAN_POINT('',(2.311153334852E1,6.727307058898E1,6.470835033272E0));
#1349=CARTESIAN_POINT('',(2.316990394356E1,7.023409988559E1,6.258829381874E0));
#1350=CARTESIAN_POINT('',(2.323008640318E1,7.289770558481E1,6.031775896271E0));
#1351=CARTESIAN_POINT('',(2.329022272827E1,7.528854262245E1,5.795332153805E0));
#1352=CARTESIAN_POINT('',(2.334912625945E1,7.743568038774E1,5.553308197476E0));
#1353=CARTESIAN_POINT('',(2.340596247306E1,7.936452276157E1,5.308669959001E0));
#1354=CARTESIAN_POINT('',(2.346019396684E1,8.109830983629E1,5.063616799839E0));
#1355=CARTESIAN_POINT('',(2.351168148593E1,8.266335557767E1,4.818884630719E0));
#1356=CARTESIAN_POINT('',(2.356063552123E1,8.408825724930E1,4.573554762969E0));
#1357=CARTESIAN_POINT('',(2.360734412616E1,8.539730980491E1,4.326050426942E0));
#1358=CARTESIAN_POINT('',(2.365226550043E1,8.661479987442E1,4.073451924259E0));
#1359=CARTESIAN_POINT('',(2.369586122341E1,8.776099400516E1,3.811850273336E0));
#1360=CARTESIAN_POINT('',(2.373712602016E1,8.881637539679E1,3.545816742889E0));
#1361=CARTESIAN_POINT('',(2.377499778803E1,8.976191852853E1,3.282218501071E0));
#1362=CARTESIAN_POINT('',(2.380989475227E1,9.061515731348E1,3.018708882950E0));
#1363=CARTESIAN_POINT('',(2.384222478182E1,9.139111251391E1,2.751900730833E0));
#1364=CARTESIAN_POINT('',(2.387228585320E1,9.210072755260E1,2.477887274319E0));
#1365=CARTESIAN_POINT('',(2.389978090194E1,9.274020186399E1,2.197166864269E0));
#1366=CARTESIAN_POINT('',(2.392452157041E1,9.330817166986E1,1.909444799797E0));
#1367=CARTESIAN_POINT('',(2.394638448755E1,9.380441719806E1,1.612665573012E0));
#1368=CARTESIAN_POINT('',(2.396499521850E1,9.422280727212E1,1.308328444358E0));
#1369=CARTESIAN_POINT('',(2.398031274995E1,9.456444266506E1,9.892741655131E-1));
#1370=CARTESIAN_POINT('',(2.399156965469E1,9.481397213431E1,6.653505274116E-1));
#1371=CARTESIAN_POINT('',(2.399866742602E1,9.497065037953E1,3.195215178341E-1));
#1372=CARTESIAN_POINT('',(2.4E1,9.5E1,1.054873994134E-1));
#1373=CARTESIAN_POINT('',(2.4E1,9.5E1,0.E0));
#1375=DIRECTION('',(0.E0,1.E0,0.E0));
#1376=VECTOR('',#1375,5.E1);
#1377=CARTESIAN_POINT('',(5.E0,0.E0,2.347338918861E1));
#1378=LINE('413',#1377,#1376);
#1379=DIRECTION('',(0.E0,1.E0,0.E0));
#1380=VECTOR('',#1379,5.E1);
#1381=CARTESIAN_POINT('',(-5.E0,0.E0,2.347338918861E1));
#1382=LINE('414',#1381,#1380);
#1383=DIRECTION('',(0.E0,1.E0,0.E0));
#1384=VECTOR('',#1383,5.E0);
#1385=CARTESIAN_POINT('',(-2.4E1,0.E0,0.E0));
#1386=LINE('693',#1385,#1384);
#1387=CARTESIAN_POINT('',(1.652407667465E1,5.E0,1.740559938785E1));
#1388=CARTESIAN_POINT('',(1.644800327316E1,5.E0,1.747781998142E1));
#1389=CARTESIAN_POINT('',(1.629261614478E1,5.029082766876E0,1.762351559833E1));
#1390=CARTESIAN_POINT('',(1.603849766829E1,5.183618980271E0,1.785509733213E1));
#1391=CARTESIAN_POINT('',(1.579557330354E1,5.431744654210E0,1.807025270631E1));
#1392=CARTESIAN_POINT('',(1.555413363230E1,5.770981399731E0,1.827843737607E1));
#1393=CARTESIAN_POINT('',(1.532296402935E1,6.182596416920E0,1.847257242360E1));
#1394=CARTESIAN_POINT('',(1.509678389639E1,6.665741530472E0,1.865783280697E1));
#1395=CARTESIAN_POINT('',(1.487575211984E1,7.215603973352E0,1.883448773184E1));
#1396=CARTESIAN_POINT('',(1.465822709278E1,7.832048541826E0,1.900424263980E1));
#1397=CARTESIAN_POINT('',(1.444331112006E1,8.515906555127E0,1.916806060700E1));
#1398=CARTESIAN_POINT('',(1.423116361682E1,9.265403289448E0,1.932606995580E1));
#1399=CARTESIAN_POINT('',(1.401951562009E1,1.008895059340E1,1.948014144513E1));
#1400=CARTESIAN_POINT('',(1.380644262625E1,1.099744661839E1,1.963173811962E1));
#1401=CARTESIAN_POINT('',(1.358999531921E1,1.200624824001E1,1.978219314464E1));
#1402=CARTESIAN_POINT('',(1.337398413150E1,1.310520639743E1,1.992883952984E1));
#1403=CARTESIAN_POINT('',(1.316266902275E1,1.427504923860E1,2.006900785153E1));
#1404=CARTESIAN_POINT('',(1.295336899826E1,1.553287186216E1,2.020472544406E1));
#1405=CARTESIAN_POINT('',(1.274216175059E1,1.691196602104E1,2.033859239782E1));
#1406=CARTESIAN_POINT('',(1.252721563224E1,1.844182514319E1,2.047170018758E1));
#1407=CARTESIAN_POINT('',(1.230723551704E1,2.015760014062E1,2.060471710315E1));
#1408=CARTESIAN_POINT('',(1.208330475997E1,2.208769152423E1,2.073683040003E1));
#1409=CARTESIAN_POINT('',(1.186093182239E1,2.422600234929E1,2.086479686602E1));
#1410=CARTESIAN_POINT('',(1.164308353493E1,2.658976874925E1,2.098710658840E1));
#1411=CARTESIAN_POINT('',(1.143333921523E1,2.919914745389E1,2.110205576191E1));
#1412=CARTESIAN_POINT('',(1.123577127543E1,3.208197288253E1,2.120784729714E1));
#1413=CARTESIAN_POINT('',(1.105587929339E1,3.526681081165E1,2.130210208652E1));
#1414=CARTESIAN_POINT('',(1.090074985108E1,3.878848846587E1,2.138180896188E1));
#1415=CARTESIAN_POINT('',(1.078001128736E1,4.266793697218E1,2.144284017765E1));
#1416=CARTESIAN_POINT('',(1.070523341606E1,4.696106484603E1,2.148019009634E1));
#1417=CARTESIAN_POINT('',(1.069354991152E1,5.156510061830E1,2.148599365559E1));
#1418=CARTESIAN_POINT('',(1.075117837443E1,5.608123031021E1,2.145728683460E1));
#1419=CARTESIAN_POINT('',(1.086522622473E1,6.025285139926E1,2.139987680222E1));
#1420=CARTESIAN_POINT('',(1.102094028504E1,6.403258998060E1,2.132020014718E1));
#1421=CARTESIAN_POINT('',(1.120003755555E1,6.733933897113E1,2.122673639762E1));
#1422=CARTESIAN_POINT('',(1.139743002924E1,7.031438687059E1,2.112147222457E1));
#1423=CARTESIAN_POINT('',(1.160711923173E1,7.298934130049E1,2.100701497249E1));
#1424=CARTESIAN_POINT('',(1.182375680202E1,7.539100893359E1,2.088587695121E1));
#1425=CARTESIAN_POINT('',(1.204464626684E1,7.755758509086E1,2.075930367149E1));
#1426=CARTESIAN_POINT('',(1.226875298677E1,7.952484186800E1,2.062765644687E1));
#1427=CARTESIAN_POINT('',(1.248936348840E1,8.127418836225E1,2.049481481025E1));
#1428=CARTESIAN_POINT('',(1.270404679797E1,8.282623843673E1,2.036241819139E1));
#1429=CARTESIAN_POINT('',(1.291485040659E1,8.422406260035E1,2.022936583876E1));
#1430=CARTESIAN_POINT('',(1.312416817226E1,8.550132035470E1,2.009420660334E1));
#1431=CARTESIAN_POINT('',(1.333654137066E1,8.669501653319E1,1.995392695327E1));
#1432=CARTESIAN_POINT('',(1.355653347838E1,8.783047182192E1,1.980516624108E1));
#1433=CARTESIAN_POINT('',(1.377844649869E1,8.887766543984E1,1.965142336147E1));
#1434=CARTESIAN_POINT('',(1.399553072337E1,8.981321522754E1,1.949739791735E1));
#1435=CARTESIAN_POINT('',(1.421023951927E1,9.065695911315E1,1.934147618368E1));
#1436=CARTESIAN_POINT('',(1.442563959042E1,9.142498161422E1,1.918138469836E1));
#1437=CARTESIAN_POINT('',(1.464488510978E1,9.212824874188E1,1.901455398712E1));
#1438=CARTESIAN_POINT('',(1.486713232919E1,9.276194781785E1,1.884132116189E1));
#1439=CARTESIAN_POINT('',(1.509246425635E1,9.332473728085E1,1.866135389449E1));
#1440=CARTESIAN_POINT('',(1.532218822323E1,9.381621879816E1,1.847323537712E1));
#1441=CARTESIAN_POINT('',(1.555508742623E1,9.423062354407E1,1.827763095853E1));
#1442=CARTESIAN_POINT('',(1.579624553983E1,9.456892236157E1,1.806965615153E1));
#1443=CARTESIAN_POINT('',(1.603802403763E1,9.481594050142E1,1.785551948382E1));
#1444=CARTESIAN_POINT('',(1.629252321326E1,9.497094047183E1,1.762360525639E1));
#1445=CARTESIAN_POINT('',(1.644794111575E1,9.5E1,1.747787899080E1));
#1446=CARTESIAN_POINT('',(1.652407667465E1,9.5E1,1.740559938785E1));
#1448=CARTESIAN_POINT('',(1.652407667465E1,9.5E1,1.740559938785E1));
#1449=CARTESIAN_POINT('',(1.660049022983E1,9.5E1,1.733305586799E1));
#1450=CARTESIAN_POINT('',(1.675470121685E1,9.497066900821E1,1.718481741970E1));
#1451=CARTESIAN_POINT('',(1.700013906927E1,9.481460346824E1,1.694206159624E1));
#1452=CARTESIAN_POINT('',(1.722824729880E1,9.456408281742E1,1.670993216829E1));
#1453=CARTESIAN_POINT('',(1.744911739265E1,9.422159972026E1,1.647910027480E1));
#1454=CARTESIAN_POINT('',(1.765513659002E1,9.380628418509E1,1.625808552392E1));
#1455=CARTESIAN_POINT('',(1.785191927064E1,9.331875036614E1,1.604171365137E1));
#1456=CARTESIAN_POINT('',(1.803961044588E1,9.276420698889E1,1.583029737979E1));
#1457=CARTESIAN_POINT('',(1.822008801038E1,9.214266691095E1,1.562220037359E1));
#1458=CARTESIAN_POINT('',(1.839438138804E1,9.145328457334E1,1.541656255246E1));
#1459=CARTESIAN_POINT('',(1.856278755664E1,9.069706499503E1,1.521334326303E1));
#1460=CARTESIAN_POINT('',(1.872719566806E1,8.986573173086E1,1.501048736564E1));
#1461=CARTESIAN_POINT('',(1.888894574592E1,8.894943745677E1,1.480643305113E1));
#1462=CARTESIAN_POINT('',(1.904926934514E1,8.793437426870E1,1.459959282536E1));
#1463=CARTESIAN_POINT('',(1.920595845554E1,8.682709427816E1,1.439281517016E1));
#1464=CARTESIAN_POINT('',(1.935713906559E1,8.563803240294E1,1.418880880775E1));
#1465=CARTESIAN_POINT('',(1.950426664638E1,8.435242554930E1,1.398586448133E1));
#1466=CARTESIAN_POINT('',(1.964872005858E1,8.294878102128E1,1.378218290670E1));
#1467=CARTESIAN_POINT('',(1.979105194925E1,8.140651170181E1,1.357700576192E1));
#1468=CARTESIAN_POINT('',(1.993150543724E1,7.970143521235E1,1.336996567552E1));
#1469=CARTESIAN_POINT('',(2.006972393723E1,7.780858031251E1,1.316156976131E1));
#1470=CARTESIAN_POINT('',(2.020463670213E1,7.570516331669E1,1.295348777443E1));
#1471=CARTESIAN_POINT('',(2.033482800588E1,7.336628965771E1,1.274809414345E1));
#1472=CARTESIAN_POINT('',(2.045845475666E1,7.076478562795E1,1.254866842725E1));
#1473=CARTESIAN_POINT('',(2.057344868908E1,6.786553965706E1,1.235914406133E1));
#1474=CARTESIAN_POINT('',(2.067711069051E1,6.461743841151E1,1.218478323465E1));
#1475=CARTESIAN_POINT('',(2.076359927106E1,6.105459280421E1,1.203664100436E1));
#1476=CARTESIAN_POINT('',(2.082974235881E1,5.712212368580E1,1.192164552443E1));
#1477=CARTESIAN_POINT('',(2.086893831229E1,5.272379538390E1,1.185275676395E1));
#1478=CARTESIAN_POINT('',(2.087307787599E1,4.821055594823E1,1.184544723561E1));
#1479=CARTESIAN_POINT('',(2.083879254537E1,4.356557399688E1,1.190580425515E1));
#1480=CARTESIAN_POINT('',(2.077354203449E1,3.943252525776E1,1.201946394563E1));
#1481=CARTESIAN_POINT('',(2.068968733640E1,3.584313627087E1,1.216338148552E1));
#1482=CARTESIAN_POINT('',(2.058985582984E1,3.260335105602E1,1.233175360197E1));
#1483=CARTESIAN_POINT('',(2.047794699814E1,2.969047624572E1,1.251680664374E1));
#1484=CARTESIAN_POINT('',(2.035663013784E1,2.706267026473E1,1.271323267496E1));
#1485=CARTESIAN_POINT('',(2.022785599140E1,2.468734342781E1,1.291719172364E1));
#1486=CARTESIAN_POINT('',(2.009359425568E1,2.254327650366E1,1.312509886386E1));
#1487=CARTESIAN_POINT('',(1.995557053802E1,2.061145379595E1,1.333402234535E1));
#1488=CARTESIAN_POINT('',(1.981550259285E1,1.887646584429E1,1.354129223265E1));
#1489=CARTESIAN_POINT('',(1.967407598152E1,1.731393846519E1,1.374595578975E1));
#1490=CARTESIAN_POINT('',(1.953067078175E1,1.589323675500E1,1.394896267364E1));
#1491=CARTESIAN_POINT('',(1.938427247278E1,1.458895385812E1,1.415171678689E1));
#1492=CARTESIAN_POINT('',(1.923291180540E1,1.337522850716E1,1.435679339292E1));
#1493=CARTESIAN_POINT('',(1.907392663944E1,1.223101368705E1,1.456740011905E1));
#1494=CARTESIAN_POINT('',(1.891006059033E1,1.117712260598E1,1.477949128389E1));
#1495=CARTESIAN_POINT('',(1.874565807561E1,1.023324314364E1,1.498744703755E1));
#1496=CARTESIAN_POINT('',(1.857926484988E1,9.381521680908E0,1.519323566385E1));
#1497=CARTESIAN_POINT('',(1.840866023531E1,8.606724505634E0,1.539953544601E1));
#1498=CARTESIAN_POINT('',(1.823117965936E1,7.897831556759E0,1.560928867438E1));
#1499=CARTESIAN_POINT('',(1.804699502127E1,7.258821925112E0,1.582191227399E1));
#1500=CARTESIAN_POINT('',(1.785576452581E1,6.691138543515E0,1.603746470983E1));
#1501=CARTESIAN_POINT('',(1.765591624961E1,6.195076266227E0,1.625726133351E1));
#1502=CARTESIAN_POINT('',(1.744829210415E1,5.776828090416E0,1.647998036257E1));
#1503=CARTESIAN_POINT('',(1.722761624534E1,5.435243426983E0,1.671057321398E1));
#1504=CARTESIAN_POINT('',(1.700058767703E1,5.185843728659E0,1.694160786668E1));
#1505=CARTESIAN_POINT('',(1.675480635393E1,5.029312002831E0,1.718471876252E1));
#1506=CARTESIAN_POINT('',(1.660055711122E1,5.E0,1.733299237387E1));
#1507=CARTESIAN_POINT('',(1.652407667465E1,5.E0,1.740559938785E1));
#1509=CARTESIAN_POINT('',(-1.652407667465E1,9.5E1,1.740559938785E1));
#1510=CARTESIAN_POINT('',(-1.644805331442E1,9.5E1,1.747777247454E1));
#1511=CARTESIAN_POINT('',(-1.629275070058E1,9.497099136876E1,1.762339249212E1));
#1512=CARTESIAN_POINT('',(-1.603840671570E1,9.481630467034E1,1.785517891516E1));
#1513=CARTESIAN_POINT('',(-1.579579036728E1,9.456847667510E1,1.807006043390E1));
#1514=CARTESIAN_POINT('',(-1.555451039430E1,9.422960558358E1,1.827811600016E1));
#1515=CARTESIAN_POINT('',(-1.532346410508E1,9.381837154474E1,1.847215702573E1));
#1516=CARTESIAN_POINT('',(-1.509730967082E1,9.333547488191E1,1.865740748686E1));
#1517=CARTESIAN_POINT('',(-1.487625597044E1,9.278573922536E1,1.883408998766E1));
#1518=CARTESIAN_POINT('',(-1.465868511004E1,9.216933679809E1,1.900388982718E1));
#1519=CARTESIAN_POINT('',(-1.444366802594E1,9.148530469375E1,1.916779236871E1));
#1520=CARTESIAN_POINT('',(-1.423140643575E1,9.073550997990E1,1.932589174433E1));
#1521=CARTESIAN_POINT('',(-1.401968702082E1,8.991175074879E1,1.948001822098E1));
#1522=CARTESIAN_POINT('',(-1.380662694539E1,8.900337258598E1,1.963160839614E1));
#1523=CARTESIAN_POINT('',(-1.359015544500E1,8.799454387391E1,1.978208362E1));
#1524=CARTESIAN_POINT('',(-1.337403392765E1,8.689506852911E1,1.992880647819E1));
#1525=CARTESIAN_POINT('',(-1.316275953368E1,8.572544741741E1,2.006894767833E1));
#1526=CARTESIAN_POINT('',(-1.295371267710E1,8.446922715733E1,2.020450363179E1));
#1527=CARTESIAN_POINT('',(-1.274280868139E1,8.309238491154E1,2.033818569033E1));
#1528=CARTESIAN_POINT('',(-1.252811864166E1,8.156484307405E1,2.047114658336E1));
#1529=CARTESIAN_POINT('',(-1.230820701398E1,7.985040136080E1,2.060413761590E1));
#1530=CARTESIAN_POINT('',(-1.208419255308E1,7.792024352961E1,2.073631117575E1));
#1531=CARTESIAN_POINT('',(-1.186268278969E1,7.579143515370E1,2.086379720405E1));
#1532=CARTESIAN_POINT('',(-1.164524650776E1,7.343532411124E1,2.098590758431E1));
#1533=CARTESIAN_POINT('',(-1.143455089062E1,7.081804744985E1,2.110140618365E1));
#1534=CARTESIAN_POINT('',(-1.123448944870E1,6.790135920750E1,2.120854025682E1));
#1535=CARTESIAN_POINT('',(-1.105072998967E1,6.463682600261E1,2.130478364744E1));
#1536=CARTESIAN_POINT('',(-1.089435397978E1,6.104568059790E1,2.138506773391E1));
#1537=CARTESIAN_POINT('',(-1.077466553345E1,5.711607725325E1,2.144552283963E1));
#1538=CARTESIAN_POINT('',(-1.070260642394E1,5.277889292746E1,2.148149587328E1));
#1539=CARTESIAN_POINT('',(-1.069511358748E1,4.816199722566E1,2.148521746824E1));
#1540=CARTESIAN_POINT('',(-1.075630006691E1,4.367822119213E1,2.145472499827E1));
#1541=CARTESIAN_POINT('',(-1.087179138976E1,3.956443661009E1,2.139654275468E1));
#1542=CARTESIAN_POINT('',(-1.102712607864E1,3.584097378033E1,2.131700151381E1));
#1543=CARTESIAN_POINT('',(-1.120620888502E1,3.256063775754E1,2.122347490708E1));
#1544=CARTESIAN_POINT('',(-1.140073517501E1,2.964334266156E1,2.111967167512E1));
#1545=CARTESIAN_POINT('',(-1.160673351585E1,2.701634399912E1,2.100721823277E1));
#1546=CARTESIAN_POINT('',(-1.182315970834E1,2.461464613380E1,2.088622054623E1));
#1547=CARTESIAN_POINT('',(-1.204544097502E1,2.243477732881E1,2.075884667950E1));
#1548=CARTESIAN_POINT('',(-1.226961870791E1,2.046802724423E1,2.062714035279E1));
#1549=CARTESIAN_POINT('',(-1.249013031462E1,1.871999559371E1,2.049434776976E1));
#1550=CARTESIAN_POINT('',(-1.270496105168E1,1.716740087497E1,2.036184867028E1));
#1551=CARTESIAN_POINT('',(-1.291592844322E1,1.576905796250E1,2.022867834416E1));
#1552=CARTESIAN_POINT('',(-1.312536733256E1,1.449165348780E1,2.009342365856E1));
#1553=CARTESIAN_POINT('',(-1.333768218415E1,1.329886972604E1,1.995316352189E1));
#1554=CARTESIAN_POINT('',(-1.355743622853E1,1.216510566156E1,1.980454712886E1));
#1555=CARTESIAN_POINT('',(-1.377921727740E1,1.111886632178E1,1.965088261940E1));
#1556=CARTESIAN_POINT('',(-1.399625501126E1,1.018381379009E1,1.949687755453E1));
#1557=CARTESIAN_POINT('',(-1.421080964175E1,9.340931007024E0,1.934105615828E1));
#1558=CARTESIAN_POINT('',(-1.442598160827E1,8.573889303204E0,1.918112607953E1));
#1559=CARTESIAN_POINT('',(-1.464500828977E1,7.871399544424E0,1.901445801306E1));
#1560=CARTESIAN_POINT('',(-1.486712372893E1,7.238086514145E0,1.884132732904E1));
#1561=CARTESIAN_POINT('',(-1.509237879635E1,6.675468233133E0,1.866142258083E1));
#1562=CARTESIAN_POINT('',(-1.532208556451E1,6.183974788202E0,1.847332095363E1));
#1563=CARTESIAN_POINT('',(-1.555508984853E1,5.769362813067E0,1.827762947113E1));
#1564=CARTESIAN_POINT('',(-1.579635342171E1,5.430914917984E0,1.806956383096E1));
#1565=CARTESIAN_POINT('',(-1.603835007012E1,5.183805353944E0,1.785522584057E1));
#1566=CARTESIAN_POINT('',(-1.629250267563E1,5.029104878804E0,1.762362192347E1));
#1567=CARTESIAN_POINT('',(-1.644792964237E1,5.E0,1.747788988310E1));
#1568=CARTESIAN_POINT('',(-1.652407667465E1,5.E0,1.740559938785E1));
#1570=CARTESIAN_POINT('',(-1.652407667465E1,5.E0,1.740559938785E1));
#1571=CARTESIAN_POINT('',(-1.660050114008E1,5.E0,1.733304551030E1));
#1572=CARTESIAN_POINT('',(-1.675475096042E1,5.029302915287E0,1.718477193567E1));
#1573=CARTESIAN_POINT('',(-1.700058354077E1,5.185758423190E0,1.694161706602E1));
#1574=CARTESIAN_POINT('',(-1.722854995493E1,5.436338631628E0,1.670961872663E1));
#1575=CARTESIAN_POINT('',(-1.744941746262E1,5.778928841303E0,1.647878288752E1));
#1576=CARTESIAN_POINT('',(-1.765544727225E1,6.194404533760E0,1.625774856833E1));
#1577=CARTESIAN_POINT('',(-1.785233212619E1,6.682347851724E0,1.604125540145E1));
#1578=CARTESIAN_POINT('',(-1.804015404684E1,7.237505606506E0,1.582967918394E1));
#1579=CARTESIAN_POINT('',(-1.822078423493E1,7.859875002365E0,1.562138992202E1));
#1580=CARTESIAN_POINT('',(-1.839525602758E1,8.550370127589E0,1.541552064010E1));
#1581=CARTESIAN_POINT('',(-1.856383784197E1,9.307908143078E0,1.521206331081E1));
#1582=CARTESIAN_POINT('',(-1.872839830485E1,1.014067972154E1,1.500898815010E1));
#1583=CARTESIAN_POINT('',(-1.889026427799E1,1.105842996308E1,1.480475219794E1));
#1584=CARTESIAN_POINT('',(-1.905073624010E1,1.207539643754E1,1.459768039962E1));
#1585=CARTESIAN_POINT('',(-1.920753745868E1,1.318466582562E1,1.439070835861E1));
#1586=CARTESIAN_POINT('',(-1.935864112909E1,1.437445554055E1,1.418675809634E1));
#1587=CARTESIAN_POINT('',(-1.950560223386E1,1.565992186719E1,1.398400035078E1));
#1588=CARTESIAN_POINT('',(-1.964995122898E1,1.706385827469E1,1.378042718758E1));
#1589=CARTESIAN_POINT('',(-1.979231942680E1,1.860794775787E1,1.357515971436E1));
#1590=CARTESIAN_POINT('',(-1.993302864621E1,2.031798433187E1,1.336769894921E1));
#1591=CARTESIAN_POINT('',(-2.007160824316E1,2.221871777181E1,1.315869944711E1));
#1592=CARTESIAN_POINT('',(-2.020658345521E1,2.432741589979E1,1.295044917204E1));
#1593=CARTESIAN_POINT('',(-2.033636000482E1,2.666401602883E1,1.274564263050E1));
#1594=CARTESIAN_POINT('',(-2.045909602051E1,2.925121554561E1,1.254761000770E1));
#1595=CARTESIAN_POINT('',(-2.057256600234E1,3.211428782053E1,1.236058958323E1));
#1596=CARTESIAN_POINT('',(-2.067403342964E1,3.527971917786E1,1.218998816338E1));
#1597=CARTESIAN_POINT('',(-2.076002931529E1,3.877881513037E1,1.204279813034E1));
#1598=CARTESIAN_POINT('',(-2.082655468588E1,4.264558745948E1,1.192721882918E1));
#1599=CARTESIAN_POINT('',(-2.086723674173E1,4.697665733649E1,1.185575895762E1));
#1600=CARTESIAN_POINT('',(-2.087408364973E1,5.144557270217E1,1.184367004742E1));
#1601=CARTESIAN_POINT('',(-2.084220448698E1,5.614633250729E1,1.189981952934E1));
#1602=CARTESIAN_POINT('',(-2.077820780541E1,6.032946139711E1,1.201138832800E1));
#1603=CARTESIAN_POINT('',(-2.069478312447E1,6.397249067553E1,1.215471498713E1));
#1604=CARTESIAN_POINT('',(-2.059364852267E1,6.729116133553E1,1.232543672149E1));
#1605=CARTESIAN_POINT('',(-2.048039666660E1,7.025329435439E1,1.251281130004E1));
#1606=CARTESIAN_POINT('',(-2.035818834559E1,7.290708250387E1,1.271074571352E1));
#1607=CARTESIAN_POINT('',(-2.022892412218E1,7.529460403025E1,1.291552232310E1));
#1608=CARTESIAN_POINT('',(-2.009460372813E1,7.744158143382E1,1.312355190382E1));
#1609=CARTESIAN_POINT('',(-1.995681383168E1,7.937207265644E1,1.333215880966E1));
#1610=CARTESIAN_POINT('',(-1.981691452613E1,8.110701792100E1,1.353922552994E1));
#1611=CARTESIAN_POINT('',(-1.967542822272E1,8.267198374978E1,1.374402187680E1));
#1612=CARTESIAN_POINT('',(-1.953183600726E1,8.409590274431E1,1.394733356921E1));
#1613=CARTESIAN_POINT('',(-1.938520002544E1,8.540327610967E1,1.415044845374E1));
#1614=CARTESIAN_POINT('',(-1.923371385931E1,8.661868602810E1,1.435571910319E1));
#1615=CARTESIAN_POINT('',(-1.907479053538E1,8.776309467186E1,1.456626833596E1));
#1616=CARTESIAN_POINT('',(-1.891093345281E1,8.881758748790E1,1.477837504178E1));
#1617=CARTESIAN_POINT('',(-1.874645766290E1,8.976243302314E1,1.498644748463E1));
#1618=CARTESIAN_POINT('',(-1.858006697541E1,9.061460159353E1,1.519225437813E1));
#1619=CARTESIAN_POINT('',(-1.840953796457E1,9.138951898420E1,1.539848538125E1));
#1620=CARTESIAN_POINT('',(-1.823214283696E1,9.209857191029E1,1.560816326899E1));
#1621=CARTESIAN_POINT('',(-1.804797159300E1,9.273804377195E1,1.582079854441E1));
#1622=CARTESIAN_POINT('',(-1.785670976403E1,9.330629916125E1,1.603641281825E1));
#1623=CARTESIAN_POINT('',(-1.765676502181E1,9.380304765599E1,1.625634111208E1));
#1624=CARTESIAN_POINT('',(-1.744893123094E1,9.422206734313E1,1.647930557252E1));
#1625=CARTESIAN_POINT('',(-1.722801811244E1,9.456428518736E1,1.671016242122E1));
#1626=CARTESIAN_POINT('',(-1.700063138661E1,9.481413065165E1,1.694156476007E1));
#1627=CARTESIAN_POINT('',(-1.675499723781E1,9.497059838649E1,1.718453194741E1));
#1628=CARTESIAN_POINT('',(-1.660062691003E1,9.5E1,1.733292611009E1));
#1629=CARTESIAN_POINT('',(-1.652407667465E1,9.5E1,1.740559938785E1));
#1631=DIRECTION('',(0.E0,1.E0,0.E0));
#1632=VECTOR('',#1631,8.380715650500E0);
#1633=CARTESIAN_POINT('',(5.E0,0.E0,4.4E1));
#1634=LINE('451',#1633,#1632);
#1635=CARTESIAN_POINT('',(5.E0,8.380715650500E0,4.4E1));
#1636=CARTESIAN_POINT('',(5.E0,1.152805801524E1,4.182966394760E1));
#1637=CARTESIAN_POINT('',(5.E0,1.806568337599E1,3.802796816984E1));
#1638=CARTESIAN_POINT('',(5.E0,3.176172589177E1,3.180183524484E1));
#1639=CARTESIAN_POINT('',(5.E0,4.257889293374E1,2.834164602352E1));
#1640=CARTESIAN_POINT('',(5.E0,5.E1,2.65E1));
#1642=DIRECTION('',(-1.E0,0.E0,0.E0));
#1643=VECTOR('',#1642,1.E1);
#1644=CARTESIAN_POINT('',(5.E0,0.E0,4.4E1));
#1645=LINE('454',#1644,#1643);
#1646=CARTESIAN_POINT('',(-5.E0,8.380715650500E0,4.4E1));
#1647=CARTESIAN_POINT('',(-5.E0,1.152805801524E1,4.182966394760E1));
#1648=CARTESIAN_POINT('',(-5.E0,1.806568337599E1,3.802796816984E1));
#1649=CARTESIAN_POINT('',(-5.E0,3.176172589177E1,3.180183524484E1));
#1650=CARTESIAN_POINT('',(-5.E0,4.257889293374E1,2.834164602352E1));
#1651=CARTESIAN_POINT('',(-5.E0,5.E1,2.65E1));
#1653=DIRECTION('',(0.E0,1.E0,0.E0));
#1654=VECTOR('',#1653,8.380715650500E0);
#1655=CARTESIAN_POINT('',(-5.E0,0.E0,4.4E1));
#1656=LINE('452',#1655,#1654);
#1657=CARTESIAN_POINT('',(0.E0,5.E1,0.E0));
#1658=DIRECTION('',(0.E0,1.E0,0.E0));
#1659=DIRECTION('',(-2.083333333333E-1,0.E0,9.780578828588E-1));
#1660=AXIS2_PLACEMENT_3D('',#1657,#1658,#1659);
#1662=DIRECTION('',(0.E0,0.E0,1.E0));
#1663=VECTOR('',#1662,3.026610811389E0);
#1664=CARTESIAN_POINT('',(5.E0,5.E1,2.347338918861E1));
#1665=LINE('432',#1664,#1663);
#1666=DIRECTION('',(-1.E0,0.E0,0.E0));
#1667=VECTOR('',#1666,1.E1);
#1668=CARTESIAN_POINT('',(5.E0,5.E1,2.65E1));
#1669=LINE('356',#1668,#1667);
#1670=DIRECTION('',(0.E0,0.E0,-1.E0));
#1671=VECTOR('',#1670,3.026610811389E0);
#1672=CARTESIAN_POINT('',(-5.E0,5.E1,2.65E1));
#1673=LINE('433',#1672,#1671);
#1674=DIRECTION('',(-1.E0,0.E0,0.E0));
#1675=VECTOR('',#1674,1.E1);
#1676=CARTESIAN_POINT('',(5.E0,8.380715650500E0,4.4E1));
#1677=LINE('455',#1676,#1675);
#1678=CARTESIAN_POINT('',(2.513841804742E-14,2.115287271269E1,3.67E1));
#1679=CARTESIAN_POINT('',(1.233166365361E-1,2.115287271269E1,3.67E1));
#1680=CARTESIAN_POINT('',(3.755235766914E-1,2.112452402572E1,3.671361442590E1));
#1681=CARTESIAN_POINT('',(7.725786398184E-1,2.098010746878E1,3.678312142358E1));
#1682=CARTESIAN_POINT('',(1.159507252004E0,2.073483797507E1,3.690172649487E1));
#1683=CARTESIAN_POINT('',(1.526344475440E0,2.039968172201E1,3.706492756493E1));
#1684=CARTESIAN_POINT('',(1.876065985414E0,1.997245538690E1,3.727487877229E1));
#1685=CARTESIAN_POINT('',(2.198911142496E0,1.946332627510E1,3.752795511688E1));
#1686=CARTESIAN_POINT('',(2.490196836777E0,1.888108288231E1,3.782126933109E1));
#1687=CARTESIAN_POINT('',(2.749352602200E0,1.822324490977E1,3.815776207485E1));
#1688=CARTESIAN_POINT('',(2.973787454817E0,1.747963511306E1,3.854484253074E1));
#1689=CARTESIAN_POINT('',(3.154009420440E0,1.664520044871E1,3.898802047135E1));
#1690=CARTESIAN_POINT('',(3.273297130892E0,1.573163948883E1,3.948455264858E1));
#1691=CARTESIAN_POINT('',(3.314119893912E0,1.479133831590E1,4.000866788477E1));
#1692=CARTESIAN_POINT('',(3.270136619436E0,1.386367550396E1,4.053936150859E1));
#1693=CARTESIAN_POINT('',(3.142111012040E0,1.299109330936E1,4.105170047264E1));
#1694=CARTESIAN_POINT('',(2.945353272756E0,1.222071963153E1,4.151513245112E1));
#1695=CARTESIAN_POINT('',(2.692736794617E0,1.155075592487E1,4.192698163461E1));
#1696=CARTESIAN_POINT('',(2.397453521669E0,1.098273990696E1,4.228289307453E1));
#1697=CARTESIAN_POINT('',(2.060069500592E0,1.049797545725E1,4.259169297278E1));
#1698=CARTESIAN_POINT('',(1.677643547311E0,1.009175522753E1,4.285425508225E1));
#1699=CARTESIAN_POINT('',(1.268962519898E0,9.781469360784E0,4.305722667097E1));
#1700=CARTESIAN_POINT('',(8.492816035971E-1,9.566605034816E0,4.319901011783E1));
#1701=CARTESIAN_POINT('',(4.179390232367E-1,9.440211929859E0,4.328289390760E1));
#1702=CARTESIAN_POINT('',(1.378045317542E-1,9.414510144898E0,4.33E1));
#1703=CARTESIAN_POINT('',(2.416880283465E-14,9.414510144898E0,4.33E1));
#1705=CARTESIAN_POINT('',(2.416880283465E-14,9.414510144898E0,4.33E1));
#1706=CARTESIAN_POINT('',(-1.312400158314E-1,9.414510144898E0,4.33E1));
#1707=CARTESIAN_POINT('',(-4.024343434740E-1,9.437786158141E0,
4.328450939303E1));
#1708=CARTESIAN_POINT('',(-8.339224537471E-1,9.559994383896E0,
4.320338510772E1));
#1709=CARTESIAN_POINT('',(-1.264864664199E0,9.778059529798E0,4.305945791693E1));
#1710=CARTESIAN_POINT('',(-1.681528998947E0,1.009439255788E1,4.285251813115E1));
#1711=CARTESIAN_POINT('',(-2.074544872185E0,1.051434549E1,4.258113511031E1));
#1712=CARTESIAN_POINT('',(-2.422945968428E0,1.102339747547E1,4.225712953202E1));
#1713=CARTESIAN_POINT('',(-2.724128128539E0,1.162064637E1,4.188355466671E1));
#1714=CARTESIAN_POINT('',(-2.974545649449E0,1.231485935617E1,4.145789307979E1));
#1715=CARTESIAN_POINT('',(-3.163384274290E0,1.310183374876E1,4.098596796504E1));
#1716=CARTESIAN_POINT('',(-3.279834992422E0,1.397582158935E1,4.047451336983E1));
#1717=CARTESIAN_POINT('',(-3.313408855009E0,1.489551331566E1,3.994998059636E1));
#1718=CARTESIAN_POINT('',(-3.264359497044E0,1.582655910402E1,3.943242456062E1));
#1719=CARTESIAN_POINT('',(-3.139136591213E0,1.672760496051E1,3.894385164559E1));
#1720=CARTESIAN_POINT('',(-2.955777089108E0,1.754763069789E1,3.850916182556E1));
#1721=CARTESIAN_POINT('',(-2.729040355126E0,1.828096664737E1,3.812802061660E1));
#1722=CARTESIAN_POINT('',(-2.467823804685E0,1.893076358673E1,3.779608306182E1));
#1723=CARTESIAN_POINT('',(-2.175751742567E0,1.950358736614E1,3.750784275147E1));
#1724=CARTESIAN_POINT('',(-1.856487951943E0,1.999887358253E1,3.726184619058E1));
#1725=CARTESIAN_POINT('',(-1.508852325429E0,2.041817600073E1,3.705588759031E1));
#1726=CARTESIAN_POINT('',(-1.140446774189E0,2.074908560988E1,3.689482020993E1));
#1727=CARTESIAN_POINT('',(-7.606732267233E-1,2.098531753401E1,
3.678061333263E1));
#1728=CARTESIAN_POINT('',(-3.687642534774E-1,2.112568434531E1,
3.671305675374E1));
#1729=CARTESIAN_POINT('',(-1.210580155627E-1,2.115287271269E1,3.67E1));
#1730=CARTESIAN_POINT('',(2.513841804742E-14,2.115287271269E1,3.67E1));
#1732=DIRECTION('',(1.283510371771E-14,1.E0,0.E0));
#1733=VECTOR('',#1732,1.914510144898E0);
#1734=CARTESIAN_POINT('',(0.E0,7.5E0,4.33E1));
#1735=LINE('220',#1734,#1733);
#1736=DIRECTION('',(0.E0,1.E0,0.E0));
#1737=VECTOR('',#1736,1.365287271269E1);
#1738=CARTESIAN_POINT('',(0.E0,7.5E0,3.67E1));
#1739=LINE('253',#1738,#1737);
#1740=CARTESIAN_POINT('',(0.E0,7.5E0,4.E1));
#1741=DIRECTION('',(0.E0,1.E0,0.E0));
#1742=DIRECTION('',(0.E0,0.E0,1.E0));
#1743=AXIS2_PLACEMENT_3D('',#1740,#1741,#1742);
#1745=CARTESIAN_POINT('',(0.E0,7.5E0,4.E1));
#1746=DIRECTION('',(0.E0,1.E0,0.E0));
#1747=DIRECTION('',(0.E0,0.E0,-1.E0));
#1748=AXIS2_PLACEMENT_3D('',#1745,#1746,#1747);
#1750=CARTESIAN_POINT('',(0.E0,7.5E0,4.E1));
#1751=DIRECTION('',(0.E0,1.E0,0.E0));
#1752=DIRECTION('',(0.E0,0.E0,1.E0));
#1753=AXIS2_PLACEMENT_3D('',#1750,#1751,#1752);
#1755=CARTESIAN_POINT('',(0.E0,7.5E0,4.E1));
#1756=DIRECTION('',(0.E0,1.E0,0.E0));
#1757=DIRECTION('',(0.E0,0.E0,-1.E0));
#1758=AXIS2_PLACEMENT_3D('',#1755,#1756,#1757);
#1760=DIRECTION('',(0.E0,-1.E0,0.E0));
#1761=VECTOR('',#1760,7.5E0);
#1762=CARTESIAN_POINT('',(0.E0,7.5E0,4.17E1));
#1763=LINE('279',#1762,#1761);
#1764=DIRECTION('',(0.E0,-1.E0,0.E0));
#1765=VECTOR('',#1764,7.5E0);
#1766=CARTESIAN_POINT('',(0.E0,7.5E0,3.83E1));
#1767=LINE('280',#1766,#1765);
#1768=DIRECTION('',(7.071067811865E-1,0.E0,7.071067811865E-1));
#1769=VECTOR('',#1768,4.001619915892E0);
#1770=CARTESIAN_POINT('',(1.369450409639E1,9.5E1,1.457602680959E1));
#1771=LINE('750',#1770,#1769);
#1772=DIRECTION('',(7.071067811865E-1,0.E0,7.071067811865E-1));
#1773=VECTOR('',#1772,4.001619915892E0);
#1774=CARTESIAN_POINT('',(-1.740559938785E1,9.5E1,-1.652407667465E1));
#1775=LINE('749',#1774,#1773);
#1776=DIRECTION('',(7.071067811865E-1,0.E0,7.071067811865E-1));
#1777=VECTOR('',#1776,4.001619915892E0);
#1778=CARTESIAN_POINT('',(1.369450409639E1,5.E0,1.457602680959E1));
#1779=LINE('752',#1778,#1777);
#1780=DIRECTION('',(7.071067811865E-1,0.E0,7.071067811865E-1));
#1781=VECTOR('',#1780,4.001619915892E0);
#1782=CARTESIAN_POINT('',(-1.740559938785E1,5.E0,-1.652407667465E1));
#1783=LINE('751',#1782,#1781);
#1784=DIRECTION('',(-7.071067811865E-1,0.E0,7.071067811865E-1));
#1785=VECTOR('',#1784,4.001619915892E0);
#1786=CARTESIAN_POINT('',(1.740559938785E1,9.5E1,-1.652407667465E1));
#1787=LINE('775',#1786,#1785);
#1788=DIRECTION('',(-7.071067811865E-1,0.E0,7.071067811865E-1));
#1789=VECTOR('',#1788,4.001619915892E0);
#1790=CARTESIAN_POINT('',(-1.369450409639E1,9.5E1,1.457602680959E1));
#1791=LINE('776',#1790,#1789);
#1792=DIRECTION('',(-7.071067811865E-1,0.E0,7.071067811865E-1));
#1793=VECTOR('',#1792,4.001619915892E0);
#1794=CARTESIAN_POINT('',(1.740559938785E1,5.E0,-1.652407667465E1));
#1795=LINE('777',#1794,#1793);
#1796=DIRECTION('',(-7.071067811865E-1,0.E0,7.071067811865E-1));
#1797=VECTOR('',#1796,4.001619915892E0);
#1798=CARTESIAN_POINT('',(-1.369450409639E1,5.E0,1.457602680959E1));
#1799=LINE('778',#1798,#1797);
#1800=DIRECTION('',(0.E0,1.E0,0.E0));
#1801=VECTOR('',#1800,8.380715650500E0);
#1802=CARTESIAN_POINT('',(-5.E0,0.E0,-4.4E1));
#1803=LINE('447',#1802,#1801);
#1804=CARTESIAN_POINT('',(-5.E0,8.380715650500E0,-4.4E1));
#1805=CARTESIAN_POINT('',(-5.E0,1.152805801524E1,-4.182966394760E1));
#1806=CARTESIAN_POINT('',(-5.E0,1.806568337599E1,-3.802796816984E1));
#1807=CARTESIAN_POINT('',(-5.E0,3.176172589177E1,-3.180183524484E1));
#1808=CARTESIAN_POINT('',(-5.E0,4.257889293374E1,-2.834164602352E1));
#1809=CARTESIAN_POINT('',(-5.E0,5.E1,-2.65E1));
#1811=DIRECTION('',(-1.E0,0.E0,0.E0));
#1812=VECTOR('',#1811,1.E1);
#1813=CARTESIAN_POINT('',(5.E0,0.E0,-4.4E1));
#1814=LINE('449',#1813,#1812);
#1815=CARTESIAN_POINT('',(5.E0,8.380715650500E0,-4.4E1));
#1816=CARTESIAN_POINT('',(5.E0,1.152805801524E1,-4.182966394760E1));
#1817=CARTESIAN_POINT('',(5.E0,1.806568337599E1,-3.802796816984E1));
#1818=CARTESIAN_POINT('',(5.E0,3.176172589177E1,-3.180183524484E1));
#1819=CARTESIAN_POINT('',(5.E0,4.257889293374E1,-2.834164602352E1));
#1820=CARTESIAN_POINT('',(5.E0,5.E1,-2.65E1));
#1822=DIRECTION('',(0.E0,1.E0,0.E0));
#1823=VECTOR('',#1822,8.380715650500E0);
#1824=CARTESIAN_POINT('',(5.E0,0.E0,-4.4E1));
#1825=LINE('446',#1824,#1823);
#1826=CARTESIAN_POINT('',(0.E0,5.E1,0.E0));
#1827=DIRECTION('',(0.E0,1.E0,0.E0));
#1828=DIRECTION('',(2.083333333333E-1,0.E0,-9.780578828588E-1));
#1829=AXIS2_PLACEMENT_3D('',#1826,#1827,#1828);
#1831=DIRECTION('',(0.E0,0.E0,-1.E0));
#1832=VECTOR('',#1831,3.026610811389E0);
#1833=CARTESIAN_POINT('',(-5.E0,5.E1,-2.347338918861E1));
#1834=LINE('393',#1833,#1832);
#1835=DIRECTION('',(-1.E0,0.E0,0.E0));
#1836=VECTOR('',#1835,1.E1);
#1837=CARTESIAN_POINT('',(5.E0,5.E1,-2.65E1));
#1838=LINE('351',#1837,#1836);
#1839=DIRECTION('',(0.E0,0.E0,1.E0));
#1840=VECTOR('',#1839,3.026610811389E0);
#1841=CARTESIAN_POINT('',(5.E0,5.E1,-2.65E1));
#1842=LINE('394',#1841,#1840);
#1843=DIRECTION('',(-1.E0,0.E0,0.E0));
#1844=VECTOR('',#1843,1.E1);
#1845=CARTESIAN_POINT('',(5.E0,8.380715650500E0,-4.4E1));
#1846=LINE('450',#1845,#1844);
#1847=CARTESIAN_POINT('',(0.E0,9.414510144898E0,-4.33E1));
#1848=CARTESIAN_POINT('',(1.303704409940E-1,9.414510144898E0,-4.33E1));
#1849=CARTESIAN_POINT('',(4.005122646093E-1,9.437479498097E0,
-4.328471402102E1));
#1850=CARTESIAN_POINT('',(8.327930339072E-1,9.559358649974E0,
-4.320380402077E1));
#1851=CARTESIAN_POINT('',(1.265930920591E0,9.778788639320E0,-4.305898012337E1));
#1852=CARTESIAN_POINT('',(1.679758684906E0,1.009297300469E1,-4.285344500459E1));
#1853=CARTESIAN_POINT('',(2.073224191599E0,1.051263233784E1,-4.258223375756E1));
#1854=CARTESIAN_POINT('',(2.421332106406E0,1.102080896072E1,-4.225876864069E1));
#1855=CARTESIAN_POINT('',(2.722020577820E0,1.161589329114E1,-4.188650595355E1));
#1856=CARTESIAN_POINT('',(2.972654501430E0,1.230856004270E1,-4.146171684095E1));
#1857=CARTESIAN_POINT('',(3.162437171359E0,1.309602201220E1,-4.098939470134E1));
#1858=CARTESIAN_POINT('',(3.280005255611E0,1.397547939256E1,-4.047468052212E1));
#1859=CARTESIAN_POINT('',(3.313465237834E0,1.490018434874E1,-3.994733464893E1));
#1860=CARTESIAN_POINT('',(3.263751505106E0,1.583307688262E1,-3.942884422304E1));
#1861=CARTESIAN_POINT('',(3.137951794855E0,1.673420992014E1,-3.894031043824E1));
#1862=CARTESIAN_POINT('',(2.954010644848E0,1.755425386409E1,-3.850568788673E1));
#1863=CARTESIAN_POINT('',(2.727295979016E0,1.828568375366E1,-3.812559852833E1));
#1864=CARTESIAN_POINT('',(2.466984801619E0,1.893240852967E1,-3.779525590861E1));
#1865=CARTESIAN_POINT('',(2.175736458805E0,1.950359269868E1,-3.750784043129E1));
#1866=CARTESIAN_POINT('',(1.856037674657E0,1.999956600948E1,-3.726150288884E1));
#1867=CARTESIAN_POINT('',(1.508276132404E0,2.041868275148E1,-3.705564136084E1));
#1868=CARTESIAN_POINT('',(1.141357225798E0,2.074829877578E1,-3.689520296428E1));
#1869=CARTESIAN_POINT('',(7.624655133667E-1,2.098427761645E1,
-3.678111496527E1));
#1870=CARTESIAN_POINT('',(3.726255063802E-1,2.112477862125E1,
-3.671349205740E1));
#1871=CARTESIAN_POINT('',(1.227013802297E-1,2.115287271269E1,-3.67E1));
#1872=CARTESIAN_POINT('',(2.513841804742E-14,2.115287271269E1,-3.67E1));
#1874=CARTESIAN_POINT('',(2.513841804742E-14,2.115287271269E1,-3.67E1));
#1875=CARTESIAN_POINT('',(-1.229784277171E-1,2.115287271269E1,-3.67E1));
#1876=CARTESIAN_POINT('',(-3.752253099335E-1,2.112460950608E1,
-3.671357393169E1));
#1877=CARTESIAN_POINT('',(-7.738153212823E-1,2.097988381025E1,
-3.678322682214E1));
#1878=CARTESIAN_POINT('',(-1.165530455001E0,2.073032935052E1,
-3.690391239648E1));
#1879=CARTESIAN_POINT('',(-1.530180471385E0,2.039541731812E1,
-3.706701434962E1));
#1880=CARTESIAN_POINT('',(-1.880090628178E0,1.996697538067E1,
-3.727758415429E1));
#1881=CARTESIAN_POINT('',(-2.203574967648E0,1.945520367120E1,
-3.753201279247E1));
#1882=CARTESIAN_POINT('',(-2.495866432735E0,1.886857589365E1,
-3.782760734453E1));
#1883=CARTESIAN_POINT('',(-2.755292325644E0,1.820622750326E1,
-3.816653462901E1));
#1884=CARTESIAN_POINT('',(-2.978984881561E0,1.745955305105E1,
-3.855539555174E1));
#1885=CARTESIAN_POINT('',(-3.158154449296E0,1.662162901775E1,
-3.900067046643E1));
#1886=CARTESIAN_POINT('',(-3.275818687459E0,1.570337886693E1,
-3.950009507449E1));
#1887=CARTESIAN_POINT('',(-3.314023677868E0,1.476161956711E1,
-4.002545891944E1));
#1888=CARTESIAN_POINT('',(-3.267469123127E0,1.383771109138E1,
-4.055443978616E1));
#1889=CARTESIAN_POINT('',(-3.138026470782E0,1.297127793948E1,
-4.106349937429E1));
#1890=CARTESIAN_POINT('',(-2.940006219542E0,1.220376735834E1,
-4.152544874602E1));
#1891=CARTESIAN_POINT('',(-2.686183055629E0,1.153613895934E1,
-4.193606270553E1));
#1892=CARTESIAN_POINT('',(-2.390295430462E0,1.097105511537E1,
-4.229028685042E1));
#1893=CARTESIAN_POINT('',(-2.053742213030E0,1.049046739059E1,
-4.259652345401E1));
#1894=CARTESIAN_POINT('',(-1.673223873932E0,1.008789639454E1,
-4.285676867904E1));
#1895=CARTESIAN_POINT('',(-1.263993377446E0,9.778231654120E0,
-4.305935430461E1));
#1896=CARTESIAN_POINT('',(-8.442769626008E-1,9.564896650009E0,
-4.320014345142E1));
#1897=CARTESIAN_POINT('',(-4.189291868640E-1,9.440666430340E0,
-4.328259241869E1));
#1898=CARTESIAN_POINT('',(-1.384244420043E-1,9.414510144898E0,-4.33E1));
#1899=CARTESIAN_POINT('',(0.E0,9.414510144898E0,-4.33E1));
#1901=DIRECTION('',(0.E0,1.E0,0.E0));
#1902=VECTOR('',#1901,1.914510144898E0);
#1903=CARTESIAN_POINT('',(0.E0,7.5E0,-4.33E1));
#1904=LINE('515',#1903,#1902);
#1905=DIRECTION('',(0.E0,1.E0,0.E0));
#1906=VECTOR('',#1905,1.365287271269E1);
#1907=CARTESIAN_POINT('',(0.E0,7.5E0,-3.67E1));
#1908=LINE('516',#1907,#1906);
#1909=CARTESIAN_POINT('',(0.E0,7.5E0,-4.E1));
#1910=DIRECTION('',(0.E0,-1.E0,0.E0));
#1911=DIRECTION('',(0.E0,0.E0,-1.E0));
#1912=AXIS2_PLACEMENT_3D('',#1909,#1910,#1911);
#1914=CARTESIAN_POINT('',(0.E0,7.5E0,-4.E1));
#1915=DIRECTION('',(0.E0,-1.E0,0.E0));
#1916=DIRECTION('',(0.E0,0.E0,1.E0));
#1917=AXIS2_PLACEMENT_3D('',#1914,#1915,#1916);
#1919=CARTESIAN_POINT('',(0.E0,7.5E0,-4.E1));
#1920=DIRECTION('',(0.E0,-1.E0,0.E0));
#1921=DIRECTION('',(0.E0,0.E0,-1.E0));
#1922=AXIS2_PLACEMENT_3D('',#1919,#1920,#1921);
#1924=CARTESIAN_POINT('',(0.E0,7.5E0,-4.E1));
#1925=DIRECTION('',(0.E0,-1.E0,0.E0));
#1926=DIRECTION('',(0.E0,0.E0,1.E0));
#1927=AXIS2_PLACEMENT_3D('',#1924,#1925,#1926);
#1929=DIRECTION('',(0.E0,-1.E0,0.E0));
#1930=VECTOR('',#1929,7.5E0);
#1931=CARTESIAN_POINT('',(0.E0,7.5E0,-4.17E1));
#1932=LINE('533',#1931,#1930);
#1933=DIRECTION('',(0.E0,-1.E0,0.E0));
#1934=VECTOR('',#1933,7.5E0);
#1935=CARTESIAN_POINT('',(0.E0,7.5E0,-3.83E1));
#1936=LINE('534',#1935,#1934);
#1937=CARTESIAN_POINT('',(2.E1,0.E0,0.E0));
#1938=CARTESIAN_POINT('',(-2.E1,0.E0,0.E0));
#1939=VERTEX_POINT('',#1937);
#1940=VERTEX_POINT('',#1938);
#1941=CARTESIAN_POINT('',(2.E1,1.35E2,0.E0));
#1942=CARTESIAN_POINT('',(-2.E1,1.35E2,0.E0));
#1943=VERTEX_POINT('',#1941);
#1944=VERTEX_POINT('',#1942);
#1945=CARTESIAN_POINT('',(2.4E1,1.35E2,0.E0));
#1946=CARTESIAN_POINT('',(-2.4E1,1.35E2,0.E0));
#1947=VERTEX_POINT('',#1945);
#1948=VERTEX_POINT('',#1946);
#1949=VERTEX_POINT('',#1815);
#1950=VERTEX_POINT('',#1820);
#1951=VERTEX_POINT('',#1804);
#1952=VERTEX_POINT('',#1809);
#1953=VERTEX_POINT('',#1635);
#1954=VERTEX_POINT('',#1640);
#1955=VERTEX_POINT('',#1646);
#1956=VERTEX_POINT('',#1651);
#1957=CARTESIAN_POINT('',(0.E0,7.5E0,4.33E1));
#1958=CARTESIAN_POINT('',(0.E0,7.5E0,3.67E1));
#1959=VERTEX_POINT('',#1957);
#1960=VERTEX_POINT('',#1958);
#1961=VERTEX_POINT('',#1678);
#1962=VERTEX_POINT('',#1703);
#1963=CARTESIAN_POINT('',(0.E0,7.5E0,4.17E1));
#1964=CARTESIAN_POINT('',(0.E0,7.5E0,3.83E1));
#1965=VERTEX_POINT('',#1963);
#1966=VERTEX_POINT('',#1964);
#1967=CARTESIAN_POINT('',(0.E0,0.E0,4.17E1));
#1968=VERTEX_POINT('',#1967);
#1969=CARTESIAN_POINT('',(0.E0,0.E0,3.83E1));
#1970=VERTEX_POINT('',#1969);
#1971=CARTESIAN_POINT('',(5.E0,0.E0,-2.347338918861E1));
#1972=CARTESIAN_POINT('',(5.E0,5.E1,-2.347338918861E1));
#1973=VERTEX_POINT('',#1971);
#1974=VERTEX_POINT('',#1972);
#1975=CARTESIAN_POINT('',(-5.E0,0.E0,-2.347338918861E1));
#1976=CARTESIAN_POINT('',(-5.E0,5.E1,-2.347338918861E1));
#1977=VERTEX_POINT('',#1975);
#1978=VERTEX_POINT('',#1976);
#1979=CARTESIAN_POINT('',(2.4E1,0.E0,0.E0));
#1980=VERTEX_POINT('',#1979);
#1981=CARTESIAN_POINT('',(-2.4E1,0.E0,0.E0));
#1982=VERTEX_POINT('',#1981);
#1983=CARTESIAN_POINT('',(-5.E0,0.E0,-4.4E1));
#1984=VERTEX_POINT('',#1983);
#1985=CARTESIAN_POINT('',(5.E0,0.E0,-4.4E1));
#1986=VERTEX_POINT('',#1985);
#1987=CARTESIAN_POINT('',(5.E0,0.E0,2.347338918861E1));
#1988=CARTESIAN_POINT('',(5.E0,5.E1,2.347338918861E1));
#1989=VERTEX_POINT('',#1987);
#1990=VERTEX_POINT('',#1988);
#1991=CARTESIAN_POINT('',(-5.E0,0.E0,2.347338918861E1));
#1992=CARTESIAN_POINT('',(-5.E0,5.E1,2.347338918861E1));
#1993=VERTEX_POINT('',#1991);
#1994=VERTEX_POINT('',#1992);
#1995=CARTESIAN_POINT('',(5.E0,0.E0,4.4E1));
#1996=VERTEX_POINT('',#1995);
#1997=CARTESIAN_POINT('',(-5.E0,0.E0,4.4E1));
#1998=VERTEX_POINT('',#1997);
#1999=CARTESIAN_POINT('',(0.E0,7.5E0,-4.33E1));
#2000=CARTESIAN_POINT('',(0.E0,7.5E0,-3.67E1));
#2001=VERTEX_POINT('',#1999);
#2002=VERTEX_POINT('',#2000);
#2003=CARTESIAN_POINT('',(0.E0,9.414510144898E0,-4.33E1));
#2004=VERTEX_POINT('',#2003);
#2005=CARTESIAN_POINT('',(2.513841804742E-14,2.115287271269E1,-3.67E1));
#2006=VERTEX_POINT('',#2005);
#2007=CARTESIAN_POINT('',(0.E0,7.5E0,-4.17E1));
#2008=CARTESIAN_POINT('',(0.E0,0.E0,-4.17E1));
#2009=VERTEX_POINT('',#2007);
#2010=VERTEX_POINT('',#2008);
#2011=CARTESIAN_POINT('',(0.E0,7.5E0,-3.83E1));
#2012=CARTESIAN_POINT('',(0.E0,0.E0,-3.83E1));
#2013=VERTEX_POINT('',#2011);
#2014=VERTEX_POINT('',#2012);
#2015=VERTEX_POINT('',#83);
#2016=VERTEX_POINT('',#142);
#2017=VERTEX_POINT('',#148);
#2018=VERTEX_POINT('',#207);
#2019=VERTEX_POINT('',#867);
#2020=VERTEX_POINT('',#926);
#2021=VERTEX_POINT('',#932);
#2022=VERTEX_POINT('',#991);
#2023=VERTEX_POINT('',#213);
#2024=VERTEX_POINT('',#272);
#2025=VERTEX_POINT('',#603);
#2026=VERTEX_POINT('',#662);
#2027=VERTEX_POINT('',#1005);
#2028=VERTEX_POINT('',#1064);
#2029=VERTEX_POINT('',#1387);
#2030=VERTEX_POINT('',#1446);
#2031=CARTESIAN_POINT('',(1.740559938785E1,9.5E1,-1.652407667465E1));
#2032=CARTESIAN_POINT('',(1.457602680959E1,9.5E1,-1.369450409639E1));
#2033=VERTEX_POINT('',#2031);
#2034=VERTEX_POINT('',#2032);
#2035=CARTESIAN_POINT('',(-1.369450409639E1,9.5E1,1.457602680959E1));
#2036=CARTESIAN_POINT('',(-1.652407667465E1,9.5E1,1.740559938785E1));
#2037=VERTEX_POINT('',#2035);
#2038=VERTEX_POINT('',#2036);
#2039=CARTESIAN_POINT('',(1.740559938785E1,5.E0,-1.652407667465E1));
#2040=CARTESIAN_POINT('',(1.457602680959E1,5.E0,-1.369450409639E1));
#2041=VERTEX_POINT('',#2039);
#2042=VERTEX_POINT('',#2040);
#2043=CARTESIAN_POINT('',(-1.369450409639E1,5.E0,1.457602680959E1));
#2044=CARTESIAN_POINT('',(-1.652407667465E1,5.E0,1.740559938785E1));
#2045=VERTEX_POINT('',#2043);
#2046=VERTEX_POINT('',#2044);
#2047=CARTESIAN_POINT('',(0.E0,0.E0,0.E0));
#2048=DIRECTION('',(0.E0,1.E0,0.E0));
#2049=DIRECTION('',(1.E0,0.E0,0.E0));
#2050=AXIS2_PLACEMENT_3D('',#2047,#2048,#2049);
#2051=PLANE('58',#2050);
#2053=ORIENTED_EDGE('429',*,*,#2052,.T.);
#2055=ORIENTED_EDGE('420',*,*,#2054,.T.);
#2057=ORIENTED_EDGE('380',*,*,#2056,.T.);
#2059=ORIENTED_EDGE('391',*,*,#2058,.T.);
#2061=ORIENTED_EDGE('449',*,*,#2060,.T.);
#2063=ORIENTED_EDGE('390',*,*,#2062,.T.);
#2065=ORIENTED_EDGE('381',*,*,#2064,.T.);
#2067=ORIENTED_EDGE('419',*,*,#2066,.T.);
#2069=ORIENTED_EDGE('430',*,*,#2068,.T.);
#2071=ORIENTED_EDGE('454',*,*,#2070,.F.);
#2072=EDGE_LOOP('58',(#2053,#2055,#2057,#2059,#2061,#2063,#2065,#2067,#2069,
#2071));
#2073=FACE_OUTER_BOUND('58',#2072,.F.);
#2075=ORIENTED_EDGE('59',*,*,#2074,.T.);
#2077=ORIENTED_EDGE('60',*,*,#2076,.T.);
#2078=EDGE_LOOP('58',(#2075,#2077));
#2079=FACE_BOUND('58',#2078,.F.);
#2081=ORIENTED_EDGE('439',*,*,#2080,.F.);
#2083=ORIENTED_EDGE('440',*,*,#2082,.F.);
#2084=EDGE_LOOP('58',(#2081,#2083));
#2085=FACE_BOUND('58',#2084,.F.);
#2087=ORIENTED_EDGE('548',*,*,#2086,.T.);
#2089=ORIENTED_EDGE('549',*,*,#2088,.T.);
#2090=EDGE_LOOP('58',(#2087,#2089));
#2091=FACE_BOUND('58',#2090,.F.);
#2093=CARTESIAN_POINT('',(0.E0,0.E0,0.E0));
#2094=DIRECTION('',(0.E0,1.E0,0.E0));
#2095=DIRECTION('',(1.E0,0.E0,0.E0));
#2096=AXIS2_PLACEMENT_3D('',#2093,#2094,#2095);
#2097=CYLINDRICAL_SURFACE('68',#2096,2.E1);
#2099=ORIENTED_EDGE('679',*,*,#2098,.F.);
#2101=ORIENTED_EDGE('689',*,*,#2100,.F.);
#2102=ORIENTED_EDGE('59',*,*,#2074,.F.);
#2104=ORIENTED_EDGE('687',*,*,#2103,.T.);
#2106=ORIENTED_EDGE('680',*,*,#2105,.F.);
#2108=ORIENTED_EDGE('688',*,*,#2107,.T.);
#2110=ORIENTED_EDGE('64',*,*,#2109,.T.);
#2112=ORIENTED_EDGE('690',*,*,#2111,.F.);
#2113=EDGE_LOOP('68',(#2099,#2101,#2102,#2104,#2106,#2108,#2110,#2112));
#2114=FACE_OUTER_BOUND('68',#2113,.F.);
#2116=ORIENTED_EDGE('733',*,*,#2115,.F.);
#2118=ORIENTED_EDGE('734',*,*,#2117,.F.);
#2119=EDGE_LOOP('68',(#2116,#2118));
#2120=FACE_BOUND('68',#2119,.F.);
#2122=ORIENTED_EDGE('779',*,*,#2121,.F.);
#2124=ORIENTED_EDGE('780',*,*,#2123,.F.);
#2125=EDGE_LOOP('68',(#2122,#2124));
#2126=FACE_BOUND('68',#2125,.F.);
#2128=CARTESIAN_POINT('',(2.58E1,5.E1,0.E0));
#2129=DIRECTION('',(1.E0,0.E0,0.E0));
#2130=DIRECTION('',(0.E0,1.E0,0.E0));
#2131=AXIS2_PLACEMENT_3D('',#2128,#2129,#2130);
#2133=DIRECTION('',(1.E0,0.E0,0.E0));
#2134=VECTOR('',#2133,1.E0);
#2135=SURFACE_OF_LINEAR_EXTRUSION('675',#2132,#2134);
#2136=ORIENTED_EDGE('679',*,*,#2098,.T.);
#2138=ORIENTED_EDGE('696',*,*,#2137,.T.);
#2140=ORIENTED_EDGE('685',*,*,#2139,.T.);
#2142=ORIENTED_EDGE('698',*,*,#2141,.F.);
#2143=EDGE_LOOP('675',(#2136,#2138,#2140,#2142));
#2144=FACE_OUTER_BOUND('675',#2143,.F.);
#2146=CARTESIAN_POINT('',(2.58E1,5.E1,0.E0));
#2147=DIRECTION('',(1.E0,0.E0,0.E0));
#2148=DIRECTION('',(0.E0,1.E0,0.E0));
#2149=AXIS2_PLACEMENT_3D('',#2146,#2147,#2148);
#2151=DIRECTION('',(1.E0,0.E0,0.E0));
#2152=VECTOR('',#2151,1.E0);
#2153=SURFACE_OF_LINEAR_EXTRUSION('675',#2150,#2152);
#2154=ORIENTED_EDGE('680',*,*,#2105,.T.);
#2156=ORIENTED_EDGE('697',*,*,#2155,.F.);
#2158=ORIENTED_EDGE('686',*,*,#2157,.T.);
#2160=ORIENTED_EDGE('695',*,*,#2159,.T.);
#2161=EDGE_LOOP('675',(#2154,#2156,#2158,#2160));
#2162=FACE_OUTER_BOUND('675',#2161,.F.);
#2164=CARTESIAN_POINT('',(2.58E1,5.E1,0.E0));
#2165=DIRECTION('',(1.E0,0.E0,0.E0));
#2166=DIRECTION('',(0.E0,1.E0,0.E0));
#2167=AXIS2_PLACEMENT_3D('',#2164,#2165,#2166);
#2169=DIRECTION('',(1.E0,0.E0,0.E0));
#2170=VECTOR('',#2169,1.E0);
#2171=SURFACE_OF_LINEAR_EXTRUSION('677',#2168,#2170);
#2173=ORIENTED_EDGE('681',*,*,#2172,.T.);
#2174=ORIENTED_EDGE('695',*,*,#2159,.F.);
#2176=ORIENTED_EDGE('683',*,*,#2175,.T.);
#2177=ORIENTED_EDGE('697',*,*,#2155,.T.);
#2178=EDGE_LOOP('677',(#2173,#2174,#2176,#2177));
#2179=FACE_OUTER_BOUND('677',#2178,.F.);
#2181=CARTESIAN_POINT('',(2.58E1,5.E1,0.E0));
#2182=DIRECTION('',(1.E0,0.E0,0.E0));
#2183=DIRECTION('',(0.E0,1.E0,0.E0));
#2184=AXIS2_PLACEMENT_3D('',#2181,#2182,#2183);
#2186=DIRECTION('',(1.E0,0.E0,0.E0));
#2187=VECTOR('',#2186,1.E0);
#2188=SURFACE_OF_LINEAR_EXTRUSION('677',#2185,#2187);
#2190=ORIENTED_EDGE('682',*,*,#2189,.T.);
#2191=ORIENTED_EDGE('698',*,*,#2141,.T.);
#2193=ORIENTED_EDGE('684',*,*,#2192,.T.);
#2194=ORIENTED_EDGE('696',*,*,#2137,.F.);
#2195=EDGE_LOOP('677',(#2190,#2191,#2193,#2194));
#2196=FACE_OUTER_BOUND('677',#2195,.F.);
#2198=CARTESIAN_POINT('',(0.E0,0.E0,0.E0));
#2199=DIRECTION('',(0.E0,1.E0,0.E0));
#2200=DIRECTION('',(1.E0,0.E0,0.E0));
#2201=AXIS2_PLACEMENT_3D('',#2198,#2199,#2200);
#2202=CYLINDRICAL_SURFACE('70',#2201,2.E1);
#2203=ORIENTED_EDGE('681',*,*,#2172,.F.);
#2204=ORIENTED_EDGE('687',*,*,#2103,.F.);
#2205=ORIENTED_EDGE('60',*,*,#2076,.F.);
#2206=ORIENTED_EDGE('689',*,*,#2100,.T.);
#2207=ORIENTED_EDGE('682',*,*,#2189,.F.);
#2208=ORIENTED_EDGE('690',*,*,#2111,.T.);
#2210=ORIENTED_EDGE('65',*,*,#2209,.T.);
#2211=ORIENTED_EDGE('688',*,*,#2107,.F.);
#2212=EDGE_LOOP('70',(#2203,#2204,#2205,#2206,#2207,#2208,#2210,#2211));
#2213=FACE_OUTER_BOUND('70',#2212,.F.);
#2215=ORIENTED_EDGE('736',*,*,#2214,.F.);
#2217=ORIENTED_EDGE('738',*,*,#2216,.F.);
#2218=EDGE_LOOP('70',(#2215,#2217));
#2219=FACE_BOUND('70',#2218,.F.);
#2221=ORIENTED_EDGE('782',*,*,#2220,.F.);
#2223=ORIENTED_EDGE('784',*,*,#2222,.F.);
#2224=EDGE_LOOP('70',(#2221,#2223));
#2225=FACE_BOUND('70',#2224,.F.);
#2227=CARTESIAN_POINT('',(0.E0,1.35E2,0.E0));
#2228=DIRECTION('',(0.E0,1.E0,0.E0));
#2229=DIRECTION('',(1.E0,0.E0,0.E0));
#2230=AXIS2_PLACEMENT_3D('',#2227,#2228,#2229);
#2231=PLANE('63',#2230);
#2233=ORIENTED_EDGE('66',*,*,#2232,.F.);
#2235=ORIENTED_EDGE('67',*,*,#2234,.F.);
#2236=EDGE_LOOP('63',(#2233,#2235));
#2237=FACE_OUTER_BOUND('63',#2236,.F.);
#2238=ORIENTED_EDGE('64',*,*,#2109,.F.);
#2239=ORIENTED_EDGE('65',*,*,#2209,.F.);
#2240=EDGE_LOOP('63',(#2238,#2239));
#2241=FACE_BOUND('63',#2240,.F.);
#2243=CARTESIAN_POINT('',(0.E0,0.E0,0.E0));
#2244=DIRECTION('',(0.E0,1.E0,0.E0));
#2245=DIRECTION('',(1.E0,0.E0,0.E0));
#2246=AXIS2_PLACEMENT_3D('',#2243,#2244,#2245);
#2247=CYLINDRICAL_SURFACE('72',#2246,2.4E1);
#2248=ORIENTED_EDGE('683',*,*,#2175,.F.);
#2250=ORIENTED_EDGE('692',*,*,#2249,.T.);
#2251=ORIENTED_EDGE('66',*,*,#2232,.T.);
#2253=ORIENTED_EDGE('694',*,*,#2252,.F.);
#2254=ORIENTED_EDGE('684',*,*,#2192,.F.);
#2256=ORIENTED_EDGE('693',*,*,#2255,.F.);
#2257=ORIENTED_EDGE('381',*,*,#2064,.F.);
#2259=ORIENTED_EDGE('375',*,*,#2258,.T.);
#2261=ORIENTED_EDGE('392',*,*,#2260,.F.);
#2263=ORIENTED_EDGE('374',*,*,#2262,.F.);
#2264=ORIENTED_EDGE('380',*,*,#2056,.F.);
#2266=ORIENTED_EDGE('691',*,*,#2265,.T.);
#2267=EDGE_LOOP('72',(#2248,#2250,#2251,#2253,#2254,#2256,#2257,#2259,#2261,
#2263,#2264,#2266));
#2268=FACE_OUTER_BOUND('72',#2267,.F.);
#2270=ORIENTED_EDGE('739',*,*,#2269,.F.);
#2272=ORIENTED_EDGE('740',*,*,#2271,.F.);
#2273=EDGE_LOOP('72',(#2270,#2272));
#2274=FACE_BOUND('72',#2273,.F.);
#2276=ORIENTED_EDGE('785',*,*,#2275,.F.);
#2278=ORIENTED_EDGE('786',*,*,#2277,.F.);
#2279=EDGE_LOOP('72',(#2276,#2278));
#2280=FACE_BOUND('72',#2279,.F.);
#2282=CARTESIAN_POINT('',(0.E0,0.E0,0.E0));
#2283=DIRECTION('',(0.E0,1.E0,0.E0));
#2284=DIRECTION('',(1.E0,0.E0,0.E0));
#2285=AXIS2_PLACEMENT_3D('',#2282,#2283,#2284);
#2286=CYLINDRICAL_SURFACE('74',#2285,2.4E1);
#2287=ORIENTED_EDGE('685',*,*,#2139,.F.);
#2288=ORIENTED_EDGE('694',*,*,#2252,.T.);
#2289=ORIENTED_EDGE('67',*,*,#2234,.T.);
#2290=ORIENTED_EDGE('692',*,*,#2249,.F.);
#2291=ORIENTED_EDGE('686',*,*,#2157,.F.);
#2292=ORIENTED_EDGE('691',*,*,#2265,.F.);
#2293=ORIENTED_EDGE('420',*,*,#2054,.F.);
#2295=ORIENTED_EDGE('413',*,*,#2294,.T.);
#2297=ORIENTED_EDGE('431',*,*,#2296,.F.);
#2299=ORIENTED_EDGE('414',*,*,#2298,.F.);
#2300=ORIENTED_EDGE('419',*,*,#2066,.F.);
#2301=ORIENTED_EDGE('693',*,*,#2255,.T.);
#2302=EDGE_LOOP('74',(#2287,#2288,#2289,#2290,#2291,#2292,#2293,#2295,#2297,
#2299,#2300,#2301));
#2303=FACE_OUTER_BOUND('74',#2302,.F.);
#2305=ORIENTED_EDGE('741',*,*,#2304,.F.);
#2307=ORIENTED_EDGE('742',*,*,#2306,.F.);
#2308=EDGE_LOOP('74',(#2305,#2307));
#2309=FACE_BOUND('74',#2308,.F.);
#2311=ORIENTED_EDGE('787',*,*,#2310,.F.);
#2313=ORIENTED_EDGE('788',*,*,#2312,.F.);
#2314=EDGE_LOOP('74',(#2311,#2313));
#2315=FACE_BOUND('74',#2314,.F.);
#2317=CARTESIAN_POINT('',(5.E0,0.E0,0.E0));
#2318=DIRECTION('',(-1.E0,0.E0,0.E0));
#2319=DIRECTION('',(0.E0,0.E0,1.E0));
#2320=AXIS2_PLACEMENT_3D('',#2317,#2318,#2319);
#2321=PLANE('121',#2320);
#2322=ORIENTED_EDGE('413',*,*,#2294,.F.);
#2323=ORIENTED_EDGE('429',*,*,#2052,.F.);
#2325=ORIENTED_EDGE('451',*,*,#2324,.T.);
#2327=ORIENTED_EDGE('128',*,*,#2326,.T.);
#2329=ORIENTED_EDGE('432',*,*,#2328,.F.);
#2330=EDGE_LOOP('121',(#2322,#2323,#2325,#2327,#2329));
#2331=FACE_OUTER_BOUND('121',#2330,.F.);
#2333=CARTESIAN_POINT('',(5.E0,0.E0,4.4E1));
#2334=DIRECTION('',(0.E0,0.E0,-1.E0));
#2335=DIRECTION('',(0.E0,1.E0,0.E0));
#2336=AXIS2_PLACEMENT_3D('',#2333,#2334,#2335);
#2337=PLANE('453',#2336);
#2338=ORIENTED_EDGE('451',*,*,#2324,.F.);
#2339=ORIENTED_EDGE('454',*,*,#2070,.T.);
#2341=ORIENTED_EDGE('452',*,*,#2340,.T.);
#2343=ORIENTED_EDGE('455',*,*,#2342,.F.);
#2344=EDGE_LOOP('453',(#2338,#2339,#2341,#2343));
#2345=FACE_OUTER_BOUND('453',#2344,.F.);
#2347=CARTESIAN_POINT('',(-5.E0,0.E0,0.E0));
#2348=DIRECTION('',(-1.E0,0.E0,0.E0));
#2349=DIRECTION('',(0.E0,0.E0,1.E0));
#2350=AXIS2_PLACEMENT_3D('',#2347,#2348,#2349);
#2351=PLANE('122',#2350);
#2352=ORIENTED_EDGE('414',*,*,#2298,.T.);
#2354=ORIENTED_EDGE('433',*,*,#2353,.F.);
#2356=ORIENTED_EDGE('131',*,*,#2355,.F.);
#2357=ORIENTED_EDGE('452',*,*,#2340,.F.);
#2358=ORIENTED_EDGE('430',*,*,#2068,.F.);
#2359=EDGE_LOOP('122',(#2352,#2354,#2356,#2357,#2358));
#2360=FACE_OUTER_BOUND('122',#2359,.F.);
#2362=CARTESIAN_POINT('',(5.E0,5.E1,2.65E1));
#2363=DIRECTION('',(0.E0,-1.E0,0.E0));
#2364=DIRECTION('',(0.E0,0.E0,-1.E0));
#2365=AXIS2_PLACEMENT_3D('',#2362,#2363,#2364);
#2366=PLANE('355',#2365);
#2367=ORIENTED_EDGE('431',*,*,#2296,.T.);
#2368=ORIENTED_EDGE('432',*,*,#2328,.T.);
#2370=ORIENTED_EDGE('356',*,*,#2369,.T.);
#2371=ORIENTED_EDGE('433',*,*,#2353,.T.);
#2372=EDGE_LOOP('355',(#2367,#2368,#2370,#2371));
#2373=FACE_OUTER_BOUND('355',#2372,.F.);
#2375=CARTESIAN_POINT('',(5.E0,5.571039791671E1,4.951065122693E1));
#2376=DIRECTION('',(1.E0,0.E0,0.E0));
#2377=DIRECTION('',(0.E0,9.705605034620E-1,-2.408574456388E-1));
#2378=AXIS2_PLACEMENT_3D('',#2375,#2376,#2377);
#2380=DIRECTION('',(-1.E0,0.E0,0.E0));
#2381=VECTOR('',#2380,1.E0);
#2382=SURFACE_OF_LINEAR_EXTRUSION('125',#2379,#2381);
#2383=ORIENTED_EDGE('128',*,*,#2326,.F.);
#2384=ORIENTED_EDGE('455',*,*,#2342,.T.);
#2385=ORIENTED_EDGE('131',*,*,#2355,.T.);
#2386=ORIENTED_EDGE('356',*,*,#2369,.F.);
#2387=EDGE_LOOP('125',(#2383,#2384,#2385,#2386));
#2388=FACE_OUTER_BOUND('125',#2387,.F.);
#2390=ORIENTED_EDGE('216',*,*,#2389,.F.);
#2392=ORIENTED_EDGE('217',*,*,#2391,.F.);
#2393=EDGE_LOOP('125',(#2390,#2392));
#2394=FACE_BOUND('125',#2393,.F.);
#2396=CARTESIAN_POINT('',(0.E0,7.5E0,4.E1));
#2397=DIRECTION('',(0.E0,1.E0,0.E0));
#2398=DIRECTION('',(0.E0,0.E0,1.E0));
#2399=AXIS2_PLACEMENT_3D('',#2396,#2397,#2398);
#2400=CYLINDRICAL_SURFACE('209',#2399,3.3E0);
#2401=ORIENTED_EDGE('216',*,*,#2389,.T.);
#2403=ORIENTED_EDGE('220',*,*,#2402,.F.);
#2405=ORIENTED_EDGE('204',*,*,#2404,.T.);
#2407=ORIENTED_EDGE('253',*,*,#2406,.T.);
#2408=EDGE_LOOP('209',(#2401,#2403,#2405,#2407));
#2409=FACE_OUTER_BOUND('209',#2408,.F.);
#2411=CARTESIAN_POINT('',(0.E0,7.5E0,4.E1));
#2412=DIRECTION('',(0.E0,1.E0,0.E0));
#2413=DIRECTION('',(0.E0,0.E0,1.E0));
#2414=AXIS2_PLACEMENT_3D('',#2411,#2412,#2413);
#2415=CYLINDRICAL_SURFACE('211',#2414,3.3E0);
#2416=ORIENTED_EDGE('217',*,*,#2391,.T.);
#2417=ORIENTED_EDGE('253',*,*,#2406,.F.);
#2419=ORIENTED_EDGE('205',*,*,#2418,.T.);
#2420=ORIENTED_EDGE('220',*,*,#2402,.T.);
#2421=EDGE_LOOP('211',(#2416,#2417,#2419,#2420));
#2422=FACE_OUTER_BOUND('211',#2421,.F.);
#2424=CARTESIAN_POINT('',(0.E0,7.5E0,0.E0));
#2425=DIRECTION('',(0.E0,1.E0,0.E0));
#2426=DIRECTION('',(0.E0,0.E0,1.E0));
#2427=AXIS2_PLACEMENT_3D('',#2424,#2425,#2426);
#2428=PLANE('203',#2427);
#2429=ORIENTED_EDGE('204',*,*,#2404,.F.);
#2430=ORIENTED_EDGE('205',*,*,#2418,.F.);
#2431=EDGE_LOOP('203',(#2429,#2430));
#2432=FACE_OUTER_BOUND('203',#2431,.F.);
#2434=ORIENTED_EDGE('277',*,*,#2433,.T.);
#2436=ORIENTED_EDGE('278',*,*,#2435,.T.);
#2437=EDGE_LOOP('203',(#2434,#2436));
#2438=FACE_BOUND('203',#2437,.F.);
#2440=CARTESIAN_POINT('',(0.E0,7.5E0,4.E1));
#2441=DIRECTION('',(0.E0,1.E0,0.E0));
#2442=DIRECTION('',(0.E0,0.E0,1.E0));
#2443=AXIS2_PLACEMENT_3D('',#2440,#2441,#2442);
#2444=CYLINDRICAL_SURFACE('269',#2443,1.7E0);
#2445=ORIENTED_EDGE('277',*,*,#2433,.F.);
#2447=ORIENTED_EDGE('279',*,*,#2446,.T.);
#2448=ORIENTED_EDGE('439',*,*,#2080,.T.);
#2450=ORIENTED_EDGE('280',*,*,#2449,.F.);
#2451=EDGE_LOOP('269',(#2445,#2447,#2448,#2450));
#2452=FACE_OUTER_BOUND('269',#2451,.F.);
#2454=CARTESIAN_POINT('',(0.E0,7.5E0,4.E1));
#2455=DIRECTION('',(0.E0,1.E0,0.E0));
#2456=DIRECTION('',(0.E0,0.E0,1.E0));
#2457=AXIS2_PLACEMENT_3D('',#2454,#2455,#2456);
#2458=CYLINDRICAL_SURFACE('271',#2457,1.7E0);
#2459=ORIENTED_EDGE('278',*,*,#2435,.F.);
#2460=ORIENTED_EDGE('280',*,*,#2449,.T.);
#2461=ORIENTED_EDGE('440',*,*,#2082,.T.);
#2462=ORIENTED_EDGE('279',*,*,#2446,.F.);
#2463=EDGE_LOOP('271',(#2459,#2460,#2461,#2462));
#2464=FACE_OUTER_BOUND('271',#2463,.F.);
#2466=CARTESIAN_POINT('',(-1.917909105804E1,5.E1,-1.829756834484E1));
#2467=DIRECTION('',(7.071067811865E-1,0.E0,7.071067811865E-1));
#2468=DIRECTION('',(0.E0,1.E0,0.E0));
#2469=AXIS2_PLACEMENT_3D('',#2466,#2467,#2468);
#2471=DIRECTION('',(7.071067811865E-1,0.E0,7.071067811865E-1));
#2472=VECTOR('',#2471,1.E0);
#2473=SURFACE_OF_LINEAR_EXTRUSION('729',#2470,#2472);
#2474=ORIENTED_EDGE('733',*,*,#2115,.T.);
#2476=ORIENTED_EDGE('752',*,*,#2475,.T.);
#2477=ORIENTED_EDGE('741',*,*,#2304,.T.);
#2479=ORIENTED_EDGE('750',*,*,#2478,.F.);
#2480=EDGE_LOOP('729',(#2474,#2476,#2477,#2479));
#2481=FACE_OUTER_BOUND('729',#2480,.F.);
#2483=CARTESIAN_POINT('',(-1.917909105804E1,5.E1,-1.829756834484E1));
#2484=DIRECTION('',(7.071067811865E-1,0.E0,7.071067811865E-1));
#2485=DIRECTION('',(0.E0,1.E0,0.E0));
#2486=AXIS2_PLACEMENT_3D('',#2483,#2484,#2485);
#2488=DIRECTION('',(7.071067811865E-1,0.E0,7.071067811865E-1));
#2489=VECTOR('',#2488,1.E0);
#2490=SURFACE_OF_LINEAR_EXTRUSION('729',#2487,#2489);
#2491=ORIENTED_EDGE('736',*,*,#2214,.T.);
#2493=ORIENTED_EDGE('749',*,*,#2492,.F.);
#2494=ORIENTED_EDGE('739',*,*,#2269,.T.);
#2496=ORIENTED_EDGE('751',*,*,#2495,.T.);
#2497=EDGE_LOOP('729',(#2491,#2493,#2494,#2496));
#2498=FACE_OUTER_BOUND('729',#2497,.F.);
#2500=CARTESIAN_POINT('',(-1.917909105804E1,5.E1,-1.829756834484E1));
#2501=DIRECTION('',(7.071067811865E-1,0.E0,7.071067811865E-1));
#2502=DIRECTION('',(0.E0,1.E0,0.E0));
#2503=AXIS2_PLACEMENT_3D('',#2500,#2501,#2502);
#2505=DIRECTION('',(7.071067811865E-1,0.E0,7.071067811865E-1));
#2506=VECTOR('',#2505,1.E0);
#2507=SURFACE_OF_LINEAR_EXTRUSION('731',#2504,#2506);
#2508=ORIENTED_EDGE('734',*,*,#2117,.T.);
#2509=ORIENTED_EDGE('750',*,*,#2478,.T.);
#2510=ORIENTED_EDGE('742',*,*,#2306,.T.);
#2511=ORIENTED_EDGE('752',*,*,#2475,.F.);
#2512=EDGE_LOOP('731',(#2508,#2509,#2510,#2511));
#2513=FACE_OUTER_BOUND('731',#2512,.F.);
#2515=CARTESIAN_POINT('',(-1.917909105804E1,5.E1,-1.829756834484E1));
#2516=DIRECTION('',(7.071067811865E-1,0.E0,7.071067811865E-1));
#2517=DIRECTION('',(0.E0,1.E0,0.E0));
#2518=AXIS2_PLACEMENT_3D('',#2515,#2516,#2517);
#2520=DIRECTION('',(7.071067811865E-1,0.E0,7.071067811865E-1));
#2521=VECTOR('',#2520,1.E0);
#2522=SURFACE_OF_LINEAR_EXTRUSION('731',#2519,#2521);
#2523=ORIENTED_EDGE('738',*,*,#2216,.T.);
#2524=ORIENTED_EDGE('751',*,*,#2495,.F.);
#2525=ORIENTED_EDGE('740',*,*,#2271,.T.);
#2526=ORIENTED_EDGE('749',*,*,#2492,.T.);
#2527=EDGE_LOOP('731',(#2523,#2524,#2525,#2526));
#2528=FACE_OUTER_BOUND('731',#2527,.F.);
#2530=CARTESIAN_POINT('',(1.917909105804E1,5.E1,-1.829756834484E1));
#2531=DIRECTION('',(-7.071067811865E-1,0.E0,7.071067811865E-1));
#2532=DIRECTION('',(0.E0,1.E0,0.E0));
#2533=AXIS2_PLACEMENT_3D('',#2530,#2531,#2532);
#2535=DIRECTION('',(7.071067811865E-1,0.E0,-7.071067811865E-1));
#2536=VECTOR('',#2535,1.E0);
#2537=SURFACE_OF_LINEAR_EXTRUSION('767',#2534,#2536);
#2539=ORIENTED_EDGE('775',*,*,#2538,.T.);
#2540=ORIENTED_EDGE('782',*,*,#2220,.T.);
#2542=ORIENTED_EDGE('777',*,*,#2541,.F.);
#2543=ORIENTED_EDGE('785',*,*,#2275,.T.);
#2544=EDGE_LOOP('767',(#2539,#2540,#2542,#2543));
#2545=FACE_OUTER_BOUND('767',#2544,.F.);
#2547=CARTESIAN_POINT('',(1.917909105804E1,5.E1,-1.829756834484E1));
#2548=DIRECTION('',(-7.071067811865E-1,0.E0,7.071067811865E-1));
#2549=DIRECTION('',(0.E0,1.E0,0.E0));
#2550=AXIS2_PLACEMENT_3D('',#2547,#2548,#2549);
#2552=DIRECTION('',(7.071067811865E-1,0.E0,-7.071067811865E-1));
#2553=VECTOR('',#2552,1.E0);
#2554=SURFACE_OF_LINEAR_EXTRUSION('767',#2551,#2553);
#2556=ORIENTED_EDGE('776',*,*,#2555,.T.);
#2557=ORIENTED_EDGE('787',*,*,#2310,.T.);
#2559=ORIENTED_EDGE('778',*,*,#2558,.F.);
#2560=ORIENTED_EDGE('779',*,*,#2121,.T.);
#2561=EDGE_LOOP('767',(#2556,#2557,#2559,#2560));
#2562=FACE_OUTER_BOUND('767',#2561,.F.);
#2564=CARTESIAN_POINT('',(1.917909105804E1,5.E1,-1.829756834484E1));
#2565=DIRECTION('',(-7.071067811865E-1,0.E0,7.071067811865E-1));
#2566=DIRECTION('',(0.E0,1.E0,0.E0));
#2567=AXIS2_PLACEMENT_3D('',#2564,#2565,#2566);
#2569=DIRECTION('',(7.071067811865E-1,0.E0,-7.071067811865E-1));
#2570=VECTOR('',#2569,1.E0);
#2571=SURFACE_OF_LINEAR_EXTRUSION('768',#2568,#2570);
#2572=ORIENTED_EDGE('775',*,*,#2538,.F.);
#2573=ORIENTED_EDGE('786',*,*,#2277,.T.);
#2574=ORIENTED_EDGE('777',*,*,#2541,.T.);
#2575=ORIENTED_EDGE('784',*,*,#2222,.T.);
#2576=EDGE_LOOP('768',(#2572,#2573,#2574,#2575));
#2577=FACE_OUTER_BOUND('768',#2576,.F.);
#2579=CARTESIAN_POINT('',(1.917909105804E1,5.E1,-1.829756834484E1));
#2580=DIRECTION('',(-7.071067811865E-1,0.E0,7.071067811865E-1));
#2581=DIRECTION('',(0.E0,1.E0,0.E0));
#2582=AXIS2_PLACEMENT_3D('',#2579,#2580,#2581);
#2584=DIRECTION('',(7.071067811865E-1,0.E0,-7.071067811865E-1));
#2585=VECTOR('',#2584,1.E0);
#2586=SURFACE_OF_LINEAR_EXTRUSION('768',#2583,#2585);
#2587=ORIENTED_EDGE('776',*,*,#2555,.F.);
#2588=ORIENTED_EDGE('780',*,*,#2123,.T.);
#2589=ORIENTED_EDGE('778',*,*,#2558,.T.);
#2590=ORIENTED_EDGE('788',*,*,#2312,.T.);
#2591=EDGE_LOOP('768',(#2587,#2588,#2589,#2590));
#2592=FACE_OUTER_BOUND('768',#2591,.F.);
#2594=CARTESIAN_POINT('',(-5.E0,0.E0,0.E0));
#2595=DIRECTION('',(1.E0,0.E0,0.E0));
#2596=DIRECTION('',(0.E0,0.E0,-1.E0));
#2597=AXIS2_PLACEMENT_3D('',#2594,#2595,#2596);
#2598=PLANE('101',#2597);
#2599=ORIENTED_EDGE('375',*,*,#2258,.F.);
#2600=ORIENTED_EDGE('390',*,*,#2062,.F.);
#2602=ORIENTED_EDGE('447',*,*,#2601,.T.);
#2604=ORIENTED_EDGE('104',*,*,#2603,.T.);
#2606=ORIENTED_EDGE('393',*,*,#2605,.F.);
#2607=EDGE_LOOP('101',(#2599,#2600,#2602,#2604,#2606));
#2608=FACE_OUTER_BOUND('101',#2607,.F.);
#2610=CARTESIAN_POINT('',(5.E0,0.E0,-4.4E1));
#2611=DIRECTION('',(0.E0,0.E0,-1.E0));
#2612=DIRECTION('',(0.E0,1.E0,0.E0));
#2613=AXIS2_PLACEMENT_3D('',#2610,#2611,#2612);
#2614=PLANE('448',#2613);
#2616=ORIENTED_EDGE('446',*,*,#2615,.T.);
#2618=ORIENTED_EDGE('450',*,*,#2617,.T.);
#2619=ORIENTED_EDGE('447',*,*,#2601,.F.);
#2620=ORIENTED_EDGE('449',*,*,#2060,.F.);
#2621=EDGE_LOOP('448',(#2616,#2618,#2619,#2620));
#2622=FACE_OUTER_BOUND('448',#2621,.F.);
#2624=CARTESIAN_POINT('',(5.E0,0.E0,0.E0));
#2625=DIRECTION('',(1.E0,0.E0,0.E0));
#2626=DIRECTION('',(0.E0,0.E0,-1.E0));
#2627=AXIS2_PLACEMENT_3D('',#2624,#2625,#2626);
#2628=PLANE('97',#2627);
#2629=ORIENTED_EDGE('374',*,*,#2262,.T.);
#2631=ORIENTED_EDGE('394',*,*,#2630,.F.);
#2633=ORIENTED_EDGE('100',*,*,#2632,.F.);
#2634=ORIENTED_EDGE('446',*,*,#2615,.F.);
#2635=ORIENTED_EDGE('391',*,*,#2058,.F.);
#2636=EDGE_LOOP('97',(#2629,#2631,#2633,#2634,#2635));
#2637=FACE_OUTER_BOUND('97',#2636,.F.);
#2639=CARTESIAN_POINT('',(5.E0,5.E1,-2.65E1));
#2640=DIRECTION('',(0.E0,1.E0,0.E0));
#2641=DIRECTION('',(0.E0,0.E0,1.E0));
#2642=AXIS2_PLACEMENT_3D('',#2639,#2640,#2641);
#2643=PLANE('350',#2642);
#2644=ORIENTED_EDGE('392',*,*,#2260,.T.);
#2645=ORIENTED_EDGE('393',*,*,#2605,.T.);
#2647=ORIENTED_EDGE('351',*,*,#2646,.F.);
#2648=ORIENTED_EDGE('394',*,*,#2630,.T.);
#2649=EDGE_LOOP('350',(#2644,#2645,#2647,#2648));
#2650=FACE_OUTER_BOUND('350',#2649,.F.);
#2652=CARTESIAN_POINT('',(5.E0,5.571039791671E1,-4.951065122693E1));
#2653=DIRECTION('',(1.E0,0.E0,0.E0));
#2654=DIRECTION('',(0.E0,9.705605034620E-1,2.408574456388E-1));
#2655=AXIS2_PLACEMENT_3D('',#2652,#2653,#2654);
#2657=DIRECTION('',(1.E0,0.E0,0.E0));
#2658=VECTOR('',#2657,1.E0);
#2659=SURFACE_OF_LINEAR_EXTRUSION('109',#2656,#2658);
#2660=ORIENTED_EDGE('100',*,*,#2632,.T.);
#2661=ORIENTED_EDGE('351',*,*,#2646,.T.);
#2662=ORIENTED_EDGE('104',*,*,#2603,.F.);
#2663=ORIENTED_EDGE('450',*,*,#2617,.F.);
#2664=EDGE_LOOP('109',(#2660,#2661,#2662,#2663));
#2665=FACE_OUTER_BOUND('109',#2664,.F.);
#2667=ORIENTED_EDGE('537',*,*,#2666,.F.);
#2669=ORIENTED_EDGE('538',*,*,#2668,.F.);
#2670=EDGE_LOOP('109',(#2667,#2669));
#2671=FACE_BOUND('109',#2670,.F.);
#2673=CARTESIAN_POINT('',(0.E0,7.5E0,-4.E1));
#2674=DIRECTION('',(0.E0,-1.E0,0.E0));
#2675=DIRECTION('',(0.E0,0.E0,-1.E0));
#2676=AXIS2_PLACEMENT_3D('',#2673,#2674,#2675);
#2677=CYLINDRICAL_SURFACE('505',#2676,3.3E0);
#2679=ORIENTED_EDGE('515',*,*,#2678,.T.);
#2680=ORIENTED_EDGE('537',*,*,#2666,.T.);
#2682=ORIENTED_EDGE('516',*,*,#2681,.F.);
#2684=ORIENTED_EDGE('507',*,*,#2683,.F.);
#2685=EDGE_LOOP('505',(#2679,#2680,#2682,#2684));
#2686=FACE_OUTER_BOUND('505',#2685,.F.);
#2688=CARTESIAN_POINT('',(0.E0,7.5E0,-4.E1));
#2689=DIRECTION('',(0.E0,-1.E0,0.E0));
#2690=DIRECTION('',(0.E0,0.E0,-1.E0));
#2691=AXIS2_PLACEMENT_3D('',#2688,#2689,#2690);
#2692=CYLINDRICAL_SURFACE('506',#2691,3.3E0);
#2693=ORIENTED_EDGE('515',*,*,#2678,.F.);
#2695=ORIENTED_EDGE('508',*,*,#2694,.F.);
#2696=ORIENTED_EDGE('516',*,*,#2681,.T.);
#2697=ORIENTED_EDGE('538',*,*,#2668,.T.);
#2698=EDGE_LOOP('506',(#2693,#2695,#2696,#2697));
#2699=FACE_OUTER_BOUND('506',#2698,.F.);
#2701=CARTESIAN_POINT('',(0.E0,7.5E0,0.E0));
#2702=DIRECTION('',(0.E0,-1.E0,0.E0));
#2703=DIRECTION('',(0.E0,0.E0,-1.E0));
#2704=AXIS2_PLACEMENT_3D('',#2701,#2702,#2703);
#2705=PLANE('503',#2704);
#2706=ORIENTED_EDGE('507',*,*,#2683,.T.);
#2707=ORIENTED_EDGE('508',*,*,#2694,.T.);
#2708=EDGE_LOOP('503',(#2706,#2707));
#2709=FACE_OUTER_BOUND('503',#2708,.F.);
#2711=ORIENTED_EDGE('550',*,*,#2710,.F.);
#2713=ORIENTED_EDGE('551',*,*,#2712,.F.);
#2714=EDGE_LOOP('503',(#2711,#2713));
#2715=FACE_BOUND('503',#2714,.F.);
#2717=CARTESIAN_POINT('',(0.E0,7.5E0,-4.E1));
#2718=DIRECTION('',(0.E0,-1.E0,0.E0));
#2719=DIRECTION('',(0.E0,0.E0,-1.E0));
#2720=AXIS2_PLACEMENT_3D('',#2717,#2718,#2719);
#2721=CYLINDRICAL_SURFACE('525',#2720,1.7E0);
#2723=ORIENTED_EDGE('533',*,*,#2722,.F.);
#2724=ORIENTED_EDGE('550',*,*,#2710,.T.);
#2726=ORIENTED_EDGE('534',*,*,#2725,.T.);
#2727=ORIENTED_EDGE('548',*,*,#2086,.F.);
#2728=EDGE_LOOP('525',(#2723,#2724,#2726,#2727));
#2729=FACE_OUTER_BOUND('525',#2728,.F.);
#2731=CARTESIAN_POINT('',(0.E0,7.5E0,-4.E1));
#2732=DIRECTION('',(0.E0,-1.E0,0.E0));
#2733=DIRECTION('',(0.E0,0.E0,-1.E0));
#2734=AXIS2_PLACEMENT_3D('',#2731,#2732,#2733);
#2735=CYLINDRICAL_SURFACE('526',#2734,1.7E0);
#2736=ORIENTED_EDGE('533',*,*,#2722,.T.);
#2737=ORIENTED_EDGE('549',*,*,#2088,.F.);
#2738=ORIENTED_EDGE('534',*,*,#2725,.F.);
#2739=ORIENTED_EDGE('551',*,*,#2712,.T.);
#2740=EDGE_LOOP('526',(#2736,#2737,#2738,#2739));
#2741=FACE_OUTER_BOUND('526',#2740,.F.);
#2745=CARTESIAN_POINT('',(0.E0,0.E0,0.E0));
#2746=DIRECTION('',(1.E0,0.E0,0.E0));
#2747=DIRECTION('',(0.E0,1.E0,0.E0));
#2748=AXIS2_PLACEMENT_3D('',#2745,#2746,#2747);
#2749=PLANE('RIGHT',#2748);
#2750=CARTESIAN_POINT('',(0.E0,0.E0,0.E0));
#2751=DIRECTION('',(0.E0,1.E0,0.E0));
#2752=DIRECTION('',(0.E0,0.E0,1.E0));
#2753=AXIS2_PLACEMENT_3D('',#2750,#2751,#2752);
#2754=PLANE('TOP',#2753);
#2755=CARTESIAN_POINT('',(0.E0,0.E0,0.E0));
#2756=DIRECTION('',(0.E0,0.E0,1.E0));
#2757=DIRECTION('',(1.E0,0.E0,0.E0));
#2758=AXIS2_PLACEMENT_3D('',#2755,#2756,#2757);
#2759=PLANE('FRONT',#2758);
#2760=CARTESIAN_POINT('',(0.E0,0.E0,0.E0));
#2761=DIRECTION('',(0.E0,0.E0,1.E0));
#2762=DIRECTION('',(1.E0,0.E0,0.E0));
#2763=AXIS2_PLACEMENT_3D('PRT_CSYS_DEF',#2760,#2761,#2762);
#2764=DRAUGHTING_PRE_DEFINED_CURVE_FONT('continuous');
#2765=CURVE_STYLE('',#2764,POSITIVE_LENGTH_MEASURE(2.E-2),#6);
#2766=PRESENTATION_STYLE_ASSIGNMENT((#2765));
#2767=STYLED_ITEM('',(#2766),#2763);
#2768=DIRECTION('',(-1.E0,0.E0,0.E0));
#2769=VECTOR('',#2768,4.8E1);
#2770=CARTESIAN_POINT('',(2.4E1,0.E0,0.E0));
#2771=LINE('',#2770,#2769);
#2773=CURVE_STYLE('',#2764,POSITIVE_LENGTH_MEASURE(2.E-2),#4);
#2774=PRESENTATION_STYLE_ASSIGNMENT((#2773));
#2775=STYLED_ITEM('',(#2774),#2772);
#2776=CARTESIAN_POINT('',(0.E0,0.E0,0.E0));
#2777=DIRECTION('',(0.E0,-1.E0,0.E0));
#2778=DIRECTION('',(1.E0,0.E0,0.E0));
#2779=AXIS2_PLACEMENT_3D('',#2776,#2777,#2778);
#2782=CURVE_STYLE('',#2764,POSITIVE_LENGTH_MEASURE(2.E-2),#1);
#2783=PRESENTATION_STYLE_ASSIGNMENT((#2782));
#2784=STYLED_ITEM('',(#2783),#2781);
#2786=CARTESIAN_POINT('',(0.E0,0.E0,0.E0));
#2787=DIRECTION('',(0.E0,-1.E0,0.E0));
#2788=DIRECTION('',(-1.E0,0.E0,0.E0));
#2789=AXIS2_PLACEMENT_3D('',#2786,#2787,#2788);
#2792=CURVE_STYLE('',#2764,POSITIVE_LENGTH_MEASURE(2.E-2),#1);
#2793=PRESENTATION_STYLE_ASSIGNMENT((#2792));
#2794=STYLED_ITEM('',(#2793),#2791);
#2798=CARTESIAN_POINT('',(0.E0,0.E0,0.E0));
#2799=DIRECTION('',(0.E0,1.E0,0.E0));
#2800=DIRECTION('',(1.E0,0.E0,0.E0));
#2801=AXIS2_PLACEMENT_3D('',#2798,#2799,#2800);
#2804=CURVE_STYLE('',#2764,POSITIVE_LENGTH_MEASURE(2.E-2),#1);
#2805=PRESENTATION_STYLE_ASSIGNMENT((#2804));
#2806=STYLED_ITEM('',(#2805),#2803);
#2808=CARTESIAN_POINT('',(0.E0,0.E0,0.E0));
#2809=DIRECTION('',(0.E0,1.E0,0.E0));
#2810=DIRECTION('',(-1.E0,0.E0,0.E0));
#2811=AXIS2_PLACEMENT_3D('',#2808,#2809,#2810);
#2814=CURVE_STYLE('',#2764,POSITIVE_LENGTH_MEASURE(2.E-2),#1);
#2815=PRESENTATION_STYLE_ASSIGNMENT((#2814));
#2816=STYLED_ITEM('',(#2815),#2813);
#2819=DIRECTION('',(0.E0,1.E0,0.E0));
#2820=VECTOR('',#2819,1.35E2);
#2821=CARTESIAN_POINT('',(0.E0,0.E0,0.E0));
#2822=LINE('',#2821,#2820);
#2824=CURVE_STYLE('',#2764,POSITIVE_LENGTH_MEASURE(2.E-2),#4);
#2825=PRESENTATION_STYLE_ASSIGNMENT((#2824));
#2826=STYLED_ITEM('',(#2825),#2823);
#2827=CARTESIAN_POINT('',(0.E0,5.E1,-2.65E1));
#2828=CARTESIAN_POINT('',(0.E0,4.257889293374E1,-2.834164602352E1));
#2829=CARTESIAN_POINT('',(0.E0,3.176172589177E1,-3.180183524484E1));
#2830=CARTESIAN_POINT('',(0.E0,1.806568337599E1,-3.802796816983E1));
#2831=CARTESIAN_POINT('',(0.E0,1.152805801524E1,-4.182966394760E1));
#2832=CARTESIAN_POINT('',(0.E0,8.380715650500E0,-4.4E1));
#2834=CURVE_STYLE('',#2764,POSITIVE_LENGTH_MEASURE(2.E-2),#1);
#2835=PRESENTATION_STYLE_ASSIGNMENT((#2834));
#2836=STYLED_ITEM('',(#2835),#2833);
#2838=DIRECTION('',(0.E0,-1.E0,0.E0));
#2839=VECTOR('',#2838,8.380715650500E0);
#2840=CARTESIAN_POINT('',(0.E0,8.380715650500E0,-4.4E1));
#2841=LINE('',#2840,#2839);
#2843=CURVE_STYLE('',#2764,POSITIVE_LENGTH_MEASURE(2.E-2),#1);
#2844=PRESENTATION_STYLE_ASSIGNMENT((#2843));
#2845=STYLED_ITEM('',(#2844),#2842);
#2847=DIRECTION('',(0.E0,0.E0,1.E0));
#2848=VECTOR('',#2847,2.E1);
#2849=CARTESIAN_POINT('',(0.E0,0.E0,-4.4E1));
#2850=LINE('',#2849,#2848);
#2852=CURVE_STYLE('',#2764,POSITIVE_LENGTH_MEASURE(2.E-2),#1);
#2853=PRESENTATION_STYLE_ASSIGNMENT((#2852));
#2854=STYLED_ITEM('',(#2853),#2851);
#2856=DIRECTION('',(0.E0,0.E0,1.E0));
#2857=VECTOR('',#2856,2.493568648205E0);
#2858=CARTESIAN_POINT('',(0.E0,0.E0,-2.4E1));
#2859=LINE('',#2858,#2857);
#2861=CURVE_STYLE('',#2764,POSITIVE_LENGTH_MEASURE(2.E-2),#1);
#2862=PRESENTATION_STYLE_ASSIGNMENT((#2861));
#2863=STYLED_ITEM('',(#2862),#2860);
#2865=DIRECTION('',(0.E0,1.E0,0.E0));
#2866=VECTOR('',#2865,5.E1);
#2867=CARTESIAN_POINT('',(0.E0,0.E0,-2.150643135180E1));
#2868=LINE('',#2867,#2866);
#2870=CURVE_STYLE('',#2764,POSITIVE_LENGTH_MEASURE(2.E-2),#1);
#2871=PRESENTATION_STYLE_ASSIGNMENT((#2870));
#2872=STYLED_ITEM('',(#2871),#2869);
#2874=DIRECTION('',(0.E0,0.E0,-1.E0));
#2875=VECTOR('',#2874,2.493568648205E0);
#2876=CARTESIAN_POINT('',(0.E0,5.E1,-2.150643135180E1));
#2877=LINE('',#2876,#2875);
#2879=CURVE_STYLE('',#2764,POSITIVE_LENGTH_MEASURE(2.E-2),#1);
#2880=PRESENTATION_STYLE_ASSIGNMENT((#2879));
#2881=STYLED_ITEM('',(#2880),#2878);
#2883=DIRECTION('',(0.E0,0.E0,-1.E0));
#2884=VECTOR('',#2883,2.5E0);
#2885=CARTESIAN_POINT('',(0.E0,5.E1,-2.4E1));
#2886=LINE('',#2885,#2884);
#2888=CURVE_STYLE('',#2764,POSITIVE_LENGTH_MEASURE(2.E-2),#1);
#2889=PRESENTATION_STYLE_ASSIGNMENT((#2888));
#2890=STYLED_ITEM('',(#2889),#2887);
#2893=DIRECTION('',(0.E0,0.E0,-1.E0));
#2894=VECTOR('',#2893,6.5E0);
#2895=CARTESIAN_POINT('',(0.E0,0.E0,-5.E1));
#2896=LINE('',#2895,#2894);
#2898=CURVE_STYLE('',#2764,POSITIVE_LENGTH_MEASURE(2.E-2),#1);
#2899=PRESENTATION_STYLE_ASSIGNMENT((#2898));
#2900=STYLED_ITEM('',(#2899),#2897);
#2902=DIRECTION('',(0.E0,1.E0,0.E0));
#2903=VECTOR('',#2902,2.839522754239E1);
#2904=CARTESIAN_POINT('',(0.E0,0.E0,-5.65E1));
#2905=LINE('',#2904,#2903);
#2907=CURVE_STYLE('',#2764,POSITIVE_LENGTH_MEASURE(2.E-2),#1);
#2908=PRESENTATION_STYLE_ASSIGNMENT((#2907));
#2909=STYLED_ITEM('',(#2908),#2906);
#2911=DIRECTION('',(0.E0,0.E0,1.E0));
#2912=VECTOR('',#2911,6.5E0);
#2913=CARTESIAN_POINT('',(0.E0,2.839522754239E1,-5.65E1));
#2914=LINE('',#2913,#2912);
#2916=CURVE_STYLE('',#2764,POSITIVE_LENGTH_MEASURE(2.E-2),#1);
#2917=PRESENTATION_STYLE_ASSIGNMENT((#2916));
#2918=STYLED_ITEM('',(#2917),#2915);
#2920=DIRECTION('',(0.E0,-1.E0,0.E0));
#2921=VECTOR('',#2920,2.839522754239E1);
#2922=CARTESIAN_POINT('',(0.E0,2.839522754239E1,-5.E1));
#2923=LINE('',#2922,#2921);
#2925=CURVE_STYLE('',#2764,POSITIVE_LENGTH_MEASURE(2.E-2),#1);
#2926=PRESENTATION_STYLE_ASSIGNMENT((#2925));
#2927=STYLED_ITEM('',(#2926),#2924);
#2930=CARTESIAN_POINT('',(0.E0,2.E1,0.E0));
#2931=DIRECTION('',(0.E0,1.E0,0.E0));
#2932=DIRECTION('',(0.E0,0.E0,1.E0));
#2933=AXIS2_PLACEMENT_3D('',#2930,#2931,#2932);
#2934=PLANE('DTM1',#2933);
#2935=CARTESIAN_POINT('',(0.E0,2.E1,4.E1));
#2936=DIRECTION('',(0.E0,1.E0,0.E0));
#2937=DIRECTION('',(0.E0,0.E0,1.E0));
#2938=AXIS2_PLACEMENT_3D('',#2935,#2936,#2937);
#2941=CURVE_STYLE('',#2764,POSITIVE_LENGTH_MEASURE(2.E-2),#1);
#2942=PRESENTATION_STYLE_ASSIGNMENT((#2941));
#2943=STYLED_ITEM('',(#2942),#2940);
#2945=CARTESIAN_POINT('',(0.E0,2.E1,4.E1));
#2946=DIRECTION('',(0.E0,1.E0,0.E0));
#2947=DIRECTION('',(0.E0,0.E0,-1.E0));
#2948=AXIS2_PLACEMENT_3D('',#2945,#2946,#2947);
#2951=CURVE_STYLE('',#2764,POSITIVE_LENGTH_MEASURE(2.E-2),#1);
#2952=PRESENTATION_STYLE_ASSIGNMENT((#2951));
#2953=STYLED_ITEM('',(#2952),#2950);
#2956=DIRECTION('',(0.E0,1.E0,0.E0));
#2957=VECTOR('',#2956,1.365287271269E1);
#2958=CARTESIAN_POINT('',(0.E0,7.5E0,4.E1));
#2959=LINE('',#2958,#2957);
#2961=CURVE_STYLE('',#2764,POSITIVE_LENGTH_MEASURE(2.E-2),#4);
#2962=PRESENTATION_STYLE_ASSIGNMENT((#2961));
#2963=STYLED_ITEM('',(#2962),#2960);
#2964=CARTESIAN_POINT('',(0.E0,7.5E0,4.E1));
#2965=DIRECTION('',(0.E0,1.E0,0.E0));
#2966=DIRECTION('',(0.E0,0.E0,1.E0));
#2967=AXIS2_PLACEMENT_3D('',#2964,#2965,#2966);
#2970=CURVE_STYLE('',#2764,POSITIVE_LENGTH_MEASURE(2.E-2),#1);
#2971=PRESENTATION_STYLE_ASSIGNMENT((#2970));
#2972=STYLED_ITEM('',(#2971),#2969);
#2974=CARTESIAN_POINT('',(0.E0,7.5E0,4.E1));
#2975=DIRECTION('',(0.E0,1.E0,0.E0));
#2976=DIRECTION('',(0.E0,0.E0,-1.E0));
#2977=AXIS2_PLACEMENT_3D('',#2974,#2975,#2976);
#2980=CURVE_STYLE('',#2764,POSITIVE_LENGTH_MEASURE(2.E-2),#1);
#2981=PRESENTATION_STYLE_ASSIGNMENT((#2980));
#2982=STYLED_ITEM('',(#2981),#2979);
#2985=DIRECTION('',(0.E0,1.E0,0.E0));
#2986=VECTOR('',#2985,7.5E0);
#2987=CARTESIAN_POINT('',(0.E0,0.E0,4.E1));
#2988=LINE('',#2987,#2986);
#2990=CURVE_STYLE('',#2764,POSITIVE_LENGTH_MEASURE(2.E-2),#4);
#2991=PRESENTATION_STYLE_ASSIGNMENT((#2990));
#2992=STYLED_ITEM('',(#2991),#2989);
#2993=DIRECTION('',(0.E0,-1.E0,0.E0));
#2994=VECTOR('',#2993,1.365287271269E1);
#2995=CARTESIAN_POINT('',(0.E0,2.115287271269E1,-4.E1));
#2996=LINE('',#2995,#2994);
#2998=CURVE_STYLE('',#2764,POSITIVE_LENGTH_MEASURE(2.E-2),#4);
#2999=PRESENTATION_STYLE_ASSIGNMENT((#2998));
#3000=STYLED_ITEM('',(#2999),#2997);
#3001=DIRECTION('',(0.E0,-1.E0,0.E0));
#3002=VECTOR('',#3001,7.5E0);
#3003=CARTESIAN_POINT('',(0.E0,7.5E0,-4.E1));
#3004=LINE('',#3003,#3002);
#3006=CURVE_STYLE('',#2764,POSITIVE_LENGTH_MEASURE(2.E-2),#4);
#3007=PRESENTATION_STYLE_ASSIGNMENT((#3006));
#3008=STYLED_ITEM('',(#3007),#3005);
#3009=CARTESIAN_POINT('',(0.E0,1.274610592380E2,0.E0));
#3010=CARTESIAN_POINT('',(0.E0,1.274610592380E2,5.438829658626E-1));
#3011=CARTESIAN_POINT('',(0.E0,1.268567802048E2,1.672365525273E0));
#3012=CARTESIAN_POINT('',(0.E0,1.237935150606E2,3.408010055335E0));
#3013=CARTESIAN_POINT('',(0.E0,1.184162835545E2,5.080679268923E0));
#3014=CARTESIAN_POINT('',(0.E0,1.108478291467E2,6.573749011442E0));
#3015=CARTESIAN_POINT('',(0.E0,1.015093091227E2,7.783898227420E0));
#3016=CARTESIAN_POINT('',(0.E0,9.279179995120E1,8.500207613043E0));
#3017=CARTESIAN_POINT('',(0.E0,8.561953456033E1,8.888684707458E0));
#3018=CARTESIAN_POINT('',(0.E0,8.022598010526E1,9.090208587919E0));
#3019=CARTESIAN_POINT('',(0.E0,7.578714799112E1,9.186644967798E0));
#3020=CARTESIAN_POINT('',(0.E0,7.229752201162E1,9.223988759870E0));
#3021=CARTESIAN_POINT('',(0.E0,6.973271340681E1,9.233005620065E0));
#3022=CARTESIAN_POINT('',(0.E0,6.716790480199E1,9.223988759870E0));
#3023=CARTESIAN_POINT('',(0.E0,6.367827882250E1,9.186644967798E0));
#3024=CARTESIAN_POINT('',(0.E0,5.923944670835E1,9.090208587919E0));
#3025=CARTESIAN_POINT('',(0.E0,5.384589225328E1,8.888684707458E0));
#3026=CARTESIAN_POINT('',(0.E0,4.667362686241E1,8.500207613043E0));
#3027=CARTESIAN_POINT('',(0.E0,3.795611769092E1,7.783898227420E0));
#3028=CARTESIAN_POINT('',(0.E0,2.861759766687E1,6.573749011442E0));
#3029=CARTESIAN_POINT('',(0.E0,2.104914325912E1,5.080679268923E0));
#3030=CARTESIAN_POINT('',(0.E0,1.567191175299E1,3.408010055335E0));
#3031=CARTESIAN_POINT('',(0.E0,1.260864660883E1,1.672365525273E0));
#3032=CARTESIAN_POINT('',(0.E0,1.200436757566E1,5.438829658627E-1));
#3033=CARTESIAN_POINT('',(0.E0,1.200436757566E1,0.E0));
#3035=CURVE_STYLE('',#2764,POSITIVE_LENGTH_MEASURE(2.E-2),#1);
#3036=PRESENTATION_STYLE_ASSIGNMENT((#3035));
#3037=STYLED_ITEM('',(#3036),#3034);
#3039=CARTESIAN_POINT('',(0.E0,1.200436757566E1,0.E0));
#3040=CARTESIAN_POINT('',(0.E0,1.200436757566E1,-5.438829658626E-1));
#3041=CARTESIAN_POINT('',(0.E0,1.260864660883E1,-1.672365525273E0));
#3042=CARTESIAN_POINT('',(0.E0,1.567191175299E1,-3.408010055335E0));
#3043=CARTESIAN_POINT('',(0.E0,2.104914325912E1,-5.080679268923E0));
#3044=CARTESIAN_POINT('',(0.E0,2.861759766687E1,-6.573749011442E0));
#3045=CARTESIAN_POINT('',(0.E0,3.795611769092E1,-7.783898227420E0));
#3046=CARTESIAN_POINT('',(0.E0,4.667362686241E1,-8.500207613043E0));
#3047=CARTESIAN_POINT('',(0.E0,5.384589225328E1,-8.888684707458E0));
#3048=CARTESIAN_POINT('',(0.E0,5.923944670835E1,-9.090208587919E0));
#3049=CARTESIAN_POINT('',(0.E0,6.367827882250E1,-9.186644967798E0));
#3050=CARTESIAN_POINT('',(0.E0,6.716790480199E1,-9.223988759870E0));
#3051=CARTESIAN_POINT('',(0.E0,6.973271340681E1,-9.233005620065E0));
#3052=CARTESIAN_POINT('',(0.E0,7.229752201162E1,-9.223988759870E0));
#3053=CARTESIAN_POINT('',(0.E0,7.578714799112E1,-9.186644967798E0));
#3054=CARTESIAN_POINT('',(0.E0,8.022598010526E1,-9.090208587919E0));
#3055=CARTESIAN_POINT('',(0.E0,8.561953456033E1,-8.888684707458E0));
#3056=CARTESIAN_POINT('',(0.E0,9.279179995120E1,-8.500207613043E0));
#3057=CARTESIAN_POINT('',(0.E0,1.015093091227E2,-7.783898227420E0));
#3058=CARTESIAN_POINT('',(0.E0,1.108478291467E2,-6.573749011442E0));
#3059=CARTESIAN_POINT('',(0.E0,1.184162835545E2,-5.080679268923E0));
#3060=CARTESIAN_POINT('',(0.E0,1.237935150606E2,-3.408010055335E0));
#3061=CARTESIAN_POINT('',(0.E0,1.268567802048E2,-1.672365525273E0));
#3062=CARTESIAN_POINT('',(0.E0,1.274610592380E2,-5.438829658627E-1));
#3063=CARTESIAN_POINT('',(0.E0,1.274610592380E2,0.E0));
#3065=CURVE_STYLE('',#2764,POSITIVE_LENGTH_MEASURE(2.E-2),#1);
#3066=PRESENTATION_STYLE_ASSIGNMENT((#3065));
#3067=STYLED_ITEM('',(#3066),#3064);
#3070=CARTESIAN_POINT('',(0.E0,0.E0,0.E0));
#3071=CARTESIAN_POINT('',(0.E0,0.E0,-4.820111225088E-1));
#3072=CARTESIAN_POINT('',(0.E0,4.187052474624E-1,-1.482118092820E0));
#3073=CARTESIAN_POINT('',(0.E0,2.541243213904E0,-3.020316603753E0));
#3074=CARTESIAN_POINT('',(0.E0,6.267129641940E0,-4.502703837464E0));
#3075=CARTESIAN_POINT('',(0.E0,1.151131552586E1,-5.825922742535E0));
#3076=CARTESIAN_POINT('',(0.E0,1.798198076984E1,-6.898406013033E0));
#3077=CARTESIAN_POINT('',(0.E0,2.402234728025E1,-7.533228415459E0));
#3078=CARTESIAN_POINT('',(0.E0,2.899201359416E1,-7.877512557639E0));
#3079=CARTESIAN_POINT('',(0.E0,3.272921020176E1,-8.056111186260E0));
#3080=CARTESIAN_POINT('',(0.E0,3.580487921686E1,-8.141577013715E0));
#3081=CARTESIAN_POINT('',(0.E0,3.822284282157E1,-8.174672595421E0));
#3082=CARTESIAN_POINT('',(0.E0,4.E1,-8.182663702290E0));
#3083=CARTESIAN_POINT('',(0.E0,4.177715717843E1,-8.174672595421E0));
#3084=CARTESIAN_POINT('',(0.E0,4.419512078314E1,-8.141577013715E0));
#3085=CARTESIAN_POINT('',(0.E0,4.727078979824E1,-8.056111186260E0));
#3086=CARTESIAN_POINT('',(0.E0,5.100798640584E1,-7.877512557639E0));
#3087=CARTESIAN_POINT('',(0.E0,5.597765271975E1,-7.533228415459E0));
#3088=CARTESIAN_POINT('',(0.E0,6.201801923016E1,-6.898406013033E0));
#3089=CARTESIAN_POINT('',(0.E0,6.848868447414E1,-5.825922742535E0));
#3090=CARTESIAN_POINT('',(0.E0,7.373287035806E1,-4.502703837464E0));
#3091=CARTESIAN_POINT('',(0.E0,7.745875678610E1,-3.020316603753E0));
#3092=CARTESIAN_POINT('',(0.E0,7.958129475254E1,-1.482118092820E0));
#3093=CARTESIAN_POINT('',(0.E0,8.E1,-4.820111225088E-1));
#3094=CARTESIAN_POINT('',(0.E0,8.E1,0.E0));
#3096=CURVE_STYLE('',#2764,POSITIVE_LENGTH_MEASURE(2.E-2),#1);
#3097=PRESENTATION_STYLE_ASSIGNMENT((#3096));
#3098=STYLED_ITEM('',(#3097),#3095);
#3100=CARTESIAN_POINT('',(0.E0,8.E1,0.E0));
#3101=CARTESIAN_POINT('',(0.E0,8.E1,4.820111225088E-1));
#3102=CARTESIAN_POINT('',(0.E0,7.958129475254E1,1.482118092820E0));
#3103=CARTESIAN_POINT('',(0.E0,7.745875678610E1,3.020316603753E0));
#3104=CARTESIAN_POINT('',(0.E0,7.373287035806E1,4.502703837464E0));
#3105=CARTESIAN_POINT('',(0.E0,6.848868447414E1,5.825922742535E0));
#3106=CARTESIAN_POINT('',(0.E0,6.201801923016E1,6.898406013033E0));
#3107=CARTESIAN_POINT('',(0.E0,5.597765271975E1,7.533228415459E0));
#3108=CARTESIAN_POINT('',(0.E0,5.100798640584E1,7.877512557639E0));
#3109=CARTESIAN_POINT('',(0.E0,4.727078979824E1,8.056111186260E0));
#3110=CARTESIAN_POINT('',(0.E0,4.419512078314E1,8.141577013715E0));
#3111=CARTESIAN_POINT('',(0.E0,4.177715717843E1,8.174672595421E0));
#3112=CARTESIAN_POINT('',(0.E0,4.E1,8.182663702290E0));
#3113=CARTESIAN_POINT('',(0.E0,3.822284282157E1,8.174672595421E0));
#3114=CARTESIAN_POINT('',(0.E0,3.580487921686E1,8.141577013715E0));
#3115=CARTESIAN_POINT('',(0.E0,3.272921020176E1,8.056111186260E0));
#3116=CARTESIAN_POINT('',(0.E0,2.899201359416E1,7.877512557639E0));
#3117=CARTESIAN_POINT('',(0.E0,2.402234728025E1,7.533228415459E0));
#3118=CARTESIAN_POINT('',(0.E0,1.798198076984E1,6.898406013033E0));
#3119=CARTESIAN_POINT('',(0.E0,1.151131552586E1,5.825922742535E0));
#3120=CARTESIAN_POINT('',(0.E0,6.267129641940E0,4.502703837464E0));
#3121=CARTESIAN_POINT('',(0.E0,2.541243213904E0,3.020316603753E0));
#3122=CARTESIAN_POINT('',(0.E0,4.187052474624E-1,1.482118092820E0));
#3123=CARTESIAN_POINT('',(0.E0,0.E0,4.820111225088E-1));
#3124=CARTESIAN_POINT('',(0.E0,0.E0,0.E0));
#3126=CURVE_STYLE('',#2764,POSITIVE_LENGTH_MEASURE(2.E-2),#1);
#3127=PRESENTATION_STYLE_ASSIGNMENT((#3126));
#3128=STYLED_ITEM('',(#3127),#3125);
#3131=CARTESIAN_POINT('',(0.E0,9.5E1,0.E0));
#3132=CARTESIAN_POINT('',(0.E0,9.5E1,4.124789556921E-1));
#3133=CARTESIAN_POINT('',(0.E0,9.452895659660E1,1.268316216350E0));
#3134=CARTESIAN_POINT('',(0.E0,9.214110138436E1,2.584623010547E0));
#3135=CARTESIAN_POINT('',(0.E0,8.794947915282E1,3.853169543062E0));
#3136=CARTESIAN_POINT('',(0.E0,8.204977003341E1,4.985508459382E0));
#3137=CARTESIAN_POINT('',(0.E0,7.477027163393E1,5.903281429246E0));
#3138=CARTESIAN_POINT('',(0.E0,6.797485930972E1,6.446527983889E0));
#3139=CARTESIAN_POINT('',(0.E0,6.238398470657E1,6.741147665461E0));
#3140=CARTESIAN_POINT('',(0.E0,5.817963852302E1,6.893982677729E0));
#3141=CARTESIAN_POINT('',(0.E0,5.471951088103E1,6.967119693888E0));
#3142=CARTESIAN_POINT('',(0.E0,5.199930182573E1,6.995441096326E0));
#3143=CARTESIAN_POINT('',(0.E0,5.E1,7.002279451837E0));
#3144=CARTESIAN_POINT('',(0.E0,4.800069817427E1,6.995441096326E0));
#3145=CARTESIAN_POINT('',(0.E0,4.528048911897E1,6.967119693888E0));
#3146=CARTESIAN_POINT('',(0.E0,4.182036147698E1,6.893982677729E0));
#3147=CARTESIAN_POINT('',(0.E0,3.761601529343E1,6.741147665461E0));
#3148=CARTESIAN_POINT('',(0.E0,3.202514069028E1,6.446527983889E0));
#3149=CARTESIAN_POINT('',(0.E0,2.522972836607E1,5.903281429246E0));
#3150=CARTESIAN_POINT('',(0.E0,1.795022996659E1,4.985508459382E0));
#3151=CARTESIAN_POINT('',(0.E0,1.205052084718E1,3.853169543062E0));
#3152=CARTESIAN_POINT('',(0.E0,7.858898615642E0,2.584623010547E0));
#3153=CARTESIAN_POINT('',(0.E0,5.471043403395E0,1.268316216350E0));
#3154=CARTESIAN_POINT('',(0.E0,5.E0,4.124789556922E-1));
#3155=CARTESIAN_POINT('',(0.E0,5.E0,0.E0));
#3157=CURVE_STYLE('',#2764,POSITIVE_LENGTH_MEASURE(2.E-2),#1);
#3158=PRESENTATION_STYLE_ASSIGNMENT((#3157));
#3159=STYLED_ITEM('',(#3158),#3156);
#3161=CARTESIAN_POINT('',(0.E0,5.E0,0.E0));
#3162=CARTESIAN_POINT('',(0.E0,5.E0,-4.124789556921E-1));
#3163=CARTESIAN_POINT('',(0.E0,5.471043403395E0,-1.268316216350E0));
#3164=CARTESIAN_POINT('',(0.E0,7.858898615642E0,-2.584623010547E0));
#3165=CARTESIAN_POINT('',(0.E0,1.205052084718E1,-3.853169543062E0));
#3166=CARTESIAN_POINT('',(0.E0,1.795022996659E1,-4.985508459382E0));
#3167=CARTESIAN_POINT('',(0.E0,2.522972836607E1,-5.903281429246E0));
#3168=CARTESIAN_POINT('',(0.E0,3.202514069028E1,-6.446527983889E0));
#3169=CARTESIAN_POINT('',(0.E0,3.761601529343E1,-6.741147665461E0));
#3170=CARTESIAN_POINT('',(0.E0,4.182036147698E1,-6.893982677729E0));
#3171=CARTESIAN_POINT('',(0.E0,4.528048911897E1,-6.967119693888E0));
#3172=CARTESIAN_POINT('',(0.E0,4.800069817427E1,-6.995441096326E0));
#3173=CARTESIAN_POINT('',(0.E0,5.E1,-7.002279451837E0));
#3174=CARTESIAN_POINT('',(0.E0,5.199930182573E1,-6.995441096326E0));
#3175=CARTESIAN_POINT('',(0.E0,5.471951088103E1,-6.967119693888E0));
#3176=CARTESIAN_POINT('',(0.E0,5.817963852302E1,-6.893982677729E0));
#3177=CARTESIAN_POINT('',(0.E0,6.238398470657E1,-6.741147665461E0));
#3178=CARTESIAN_POINT('',(0.E0,6.797485930972E1,-6.446527983889E0));
#3179=CARTESIAN_POINT('',(0.E0,7.477027163393E1,-5.903281429246E0));
#3180=CARTESIAN_POINT('',(0.E0,8.204977003341E1,-4.985508459382E0));
#3181=CARTESIAN_POINT('',(0.E0,8.794947915282E1,-3.853169543062E0));
#3182=CARTESIAN_POINT('',(0.E0,9.214110138436E1,-2.584623010547E0));
#3183=CARTESIAN_POINT('',(0.E0,9.452895659660E1,-1.268316216350E0));
#3184=CARTESIAN_POINT('',(0.E0,9.5E1,-4.124789556922E-1));
#3185=CARTESIAN_POINT('',(0.E0,9.5E1,0.E0));
#3187=CURVE_STYLE('',#2764,POSITIVE_LENGTH_MEASURE(2.E-2),#1);
#3188=PRESENTATION_STYLE_ASSIGNMENT((#3187));
#3189=STYLED_ITEM('',(#3188),#3186);
#3192=CARTESIAN_POINT('',(0.E0,0.E0,0.E0));
#3193=DIRECTION('',(7.071067811865E-1,0.E0,7.071067811865E-1));
#3194=DIRECTION('',(0.E0,1.E0,0.E0));
#3195=AXIS2_PLACEMENT_3D('',#3192,#3193,#3194);
#3196=PLANE('DTM2',#3195);
#3197=CARTESIAN_POINT('',(1.2E1,9.5E1,-1.2E1));
#3198=CARTESIAN_POINT('',(1.176301541031E1,9.5E1,-1.176301541031E1));
#3199=CARTESIAN_POINT('',(1.127130488967E1,9.452895659660E1,-1.127130488967E1));
#3200=CARTESIAN_POINT('',(1.051503739718E1,9.214110138436E1,-1.051503739718E1));
#3201=CARTESIAN_POINT('',(9.786209961603E0,8.794947915282E1,-9.786209961603E0));
#3202=CARTESIAN_POINT('',(9.135638896660E0,8.204977003341E1,-9.135638896660E0));
#3203=CARTESIAN_POINT('',(8.608343994245E0,7.477027163393E1,-8.608343994245E0));
#3204=CARTESIAN_POINT('',(8.296228527323E0,6.797485930972E1,-8.296228527323E0));
#3205=CARTESIAN_POINT('',(8.126958499392E0,6.238398470657E1,-8.126958499392E0));
#3206=CARTESIAN_POINT('',(8.039149067729E0,5.817963852302E1,-8.039149067729E0));
#3207=CARTESIAN_POINT('',(7.997129116102E0,5.471951088103E1,-7.997129116102E0));
#3208=CARTESIAN_POINT('',(7.980857410980E0,5.199930182573E1,-7.980857410980E0));
#3209=CARTESIAN_POINT('',(7.976928519935E0,5.E1,-7.976928519935E0));
#3210=CARTESIAN_POINT('',(7.980857410980E0,4.800069817427E1,-7.980857410980E0));
#3211=CARTESIAN_POINT('',(7.997129116102E0,4.528048911897E1,-7.997129116102E0));
#3212=CARTESIAN_POINT('',(8.039149067729E0,4.182036147698E1,-8.039149067729E0));
#3213=CARTESIAN_POINT('',(8.126958499392E0,3.761601529343E1,-8.126958499392E0));
#3214=CARTESIAN_POINT('',(8.296228527323E0,3.202514069028E1,-8.296228527323E0));
#3215=CARTESIAN_POINT('',(8.608343994245E0,2.522972836607E1,-8.608343994245E0));
#3216=CARTESIAN_POINT('',(9.135638896660E0,1.795022996659E1,-9.135638896660E0));
#3217=CARTESIAN_POINT('',(9.786209961603E0,1.205052084718E1,-9.786209961603E0));
#3218=CARTESIAN_POINT('',(1.051503739718E1,7.858898615642E0,-1.051503739718E1));
#3219=CARTESIAN_POINT('',(1.127130488967E1,5.471043403395E0,-1.127130488967E1));
#3220=CARTESIAN_POINT('',(1.176301541031E1,5.E0,-1.176301541031E1));
#3221=CARTESIAN_POINT('',(1.2E1,5.E0,-1.2E1));
#3223=CURVE_STYLE('',#2764,POSITIVE_LENGTH_MEASURE(2.E-2),#1);
#3224=PRESENTATION_STYLE_ASSIGNMENT((#3223));
#3225=STYLED_ITEM('',(#3224),#3222);
#3227=CARTESIAN_POINT('',(1.2E1,5.E0,-1.2E1));
#3228=CARTESIAN_POINT('',(1.223698458969E1,5.E0,-1.223698458969E1));
#3229=CARTESIAN_POINT('',(1.272869511033E1,5.471043403395E0,-1.272869511033E1));
#3230=CARTESIAN_POINT('',(1.348496260282E1,7.858898615642E0,-1.348496260282E1));
#3231=CARTESIAN_POINT('',(1.421379003840E1,1.205052084718E1,-1.421379003840E1));
#3232=CARTESIAN_POINT('',(1.486436110334E1,1.795022996659E1,-1.486436110334E1));
#3233=CARTESIAN_POINT('',(1.539165600575E1,2.522972836607E1,-1.539165600575E1));
#3234=CARTESIAN_POINT('',(1.570377147268E1,3.202514069028E1,-1.570377147268E1));
#3235=CARTESIAN_POINT('',(1.587304150061E1,3.761601529343E1,-1.587304150061E1));
#3236=CARTESIAN_POINT('',(1.596085093227E1,4.182036147698E1,-1.596085093227E1));
#3237=CARTESIAN_POINT('',(1.600287088390E1,4.528048911897E1,-1.600287088390E1));
#3238=CARTESIAN_POINT('',(1.601914258902E1,4.800069817427E1,-1.601914258902E1));
#3239=CARTESIAN_POINT('',(1.602307148006E1,5.E1,-1.602307148006E1));
#3240=CARTESIAN_POINT('',(1.601914258902E1,5.199930182573E1,-1.601914258902E1));
#3241=CARTESIAN_POINT('',(1.600287088390E1,5.471951088103E1,-1.600287088390E1));
#3242=CARTESIAN_POINT('',(1.596085093227E1,5.817963852302E1,-1.596085093227E1));
#3243=CARTESIAN_POINT('',(1.587304150061E1,6.238398470657E1,-1.587304150061E1));
#3244=CARTESIAN_POINT('',(1.570377147268E1,6.797485930972E1,-1.570377147268E1));
#3245=CARTESIAN_POINT('',(1.539165600575E1,7.477027163393E1,-1.539165600575E1));
#3246=CARTESIAN_POINT('',(1.486436110334E1,8.204977003341E1,-1.486436110334E1));
#3247=CARTESIAN_POINT('',(1.421379003840E1,8.794947915282E1,-1.421379003840E1));
#3248=CARTESIAN_POINT('',(1.348496260282E1,9.214110138436E1,-1.348496260282E1));
#3249=CARTESIAN_POINT('',(1.272869511033E1,9.452895659660E1,-1.272869511033E1));
#3250=CARTESIAN_POINT('',(1.223698458969E1,9.5E1,-1.223698458969E1));
#3251=CARTESIAN_POINT('',(1.2E1,9.5E1,-1.2E1));
#3253=CURVE_STYLE('',#2764,POSITIVE_LENGTH_MEASURE(2.E-2),#1);
#3254=PRESENTATION_STYLE_ASSIGNMENT((#3253));
#3255=STYLED_ITEM('',(#3254),#3252);
#3258=CARTESIAN_POINT('',(-4.407613566008E-1,9.5E1,4.407613566008E-1));
#3259=CARTESIAN_POINT('',(-7.324280232675E-1,9.5E1,7.324280232675E-1));
#3260=CARTESIAN_POINT('',(-1.337596353871E0,9.452895659660E1,1.337596353871E0));
#3261=CARTESIAN_POINT('',(-2.268365814169E0,9.214110138436E1,2.268365814169E0));
#3262=CARTESIAN_POINT('',(-3.165363669561E0,8.794947915282E1,3.165363669561E0));
#3263=CARTESIAN_POINT('',(-3.966048195893E0,8.204977003341E1,3.966048195893E0));
#3264=CARTESIAN_POINT('',(-4.615011686473E0,7.477027163393E1,4.615011686473E0));
#3265=CARTESIAN_POINT('',(-4.999145009118E0,6.797485930972E1,4.999145009118E0));
#3266=CARTESIAN_POINT('',(-5.207472583828E0,6.238398470657E1,5.207472583828E0));
#3267=CARTESIAN_POINT('',(-5.315543257405E0,5.817963852302E1,5.315543257405E0));
#3268=CARTESIAN_POINT('',(-5.367258937488E0,5.471951088103E1,5.367258937488E0));
#3269=CARTESIAN_POINT('',(-5.387285193204E0,5.199930182573E1,5.387285193204E0));
#3270=CARTESIAN_POINT('',(-5.392120640758E0,5.E1,5.392120640758E0));
#3271=CARTESIAN_POINT('',(-5.387285193204E0,4.800069817427E1,5.387285193204E0));
#3272=CARTESIAN_POINT('',(-5.367258937488E0,4.528048911897E1,5.367258937488E0));
#3273=CARTESIAN_POINT('',(-5.315543257405E0,4.182036147698E1,5.315543257405E0));
#3274=CARTESIAN_POINT('',(-5.207472583828E0,3.761601529343E1,5.207472583828E0));
#3275=CARTESIAN_POINT('',(-4.999145009118E0,3.202514069028E1,4.999145009118E0));
#3276=CARTESIAN_POINT('',(-4.615011686473E0,2.522972836607E1,4.615011686473E0));
#3277=CARTESIAN_POINT('',(-3.966048195893E0,1.795022996659E1,3.966048195893E0));
#3278=CARTESIAN_POINT('',(-3.165363669561E0,1.205052084718E1,3.165363669561E0));
#3279=CARTESIAN_POINT('',(-2.268365814169E0,7.858898615642E0,2.268365814169E0));
#3280=CARTESIAN_POINT('',(-1.337596353871E0,5.471043403395E0,1.337596353871E0));
#3281=CARTESIAN_POINT('',(-7.324280232675E-1,5.E0,7.324280232675E-1));
#3282=CARTESIAN_POINT('',(-4.407613566008E-1,5.E0,4.407613566008E-1));
#3284=CURVE_STYLE('',#2764,POSITIVE_LENGTH_MEASURE(2.E-2),#1);
#3285=PRESENTATION_STYLE_ASSIGNMENT((#3284));
#3286=STYLED_ITEM('',(#3285),#3283);
#3288=CARTESIAN_POINT('',(-4.407613566008E-1,5.E0,4.407613566008E-1));
#3289=CARTESIAN_POINT('',(-1.490946899342E-1,5.E0,1.490946899342E-1));
#3290=CARTESIAN_POINT('',(4.560736406691E-1,5.471043403395E0,
-4.560736406691E-1));
#3291=CARTESIAN_POINT('',(1.386843100968E0,7.858898615642E0,-1.386843100968E0));
#3292=CARTESIAN_POINT('',(2.283840956360E0,1.205052084718E1,-2.283840956360E0));
#3293=CARTESIAN_POINT('',(3.084525482691E0,1.795022996659E1,-3.084525482691E0));
#3294=CARTESIAN_POINT('',(3.733488973272E0,2.522972836607E1,-3.733488973272E0));
#3295=CARTESIAN_POINT('',(4.117622295916E0,3.202514069028E1,-4.117622295916E0));
#3296=CARTESIAN_POINT('',(4.325949870627E0,3.761601529343E1,-4.325949870627E0));
#3297=CARTESIAN_POINT('',(4.434020544204E0,4.182036147698E1,-4.434020544204E0));
#3298=CARTESIAN_POINT('',(4.485736224286E0,4.528048911897E1,-4.485736224286E0));
#3299=CARTESIAN_POINT('',(4.505762480002E0,4.800069817427E1,-4.505762480002E0));
#3300=CARTESIAN_POINT('',(4.510597927556E0,5.E1,-4.510597927556E0));
#3301=CARTESIAN_POINT('',(4.505762480002E0,5.199930182573E1,-4.505762480002E0));
#3302=CARTESIAN_POINT('',(4.485736224286E0,5.471951088103E1,-4.485736224286E0));
#3303=CARTESIAN_POINT('',(4.434020544204E0,5.817963852302E1,-4.434020544204E0));
#3304=CARTESIAN_POINT('',(4.325949870627E0,6.238398470657E1,-4.325949870627E0));
#3305=CARTESIAN_POINT('',(4.117622295916E0,6.797485930972E1,-4.117622295916E0));
#3306=CARTESIAN_POINT('',(3.733488973272E0,7.477027163393E1,-3.733488973272E0));
#3307=CARTESIAN_POINT('',(3.084525482691E0,8.204977003341E1,-3.084525482691E0));
#3308=CARTESIAN_POINT('',(2.283840956360E0,8.794947915282E1,-2.283840956360E0));
#3309=CARTESIAN_POINT('',(1.386843100968E0,9.214110138436E1,-1.386843100968E0));
#3310=CARTESIAN_POINT('',(4.560736406692E-1,9.452895659660E1,
-4.560736406692E-1));
#3311=CARTESIAN_POINT('',(-1.490946899342E-1,9.5E1,1.490946899342E-1));
#3312=CARTESIAN_POINT('',(-4.407613566008E-1,9.5E1,4.407613566008E-1));
#3314=CURVE_STYLE('',#2764,POSITIVE_LENGTH_MEASURE(2.E-2),#1);
#3315=PRESENTATION_STYLE_ASSIGNMENT((#3314));
#3316=STYLED_ITEM('',(#3315),#3313);
#3319=PRESENTATION_LAYER_ASSIGNMENT('_26_BEZUGSACHSEN','',(#2772,#2823,#2960,
#2989,#2997,#3005));
#3320=PRESENTATION_LAYER_ASSIGNMENT('_27_BEZUGSEBENEN','',(#2749,#2754,#2759,
#2934,#3196));
#3321=PRESENTATION_LAYER_ASSIGNMENT('_29_KOORDINATENSYSTEME','',(#2763));
#3322=PRESENTATION_LAYER_ASSIGNMENT('_00_PRT_START_FEATURES','',(#2749,#2754,
#2759,#2763,#2772));
#3323=PRESENTATION_LAYER_ASSIGNMENT('_21_KURVEN','',(#2796,#2818,#2892,#2929,
#2955,#2984,#3069,#3130,#3191,#3257,#3318));
#3324=PRESENTATION_LAYER_ASSIGNMENT('.BLACK_HOLE','',(#2796,#2818,#2892,#2929,
#2955,#2984,#3069,#3130,#3191,#3318));
#3325=PRESENTATION_LAYER_ASSIGNMENT('_30_VOLUMEN','',(#2823,#2960));
#3326=INVISIBILITY((#3324));
#3329=PLANE_ANGLE_MEASURE_WITH_UNIT(PLANE_ANGLE_MEASURE(1.745329251994E-2),
#3328);
#3330=(CONVERSION_BASED_UNIT('DEGREE',#3329)NAMED_UNIT(*)PLANE_ANGLE_UNIT());
#3332=UNCERTAINTY_MEASURE_WITH_UNIT(LENGTH_MEASURE(1.E-2),#3327,'closure',
'Maximum model space distance between geometric entities at asserted connectivities');
#2797=GEOMETRIC_CURVE_SET('48',(#2796,#2818,#2892,#2929,#2955,#2984,#3069,#3130,
#3191,#3257,#3318));
#3337=CARTESIAN_POINT('',(0.E0,0.E0,0.E0));
#3338=DIRECTION('',(0.E0,0.E0,1.E0));
#3339=DIRECTION('',(1.E0,0.E0,0.E0));
#3342=SHAPE_REPRESENTATION_RELATIONSHIP('','',#3341,#3334);
#3343=SHAPE_REPRESENTATION_RELATIONSHIP('','',#3341,#3335);
#3344=CONSTRUCTIVE_GEOMETRY_REPRESENTATION_RELATIONSHIP('','',#3341,#3336);
#3345=MECHANICAL_DESIGN_GEOMETRIC_PRESENTATION_REPRESENTATION('',(#2767,#2775,
#2784,#2794,#2806,#2816,#2826,#2836,#2845,#2854,#2863,#2872,#2881,#2890,#2900,
#2909,#2918,#2927,#2943,#2953,#2963,#2972,#2982,#2992,#3000,#3008,#3037,#3067,
#3098,#3128,#3159,#3189,#3225,#3255,#3286,#3316),#3333);
#3346=APPLICATION_CONTEXT('automotive design');
#3347=APPLICATION_PROTOCOL_DEFINITION('international standard',
'config_control_design',1994,#3346);
#3348=PRODUCT_DEFINITION_CONTEXT('',#3346,'design');
#3349=PRODUCT_CONTEXT('',#3346,'mechanical');
#3350=PRODUCT('IMMERSION_HEATER_CAGE','IMMERSION_HEATER_CAGE','NOT SPECIFIED',(
#3349));
#3351=PRODUCT_DEFINITION_FORMATION_WITH_SPECIFIED_SOURCE('11','LAST_VERSION',
#3350,.MADE.);
#3359=DERIVED_UNIT_ELEMENT(#3358,-3.E0);
#3361=DERIVED_UNIT_ELEMENT(#3360,1.E0);
#3362=DERIVED_UNIT((#3359,#3361));
#3363=MEASURE_REPRESENTATION_ITEM('density measure',POSITIVE_RATIO_MEASURE(
7.85E-6),#3362);
#3367=DESCRIPTIVE_REPRESENTATION_ITEM('STAHL_ALLGEMEIN','');
#3376=DERIVED_UNIT_ELEMENT(#3375,2.E0);
#3377=AREA_UNIT((#3376));
#3378=MEASURE_REPRESENTATION_ITEM('surface area measure',AREA_MEASURE(
3.431669002035E4),#3377);
#3383=DERIVED_UNIT_ELEMENT(#3382,3.E0);
#3384=VOLUME_UNIT((#3383));
#3385=MEASURE_REPRESENTATION_ITEM('volume measure',VOLUME_MEASURE(
6.164389342388E4),#3384);
#3389=CARTESIAN_POINT('centre point',(-1.751036292105E-6,6.547813981892E1,
-1.179051089625E-1));
#3394=DERIVED_UNIT_ELEMENT(#3393,2.E0);
#3395=AREA_UNIT((#3394));
#3396=MEASURE_REPRESENTATION_ITEM('surface area measure',AREA_MEASURE(
3.431669002035E4),#3395);
#3401=DERIVED_UNIT_ELEMENT(#3400,3.E0);
#3402=VOLUME_UNIT((#3401));
#3403=MEASURE_REPRESENTATION_ITEM('volume measure',VOLUME_MEASURE(
6.164389342388E4),#3402);
#3407=CARTESIAN_POINT('centre point',(-1.751036292105E-6,6.547813981892E1,
-1.179051089625E-1));
#3411=PRODUCT_CONTEXT('',#3346,'mechanical');
#3412=PRODUCT('STAHL_ALLGEMEIN','allgemeiner Stahl','NOT SPECIFIED',(#3411));
#3413=PRODUCT_DEFINITION_FORMATION_WITH_SPECIFIED_SOURCE('','LAST_VERSION',
#3412,.MADE.);
#3416=DIMENSIONAL_EXPONENTS(0.E0,0.E0,0.E0,0.E0,0.E0,0.E0,0.E0);
#3417=NAMED_UNIT(#3416);
#3418=MEASURE_WITH_UNIT(COUNT_MEASURE(1.E0),#3417);
#3420=DERIVED_UNIT_ELEMENT(#3419,-3.E0);
#3422=DERIVED_UNIT_ELEMENT(#3421,1.E0);
#3423=DERIVED_UNIT((#3420,#3422));
#3424=MEASURE_REPRESENTATION_ITEM('density measure',POSITIVE_RATIO_MEASURE(
7.85E-6),#3423);
#3429=DRAUGHTING_MODEL('Default',(#3443,#3445,#3447,#3458,#3459),#3333);
#3430=CARTESIAN_POINT('',(0.E0,0.E0,0.E0));
#3431=DIRECTION('',(0.E0,0.E0,1.E0));
#3432=DIRECTION('',(1.E0,0.E0,0.E0));
#3433=AXIS2_PLACEMENT_3D('',#3430,#3431,#3432);
#3434=REPRESENTATION_MAP(#3433,#3341);
#3435=MAPPED_ITEM('',#3434,#3433);
#3436=PRESENTATION_STYLE_ASSIGNMENT((.NULL.));
#3437=STYLED_ITEM('',(#3436),#3435);
#3438=DRAUGHTING_MODEL('',(#3433,#3435,#3437),#3333);
#3439=MECHANICAL_DESIGN_AND_DRAUGHTING_RELATIONSHIP('','',#3429,#3438);
#3440=CARTESIAN_POINT('',(0.E0,0.E0,0.E0));
#3441=DIRECTION('',(0.E0,0.E0,1.E0));
#3442=DIRECTION('',(1.E0,0.E0,0.E0));
#3443=AXIS2_PLACEMENT_3D('',#3440,#3441,#3442);
#3444=REPRESENTATION_MAP(#3443,#3341);
#3445=MAPPED_ITEM('',#3444,#3443);
#3446=PRESENTATION_STYLE_ASSIGNMENT((.NULL.));
#3447=STYLED_ITEM('',(#3446),#3445);
#3448=CARTESIAN_POINT('',(0.E0,0.E0,0.E0));
#3449=CARTESIAN_POINT('',(-1.384957701398E2,-5.633335287155E1,
4.197240371119E2));
#3450=DIRECTION('',(0.E0,0.E0,1.E0));
#3451=DIRECTION('',(1.E0,0.E0,0.E0));
#3452=AXIS2_PLACEMENT_3D('',#3449,#3450,#3451);
#3454=VIEW_VOLUME(.PARALLEL.,#3448,4.197240371119E2,4.197240371119E2,.T.,0.E0,
.F.,.T.,#3453);
#3455=CARTESIAN_POINT('',(3.588518704906E1,3.100571116197E2,3.179616851232E2));
#3456=DIRECTION('',(-3.894183423087E-1,-7.214918620107E-1,-5.725406952575E-1));
#3457=DIRECTION('',(-9.210609940029E-1,3.050418666329E-1,2.420663234065E-1));
#3458=AXIS2_PLACEMENT_3D('',#3455,#3456,#3457);
#3459=CAMERA_MODEL_D3('DEFAULT',#3458,#3454);
#3461=GENERAL_PROPERTY('','CAD_APPROVED_BY','user defined attribute');
#3462=GENERAL_PROPERTY_ASSOCIATION('user defined attribute','',#3461,#3460);
#3463=DESCRIPTIVE_REPRESENTATION_ITEM('CAD_APPROVED_BY','-');
#3467=GENERAL_PROPERTY('','CAD_APPROVED_ON','user defined attribute');
#3468=GENERAL_PROPERTY_ASSOCIATION('user defined attribute','',#3467,#3466);
#3469=DESCRIPTIVE_REPRESENTATION_ITEM('CAD_APPROVED_ON','jjjj-mm-dd');
#3473=GENERAL_PROPERTY('','CAD_CHANGE_NO','user defined attribute');
#3474=GENERAL_PROPERTY_ASSOCIATION('user defined attribute','',#3473,#3472);
#3475=DESCRIPTIVE_REPRESENTATION_ITEM('CAD_CHANGE_NO','-');
#3479=GENERAL_PROPERTY('','CAD_CHANGE_TEXT','user defined attribute');
#3480=GENERAL_PROPERTY_ASSOCIATION('user defined attribute','',#3479,#3478);
#3481=DESCRIPTIVE_REPRESENTATION_ITEM('CAD_CHANGE_TEXT','-');
#3485=GENERAL_PROPERTY('','CAD_CREATED_BY','user defined attribute');
#3486=GENERAL_PROPERTY_ASSOCIATION('user defined attribute','',#3485,#3484);
#3487=DESCRIPTIVE_REPRESENTATION_ITEM('CAD_CREATED_BY','-');
#3491=GENERAL_PROPERTY('','CAD_CREATED_ON','user defined attribute');
#3492=GENERAL_PROPERTY_ASSOCIATION('user defined attribute','',#3491,#3490);
#3493=DESCRIPTIVE_REPRESENTATION_ITEM('CAD_CREATED_ON','jjjj-mm-dd');
#3497=GENERAL_PROPERTY('','CAD_LIFECYCLE_STATE','user defined attribute');
#3498=GENERAL_PROPERTY_ASSOCIATION('user defined attribute','',#3497,#3496);
#3499=DESCRIPTIVE_REPRESENTATION_ITEM('CAD_LIFECYCLE_STATE','-');
#3503=GENERAL_PROPERTY('','CAD_MODIFIED_BY','user defined attribute');
#3504=GENERAL_PROPERTY_ASSOCIATION('user defined attribute','',#3503,#3502);
#3505=DESCRIPTIVE_REPRESENTATION_ITEM('CAD_MODIFIED_BY','-');
#3509=GENERAL_PROPERTY('','CAD_MODIFIED_ON','user defined attribute');
#3510=GENERAL_PROPERTY_ASSOCIATION('user defined attribute','',#3509,#3508);
#3511=DESCRIPTIVE_REPRESENTATION_ITEM('CAD_MODIFIED_ON','jjjj-mm-dd');
#3515=GENERAL_PROPERTY('','CAD_REVISION','user defined attribute');
#3516=GENERAL_PROPERTY_ASSOCIATION('user defined attribute','',#3515,#3514);
#3517=DESCRIPTIVE_REPRESENTATION_ITEM('CAD_REVISION','-');
#3521=GENERAL_PROPERTY('','DEPARTMENT','user defined attribute');
#3522=GENERAL_PROPERTY_ASSOCIATION('user defined attribute','',#3521,#3520);
#3523=DESCRIPTIVE_REPRESENTATION_ITEM('DEPARTMENT','DEV');
#3527=GENERAL_PROPERTY('','DESCRIPTION_1_DE','user defined attribute');
#3528=GENERAL_PROPERTY_ASSOCIATION('user defined attribute','',#3527,#3526);
#3529=DESCRIPTIVE_REPRESENTATION_ITEM('DESCRIPTION_1_DE','-');
#3533=GENERAL_PROPERTY('','DESCRIPTION_1_EN','user defined attribute');
#3534=GENERAL_PROPERTY_ASSOCIATION('user defined attribute','',#3533,#3532);
#3535=DESCRIPTIVE_REPRESENTATION_ITEM('DESCRIPTION_1_EN','-');
#3539=GENERAL_PROPERTY('','DESCRIPTION_2_DE','user defined attribute');
#3540=GENERAL_PROPERTY_ASSOCIATION('user defined attribute','',#3539,#3538);
#3541=DESCRIPTIVE_REPRESENTATION_ITEM('DESCRIPTION_2_DE','-');
#3545=GENERAL_PROPERTY('','DESCRIPTION_2_EN','user defined attribute');
#3546=GENERAL_PROPERTY_ASSOCIATION('user defined attribute','',#3545,#3544);
#3547=DESCRIPTIVE_REPRESENTATION_ITEM('DESCRIPTION_2_EN','-');
#3551=GENERAL_PROPERTY('','DRAWING_NO','user defined attribute');
#3552=GENERAL_PROPERTY_ASSOCIATION('user defined attribute','',#3551,#3550);
#3553=DESCRIPTIVE_REPRESENTATION_ITEM('DRAWING_NO','-');
#3557=GENERAL_PROPERTY('','MC_CHECKTYPE','user defined attribute');
#3558=GENERAL_PROPERTY_ASSOCIATION('user defined attribute','',#3557,#3556);
#3559=DESCRIPTIVE_REPRESENTATION_ITEM('MC_CHECKTYPE','SUT_INT_DE');
#3563=GENERAL_PROPERTY('','COATING','user defined attribute');
#3564=GENERAL_PROPERTY_ASSOCIATION('user defined attribute','',#3563,#3562);
#3565=DESCRIPTIVE_REPRESENTATION_ITEM('COATING','-');
#3569=GENERAL_PROPERTY('','COLORING','user defined attribute');
#3570=GENERAL_PROPERTY_ASSOCIATION('user defined attribute','',#3569,#3568);
#3571=DESCRIPTIVE_REPRESENTATION_ITEM('COLORING','-');
#3575=GENERAL_PROPERTY('','DESC_SEMIFINISHED','user defined attribute');
#3576=GENERAL_PROPERTY_ASSOCIATION('user defined attribute','',#3575,#3574);
#3577=DESCRIPTIVE_REPRESENTATION_ITEM('DESC_SEMIFINISHED','-');
#3581=GENERAL_PROPERTY('','DIMENSION','user defined attribute');
#3582=GENERAL_PROPERTY_ASSOCIATION('user defined attribute','',#3581,#3580);
#3583=DESCRIPTIVE_REPRESENTATION_ITEM('DIMENSION','-');
#3587=GENERAL_PROPERTY('','HARDNESS','user defined attribute');
#3588=GENERAL_PROPERTY_ASSOCIATION('user defined attribute','',#3587,#3586);
#3589=DESCRIPTIVE_REPRESENTATION_ITEM('HARDNESS','-');
#3593=GENERAL_PROPERTY('','MASS','user defined attribute');
#3594=GENERAL_PROPERTY_ASSOCIATION('user defined attribute','',#3593,#3592);
#3595=REAL_REPRESENTATION_ITEM('MASS',4.83E-1);
#3599=GENERAL_PROPERTY('','MATERIAL','user defined attribute');
#3600=GENERAL_PROPERTY_ASSOCIATION('user defined attribute','',#3599,#3598);
#3601=DESCRIPTIVE_REPRESENTATION_ITEM('MATERIAL','Stahl allg.');
#3605=GENERAL_PROPERTY('','PART_NO','user defined attribute');
#3606=GENERAL_PROPERTY_ASSOCIATION('user defined attribute','',#3605,#3604);
#3607=DESCRIPTIVE_REPRESENTATION_ITEM('PART_NO','-');
#3611=GENERAL_PROPERTY('','PART_NO_SEMIFINISHED','user defined attribute');
#3612=GENERAL_PROPERTY_ASSOCIATION('user defined attribute','',#3611,#3610);
#3613=DESCRIPTIVE_REPRESENTATION_ITEM('PART_NO_SEMIFINISHED','-');
#3617=GENERAL_PROPERTY('','STANDARD','user defined attribute');
#3618=GENERAL_PROPERTY_ASSOCIATION('user defined attribute','',#3617,#3616);
#3619=DESCRIPTIVE_REPRESENTATION_ITEM('STANDARD','-');
#3623=GENERAL_PROPERTY('','STANDARD_DIMENSION','user defined attribute');
#3624=GENERAL_PROPERTY_ASSOCIATION('user defined attribute','',#3623,#3622);
#3625=DESCRIPTIVE_REPRESENTATION_ITEM('STANDARD_DIMENSION','DIN EN ISO 14405');
#3629=GENERAL_PROPERTY('','STANDARD_EDGE','user defined attribute');
#3630=GENERAL_PROPERTY_ASSOCIATION('user defined attribute','',#3629,#3628);
#3631=DESCRIPTIVE_REPRESENTATION_ITEM('STANDARD_EDGE','ISO 13715');
#3635=GENERAL_PROPERTY('','STANDARD_INFO_DE','user defined attribute');
#3636=GENERAL_PROPERTY_ASSOCIATION('user defined attribute','',#3635,#3634);
#3637=DESCRIPTIVE_REPRESENTATION_ITEM('STANDARD_INFO_DE','-');
#3641=GENERAL_PROPERTY('','STANDARD_INFO_EN','user defined attribute');
#3642=GENERAL_PROPERTY_ASSOCIATION('user defined attribute','',#3641,#3640);
#3643=DESCRIPTIVE_REPRESENTATION_ITEM('STANDARD_INFO_EN','-');
#3647=GENERAL_PROPERTY('','STANDARD_SURFACE','user defined attribute');
#3648=GENERAL_PROPERTY_ASSOCIATION('user defined attribute','',#3647,#3646);
#3649=DESCRIPTIVE_REPRESENTATION_ITEM('STANDARD_SURFACE','ISO 1302');
#3653=GENERAL_PROPERTY('','STANDARD_TOL_CLASS','user defined attribute');
#3654=GENERAL_PROPERTY_ASSOCIATION('user defined attribute','',#3653,#3652);
#3655=DESCRIPTIVE_REPRESENTATION_ITEM('STANDARD_TOL_CLASS','ISO 2768-mK');
#3659=GENERAL_PROPERTY('','SUPPLIER','user defined attribute');
#3660=GENERAL_PROPERTY_ASSOCIATION('user defined attribute','',#3659,#3658);
#3661=DESCRIPTIVE_REPRESENTATION_ITEM('SUPPLIER','-');
#3665=GENERAL_PROPERTY('','CLASSIFICATION','user defined attribute');
#3666=GENERAL_PROPERTY_ASSOCIATION('user defined attribute','',#3665,#3664);
#3667=DESCRIPTIVE_REPRESENTATION_ITEM('CLASSIFICATION','FERTIGUNG');
#3671=GENERAL_PROPERTY('','CATEGORY','user defined attribute');
#3672=GENERAL_PROPERTY_ASSOCIATION('user defined attribute','',#3671,#3670);
#3673=INTEGER_REPRESENTATION_ITEM('CATEGORY',1);
#3677=GENERAL_PROPERTY('','PROJECT','user defined attribute');
#3678=GENERAL_PROPERTY_ASSOCIATION('user defined attribute','',#3677,#3676);
#3679=DESCRIPTIVE_REPRESENTATION_ITEM('PROJECT','-');
#3683=GENERAL_PROPERTY('','PROJECT_NO','user defined attribute');
#3684=GENERAL_PROPERTY_ASSOCIATION('user defined attribute','',#3683,#3682);
#3685=DESCRIPTIVE_REPRESENTATION_ITEM('PROJECT_NO','-');
#3689=GENERAL_PROPERTY('','ORDER_CODE','user defined attribute');
#3690=GENERAL_PROPERTY_ASSOCIATION('user defined attribute','',#3689,#3688);
#3691=DESCRIPTIVE_REPRESENTATION_ITEM('ORDER_CODE','-');
#3695=GENERAL_PROPERTY('','STANDARD_WELDING','user defined attribute');
#3696=GENERAL_PROPERTY_ASSOCIATION('user defined attribute','',#3695,#3694);
#3697=DESCRIPTIVE_REPRESENTATION_ITEM('STANDARD_WELDING','ISO 9692');
#3701=GENERAL_PROPERTY('','CUSTOMER','user defined attribute');
#3702=GENERAL_PROPERTY_ASSOCIATION('user defined attribute','',#3701,#3700);
#3703=DESCRIPTIVE_REPRESENTATION_ITEM('CUSTOMER','-');
#3707=GENERAL_PROPERTY('','HEAT_TREATMENT','user defined attribute');
#3708=GENERAL_PROPERTY_ASSOCIATION('user defined attribute','',#3707,#3706);
#3709=DESCRIPTIVE_REPRESENTATION_ITEM('HEAT_TREATMENT','-');
#3713=GENERAL_PROPERTY('','PTC_COMMON_NAME','user defined attribute');
#3714=GENERAL_PROPERTY_ASSOCIATION('user defined attribute','',#3713,#3712);
#3715=DESCRIPTIVE_REPRESENTATION_ITEM('PTC_COMMON_NAME',
'tauchsiederhalterung_solo.prt');
#3719=GENERAL_PROPERTY('','PTC_MASTER_MATERIAL','user defined attribute');
#3720=GENERAL_PROPERTY_ASSOCIATION('user defined attribute','',#3719,#3718);
#3721=DESCRIPTIVE_REPRESENTATION_ITEM('PTC_MASTER_MATERIAL','STAHL_ALLGEMEIN');
#1=COLOUR_RGB('',0.E0,7.450980392157E-1,9.215686274510E-1);
#2=DRAUGHTING_PRE_DEFINED_COLOUR('green');
#3=COLOUR_RGB('',1.1E-2,1.2E-2,1.E0);
#4=COLOUR_RGB('',2.156862745098E-1,0.E0,3.725490196078E-1);
#5=COLOUR_RGB('',4.1E-1,2.61589E-1,1.12848E-1);
#6=COLOUR_RGB('',4.705882352941E-1,3.137254901961E-1,3.333333333333E-1);
#7=COLOUR_RGB('',5.04854E-1,1.5455E-2,1.5455E-2);
#8=COLOUR_RGB('',6.35294E-1,6.86275E-1,7.4902E-1);
#9=COLOUR_RGB('',6.40777E-1,6.40777E-1,6.40777E-1);
#10=COLOUR_RGB('',6.69062E-1,6.69903E-1,6.55217E-1);
#11=COLOUR_RGB('',9.21569E-1,7.05882E-1,4.70588E-1);
#12=DRAUGHTING_PRE_DEFINED_COLOUR('red');
#13=DRAUGHTING_PRE_DEFINED_COLOUR('yellow');
#14=COLOUR_RGB('',1.E0,1.E0,5.3E-1);
#15=COLOUR_RGB('',1.E0,1.E0,9.49E-1);
#16=DRAUGHTING_PRE_DEFINED_COLOUR('white');
#21=CIRCLE('59',#20,2.E1);
#26=CIRCLE('60',#25,2.E1);
#35=CIRCLE('420',#34,2.4E1);
#40=CIRCLE('380',#39,2.4E1);
#53=CIRCLE('381',#52,2.4E1);
#58=CIRCLE('419',#57,2.4E1);
#67=CIRCLE('439',#66,1.7E0);
#72=CIRCLE('440',#71,1.7E0);
#77=CIRCLE('548',#76,1.7E0);
#82=CIRCLE('549',#81,1.7E0);
#143=B_SPLINE_CURVE_WITH_KNOTS('679',3,(#83,#84,#85,#86,#87,#88,#89,#90,#91,#92,
#93,#94,#95,#96,#97,#98,#99,#100,#101,#102,#103,#104,#105,#106,#107,#108,#109,
#110,#111,#112,#113,#114,#115,#116,#117,#118,#119,#120,#121,#122,#123,#124,#125,
#126,#127,#128,#129,#130,#131,#132,#133,#134,#135,#136,#137,#138,#139,#140,#141,
#142),.UNSPECIFIED.,.F.,.F.,(4,1,1,1,1,1,1,1,1,1,1,1,1,1,1,1,1,1,1,1,1,1,1,1,1,
1,1,1,1,1,1,1,1,1,1,1,1,1,1,1,1,1,1,1,1,1,1,1,1,1,1,1,1,1,1,1,1,4),(0.E0,
1.754385964912E-2,3.508771929825E-2,5.263157894737E-2,7.017543859649E-2,
8.771929824561E-2,1.052631578947E-1,1.228070175439E-1,1.403508771930E-1,
1.578947368421E-1,1.754385964912E-1,1.929824561404E-1,2.105263157895E-1,
2.280701754386E-1,2.456140350877E-1,2.631578947368E-1,2.807017543860E-1,
2.982456140351E-1,3.157894736842E-1,3.333333333333E-1,3.508771929825E-1,
3.684210526316E-1,3.859649122807E-1,4.035087719298E-1,4.210526315789E-1,
4.385964912281E-1,4.561403508772E-1,4.736842105263E-1,4.912280701754E-1,
5.087719298246E-1,5.263157894737E-1,5.438596491228E-1,5.614035087719E-1,
5.789473684211E-1,5.964912280702E-1,6.140350877193E-1,6.315789473684E-1,
6.491228070175E-1,6.666666666667E-1,6.842105263158E-1,7.017543859649E-1,
7.192982456140E-1,7.368421052632E-1,7.543859649123E-1,7.719298245614E-1,
7.894736842105E-1,8.070175438596E-1,8.245614035088E-1,8.421052631579E-1,
8.596491228070E-1,8.771929824561E-1,8.947368421053E-1,9.122807017544E-1,
9.298245614035E-1,9.473684210526E-1,9.649122807018E-1,9.824561403509E-1,1.E0),
.UNSPECIFIED.);
#208=B_SPLINE_CURVE_WITH_KNOTS('680',3,(#148,#149,#150,#151,#152,#153,#154,#155,
#156,#157,#158,#159,#160,#161,#162,#163,#164,#165,#166,#167,#168,#169,#170,#171,
#172,#173,#174,#175,#176,#177,#178,#179,#180,#181,#182,#183,#184,#185,#186,#187,
#188,#189,#190,#191,#192,#193,#194,#195,#196,#197,#198,#199,#200,#201,#202,#203,
#204,#205,#206,#207),.UNSPECIFIED.,.F.,.F.,(4,1,1,1,1,1,1,1,1,1,1,1,1,1,1,1,1,1,
1,1,1,1,1,1,1,1,1,1,1,1,1,1,1,1,1,1,1,1,1,1,1,1,1,1,1,1,1,1,1,1,1,1,1,1,1,1,1,
4),(0.E0,1.754385964912E-2,3.508771929825E-2,5.263157894737E-2,
7.017543859649E-2,8.771929824561E-2,1.052631578947E-1,1.228070175439E-1,
1.403508771930E-1,1.578947368421E-1,1.754385964912E-1,1.929824561404E-1,
2.105263157895E-1,2.280701754386E-1,2.456140350877E-1,2.631578947368E-1,
2.807017543860E-1,2.982456140351E-1,3.157894736842E-1,3.333333333333E-1,
3.508771929825E-1,3.684210526316E-1,3.859649122807E-1,4.035087719298E-1,
4.210526315789E-1,4.385964912281E-1,4.561403508772E-1,4.736842105263E-1,
4.912280701754E-1,5.087719298246E-1,5.263157894737E-1,5.438596491228E-1,
5.614035087719E-1,5.789473684211E-1,5.964912280702E-1,6.140350877193E-1,
6.315789473684E-1,6.491228070175E-1,6.666666666667E-1,6.842105263158E-1,
7.017543859649E-1,7.192982456140E-1,7.368421052632E-1,7.543859649123E-1,
7.719298245614E-1,7.894736842105E-1,8.070175438596E-1,8.245614035088E-1,
8.421052631579E-1,8.596491228070E-1,8.771929824561E-1,8.947368421053E-1,
9.122807017544E-1,9.298245614035E-1,9.473684210526E-1,9.649122807018E-1,
9.824561403509E-1,1.E0),.UNSPECIFIED.);
#273=B_SPLINE_CURVE_WITH_KNOTS('733',3,(#213,#214,#215,#216,#217,#218,#219,#220,
#221,#222,#223,#224,#225,#226,#227,#228,#229,#230,#231,#232,#233,#234,#235,#236,
#237,#238,#239,#240,#241,#242,#243,#244,#245,#246,#247,#248,#249,#250,#251,#252,
#253,#254,#255,#256,#257,#258,#259,#260,#261,#262,#263,#264,#265,#266,#267,#268,
#269,#270,#271,#272),.UNSPECIFIED.,.F.,.F.,(4,1,1,1,1,1,1,1,1,1,1,1,1,1,1,1,1,1,
1,1,1,1,1,1,1,1,1,1,1,1,1,1,1,1,1,1,1,1,1,1,1,1,1,1,1,1,1,1,1,1,1,1,1,1,1,1,1,
4),(0.E0,1.754385964912E-2,3.508771929825E-2,5.263157894737E-2,
7.017543859649E-2,8.771929824561E-2,1.052631578947E-1,1.228070175439E-1,
1.403508771930E-1,1.578947368421E-1,1.754385964912E-1,1.929824561404E-1,
2.105263157895E-1,2.280701754386E-1,2.456140350877E-1,2.631578947368E-1,
2.807017543860E-1,2.982456140351E-1,3.157894736842E-1,3.333333333333E-1,
3.508771929825E-1,3.684210526316E-1,3.859649122807E-1,4.035087719298E-1,
4.210526315789E-1,4.385964912281E-1,4.561403508772E-1,4.736842105263E-1,
4.912280701754E-1,5.087719298246E-1,5.263157894737E-1,5.438596491228E-1,
5.614035087719E-1,5.789473684211E-1,5.964912280702E-1,6.140350877193E-1,
6.315789473684E-1,6.491228070175E-1,6.666666666667E-1,6.842105263158E-1,
7.017543859649E-1,7.192982456140E-1,7.368421052632E-1,7.543859649123E-1,
7.719298245614E-1,7.894736842105E-1,8.070175438596E-1,8.245614035088E-1,
8.421052631579E-1,8.596491228070E-1,8.771929824561E-1,8.947368421053E-1,
9.122807017544E-1,9.298245614035E-1,9.473684210526E-1,9.649122807018E-1,
9.824561403509E-1,1.E0),.UNSPECIFIED.);
#334=B_SPLINE_CURVE_WITH_KNOTS('734',3,(#274,#275,#276,#277,#278,#279,#280,#281,
#282,#283,#284,#285,#286,#287,#288,#289,#290,#291,#292,#293,#294,#295,#296,#297,
#298,#299,#300,#301,#302,#303,#304,#305,#306,#307,#308,#309,#310,#311,#312,#313,
#314,#315,#316,#317,#318,#319,#320,#321,#322,#323,#324,#325,#326,#327,#328,#329,
#330,#331,#332,#333),.UNSPECIFIED.,.F.,.F.,(4,1,1,1,1,1,1,1,1,1,1,1,1,1,1,1,1,1,
1,1,1,1,1,1,1,1,1,1,1,1,1,1,1,1,1,1,1,1,1,1,1,1,1,1,1,1,1,1,1,1,1,1,1,1,1,1,1,
4),(0.E0,1.754385964912E-2,3.508771929825E-2,5.263157894737E-2,
7.017543859649E-2,8.771929824561E-2,1.052631578947E-1,1.228070175439E-1,
1.403508771930E-1,1.578947368421E-1,1.754385964912E-1,1.929824561404E-1,
2.105263157895E-1,2.280701754386E-1,2.456140350877E-1,2.631578947368E-1,
2.807017543860E-1,2.982456140351E-1,3.157894736842E-1,3.333333333333E-1,
3.508771929825E-1,3.684210526316E-1,3.859649122807E-1,4.035087719298E-1,
4.210526315789E-1,4.385964912281E-1,4.561403508772E-1,4.736842105263E-1,
4.912280701754E-1,5.087719298246E-1,5.263157894737E-1,5.438596491228E-1,
5.614035087719E-1,5.789473684211E-1,5.964912280702E-1,6.140350877193E-1,
6.315789473684E-1,6.491228070175E-1,6.666666666667E-1,6.842105263158E-1,
7.017543859649E-1,7.192982456140E-1,7.368421052632E-1,7.543859649123E-1,
7.719298245614E-1,7.894736842105E-1,8.070175438596E-1,8.245614035088E-1,
8.421052631579E-1,8.596491228070E-1,8.771929824561E-1,8.947368421053E-1,
9.122807017544E-1,9.298245614035E-1,9.473684210526E-1,9.649122807018E-1,
9.824561403509E-1,1.E0),.UNSPECIFIED.);
#395=B_SPLINE_CURVE_WITH_KNOTS('779',3,(#335,#336,#337,#338,#339,#340,#341,#342,
#343,#344,#345,#346,#347,#348,#349,#350,#351,#352,#353,#354,#355,#356,#357,#358,
#359,#360,#361,#362,#363,#364,#365,#366,#367,#368,#369,#370,#371,#372,#373,#374,
#375,#376,#377,#378,#379,#380,#381,#382,#383,#384,#385,#386,#387,#388,#389,#390,
#391,#392,#393,#394),.UNSPECIFIED.,.F.,.F.,(4,1,1,1,1,1,1,1,1,1,1,1,1,1,1,1,1,1,
1,1,1,1,1,1,1,1,1,1,1,1,1,1,1,1,1,1,1,1,1,1,1,1,1,1,1,1,1,1,1,1,1,1,1,1,1,1,1,
4),(0.E0,1.754385964912E-2,3.508771929825E-2,5.263157894737E-2,
7.017543859649E-2,8.771929824561E-2,1.052631578947E-1,1.228070175439E-1,
1.403508771930E-1,1.578947368421E-1,1.754385964912E-1,1.929824561404E-1,
2.105263157895E-1,2.280701754386E-1,2.456140350877E-1,2.631578947368E-1,
2.807017543860E-1,2.982456140351E-1,3.157894736842E-1,3.333333333333E-1,
3.508771929825E-1,3.684210526316E-1,3.859649122807E-1,4.035087719298E-1,
4.210526315789E-1,4.385964912281E-1,4.561403508772E-1,4.736842105263E-1,
4.912280701754E-1,5.087719298246E-1,5.263157894737E-1,5.438596491228E-1,
5.614035087719E-1,5.789473684211E-1,5.964912280702E-1,6.140350877193E-1,
6.315789473684E-1,6.491228070175E-1,6.666666666667E-1,6.842105263158E-1,
7.017543859649E-1,7.192982456140E-1,7.368421052632E-1,7.543859649123E-1,
7.719298245614E-1,7.894736842105E-1,8.070175438596E-1,8.245614035088E-1,
8.421052631579E-1,8.596491228070E-1,8.771929824561E-1,8.947368421053E-1,
9.122807017544E-1,9.298245614035E-1,9.473684210526E-1,9.649122807018E-1,
9.824561403509E-1,1.E0),.UNSPECIFIED.);
#456=B_SPLINE_CURVE_WITH_KNOTS('780',3,(#396,#397,#398,#399,#400,#401,#402,#403,
#404,#405,#406,#407,#408,#409,#410,#411,#412,#413,#414,#415,#416,#417,#418,#419,
#420,#421,#422,#423,#424,#425,#426,#427,#428,#429,#430,#431,#432,#433,#434,#435,
#436,#437,#438,#439,#440,#441,#442,#443,#444,#445,#446,#447,#448,#449,#450,#451,
#452,#453,#454,#455),.UNSPECIFIED.,.F.,.F.,(4,1,1,1,1,1,1,1,1,1,1,1,1,1,1,1,1,1,
1,1,1,1,1,1,1,1,1,1,1,1,1,1,1,1,1,1,1,1,1,1,1,1,1,1,1,1,1,1,1,1,1,1,1,1,1,1,1,
4),(0.E0,1.754385964912E-2,3.508771929825E-2,5.263157894737E-2,
7.017543859649E-2,8.771929824561E-2,1.052631578947E-1,1.228070175439E-1,
1.403508771930E-1,1.578947368421E-1,1.754385964912E-1,1.929824561404E-1,
2.105263157895E-1,2.280701754386E-1,2.456140350877E-1,2.631578947368E-1,
2.807017543860E-1,2.982456140351E-1,3.157894736842E-1,3.333333333333E-1,
3.508771929825E-1,3.684210526316E-1,3.859649122807E-1,4.035087719298E-1,
4.210526315789E-1,4.385964912281E-1,4.561403508772E-1,4.736842105263E-1,
4.912280701754E-1,5.087719298246E-1,5.263157894737E-1,5.438596491228E-1,
5.614035087719E-1,5.789473684211E-1,5.964912280702E-1,6.140350877193E-1,
6.315789473684E-1,6.491228070175E-1,6.666666666667E-1,6.842105263158E-1,
7.017543859649E-1,7.192982456140E-1,7.368421052632E-1,7.543859649123E-1,
7.719298245614E-1,7.894736842105E-1,8.070175438596E-1,8.245614035088E-1,
8.421052631579E-1,8.596491228070E-1,8.771929824561E-1,8.947368421053E-1,
9.122807017544E-1,9.298245614035E-1,9.473684210526E-1,9.649122807018E-1,
9.824561403509E-1,1.E0),.UNSPECIFIED.);
#533=B_SPLINE_CURVE_WITH_KNOTS('681',3,(#473,#474,#475,#476,#477,#478,#479,#480,
#481,#482,#483,#484,#485,#486,#487,#488,#489,#490,#491,#492,#493,#494,#495,#496,
#497,#498,#499,#500,#501,#502,#503,#504,#505,#506,#507,#508,#509,#510,#511,#512,
#513,#514,#515,#516,#517,#518,#519,#520,#521,#522,#523,#524,#525,#526,#527,#528,
#529,#530,#531,#532),.UNSPECIFIED.,.F.,.F.,(4,1,1,1,1,1,1,1,1,1,1,1,1,1,1,1,1,1,
1,1,1,1,1,1,1,1,1,1,1,1,1,1,1,1,1,1,1,1,1,1,1,1,1,1,1,1,1,1,1,1,1,1,1,1,1,1,1,
4),(0.E0,1.754385964912E-2,3.508771929825E-2,5.263157894737E-2,
7.017543859649E-2,8.771929824561E-2,1.052631578947E-1,1.228070175439E-1,
1.403508771930E-1,1.578947368421E-1,1.754385964912E-1,1.929824561404E-1,
2.105263157895E-1,2.280701754386E-1,2.456140350877E-1,2.631578947368E-1,
2.807017543860E-1,2.982456140351E-1,3.157894736842E-1,3.333333333333E-1,
3.508771929825E-1,3.684210526316E-1,3.859649122807E-1,4.035087719298E-1,
4.210526315789E-1,4.385964912281E-1,4.561403508772E-1,4.736842105263E-1,
4.912280701754E-1,5.087719298246E-1,5.263157894737E-1,5.438596491228E-1,
5.614035087719E-1,5.789473684211E-1,5.964912280702E-1,6.140350877193E-1,
6.315789473684E-1,6.491228070175E-1,6.666666666667E-1,6.842105263158E-1,
7.017543859649E-1,7.192982456140E-1,7.368421052632E-1,7.543859649123E-1,
7.719298245614E-1,7.894736842105E-1,8.070175438596E-1,8.245614035088E-1,
8.421052631579E-1,8.596491228070E-1,8.771929824561E-1,8.947368421053E-1,
9.122807017544E-1,9.298245614035E-1,9.473684210526E-1,9.649122807018E-1,
9.824561403509E-1,1.E0),.UNSPECIFIED.);
#598=B_SPLINE_CURVE_WITH_KNOTS('682',3,(#538,#539,#540,#541,#542,#543,#544,#545,
#546,#547,#548,#549,#550,#551,#552,#553,#554,#555,#556,#557,#558,#559,#560,#561,
#562,#563,#564,#565,#566,#567,#568,#569,#570,#571,#572,#573,#574,#575,#576,#577,
#578,#579,#580,#581,#582,#583,#584,#585,#586,#587,#588,#589,#590,#591,#592,#593,
#594,#595,#596,#597),.UNSPECIFIED.,.F.,.F.,(4,1,1,1,1,1,1,1,1,1,1,1,1,1,1,1,1,1,
1,1,1,1,1,1,1,1,1,1,1,1,1,1,1,1,1,1,1,1,1,1,1,1,1,1,1,1,1,1,1,1,1,1,1,1,1,1,1,
4),(0.E0,1.754385964912E-2,3.508771929825E-2,5.263157894737E-2,
7.017543859649E-2,8.771929824561E-2,1.052631578947E-1,1.228070175439E-1,
1.403508771930E-1,1.578947368421E-1,1.754385964912E-1,1.929824561404E-1,
2.105263157895E-1,2.280701754386E-1,2.456140350877E-1,2.631578947368E-1,
2.807017543860E-1,2.982456140351E-1,3.157894736842E-1,3.333333333333E-1,
3.508771929825E-1,3.684210526316E-1,3.859649122807E-1,4.035087719298E-1,
4.210526315789E-1,4.385964912281E-1,4.561403508772E-1,4.736842105263E-1,
4.912280701754E-1,5.087719298246E-1,5.263157894737E-1,5.438596491228E-1,
5.614035087719E-1,5.789473684211E-1,5.964912280702E-1,6.140350877193E-1,
6.315789473684E-1,6.491228070175E-1,6.666666666667E-1,6.842105263158E-1,
7.017543859649E-1,7.192982456140E-1,7.368421052632E-1,7.543859649123E-1,
7.719298245614E-1,7.894736842105E-1,8.070175438596E-1,8.245614035088E-1,
8.421052631579E-1,8.596491228070E-1,8.771929824561E-1,8.947368421053E-1,
9.122807017544E-1,9.298245614035E-1,9.473684210526E-1,9.649122807018E-1,
9.824561403509E-1,1.E0),.UNSPECIFIED.);
#663=B_SPLINE_CURVE_WITH_KNOTS('736',3,(#603,#604,#605,#606,#607,#608,#609,#610,
#611,#612,#613,#614,#615,#616,#617,#618,#619,#620,#621,#622,#623,#624,#625,#626,
#627,#628,#629,#630,#631,#632,#633,#634,#635,#636,#637,#638,#639,#640,#641,#642,
#643,#644,#645,#646,#647,#648,#649,#650,#651,#652,#653,#654,#655,#656,#657,#658,
#659,#660,#661,#662),.UNSPECIFIED.,.F.,.F.,(4,1,1,1,1,1,1,1,1,1,1,1,1,1,1,1,1,1,
1,1,1,1,1,1,1,1,1,1,1,1,1,1,1,1,1,1,1,1,1,1,1,1,1,1,1,1,1,1,1,1,1,1,1,1,1,1,1,
4),(0.E0,1.754385964912E-2,3.508771929825E-2,5.263157894737E-2,
7.017543859649E-2,8.771929824561E-2,1.052631578947E-1,1.228070175439E-1,
1.403508771930E-1,1.578947368421E-1,1.754385964912E-1,1.929824561404E-1,
2.105263157895E-1,2.280701754386E-1,2.456140350877E-1,2.631578947368E-1,
2.807017543860E-1,2.982456140351E-1,3.157894736842E-1,3.333333333333E-1,
3.508771929825E-1,3.684210526316E-1,3.859649122807E-1,4.035087719298E-1,
4.210526315789E-1,4.385964912281E-1,4.561403508772E-1,4.736842105263E-1,
4.912280701754E-1,5.087719298246E-1,5.263157894737E-1,5.438596491228E-1,
5.614035087719E-1,5.789473684211E-1,5.964912280702E-1,6.140350877193E-1,
6.315789473684E-1,6.491228070175E-1,6.666666666667E-1,6.842105263158E-1,
7.017543859649E-1,7.192982456140E-1,7.368421052632E-1,7.543859649123E-1,
7.719298245614E-1,7.894736842105E-1,8.070175438596E-1,8.245614035088E-1,
8.421052631579E-1,8.596491228070E-1,8.771929824561E-1,8.947368421053E-1,
9.122807017544E-1,9.298245614035E-1,9.473684210526E-1,9.649122807018E-1,
9.824561403509E-1,1.E0),.UNSPECIFIED.);
#724=B_SPLINE_CURVE_WITH_KNOTS('738',3,(#664,#665,#666,#667,#668,#669,#670,#671,
#672,#673,#674,#675,#676,#677,#678,#679,#680,#681,#682,#683,#684,#685,#686,#687,
#688,#689,#690,#691,#692,#693,#694,#695,#696,#697,#698,#699,#700,#701,#702,#703,
#704,#705,#706,#707,#708,#709,#710,#711,#712,#713,#714,#715,#716,#717,#718,#719,
#720,#721,#722,#723),.UNSPECIFIED.,.F.,.F.,(4,1,1,1,1,1,1,1,1,1,1,1,1,1,1,1,1,1,
1,1,1,1,1,1,1,1,1,1,1,1,1,1,1,1,1,1,1,1,1,1,1,1,1,1,1,1,1,1,1,1,1,1,1,1,1,1,1,
4),(0.E0,1.754385964912E-2,3.508771929825E-2,5.263157894737E-2,
7.017543859649E-2,8.771929824561E-2,1.052631578947E-1,1.228070175439E-1,
1.403508771930E-1,1.578947368421E-1,1.754385964912E-1,1.929824561404E-1,
2.105263157895E-1,2.280701754386E-1,2.456140350877E-1,2.631578947368E-1,
2.807017543860E-1,2.982456140351E-1,3.157894736842E-1,3.333333333333E-1,
3.508771929825E-1,3.684210526316E-1,3.859649122807E-1,4.035087719298E-1,
4.210526315789E-1,4.385964912281E-1,4.561403508772E-1,4.736842105263E-1,
4.912280701754E-1,5.087719298246E-1,5.263157894737E-1,5.438596491228E-1,
5.614035087719E-1,5.789473684211E-1,5.964912280702E-1,6.140350877193E-1,
6.315789473684E-1,6.491228070175E-1,6.666666666667E-1,6.842105263158E-1,
7.017543859649E-1,7.192982456140E-1,7.368421052632E-1,7.543859649123E-1,
7.719298245614E-1,7.894736842105E-1,8.070175438596E-1,8.245614035088E-1,
8.421052631579E-1,8.596491228070E-1,8.771929824561E-1,8.947368421053E-1,
9.122807017544E-1,9.298245614035E-1,9.473684210526E-1,9.649122807018E-1,
9.824561403509E-1,1.E0),.UNSPECIFIED.);
#785=B_SPLINE_CURVE_WITH_KNOTS('782',3,(#725,#726,#727,#728,#729,#730,#731,#732,
#733,#734,#735,#736,#737,#738,#739,#740,#741,#742,#743,#744,#745,#746,#747,#748,
#749,#750,#751,#752,#753,#754,#755,#756,#757,#758,#759,#760,#761,#762,#763,#764,
#765,#766,#767,#768,#769,#770,#771,#772,#773,#774,#775,#776,#777,#778,#779,#780,
#781,#782,#783,#784),.UNSPECIFIED.,.F.,.F.,(4,1,1,1,1,1,1,1,1,1,1,1,1,1,1,1,1,1,
1,1,1,1,1,1,1,1,1,1,1,1,1,1,1,1,1,1,1,1,1,1,1,1,1,1,1,1,1,1,1,1,1,1,1,1,1,1,1,
4),(0.E0,1.754385964912E-2,3.508771929825E-2,5.263157894737E-2,
7.017543859649E-2,8.771929824561E-2,1.052631578947E-1,1.228070175439E-1,
1.403508771930E-1,1.578947368421E-1,1.754385964912E-1,1.929824561404E-1,
2.105263157895E-1,2.280701754386E-1,2.456140350877E-1,2.631578947368E-1,
2.807017543860E-1,2.982456140351E-1,3.157894736842E-1,3.333333333333E-1,
3.508771929825E-1,3.684210526316E-1,3.859649122807E-1,4.035087719298E-1,
4.210526315789E-1,4.385964912281E-1,4.561403508772E-1,4.736842105263E-1,
4.912280701754E-1,5.087719298246E-1,5.263157894737E-1,5.438596491228E-1,
5.614035087719E-1,5.789473684211E-1,5.964912280702E-1,6.140350877193E-1,
6.315789473684E-1,6.491228070175E-1,6.666666666667E-1,6.842105263158E-1,
7.017543859649E-1,7.192982456140E-1,7.368421052632E-1,7.543859649123E-1,
7.719298245614E-1,7.894736842105E-1,8.070175438596E-1,8.245614035088E-1,
8.421052631579E-1,8.596491228070E-1,8.771929824561E-1,8.947368421053E-1,
9.122807017544E-1,9.298245614035E-1,9.473684210526E-1,9.649122807018E-1,
9.824561403509E-1,1.E0),.UNSPECIFIED.);
#846=B_SPLINE_CURVE_WITH_KNOTS('784',3,(#786,#787,#788,#789,#790,#791,#792,#793,
#794,#795,#796,#797,#798,#799,#800,#801,#802,#803,#804,#805,#806,#807,#808,#809,
#810,#811,#812,#813,#814,#815,#816,#817,#818,#819,#820,#821,#822,#823,#824,#825,
#826,#827,#828,#829,#830,#831,#832,#833,#834,#835,#836,#837,#838,#839,#840,#841,
#842,#843,#844,#845),.UNSPECIFIED.,.F.,.F.,(4,1,1,1,1,1,1,1,1,1,1,1,1,1,1,1,1,1,
1,1,1,1,1,1,1,1,1,1,1,1,1,1,1,1,1,1,1,1,1,1,1,1,1,1,1,1,1,1,1,1,1,1,1,1,1,1,1,
4),(0.E0,1.754385964912E-2,3.508771929825E-2,5.263157894737E-2,
7.017543859649E-2,8.771929824561E-2,1.052631578947E-1,1.228070175439E-1,
1.403508771930E-1,1.578947368421E-1,1.754385964912E-1,1.929824561404E-1,
2.105263157895E-1,2.280701754386E-1,2.456140350877E-1,2.631578947368E-1,
2.807017543860E-1,2.982456140351E-1,3.157894736842E-1,3.333333333333E-1,
3.508771929825E-1,3.684210526316E-1,3.859649122807E-1,4.035087719298E-1,
4.210526315789E-1,4.385964912281E-1,4.561403508772E-1,4.736842105263E-1,
4.912280701754E-1,5.087719298246E-1,5.263157894737E-1,5.438596491228E-1,
5.614035087719E-1,5.789473684211E-1,5.964912280702E-1,6.140350877193E-1,
6.315789473684E-1,6.491228070175E-1,6.666666666667E-1,6.842105263158E-1,
7.017543859649E-1,7.192982456140E-1,7.368421052632E-1,7.543859649123E-1,
7.719298245614E-1,7.894736842105E-1,8.070175438596E-1,8.245614035088E-1,
8.421052631579E-1,8.596491228070E-1,8.771929824561E-1,8.947368421053E-1,
9.122807017544E-1,9.298245614035E-1,9.473684210526E-1,9.649122807018E-1,
9.824561403509E-1,1.E0),.UNSPECIFIED.);
#851=CIRCLE('64',#850,2.E1);
#856=CIRCLE('65',#855,2.E1);
#861=CIRCLE('66',#860,2.4E1);
#866=CIRCLE('67',#865,2.4E1);
#927=B_SPLINE_CURVE_WITH_KNOTS('683',3,(#867,#868,#869,#870,#871,#872,#873,#874,
#875,#876,#877,#878,#879,#880,#881,#882,#883,#884,#885,#886,#887,#888,#889,#890,
#891,#892,#893,#894,#895,#896,#897,#898,#899,#900,#901,#902,#903,#904,#905,#906,
#907,#908,#909,#910,#911,#912,#913,#914,#915,#916,#917,#918,#919,#920,#921,#922,
#923,#924,#925,#926),.UNSPECIFIED.,.F.,.F.,(4,1,1,1,1,1,1,1,1,1,1,1,1,1,1,1,1,1,
1,1,1,1,1,1,1,1,1,1,1,1,1,1,1,1,1,1,1,1,1,1,1,1,1,1,1,1,1,1,1,1,1,1,1,1,1,1,1,
4),(0.E0,1.754385964912E-2,3.508771929825E-2,5.263157894737E-2,
7.017543859649E-2,8.771929824561E-2,1.052631578947E-1,1.228070175439E-1,
1.403508771930E-1,1.578947368421E-1,1.754385964912E-1,1.929824561404E-1,
2.105263157895E-1,2.280701754386E-1,2.456140350877E-1,2.631578947368E-1,
2.807017543860E-1,2.982456140351E-1,3.157894736842E-1,3.333333333333E-1,
3.508771929825E-1,3.684210526316E-1,3.859649122807E-1,4.035087719298E-1,
4.210526315789E-1,4.385964912281E-1,4.561403508772E-1,4.736842105263E-1,
4.912280701754E-1,5.087719298246E-1,5.263157894737E-1,5.438596491228E-1,
5.614035087719E-1,5.789473684211E-1,5.964912280702E-1,6.140350877193E-1,
6.315789473684E-1,6.491228070175E-1,6.666666666667E-1,6.842105263158E-1,
7.017543859649E-1,7.192982456140E-1,7.368421052632E-1,7.543859649123E-1,
7.719298245614E-1,7.894736842105E-1,8.070175438596E-1,8.245614035088E-1,
8.421052631579E-1,8.596491228070E-1,8.771929824561E-1,8.947368421053E-1,
9.122807017544E-1,9.298245614035E-1,9.473684210526E-1,9.649122807018E-1,
9.824561403509E-1,1.E0),.UNSPECIFIED.);
#992=B_SPLINE_CURVE_WITH_KNOTS('684',3,(#932,#933,#934,#935,#936,#937,#938,#939,
#940,#941,#942,#943,#944,#945,#946,#947,#948,#949,#950,#951,#952,#953,#954,#955,
#956,#957,#958,#959,#960,#961,#962,#963,#964,#965,#966,#967,#968,#969,#970,#971,
#972,#973,#974,#975,#976,#977,#978,#979,#980,#981,#982,#983,#984,#985,#986,#987,
#988,#989,#990,#991),.UNSPECIFIED.,.F.,.F.,(4,1,1,1,1,1,1,1,1,1,1,1,1,1,1,1,1,1,
1,1,1,1,1,1,1,1,1,1,1,1,1,1,1,1,1,1,1,1,1,1,1,1,1,1,1,1,1,1,1,1,1,1,1,1,1,1,1,
4),(0.E0,1.754385964912E-2,3.508771929825E-2,5.263157894737E-2,
7.017543859649E-2,8.771929824561E-2,1.052631578947E-1,1.228070175439E-1,
1.403508771930E-1,1.578947368421E-1,1.754385964912E-1,1.929824561404E-1,
2.105263157895E-1,2.280701754386E-1,2.456140350877E-1,2.631578947368E-1,
2.807017543860E-1,2.982456140351E-1,3.157894736842E-1,3.333333333333E-1,
3.508771929825E-1,3.684210526316E-1,3.859649122807E-1,4.035087719298E-1,
4.210526315789E-1,4.385964912281E-1,4.561403508772E-1,4.736842105263E-1,
4.912280701754E-1,5.087719298246E-1,5.263157894737E-1,5.438596491228E-1,
5.614035087719E-1,5.789473684211E-1,5.964912280702E-1,6.140350877193E-1,
6.315789473684E-1,6.491228070175E-1,6.666666666667E-1,6.842105263158E-1,
7.017543859649E-1,7.192982456140E-1,7.368421052632E-1,7.543859649123E-1,
7.719298245614E-1,7.894736842105E-1,8.070175438596E-1,8.245614035088E-1,
8.421052631579E-1,8.596491228070E-1,8.771929824561E-1,8.947368421053E-1,
9.122807017544E-1,9.298245614035E-1,9.473684210526E-1,9.649122807018E-1,
9.824561403509E-1,1.E0),.UNSPECIFIED.);
#1065=B_SPLINE_CURVE_WITH_KNOTS('739',3,(#1005,#1006,#1007,#1008,#1009,#1010,
#1011,#1012,#1013,#1014,#1015,#1016,#1017,#1018,#1019,#1020,#1021,#1022,#1023,
#1024,#1025,#1026,#1027,#1028,#1029,#1030,#1031,#1032,#1033,#1034,#1035,#1036,
#1037,#1038,#1039,#1040,#1041,#1042,#1043,#1044,#1045,#1046,#1047,#1048,#1049,
#1050,#1051,#1052,#1053,#1054,#1055,#1056,#1057,#1058,#1059,#1060,#1061,#1062,
#1063,#1064),.UNSPECIFIED.,.F.,.F.,(4,1,1,1,1,1,1,1,1,1,1,1,1,1,1,1,1,1,1,1,1,1,
1,1,1,1,1,1,1,1,1,1,1,1,1,1,1,1,1,1,1,1,1,1,1,1,1,1,1,1,1,1,1,1,1,1,1,4),(0.E0,
1.754385964912E-2,3.508771929825E-2,5.263157894737E-2,7.017543859649E-2,
8.771929824561E-2,1.052631578947E-1,1.228070175439E-1,1.403508771930E-1,
1.578947368421E-1,1.754385964912E-1,1.929824561404E-1,2.105263157895E-1,
2.280701754386E-1,2.456140350877E-1,2.631578947368E-1,2.807017543860E-1,
2.982456140351E-1,3.157894736842E-1,3.333333333333E-1,3.508771929825E-1,
3.684210526316E-1,3.859649122807E-1,4.035087719298E-1,4.210526315789E-1,
4.385964912281E-1,4.561403508772E-1,4.736842105263E-1,4.912280701754E-1,
5.087719298246E-1,5.263157894737E-1,5.438596491228E-1,5.614035087719E-1,
5.789473684211E-1,5.964912280702E-1,6.140350877193E-1,6.315789473684E-1,
6.491228070175E-1,6.666666666667E-1,6.842105263158E-1,7.017543859649E-1,
7.192982456140E-1,7.368421052632E-1,7.543859649123E-1,7.719298245614E-1,
7.894736842105E-1,8.070175438596E-1,8.245614035088E-1,8.421052631579E-1,
8.596491228070E-1,8.771929824561E-1,8.947368421053E-1,9.122807017544E-1,
9.298245614035E-1,9.473684210526E-1,9.649122807018E-1,9.824561403509E-1,1.E0),
.UNSPECIFIED.);
#1126=B_SPLINE_CURVE_WITH_KNOTS('740',3,(#1066,#1067,#1068,#1069,#1070,#1071,
#1072,#1073,#1074,#1075,#1076,#1077,#1078,#1079,#1080,#1081,#1082,#1083,#1084,
#1085,#1086,#1087,#1088,#1089,#1090,#1091,#1092,#1093,#1094,#1095,#1096,#1097,
#1098,#1099,#1100,#1101,#1102,#1103,#1104,#1105,#1106,#1107,#1108,#1109,#1110,
#1111,#1112,#1113,#1114,#1115,#1116,#1117,#1118,#1119,#1120,#1121,#1122,#1123,
#1124,#1125),.UNSPECIFIED.,.F.,.F.,(4,1,1,1,1,1,1,1,1,1,1,1,1,1,1,1,1,1,1,1,1,1,
1,1,1,1,1,1,1,1,1,1,1,1,1,1,1,1,1,1,1,1,1,1,1,1,1,1,1,1,1,1,1,1,1,1,1,4),(0.E0,
1.754385964912E-2,3.508771929825E-2,5.263157894737E-2,7.017543859649E-2,
8.771929824561E-2,1.052631578947E-1,1.228070175439E-1,1.403508771930E-1,
1.578947368421E-1,1.754385964912E-1,1.929824561404E-1,2.105263157895E-1,
2.280701754386E-1,2.456140350877E-1,2.631578947368E-1,2.807017543860E-1,
2.982456140351E-1,3.157894736842E-1,3.333333333333E-1,3.508771929825E-1,
3.684210526316E-1,3.859649122807E-1,4.035087719298E-1,4.210526315789E-1,
4.385964912281E-1,4.561403508772E-1,4.736842105263E-1,4.912280701754E-1,
5.087719298246E-1,5.263157894737E-1,5.438596491228E-1,5.614035087719E-1,
5.789473684211E-1,5.964912280702E-1,6.140350877193E-1,6.315789473684E-1,
6.491228070175E-1,6.666666666667E-1,6.842105263158E-1,7.017543859649E-1,
7.192982456140E-1,7.368421052632E-1,7.543859649123E-1,7.719298245614E-1,
7.894736842105E-1,8.070175438596E-1,8.245614035088E-1,8.421052631579E-1,
8.596491228070E-1,8.771929824561E-1,8.947368421053E-1,9.122807017544E-1,
9.298245614035E-1,9.473684210526E-1,9.649122807018E-1,9.824561403509E-1,1.E0),
.UNSPECIFIED.);
#1187=B_SPLINE_CURVE_WITH_KNOTS('785',3,(#1127,#1128,#1129,#1130,#1131,#1132,
#1133,#1134,#1135,#1136,#1137,#1138,#1139,#1140,#1141,#1142,#1143,#1144,#1145,
#1146,#1147,#1148,#1149,#1150,#1151,#1152,#1153,#1154,#1155,#1156,#1157,#1158,
#1159,#1160,#1161,#1162,#1163,#1164,#1165,#1166,#1167,#1168,#1169,#1170,#1171,
#1172,#1173,#1174,#1175,#1176,#1177,#1178,#1179,#1180,#1181,#1182,#1183,#1184,
#1185,#1186),.UNSPECIFIED.,.F.,.F.,(4,1,1,1,1,1,1,1,1,1,1,1,1,1,1,1,1,1,1,1,1,1,
1,1,1,1,1,1,1,1,1,1,1,1,1,1,1,1,1,1,1,1,1,1,1,1,1,1,1,1,1,1,1,1,1,1,1,4),(0.E0,
1.754385964912E-2,3.508771929825E-2,5.263157894737E-2,7.017543859649E-2,
8.771929824561E-2,1.052631578947E-1,1.228070175439E-1,1.403508771930E-1,
1.578947368421E-1,1.754385964912E-1,1.929824561404E-1,2.105263157895E-1,
2.280701754386E-1,2.456140350877E-1,2.631578947368E-1,2.807017543860E-1,
2.982456140351E-1,3.157894736842E-1,3.333333333333E-1,3.508771929825E-1,
3.684210526316E-1,3.859649122807E-1,4.035087719298E-1,4.210526315789E-1,
4.385964912281E-1,4.561403508772E-1,4.736842105263E-1,4.912280701754E-1,
5.087719298246E-1,5.263157894737E-1,5.438596491228E-1,5.614035087719E-1,
5.789473684211E-1,5.964912280702E-1,6.140350877193E-1,6.315789473684E-1,
6.491228070175E-1,6.666666666667E-1,6.842105263158E-1,7.017543859649E-1,
7.192982456140E-1,7.368421052632E-1,7.543859649123E-1,7.719298245614E-1,
7.894736842105E-1,8.070175438596E-1,8.245614035088E-1,8.421052631579E-1,
8.596491228070E-1,8.771929824561E-1,8.947368421053E-1,9.122807017544E-1,
9.298245614035E-1,9.473684210526E-1,9.649122807018E-1,9.824561403509E-1,1.E0),
.UNSPECIFIED.);
#1248=B_SPLINE_CURVE_WITH_KNOTS('786',3,(#1188,#1189,#1190,#1191,#1192,#1193,
#1194,#1195,#1196,#1197,#1198,#1199,#1200,#1201,#1202,#1203,#1204,#1205,#1206,
#1207,#1208,#1209,#1210,#1211,#1212,#1213,#1214,#1215,#1216,#1217,#1218,#1219,
#1220,#1221,#1222,#1223,#1224,#1225,#1226,#1227,#1228,#1229,#1230,#1231,#1232,
#1233,#1234,#1235,#1236,#1237,#1238,#1239,#1240,#1241,#1242,#1243,#1244,#1245,
#1246,#1247),.UNSPECIFIED.,.F.,.F.,(4,1,1,1,1,1,1,1,1,1,1,1,1,1,1,1,1,1,1,1,1,1,
1,1,1,1,1,1,1,1,1,1,1,1,1,1,1,1,1,1,1,1,1,1,1,1,1,1,1,1,1,1,1,1,1,1,1,4),(0.E0,
1.754385964912E-2,3.508771929825E-2,5.263157894737E-2,7.017543859649E-2,
8.771929824561E-2,1.052631578947E-1,1.228070175439E-1,1.403508771930E-1,
1.578947368421E-1,1.754385964912E-1,1.929824561404E-1,2.105263157895E-1,
2.280701754386E-1,2.456140350877E-1,2.631578947368E-1,2.807017543860E-1,
2.982456140351E-1,3.157894736842E-1,3.333333333333E-1,3.508771929825E-1,
3.684210526316E-1,3.859649122807E-1,4.035087719298E-1,4.210526315789E-1,
4.385964912281E-1,4.561403508772E-1,4.736842105263E-1,4.912280701754E-1,
5.087719298246E-1,5.263157894737E-1,5.438596491228E-1,5.614035087719E-1,
5.789473684211E-1,5.964912280702E-1,6.140350877193E-1,6.315789473684E-1,
6.491228070175E-1,6.666666666667E-1,6.842105263158E-1,7.017543859649E-1,
7.192982456140E-1,7.368421052632E-1,7.543859649123E-1,7.719298245614E-1,
7.894736842105E-1,8.070175438596E-1,8.245614035088E-1,8.421052631579E-1,
8.596491228070E-1,8.771929824561E-1,8.947368421053E-1,9.122807017544E-1,
9.298245614035E-1,9.473684210526E-1,9.649122807018E-1,9.824561403509E-1,1.E0),
.UNSPECIFIED.);
#1309=B_SPLINE_CURVE_WITH_KNOTS('685',3,(#1249,#1250,#1251,#1252,#1253,#1254,
#1255,#1256,#1257,#1258,#1259,#1260,#1261,#1262,#1263,#1264,#1265,#1266,#1267,
#1268,#1269,#1270,#1271,#1272,#1273,#1274,#1275,#1276,#1277,#1278,#1279,#1280,
#1281,#1282,#1283,#1284,#1285,#1286,#1287,#1288,#1289,#1290,#1291,#1292,#1293,
#1294,#1295,#1296,#1297,#1298,#1299,#1300,#1301,#1302,#1303,#1304,#1305,#1306,
#1307,#1308),.UNSPECIFIED.,.F.,.F.,(4,1,1,1,1,1,1,1,1,1,1,1,1,1,1,1,1,1,1,1,1,1,
1,1,1,1,1,1,1,1,1,1,1,1,1,1,1,1,1,1,1,1,1,1,1,1,1,1,1,1,1,1,1,1,1,1,1,4),(0.E0,
1.754385964912E-2,3.508771929825E-2,5.263157894737E-2,7.017543859649E-2,
8.771929824561E-2,1.052631578947E-1,1.228070175439E-1,1.403508771930E-1,
1.578947368421E-1,1.754385964912E-1,1.929824561404E-1,2.105263157895E-1,
2.280701754386E-1,2.456140350877E-1,2.631578947368E-1,2.807017543860E-1,
2.982456140351E-1,3.157894736842E-1,3.333333333333E-1,3.508771929825E-1,
3.684210526316E-1,3.859649122807E-1,4.035087719298E-1,4.210526315789E-1,
4.385964912281E-1,4.561403508772E-1,4.736842105263E-1,4.912280701754E-1,
5.087719298246E-1,5.263157894737E-1,5.438596491228E-1,5.614035087719E-1,
5.789473684211E-1,5.964912280702E-1,6.140350877193E-1,6.315789473684E-1,
6.491228070175E-1,6.666666666667E-1,6.842105263158E-1,7.017543859649E-1,
7.192982456140E-1,7.368421052632E-1,7.543859649123E-1,7.719298245614E-1,
7.894736842105E-1,8.070175438596E-1,8.245614035088E-1,8.421052631579E-1,
8.596491228070E-1,8.771929824561E-1,8.947368421053E-1,9.122807017544E-1,
9.298245614035E-1,9.473684210526E-1,9.649122807018E-1,9.824561403509E-1,1.E0),
.UNSPECIFIED.);
#1374=B_SPLINE_CURVE_WITH_KNOTS('686',3,(#1314,#1315,#1316,#1317,#1318,#1319,
#1320,#1321,#1322,#1323,#1324,#1325,#1326,#1327,#1328,#1329,#1330,#1331,#1332,
#1333,#1334,#1335,#1336,#1337,#1338,#1339,#1340,#1341,#1342,#1343,#1344,#1345,
#1346,#1347,#1348,#1349,#1350,#1351,#1352,#1353,#1354,#1355,#1356,#1357,#1358,
#1359,#1360,#1361,#1362,#1363,#1364,#1365,#1366,#1367,#1368,#1369,#1370,#1371,
#1372,#1373),.UNSPECIFIED.,.F.,.F.,(4,1,1,1,1,1,1,1,1,1,1,1,1,1,1,1,1,1,1,1,1,1,
1,1,1,1,1,1,1,1,1,1,1,1,1,1,1,1,1,1,1,1,1,1,1,1,1,1,1,1,1,1,1,1,1,1,1,4),(0.E0,
1.754385964912E-2,3.508771929825E-2,5.263157894737E-2,7.017543859649E-2,
8.771929824561E-2,1.052631578947E-1,1.228070175439E-1,1.403508771930E-1,
1.578947368421E-1,1.754385964912E-1,1.929824561404E-1,2.105263157895E-1,
2.280701754386E-1,2.456140350877E-1,2.631578947368E-1,2.807017543860E-1,
2.982456140351E-1,3.157894736842E-1,3.333333333333E-1,3.508771929825E-1,
3.684210526316E-1,3.859649122807E-1,4.035087719298E-1,4.210526315789E-1,
4.385964912281E-1,4.561403508772E-1,4.736842105263E-1,4.912280701754E-1,
5.087719298246E-1,5.263157894737E-1,5.438596491228E-1,5.614035087719E-1,
5.789473684211E-1,5.964912280702E-1,6.140350877193E-1,6.315789473684E-1,
6.491228070175E-1,6.666666666667E-1,6.842105263158E-1,7.017543859649E-1,
7.192982456140E-1,7.368421052632E-1,7.543859649123E-1,7.719298245614E-1,
7.894736842105E-1,8.070175438596E-1,8.245614035088E-1,8.421052631579E-1,
8.596491228070E-1,8.771929824561E-1,8.947368421053E-1,9.122807017544E-1,
9.298245614035E-1,9.473684210526E-1,9.649122807018E-1,9.824561403509E-1,1.E0),
.UNSPECIFIED.);
#1447=B_SPLINE_CURVE_WITH_KNOTS('741',3,(#1387,#1388,#1389,#1390,#1391,#1392,
#1393,#1394,#1395,#1396,#1397,#1398,#1399,#1400,#1401,#1402,#1403,#1404,#1405,
#1406,#1407,#1408,#1409,#1410,#1411,#1412,#1413,#1414,#1415,#1416,#1417,#1418,
#1419,#1420,#1421,#1422,#1423,#1424,#1425,#1426,#1427,#1428,#1429,#1430,#1431,
#1432,#1433,#1434,#1435,#1436,#1437,#1438,#1439,#1440,#1441,#1442,#1443,#1444,
#1445,#1446),.UNSPECIFIED.,.F.,.F.,(4,1,1,1,1,1,1,1,1,1,1,1,1,1,1,1,1,1,1,1,1,1,
1,1,1,1,1,1,1,1,1,1,1,1,1,1,1,1,1,1,1,1,1,1,1,1,1,1,1,1,1,1,1,1,1,1,1,4),(0.E0,
1.754385964912E-2,3.508771929825E-2,5.263157894737E-2,7.017543859649E-2,
8.771929824561E-2,1.052631578947E-1,1.228070175439E-1,1.403508771930E-1,
1.578947368421E-1,1.754385964912E-1,1.929824561404E-1,2.105263157895E-1,
2.280701754386E-1,2.456140350877E-1,2.631578947368E-1,2.807017543860E-1,
2.982456140351E-1,3.157894736842E-1,3.333333333333E-1,3.508771929825E-1,
3.684210526316E-1,3.859649122807E-1,4.035087719298E-1,4.210526315789E-1,
4.385964912281E-1,4.561403508772E-1,4.736842105263E-1,4.912280701754E-1,
5.087719298246E-1,5.263157894737E-1,5.438596491228E-1,5.614035087719E-1,
5.789473684211E-1,5.964912280702E-1,6.140350877193E-1,6.315789473684E-1,
6.491228070175E-1,6.666666666667E-1,6.842105263158E-1,7.017543859649E-1,
7.192982456140E-1,7.368421052632E-1,7.543859649123E-1,7.719298245614E-1,
7.894736842105E-1,8.070175438596E-1,8.245614035088E-1,8.421052631579E-1,
8.596491228070E-1,8.771929824561E-1,8.947368421053E-1,9.122807017544E-1,
9.298245614035E-1,9.473684210526E-1,9.649122807018E-1,9.824561403509E-1,1.E0),
.UNSPECIFIED.);
#1508=B_SPLINE_CURVE_WITH_KNOTS('742',3,(#1448,#1449,#1450,#1451,#1452,#1453,
#1454,#1455,#1456,#1457,#1458,#1459,#1460,#1461,#1462,#1463,#1464,#1465,#1466,
#1467,#1468,#1469,#1470,#1471,#1472,#1473,#1474,#1475,#1476,#1477,#1478,#1479,
#1480,#1481,#1482,#1483,#1484,#1485,#1486,#1487,#1488,#1489,#1490,#1491,#1492,
#1493,#1494,#1495,#1496,#1497,#1498,#1499,#1500,#1501,#1502,#1503,#1504,#1505,
#1506,#1507),.UNSPECIFIED.,.F.,.F.,(4,1,1,1,1,1,1,1,1,1,1,1,1,1,1,1,1,1,1,1,1,1,
1,1,1,1,1,1,1,1,1,1,1,1,1,1,1,1,1,1,1,1,1,1,1,1,1,1,1,1,1,1,1,1,1,1,1,4),(0.E0,
1.754385964912E-2,3.508771929825E-2,5.263157894737E-2,7.017543859649E-2,
8.771929824561E-2,1.052631578947E-1,1.228070175439E-1,1.403508771930E-1,
1.578947368421E-1,1.754385964912E-1,1.929824561404E-1,2.105263157895E-1,
2.280701754386E-1,2.456140350877E-1,2.631578947368E-1,2.807017543860E-1,
2.982456140351E-1,3.157894736842E-1,3.333333333333E-1,3.508771929825E-1,
3.684210526316E-1,3.859649122807E-1,4.035087719298E-1,4.210526315789E-1,
4.385964912281E-1,4.561403508772E-1,4.736842105263E-1,4.912280701754E-1,
5.087719298246E-1,5.263157894737E-1,5.438596491228E-1,5.614035087719E-1,
5.789473684211E-1,5.964912280702E-1,6.140350877193E-1,6.315789473684E-1,
6.491228070175E-1,6.666666666667E-1,6.842105263158E-1,7.017543859649E-1,
7.192982456140E-1,7.368421052632E-1,7.543859649123E-1,7.719298245614E-1,
7.894736842105E-1,8.070175438596E-1,8.245614035088E-1,8.421052631579E-1,
8.596491228070E-1,8.771929824561E-1,8.947368421053E-1,9.122807017544E-1,
9.298245614035E-1,9.473684210526E-1,9.649122807018E-1,9.824561403509E-1,1.E0),
.UNSPECIFIED.);
#1569=B_SPLINE_CURVE_WITH_KNOTS('787',3,(#1509,#1510,#1511,#1512,#1513,#1514,
#1515,#1516,#1517,#1518,#1519,#1520,#1521,#1522,#1523,#1524,#1525,#1526,#1527,
#1528,#1529,#1530,#1531,#1532,#1533,#1534,#1535,#1536,#1537,#1538,#1539,#1540,
#1541,#1542,#1543,#1544,#1545,#1546,#1547,#1548,#1549,#1550,#1551,#1552,#1553,
#1554,#1555,#1556,#1557,#1558,#1559,#1560,#1561,#1562,#1563,#1564,#1565,#1566,
#1567,#1568),.UNSPECIFIED.,.F.,.F.,(4,1,1,1,1,1,1,1,1,1,1,1,1,1,1,1,1,1,1,1,1,1,
1,1,1,1,1,1,1,1,1,1,1,1,1,1,1,1,1,1,1,1,1,1,1,1,1,1,1,1,1,1,1,1,1,1,1,4),(0.E0,
1.754385964912E-2,3.508771929825E-2,5.263157894737E-2,7.017543859649E-2,
8.771929824561E-2,1.052631578947E-1,1.228070175439E-1,1.403508771930E-1,
1.578947368421E-1,1.754385964912E-1,1.929824561404E-1,2.105263157895E-1,
2.280701754386E-1,2.456140350877E-1,2.631578947368E-1,2.807017543860E-1,
2.982456140351E-1,3.157894736842E-1,3.333333333333E-1,3.508771929825E-1,
3.684210526316E-1,3.859649122807E-1,4.035087719298E-1,4.210526315789E-1,
4.385964912281E-1,4.561403508772E-1,4.736842105263E-1,4.912280701754E-1,
5.087719298246E-1,5.263157894737E-1,5.438596491228E-1,5.614035087719E-1,
5.789473684211E-1,5.964912280702E-1,6.140350877193E-1,6.315789473684E-1,
6.491228070175E-1,6.666666666667E-1,6.842105263158E-1,7.017543859649E-1,
7.192982456140E-1,7.368421052632E-1,7.543859649123E-1,7.719298245614E-1,
7.894736842105E-1,8.070175438596E-1,8.245614035088E-1,8.421052631579E-1,
8.596491228070E-1,8.771929824561E-1,8.947368421053E-1,9.122807017544E-1,
9.298245614035E-1,9.473684210526E-1,9.649122807018E-1,9.824561403509E-1,1.E0),
.UNSPECIFIED.);
#1630=B_SPLINE_CURVE_WITH_KNOTS('788',3,(#1570,#1571,#1572,#1573,#1574,#1575,
#1576,#1577,#1578,#1579,#1580,#1581,#1582,#1583,#1584,#1585,#1586,#1587,#1588,
#1589,#1590,#1591,#1592,#1593,#1594,#1595,#1596,#1597,#1598,#1599,#1600,#1601,
#1602,#1603,#1604,#1605,#1606,#1607,#1608,#1609,#1610,#1611,#1612,#1613,#1614,
#1615,#1616,#1617,#1618,#1619,#1620,#1621,#1622,#1623,#1624,#1625,#1626,#1627,
#1628,#1629),.UNSPECIFIED.,.F.,.F.,(4,1,1,1,1,1,1,1,1,1,1,1,1,1,1,1,1,1,1,1,1,1,
1,1,1,1,1,1,1,1,1,1,1,1,1,1,1,1,1,1,1,1,1,1,1,1,1,1,1,1,1,1,1,1,1,1,1,4),(0.E0,
1.754385964912E-2,3.508771929825E-2,5.263157894737E-2,7.017543859649E-2,
8.771929824561E-2,1.052631578947E-1,1.228070175439E-1,1.403508771930E-1,
1.578947368421E-1,1.754385964912E-1,1.929824561404E-1,2.105263157895E-1,
2.280701754386E-1,2.456140350877E-1,2.631578947368E-1,2.807017543860E-1,
2.982456140351E-1,3.157894736842E-1,3.333333333333E-1,3.508771929825E-1,
3.684210526316E-1,3.859649122807E-1,4.035087719298E-1,4.210526315789E-1,
4.385964912281E-1,4.561403508772E-1,4.736842105263E-1,4.912280701754E-1,
5.087719298246E-1,5.263157894737E-1,5.438596491228E-1,5.614035087719E-1,
5.789473684211E-1,5.964912280702E-1,6.140350877193E-1,6.315789473684E-1,
6.491228070175E-1,6.666666666667E-1,6.842105263158E-1,7.017543859649E-1,
7.192982456140E-1,7.368421052632E-1,7.543859649123E-1,7.719298245614E-1,
7.894736842105E-1,8.070175438596E-1,8.245614035088E-1,8.421052631579E-1,
8.596491228070E-1,8.771929824561E-1,8.947368421053E-1,9.122807017544E-1,
9.298245614035E-1,9.473684210526E-1,9.649122807018E-1,9.824561403509E-1,1.E0),
.UNSPECIFIED.);
#1641=B_SPLINE_CURVE_WITH_KNOTS('128',3,(#1635,#1636,#1637,#1638,#1639,#1640),
.UNSPECIFIED.,.F.,.F.,(4,1,1,4),(0.E0,2.5E-1,5.E-1,1.E0),.UNSPECIFIED.);
#1652=B_SPLINE_CURVE_WITH_KNOTS('131',3,(#1646,#1647,#1648,#1649,#1650,#1651),
.UNSPECIFIED.,.F.,.F.,(4,1,1,4),(0.E0,2.5E-1,5.E-1,1.E0),.UNSPECIFIED.);
#1661=CIRCLE('431',#1660,2.4E1);
#1704=B_SPLINE_CURVE_WITH_KNOTS('216',3,(#1678,#1679,#1680,#1681,#1682,#1683,
#1684,#1685,#1686,#1687,#1688,#1689,#1690,#1691,#1692,#1693,#1694,#1695,#1696,
#1697,#1698,#1699,#1700,#1701,#1702,#1703),.UNSPECIFIED.,.F.,.F.,(4,1,1,1,1,1,1,
1,1,1,1,1,1,1,1,1,1,1,1,1,1,1,1,4),(0.E0,4.347826086957E-2,8.695652173913E-2,
1.304347826087E-1,1.739130434783E-1,2.173913043478E-1,2.608695652174E-1,
3.043478260870E-1,3.478260869565E-1,3.913043478261E-1,4.347826086957E-1,
4.782608695652E-1,5.217391304348E-1,5.652173913043E-1,6.086956521739E-1,
6.521739130435E-1,6.956521739130E-1,7.391304347826E-1,7.826086956522E-1,
8.260869565217E-1,8.695652173913E-1,9.130434782609E-1,9.565217391304E-1,1.E0),
.UNSPECIFIED.);
#1731=B_SPLINE_CURVE_WITH_KNOTS('217',3,(#1705,#1706,#1707,#1708,#1709,#1710,
#1711,#1712,#1713,#1714,#1715,#1716,#1717,#1718,#1719,#1720,#1721,#1722,#1723,
#1724,#1725,#1726,#1727,#1728,#1729,#1730),.UNSPECIFIED.,.F.,.F.,(4,1,1,1,1,1,1,
1,1,1,1,1,1,1,1,1,1,1,1,1,1,1,1,4),(0.E0,4.347826086957E-2,8.695652173913E-2,
1.304347826087E-1,1.739130434783E-1,2.173913043478E-1,2.608695652174E-1,
3.043478260870E-1,3.478260869565E-1,3.913043478261E-1,4.347826086957E-1,
4.782608695652E-1,5.217391304348E-1,5.652173913043E-1,6.086956521739E-1,
6.521739130435E-1,6.956521739130E-1,7.391304347826E-1,7.826086956522E-1,
8.260869565217E-1,8.695652173913E-1,9.130434782609E-1,9.565217391304E-1,1.E0),
.UNSPECIFIED.);
#1744=CIRCLE('204',#1743,3.3E0);
#1749=CIRCLE('205',#1748,3.3E0);
#1754=CIRCLE('277',#1753,1.7E0);
#1759=CIRCLE('278',#1758,1.7E0);
#1810=B_SPLINE_CURVE_WITH_KNOTS('104',3,(#1804,#1805,#1806,#1807,#1808,#1809),
.UNSPECIFIED.,.F.,.F.,(4,1,1,4),(0.E0,2.5E-1,5.E-1,1.E0),.UNSPECIFIED.);
#1821=B_SPLINE_CURVE_WITH_KNOTS('100',3,(#1815,#1816,#1817,#1818,#1819,#1820),
.UNSPECIFIED.,.F.,.F.,(4,1,1,4),(0.E0,2.5E-1,5.E-1,1.E0),.UNSPECIFIED.);
#1830=CIRCLE('392',#1829,2.4E1);
#1873=B_SPLINE_CURVE_WITH_KNOTS('537',3,(#1847,#1848,#1849,#1850,#1851,#1852,
#1853,#1854,#1855,#1856,#1857,#1858,#1859,#1860,#1861,#1862,#1863,#1864,#1865,
#1866,#1867,#1868,#1869,#1870,#1871,#1872),.UNSPECIFIED.,.F.,.F.,(4,1,1,1,1,1,1,
1,1,1,1,1,1,1,1,1,1,1,1,1,1,1,1,4),(0.E0,4.347826086957E-2,8.695652173913E-2,
1.304347826087E-1,1.739130434783E-1,2.173913043478E-1,2.608695652174E-1,
3.043478260870E-1,3.478260869565E-1,3.913043478261E-1,4.347826086957E-1,
4.782608695652E-1,5.217391304348E-1,5.652173913043E-1,6.086956521739E-1,
6.521739130435E-1,6.956521739130E-1,7.391304347826E-1,7.826086956522E-1,
8.260869565217E-1,8.695652173913E-1,9.130434782609E-1,9.565217391304E-1,1.E0),
.UNSPECIFIED.);
#1900=B_SPLINE_CURVE_WITH_KNOTS('538',3,(#1874,#1875,#1876,#1877,#1878,#1879,
#1880,#1881,#1882,#1883,#1884,#1885,#1886,#1887,#1888,#1889,#1890,#1891,#1892,
#1893,#1894,#1895,#1896,#1897,#1898,#1899),.UNSPECIFIED.,.F.,.F.,(4,1,1,1,1,1,1,
1,1,1,1,1,1,1,1,1,1,1,1,1,1,1,1,4),(0.E0,4.347826086957E-2,8.695652173913E-2,
1.304347826087E-1,1.739130434783E-1,2.173913043478E-1,2.608695652174E-1,
3.043478260870E-1,3.478260869565E-1,3.913043478261E-1,4.347826086957E-1,
4.782608695652E-1,5.217391304348E-1,5.652173913043E-1,6.086956521739E-1,
6.521739130435E-1,6.956521739130E-1,7.391304347826E-1,7.826086956522E-1,
8.260869565217E-1,8.695652173913E-1,9.130434782609E-1,9.565217391304E-1,1.E0),
.UNSPECIFIED.);
#1913=CIRCLE('507',#1912,3.3E0);
#1918=CIRCLE('508',#1917,3.3E0);
#1923=CIRCLE('550',#1922,1.7E0);
#1928=CIRCLE('551',#1927,1.7E0);
#2052=EDGE_CURVE('429',#1996,#1989,#30,.T.);
#2054=EDGE_CURVE('420',#1989,#1980,#35,.T.);
#2056=EDGE_CURVE('380',#1980,#1973,#40,.T.);
#2058=EDGE_CURVE('391',#1973,#1986,#44,.T.);
#2060=EDGE_CURVE('449',#1986,#1984,#1814,.T.);
#2062=EDGE_CURVE('390',#1984,#1977,#48,.T.);
#2064=EDGE_CURVE('381',#1977,#1982,#53,.T.);
#2066=EDGE_CURVE('419',#1982,#1993,#58,.T.);
#2068=EDGE_CURVE('430',#1993,#1998,#62,.T.);
#2070=EDGE_CURVE('454',#1996,#1998,#1645,.T.);
#2074=EDGE_CURVE('59',#1939,#1940,#21,.T.);
#2076=EDGE_CURVE('60',#1940,#1939,#26,.T.);
#2080=EDGE_CURVE('439',#1968,#1970,#67,.T.);
#2082=EDGE_CURVE('440',#1970,#1968,#72,.T.);
#2086=EDGE_CURVE('548',#2010,#2014,#77,.T.);
#2088=EDGE_CURVE('549',#2014,#2010,#82,.T.);
#2092=ADVANCED_FACE('58',(#2073,#2079,#2085,#2091),#2051,.F.);
#2098=EDGE_CURVE('679',#2015,#2016,#143,.T.);
#2100=EDGE_CURVE('689',#1940,#2015,#537,.T.);
#2103=EDGE_CURVE('687',#1939,#2018,#147,.T.);
#2105=EDGE_CURVE('680',#2017,#2018,#208,.T.);
#2107=EDGE_CURVE('688',#2017,#1943,#212,.T.);
#2109=EDGE_CURVE('64',#1943,#1944,#851,.T.);
#2111=EDGE_CURVE('690',#2016,#1944,#602,.T.);
#2115=EDGE_CURVE('733',#2023,#2024,#273,.T.);
#2117=EDGE_CURVE('734',#2024,#2023,#334,.T.);
#2121=EDGE_CURVE('779',#2045,#2037,#395,.T.);
#2123=EDGE_CURVE('780',#2037,#2045,#456,.T.);
#2127=ADVANCED_FACE('68',(#2114,#2120,#2126),#2097,.F.);
#2132=ELLIPSE('675',#2131,4.5E1,7.E0);
#2137=EDGE_CURVE('696',#2016,#2022,#460,.T.);
#2139=EDGE_CURVE('685',#2022,#2021,#1309,.T.);
#2141=EDGE_CURVE('698',#2015,#2021,#472,.T.);
#2145=ADVANCED_FACE('675',(#2144),#2135,.F.);
#2150=ELLIPSE('675',#2149,4.5E1,7.E0);
#2155=EDGE_CURVE('697',#2020,#2018,#468,.T.);
#2157=EDGE_CURVE('686',#2020,#2019,#1374,.T.);
#2159=EDGE_CURVE('695',#2019,#2017,#464,.T.);
#2163=ADVANCED_FACE('675',(#2162),#2153,.F.);
#2168=ELLIPSE('677',#2167,4.5E1,7.E0);
#2172=EDGE_CURVE('681',#2018,#2017,#533,.T.);
#2175=EDGE_CURVE('683',#2019,#2020,#927,.T.);
#2180=ADVANCED_FACE('677',(#2179),#2171,.F.);
#2185=ELLIPSE('677',#2184,4.5E1,7.E0);
#2189=EDGE_CURVE('682',#2016,#2015,#598,.T.);
#2192=EDGE_CURVE('684',#2021,#2022,#992,.T.);
#2197=ADVANCED_FACE('677',(#2196),#2188,.F.);
#2209=EDGE_CURVE('65',#1944,#1943,#856,.T.);
#2214=EDGE_CURVE('736',#2025,#2026,#663,.T.);
#2216=EDGE_CURVE('738',#2026,#2025,#724,.T.);
#2220=EDGE_CURVE('782',#2034,#2042,#785,.T.);
#2222=EDGE_CURVE('784',#2042,#2034,#846,.T.);
#2226=ADVANCED_FACE('70',(#2213,#2219,#2225),#2202,.F.);
#2232=EDGE_CURVE('66',#1947,#1948,#861,.T.);
#2234=EDGE_CURVE('67',#1948,#1947,#866,.T.);
#2242=ADVANCED_FACE('63',(#2237,#2241),#2231,.T.);
#2249=EDGE_CURVE('692',#2019,#1947,#931,.T.);
#2252=EDGE_CURVE('694',#2022,#1948,#1313,.T.);
#2255=EDGE_CURVE('693',#1982,#2021,#1386,.T.);
#2258=EDGE_CURVE('375',#1977,#1978,#996,.T.);
#2260=EDGE_CURVE('392',#1974,#1978,#1830,.T.);
#2262=EDGE_CURVE('374',#1973,#1974,#1000,.T.);
#2265=EDGE_CURVE('691',#1980,#2020,#1004,.T.);
#2269=EDGE_CURVE('739',#2027,#2028,#1065,.T.);
#2271=EDGE_CURVE('740',#2028,#2027,#1126,.T.);
#2275=EDGE_CURVE('785',#2041,#2033,#1187,.T.);
#2277=EDGE_CURVE('786',#2033,#2041,#1248,.T.);
#2281=ADVANCED_FACE('72',(#2268,#2274,#2280),#2247,.T.);
#2294=EDGE_CURVE('413',#1989,#1990,#1378,.T.);
#2296=EDGE_CURVE('431',#1994,#1990,#1661,.T.);
#2298=EDGE_CURVE('414',#1993,#1994,#1382,.T.);
#2304=EDGE_CURVE('741',#2029,#2030,#1447,.T.);
#2306=EDGE_CURVE('742',#2030,#2029,#1508,.T.);
#2310=EDGE_CURVE('787',#2038,#2046,#1569,.T.);
#2312=EDGE_CURVE('788',#2046,#2038,#1630,.T.);
#2316=ADVANCED_FACE('74',(#2303,#2309,#2315),#2286,.T.);
#2324=EDGE_CURVE('451',#1996,#1953,#1634,.T.);
#2326=EDGE_CURVE('128',#1953,#1954,#1641,.T.);
#2328=EDGE_CURVE('432',#1990,#1954,#1665,.T.);
#2332=ADVANCED_FACE('121',(#2331),#2321,.F.);
#2340=EDGE_CURVE('452',#1998,#1955,#1656,.T.);
#2342=EDGE_CURVE('455',#1953,#1955,#1677,.T.);
#2346=ADVANCED_FACE('453',(#2345),#2337,.F.);
#2353=EDGE_CURVE('433',#1956,#1994,#1673,.T.);
#2355=EDGE_CURVE('131',#1955,#1956,#1652,.T.);
#2361=ADVANCED_FACE('122',(#2360),#2351,.T.);
#2369=EDGE_CURVE('356',#1954,#1956,#1669,.T.);
#2374=ADVANCED_FACE('355',(#2373),#2366,.F.);
#2379=ELLIPSE('125',#2378,6.302511353144E1,2.370862109560E1);
#2389=EDGE_CURVE('216',#1961,#1962,#1704,.T.);
#2391=EDGE_CURVE('217',#1962,#1961,#1731,.T.);
#2395=ADVANCED_FACE('125',(#2388,#2394),#2382,.F.);
#2402=EDGE_CURVE('220',#1959,#1962,#1735,.T.);
#2404=EDGE_CURVE('204',#1959,#1960,#1744,.T.);
#2406=EDGE_CURVE('253',#1960,#1961,#1739,.T.);
#2410=ADVANCED_FACE('209',(#2409),#2400,.F.);
#2418=EDGE_CURVE('205',#1960,#1959,#1749,.T.);
#2423=ADVANCED_FACE('211',(#2422),#2415,.F.);
#2433=EDGE_CURVE('277',#1965,#1966,#1754,.T.);
#2435=EDGE_CURVE('278',#1966,#1965,#1759,.T.);
#2439=ADVANCED_FACE('203',(#2432,#2438),#2428,.T.);
#2446=EDGE_CURVE('279',#1965,#1968,#1763,.T.);
#2449=EDGE_CURVE('280',#1966,#1970,#1767,.T.);
#2453=ADVANCED_FACE('269',(#2452),#2444,.F.);
#2465=ADVANCED_FACE('271',(#2464),#2458,.F.);
#2470=ELLIPSE('729',#2469,4.5E1,7.E0);
#2475=EDGE_CURVE('752',#2024,#2029,#1779,.T.);
#2478=EDGE_CURVE('750',#2023,#2030,#1771,.T.);
#2482=ADVANCED_FACE('729',(#2481),#2473,.F.);
#2487=ELLIPSE('729',#2486,4.5E1,7.E0);
#2492=EDGE_CURVE('749',#2027,#2026,#1775,.T.);
#2495=EDGE_CURVE('751',#2028,#2025,#1783,.T.);
#2499=ADVANCED_FACE('729',(#2498),#2490,.F.);
#2504=ELLIPSE('731',#2503,4.5E1,7.E0);
#2514=ADVANCED_FACE('731',(#2513),#2507,.F.);
#2519=ELLIPSE('731',#2518,4.5E1,7.E0);
#2529=ADVANCED_FACE('731',(#2528),#2522,.F.);
#2534=ELLIPSE('767',#2533,4.5E1,7.E0);
#2538=EDGE_CURVE('775',#2033,#2034,#1787,.T.);
#2541=EDGE_CURVE('777',#2041,#2042,#1795,.T.);
#2546=ADVANCED_FACE('767',(#2545),#2537,.F.);
#2551=ELLIPSE('767',#2550,4.5E1,7.E0);
#2555=EDGE_CURVE('776',#2037,#2038,#1791,.T.);
#2558=EDGE_CURVE('778',#2045,#2046,#1799,.T.);
#2563=ADVANCED_FACE('767',(#2562),#2554,.F.);
#2568=ELLIPSE('768',#2567,4.5E1,7.E0);
#2578=ADVANCED_FACE('768',(#2577),#2571,.F.);
#2583=ELLIPSE('768',#2582,4.5E1,7.E0);
#2593=ADVANCED_FACE('768',(#2592),#2586,.F.);
#2601=EDGE_CURVE('447',#1984,#1951,#1803,.T.);
#2603=EDGE_CURVE('104',#1951,#1952,#1810,.T.);
#2605=EDGE_CURVE('393',#1978,#1952,#1834,.T.);
#2609=ADVANCED_FACE('101',(#2608),#2598,.F.);
#2615=EDGE_CURVE('446',#1986,#1949,#1825,.T.);
#2617=EDGE_CURVE('450',#1949,#1951,#1846,.T.);
#2623=ADVANCED_FACE('448',(#2622),#2614,.T.);
#2630=EDGE_CURVE('394',#1950,#1974,#1842,.T.);
#2632=EDGE_CURVE('100',#1949,#1950,#1821,.T.);
#2638=ADVANCED_FACE('97',(#2637),#2628,.T.);
#2646=EDGE_CURVE('351',#1950,#1952,#1838,.T.);
#2651=ADVANCED_FACE('350',(#2650),#2643,.T.);
#2656=ELLIPSE('109',#2655,6.302511353144E1,2.370862109560E1);
#2666=EDGE_CURVE('537',#2004,#2006,#1873,.T.);
#2668=EDGE_CURVE('538',#2006,#2004,#1900,.T.);
#2672=ADVANCED_FACE('109',(#2665,#2671),#2659,.F.);
#2678=EDGE_CURVE('515',#2001,#2004,#1904,.T.);
#2681=EDGE_CURVE('516',#2002,#2006,#1908,.T.);
#2683=EDGE_CURVE('507',#2001,#2002,#1913,.T.);
#2687=ADVANCED_FACE('505',(#2686),#2677,.F.);
#2694=EDGE_CURVE('508',#2002,#2001,#1918,.T.);
#2700=ADVANCED_FACE('506',(#2699),#2692,.F.);
#2710=EDGE_CURVE('550',#2009,#2013,#1923,.T.);
#2712=EDGE_CURVE('551',#2013,#2009,#1928,.T.);
#2716=ADVANCED_FACE('503',(#2709,#2715),#2705,.F.);
#2722=EDGE_CURVE('533',#2009,#2010,#1932,.T.);
#2725=EDGE_CURVE('534',#2013,#2014,#1936,.T.);
#2730=ADVANCED_FACE('525',(#2729),#2721,.F.);
#2742=ADVANCED_FACE('526',(#2741),#2735,.F.);
#2743=CLOSED_SHELL('',(#2092,#2127,#2145,#2163,#2180,#2197,#2226,#2242,#2281,
#2316,#2332,#2346,#2361,#2374,#2395,#2410,#2423,#2439,#2453,#2465,#2482,#2499,
#2514,#2529,#2546,#2563,#2578,#2593,#2609,#2623,#2638,#2651,#2672,#2687,#2700,
#2716,#2730,#2742));
#2744=MANIFOLD_SOLID_BREP('',#2743);
#2772=TRIMMED_CURVE('A_PRT_X',#2771,(PARAMETER_VALUE(0.E0)),(PARAMETER_VALUE(
1.E0)),.T.,.UNSPECIFIED.);
#2780=CIRCLE('50',#2779,2.E1);
#2781=TRIMMED_CURVE('50',#2780,(PARAMETER_VALUE(1.8E2)),(PARAMETER_VALUE(0.E0)),
.F.,.UNSPECIFIED.);
#2785=COMPOSITE_CURVE_SEGMENT(.CONTINUOUS.,.T.,#2781);
#2790=CIRCLE('51',#2789,2.E1);
#2791=TRIMMED_CURVE('51',#2790,(PARAMETER_VALUE(1.8E2)),(PARAMETER_VALUE(0.E0)),
.F.,.UNSPECIFIED.);
#2795=COMPOSITE_CURVE_SEGMENT(.CONTINUOUS.,.T.,#2791);
#2796=COMPOSITE_CURVE('48',(#2785,#2795),.F.);
#2802=CIRCLE('52',#2801,2.4E1);
#2803=TRIMMED_CURVE('52',#2802,(PARAMETER_VALUE(0.E0)),(PARAMETER_VALUE(1.8E2)),
.T.,.UNSPECIFIED.);
#2807=COMPOSITE_CURVE_SEGMENT(.CONTINUOUS.,.T.,#2803);
#2812=CIRCLE('53',#2811,2.4E1);
#2813=TRIMMED_CURVE('53',#2812,(PARAMETER_VALUE(0.E0)),(PARAMETER_VALUE(1.8E2)),
.T.,.UNSPECIFIED.);
#2817=COMPOSITE_CURVE_SEGMENT(.CONTINUOUS.,.T.,#2813);
#2818=COMPOSITE_CURVE('49',(#2807,#2817),.F.);
#2823=TRIMMED_CURVE('A_1',#2822,(PARAMETER_VALUE(0.E0)),(PARAMETER_VALUE(1.E0)),
.T.,.UNSPECIFIED.);
#2833=B_SPLINE_CURVE_WITH_KNOTS('91',3,(#2827,#2828,#2829,#2830,#2831,#2832),
.UNSPECIFIED.,.F.,.F.,(4,1,1,4),(0.E0,5.E-1,7.5E-1,1.E0),.UNSPECIFIED.);
#2837=COMPOSITE_CURVE_SEGMENT(.CONTINUOUS.,.T.,#2833);
#2842=TRIMMED_CURVE('445',#2841,(PARAMETER_VALUE(0.E0)),(PARAMETER_VALUE(1.E0)),
.T.,.UNSPECIFIED.);
#2846=COMPOSITE_CURVE_SEGMENT(.CONTINUOUS.,.T.,#2842);
#2851=TRIMMED_CURVE('92',#2850,(PARAMETER_VALUE(0.E0)),(PARAMETER_VALUE(1.E0)),
.T.,.UNSPECIFIED.);
#2855=COMPOSITE_CURVE_SEGMENT(.CONTINUOUS.,.T.,#2851);
#2860=TRIMMED_CURVE('358',#2859,(PARAMETER_VALUE(0.E0)),(PARAMETER_VALUE(1.E0)),
.T.,.UNSPECIFIED.);
#2864=COMPOSITE_CURVE_SEGMENT(.CONTINUOUS.,.T.,#2860);
#2869=TRIMMED_CURVE('359',#2868,(PARAMETER_VALUE(0.E0)),(PARAMETER_VALUE(1.E0)),
.T.,.UNSPECIFIED.);
#2873=COMPOSITE_CURVE_SEGMENT(.CONTINUOUS.,.T.,#2869);
#2878=TRIMMED_CURVE('360',#2877,(PARAMETER_VALUE(0.E0)),(PARAMETER_VALUE(1.E0)),
.T.,.UNSPECIFIED.);
#2882=COMPOSITE_CURVE_SEGMENT(.CONTINUOUS.,.T.,#2878);
#2887=TRIMMED_CURVE('347',#2886,(PARAMETER_VALUE(0.E0)),(PARAMETER_VALUE(1.E0)),
.T.,.UNSPECIFIED.);
#2891=COMPOSITE_CURVE_SEGMENT(.CONTINUOUS.,.T.,#2887);
#2892=COMPOSITE_CURVE('90',(#2837,#2846,#2855,#2864,#2873,#2882,#2891),.F.);
#2897=TRIMMED_CURVE('145',#2896,(PARAMETER_VALUE(0.E0)),(PARAMETER_VALUE(1.E0)),
.T.,.UNSPECIFIED.);
#2901=COMPOSITE_CURVE_SEGMENT(.CONTINUOUS.,.T.,#2897);
#2906=TRIMMED_CURVE('146',#2905,(PARAMETER_VALUE(0.E0)),(PARAMETER_VALUE(1.E0)),
.T.,.UNSPECIFIED.);
#2910=COMPOSITE_CURVE_SEGMENT(.CONTINUOUS.,.T.,#2906);
#2915=TRIMMED_CURVE('147',#2914,(PARAMETER_VALUE(0.E0)),(PARAMETER_VALUE(1.E0)),
.T.,.UNSPECIFIED.);
#2919=COMPOSITE_CURVE_SEGMENT(.CONTINUOUS.,.T.,#2915);
#2924=TRIMMED_CURVE('148',#2923,(PARAMETER_VALUE(0.E0)),(PARAMETER_VALUE(1.E0)),
.T.,.UNSPECIFIED.);
#2928=COMPOSITE_CURVE_SEGMENT(.CONTINUOUS.,.T.,#2924);
#2929=COMPOSITE_CURVE('144',(#2901,#2910,#2919,#2928),.F.);
#2939=CIRCLE('198',#2938,3.3E0);
#2940=TRIMMED_CURVE('198',#2939,(PARAMETER_VALUE(0.E0)),(PARAMETER_VALUE
(1.8E2)),.T.,.UNSPECIFIED.);
#2944=COMPOSITE_CURVE_SEGMENT(.CONTINUOUS.,.T.,#2940);
#2949=CIRCLE('199',#2948,3.3E0);
#2950=TRIMMED_CURVE('199',#2949,(PARAMETER_VALUE(0.E0)),(PARAMETER_VALUE
(1.8E2)),.T.,.UNSPECIFIED.);
#2954=COMPOSITE_CURVE_SEGMENT(.CONTINUOUS.,.T.,#2950);
#2955=COMPOSITE_CURVE('197',(#2944,#2954),.F.);
#2960=TRIMMED_CURVE('A_3',#2959,(PARAMETER_VALUE(0.E0)),(PARAMETER_VALUE(1.E0)),
.T.,.UNSPECIFIED.);
#2968=CIRCLE('258',#2967,1.7E0);
#2969=TRIMMED_CURVE('258',#2968,(PARAMETER_VALUE(0.E0)),(PARAMETER_VALUE
(1.8E2)),.T.,.UNSPECIFIED.);
#2973=COMPOSITE_CURVE_SEGMENT(.CONTINUOUS.,.T.,#2969);
#2978=CIRCLE('259',#2977,1.7E0);
#2979=TRIMMED_CURVE('259',#2978,(PARAMETER_VALUE(0.E0)),(PARAMETER_VALUE
(1.8E2)),.T.,.UNSPECIFIED.);
#2983=COMPOSITE_CURVE_SEGMENT(.CONTINUOUS.,.T.,#2979);
#2984=COMPOSITE_CURVE('257',(#2973,#2983),.F.);
#2989=TRIMMED_CURVE('A_4',#2988,(PARAMETER_VALUE(0.E0)),(PARAMETER_VALUE(1.E0)),
.T.,.UNSPECIFIED.);
#2997=TRIMMED_CURVE('A_5',#2996,(PARAMETER_VALUE(0.E0)),(PARAMETER_VALUE(1.E0)),
.T.,.UNSPECIFIED.);
#3005=TRIMMED_CURVE('A_6',#3004,(PARAMETER_VALUE(0.E0)),(PARAMETER_VALUE(1.E0)),
.T.,.UNSPECIFIED.);
#3034=B_SPLINE_CURVE_WITH_KNOTS('564',3,(#3009,#3010,#3011,#3012,#3013,#3014,
#3015,#3016,#3017,#3018,#3019,#3020,#3021,#3022,#3023,#3024,#3025,#3026,#3027,
#3028,#3029,#3030,#3031,#3032,#3033),.UNSPECIFIED.,.F.,.F.,(4,1,1,1,1,1,1,1,1,1,
1,1,1,1,1,1,1,1,1,1,1,1,4),(0.E0,6.25E-2,1.25E-1,1.875E-1,2.5E-1,3.125E-1,
3.75E-1,4.0625E-1,4.375E-1,4.6875E-1,4.84375E-1,5.E-1,5.15625E-1,5.3125E-1,
5.625E-1,5.9375E-1,6.25E-1,6.875E-1,7.5E-1,8.125E-1,8.75E-1,9.375E-1,1.E0),
.UNSPECIFIED.);
#3038=COMPOSITE_CURVE_SEGMENT(.CONTINUOUS.,.T.,#3034);
#3064=B_SPLINE_CURVE_WITH_KNOTS('565',3,(#3039,#3040,#3041,#3042,#3043,#3044,
#3045,#3046,#3047,#3048,#3049,#3050,#3051,#3052,#3053,#3054,#3055,#3056,#3057,
#3058,#3059,#3060,#3061,#3062,#3063),.UNSPECIFIED.,.F.,.F.,(4,1,1,1,1,1,1,1,1,1,
1,1,1,1,1,1,1,1,1,1,1,1,4),(0.E0,6.25E-2,1.25E-1,1.875E-1,2.5E-1,3.125E-1,
3.75E-1,4.0625E-1,4.375E-1,4.6875E-1,4.84375E-1,5.E-1,5.15625E-1,5.3125E-1,
5.625E-1,5.9375E-1,6.25E-1,6.875E-1,7.5E-1,8.125E-1,8.75E-1,9.375E-1,1.E0),
.UNSPECIFIED.);
#3068=COMPOSITE_CURVE_SEGMENT(.CONTINUOUS.,.T.,#3064);
#3069=COMPOSITE_CURVE('563',(#3038,#3068),.F.);
#3095=B_SPLINE_CURVE_WITH_KNOTS('610',3,(#3070,#3071,#3072,#3073,#3074,#3075,
#3076,#3077,#3078,#3079,#3080,#3081,#3082,#3083,#3084,#3085,#3086,#3087,#3088,
#3089,#3090,#3091,#3092,#3093,#3094),.UNSPECIFIED.,.F.,.F.,(4,1,1,1,1,1,1,1,1,1,
1,1,1,1,1,1,1,1,1,1,1,1,4),(0.E0,6.25E-2,1.25E-1,1.875E-1,2.5E-1,3.125E-1,
3.75E-1,4.0625E-1,4.375E-1,4.6875E-1,4.84375E-1,5.E-1,5.15625E-1,5.3125E-1,
5.625E-1,5.9375E-1,6.25E-1,6.875E-1,7.5E-1,8.125E-1,8.75E-1,9.375E-1,1.E0),
.UNSPECIFIED.);
#3099=COMPOSITE_CURVE_SEGMENT(.CONTINUOUS.,.T.,#3095);
#3125=B_SPLINE_CURVE_WITH_KNOTS('611',3,(#3100,#3101,#3102,#3103,#3104,#3105,
#3106,#3107,#3108,#3109,#3110,#3111,#3112,#3113,#3114,#3115,#3116,#3117,#3118,
#3119,#3120,#3121,#3122,#3123,#3124),.UNSPECIFIED.,.F.,.F.,(4,1,1,1,1,1,1,1,1,1,
1,1,1,1,1,1,1,1,1,1,1,1,4),(0.E0,6.25E-2,1.25E-1,1.875E-1,2.5E-1,3.125E-1,
3.75E-1,4.0625E-1,4.375E-1,4.6875E-1,4.84375E-1,5.E-1,5.15625E-1,5.3125E-1,
5.625E-1,5.9375E-1,6.25E-1,6.875E-1,7.5E-1,8.125E-1,8.75E-1,9.375E-1,1.E0),
.UNSPECIFIED.);
#3129=COMPOSITE_CURVE_SEGMENT(.CONTINUOUS.,.T.,#3125);
#3130=COMPOSITE_CURVE('609',(#3099,#3129),.F.);
#3156=B_SPLINE_CURVE_WITH_KNOTS('664',3,(#3131,#3132,#3133,#3134,#3135,#3136,
#3137,#3138,#3139,#3140,#3141,#3142,#3143,#3144,#3145,#3146,#3147,#3148,#3149,
#3150,#3151,#3152,#3153,#3154,#3155),.UNSPECIFIED.,.F.,.F.,(4,1,1,1,1,1,1,1,1,1,
1,1,1,1,1,1,1,1,1,1,1,1,4),(0.E0,6.25E-2,1.25E-1,1.875E-1,2.5E-1,3.125E-1,
3.75E-1,4.0625E-1,4.375E-1,4.6875E-1,4.84375E-1,5.E-1,5.15625E-1,5.3125E-1,
5.625E-1,5.9375E-1,6.25E-1,6.875E-1,7.5E-1,8.125E-1,8.75E-1,9.375E-1,1.E0),
.UNSPECIFIED.);
#3160=COMPOSITE_CURVE_SEGMENT(.CONTINUOUS.,.T.,#3156);
#3186=B_SPLINE_CURVE_WITH_KNOTS('665',3,(#3161,#3162,#3163,#3164,#3165,#3166,
#3167,#3168,#3169,#3170,#3171,#3172,#3173,#3174,#3175,#3176,#3177,#3178,#3179,
#3180,#3181,#3182,#3183,#3184,#3185),.UNSPECIFIED.,.F.,.F.,(4,1,1,1,1,1,1,1,1,1,
1,1,1,1,1,1,1,1,1,1,1,1,4),(0.E0,6.25E-2,1.25E-1,1.875E-1,2.5E-1,3.125E-1,
3.75E-1,4.0625E-1,4.375E-1,4.6875E-1,4.84375E-1,5.E-1,5.15625E-1,5.3125E-1,
5.625E-1,5.9375E-1,6.25E-1,6.875E-1,7.5E-1,8.125E-1,8.75E-1,9.375E-1,1.E0),
.UNSPECIFIED.);
#3190=COMPOSITE_CURVE_SEGMENT(.CONTINUOUS.,.T.,#3186);
#3191=COMPOSITE_CURVE('663',(#3160,#3190),.F.);
#3222=B_SPLINE_CURVE_WITH_KNOTS('712',3,(#3197,#3198,#3199,#3200,#3201,#3202,
#3203,#3204,#3205,#3206,#3207,#3208,#3209,#3210,#3211,#3212,#3213,#3214,#3215,
#3216,#3217,#3218,#3219,#3220,#3221),.UNSPECIFIED.,.F.,.F.,(4,1,1,1,1,1,1,1,1,1,
1,1,1,1,1,1,1,1,1,1,1,1,4),(0.E0,6.25E-2,1.25E-1,1.875E-1,2.5E-1,3.125E-1,
3.75E-1,4.0625E-1,4.375E-1,4.6875E-1,4.84375E-1,5.E-1,5.15625E-1,5.3125E-1,
5.625E-1,5.9375E-1,6.25E-1,6.875E-1,7.5E-1,8.125E-1,8.75E-1,9.375E-1,1.E0),
.UNSPECIFIED.);
#3226=COMPOSITE_CURVE_SEGMENT(.CONTINUOUS.,.T.,#3222);
#3252=B_SPLINE_CURVE_WITH_KNOTS('713',3,(#3227,#3228,#3229,#3230,#3231,#3232,
#3233,#3234,#3235,#3236,#3237,#3238,#3239,#3240,#3241,#3242,#3243,#3244,#3245,
#3246,#3247,#3248,#3249,#3250,#3251),.UNSPECIFIED.,.F.,.F.,(4,1,1,1,1,1,1,1,1,1,
1,1,1,1,1,1,1,1,1,1,1,1,4),(0.E0,6.25E-2,1.25E-1,1.875E-1,2.5E-1,3.125E-1,
3.75E-1,4.0625E-1,4.375E-1,4.6875E-1,4.84375E-1,5.E-1,5.15625E-1,5.3125E-1,
5.625E-1,5.9375E-1,6.25E-1,6.875E-1,7.5E-1,8.125E-1,8.75E-1,9.375E-1,1.E0),
.UNSPECIFIED.);
#3256=COMPOSITE_CURVE_SEGMENT(.CONTINUOUS.,.T.,#3252);
#3257=COMPOSITE_CURVE('711',(#3226,#3256),.F.);
#3283=B_SPLINE_CURVE_WITH_KNOTS('718',3,(#3258,#3259,#3260,#3261,#3262,#3263,
#3264,#3265,#3266,#3267,#3268,#3269,#3270,#3271,#3272,#3273,#3274,#3275,#3276,
#3277,#3278,#3279,#3280,#3281,#3282),.UNSPECIFIED.,.F.,.F.,(4,1,1,1,1,1,1,1,1,1,
1,1,1,1,1,1,1,1,1,1,1,1,4),(0.E0,6.25E-2,1.25E-1,1.875E-1,2.5E-1,3.125E-1,
3.75E-1,4.0625E-1,4.375E-1,4.6875E-1,4.84375E-1,5.E-1,5.15625E-1,5.3125E-1,
5.625E-1,5.9375E-1,6.25E-1,6.875E-1,7.5E-1,8.125E-1,8.75E-1,9.375E-1,1.E0),
.UNSPECIFIED.);
#3287=COMPOSITE_CURVE_SEGMENT(.CONTINUOUS.,.T.,#3283);
#3313=B_SPLINE_CURVE_WITH_KNOTS('719',3,(#3288,#3289,#3290,#3291,#3292,#3293,
#3294,#3295,#3296,#3297,#3298,#3299,#3300,#3301,#3302,#3303,#3304,#3305,#3306,
#3307,#3308,#3309,#3310,#3311,#3312),.UNSPECIFIED.,.F.,.F.,(4,1,1,1,1,1,1,1,1,1,
1,1,1,1,1,1,1,1,1,1,1,1,4),(0.E0,6.25E-2,1.25E-1,1.875E-1,2.5E-1,3.125E-1,
3.75E-1,4.0625E-1,4.375E-1,4.6875E-1,4.84375E-1,5.E-1,5.15625E-1,5.3125E-1,
5.625E-1,5.9375E-1,6.25E-1,6.875E-1,7.5E-1,8.125E-1,8.75E-1,9.375E-1,1.E0),
.UNSPECIFIED.);
#3317=COMPOSITE_CURVE_SEGMENT(.CONTINUOUS.,.T.,#3313);
#3318=COMPOSITE_CURVE('717',(#3287,#3317),.F.);
#3327=(LENGTH_UNIT()NAMED_UNIT(*)SI_UNIT(.MILLI.,.METRE.));
#3328=(NAMED_UNIT(*)PLANE_ANGLE_UNIT()SI_UNIT($,.RADIAN.));
#3331=(NAMED_UNIT(*)SI_UNIT($,.STERADIAN.)SOLID_ANGLE_UNIT());
#3333=(GEOMETRIC_REPRESENTATION_CONTEXT(3)GLOBAL_UNCERTAINTY_ASSIGNED_CONTEXT((
#3332))GLOBAL_UNIT_ASSIGNED_CONTEXT((#3327,#3330,#3331))REPRESENTATION_CONTEXT(
'ID1','3'));
#3334=ADVANCED_BREP_SHAPE_REPRESENTATION('',(#2744),#3333);
#3335=GEOMETRICALLY_BOUNDED_WIREFRAME_SHAPE_REPRESENTATION('',(#2797),#3333);
#3336=CONSTRUCTIVE_GEOMETRY_REPRESENTATION('supplemental geometry',(#2749,#2754,
#2759,#2763,#2772,#2823,#2934,#2960,#2989,#2997,#3005,#3196),#3333);
#3340=AXIS2_PLACEMENT_3D('',#3337,#3338,#3339);
#3341=SHAPE_REPRESENTATION('',(#3340),#3333);
#3352=PRODUCT_DEFINITION('design','',#3351,#3348);
#3353=PRODUCT_DEFINITION_SHAPE('','SHAPE FOR IMMERSION_HEATER_CAGE.',#3352);
#3354=SHAPE_ASPECT('','solid data associated with IMMERSION_HEATER_CAGE',#3353,
.F.);
#3355=PROPERTY_DEFINITION('',
'shape for solid data with which properties are associated',#3354);
#3356=SHAPE_REPRESENTATION('',(#2744),#3333);
#3357=SHAPE_DEFINITION_REPRESENTATION(#3355,#3356);
#3358=(LENGTH_UNIT()NAMED_UNIT(*)SI_UNIT(.MILLI.,.METRE.));
#3360=(MASS_UNIT()NAMED_UNIT(*)SI_UNIT(.KILO.,.GRAM.));
#3364=PROPERTY_DEFINITION('material_property','density',#3354);
#3365=REPRESENTATION('density',(#3363),#3333);
#3366=PROPERTY_DEFINITION_REPRESENTATION(#3364,#3365);
#3368=PROPERTY_DEFINITION('material property','material name',#3354);
#3369=REPRESENTATION('material name',(#3367),#3333);
#3370=PROPERTY_DEFINITION_REPRESENTATION(#3368,#3369);
#3371=SHAPE_ASPECT('','solid data associated with IMMERSION_HEATER_CAGE',#3353,
.F.);
#3372=PROPERTY_DEFINITION('',
'shape for solid data with which properties are associated',#3371);
#3373=SHAPE_REPRESENTATION('',(#2744),#3333);
#3374=SHAPE_DEFINITION_REPRESENTATION(#3372,#3373);
#3375=(LENGTH_UNIT()NAMED_UNIT(*)SI_UNIT(.MILLI.,.METRE.));
#3379=PROPERTY_DEFINITION('geometric validation property',
'area of IMMERSION_HEATER_CAGE',#3371);
#3380=REPRESENTATION('surface area',(#3378),#3333);
#3381=PROPERTY_DEFINITION_REPRESENTATION(#3379,#3380);
#3382=(LENGTH_UNIT()NAMED_UNIT(*)SI_UNIT(.MILLI.,.METRE.));
#3386=PROPERTY_DEFINITION('geometric validation property',
'volume of IMMERSION_HEATER_CAGE',#3371);
#3387=REPRESENTATION('volume',(#3385),#3333);
#3388=PROPERTY_DEFINITION_REPRESENTATION(#3386,#3387);
#3390=PROPERTY_DEFINITION('geometric validation property',
'centroid of IMMERSION_HEATER_CAGE',#3371);
#3391=REPRESENTATION('centroid',(#3389),#3333);
#3392=PROPERTY_DEFINITION_REPRESENTATION(#3390,#3391);
#3393=(LENGTH_UNIT()NAMED_UNIT(*)SI_UNIT(.MILLI.,.METRE.));
#3397=PROPERTY_DEFINITION('geometric validation property',
'area of IMMERSION_HEATER_CAGE',#3353);
#3398=REPRESENTATION('surface area',(#3396),#3333);
#3399=PROPERTY_DEFINITION_REPRESENTATION(#3397,#3398);
#3400=(LENGTH_UNIT()NAMED_UNIT(*)SI_UNIT(.MILLI.,.METRE.));
#3404=PROPERTY_DEFINITION('geometric validation property',
'volume of IMMERSION_HEATER_CAGE',#3353);
#3405=REPRESENTATION('volume',(#3403),#3333);
#3406=PROPERTY_DEFINITION_REPRESENTATION(#3404,#3405);
#3408=PROPERTY_DEFINITION('geometric validation property',
'centroid of IMMERSION_HEATER_CAGE',#3353);
#3409=REPRESENTATION('centroid',(#3407),#3333);
#3410=PROPERTY_DEFINITION_REPRESENTATION(#3408,#3409);
#3414=PRODUCT_DEFINITION('design','',#3413,#3348);
#3415=MAKE_FROM_USAGE_OPTION(
'Assign material STAHL_ALLGEMEIN to IMMERSION_HEATER_CAGE','make from','',#3352,
#3414,1,'',#3418);
#3419=(LENGTH_UNIT()NAMED_UNIT(*)SI_UNIT(.MILLI.,.METRE.));
#3421=(MASS_UNIT()NAMED_UNIT(*)SI_UNIT(.KILO.,.GRAM.));
#3425=PROPERTY_DEFINITION('material_property','density',#3414);
#3426=REPRESENTATION('density',(#3424),#3333);
#3427=PROPERTY_DEFINITION_REPRESENTATION(#3425,#3426);
#3428=SHAPE_DEFINITION_REPRESENTATION(#3353,#3341);
#3453=PLANAR_BOX('',2.445933485392E2,2.063756378300E2,#3452);
#3460=PROPERTY_DEFINITION('CAD_APPROVED_BY','user defined attribute',#3414);
#3464=REPRESENTATION('',(#3463),#3333);
#3465=PROPERTY_DEFINITION_REPRESENTATION(#3460,#3464);
#3466=PROPERTY_DEFINITION('CAD_APPROVED_ON','user defined attribute',#3414);
#3470=REPRESENTATION('',(#3469),#3333);
#3471=PROPERTY_DEFINITION_REPRESENTATION(#3466,#3470);
#3472=PROPERTY_DEFINITION('CAD_CHANGE_NO','user defined attribute',#3414);
#3476=REPRESENTATION('',(#3475),#3333);
#3477=PROPERTY_DEFINITION_REPRESENTATION(#3472,#3476);
#3478=PROPERTY_DEFINITION('CAD_CHANGE_TEXT','user defined attribute',#3414);
#3482=REPRESENTATION('',(#3481),#3333);
#3483=PROPERTY_DEFINITION_REPRESENTATION(#3478,#3482);
#3484=PROPERTY_DEFINITION('CAD_CREATED_BY','user defined attribute',#3414);
#3488=REPRESENTATION('',(#3487),#3333);
#3489=PROPERTY_DEFINITION_REPRESENTATION(#3484,#3488);
#3490=PROPERTY_DEFINITION('CAD_CREATED_ON','user defined attribute',#3414);
#3494=REPRESENTATION('',(#3493),#3333);
#3495=PROPERTY_DEFINITION_REPRESENTATION(#3490,#3494);
#3496=PROPERTY_DEFINITION('CAD_LIFECYCLE_STATE','user defined attribute',#3414);
#3500=REPRESENTATION('',(#3499),#3333);
#3501=PROPERTY_DEFINITION_REPRESENTATION(#3496,#3500);
#3502=PROPERTY_DEFINITION('CAD_MODIFIED_BY','user defined attribute',#3414);
#3506=REPRESENTATION('',(#3505),#3333);
#3507=PROPERTY_DEFINITION_REPRESENTATION(#3502,#3506);
#3508=PROPERTY_DEFINITION('CAD_MODIFIED_ON','user defined attribute',#3414);
#3512=REPRESENTATION('',(#3511),#3333);
#3513=PROPERTY_DEFINITION_REPRESENTATION(#3508,#3512);
#3514=PROPERTY_DEFINITION('CAD_REVISION','user defined attribute',#3414);
#3518=REPRESENTATION('',(#3517),#3333);
#3519=PROPERTY_DEFINITION_REPRESENTATION(#3514,#3518);
#3520=PROPERTY_DEFINITION('DEPARTMENT','user defined attribute',#3414);
#3524=REPRESENTATION('',(#3523),#3333);
#3525=PROPERTY_DEFINITION_REPRESENTATION(#3520,#3524);
#3526=PROPERTY_DEFINITION('DESCRIPTION_1_DE','user defined attribute',#3414);
#3530=REPRESENTATION('',(#3529),#3333);
#3531=PROPERTY_DEFINITION_REPRESENTATION(#3526,#3530);
#3532=PROPERTY_DEFINITION('DESCRIPTION_1_EN','user defined attribute',#3414);
#3536=REPRESENTATION('',(#3535),#3333);
#3537=PROPERTY_DEFINITION_REPRESENTATION(#3532,#3536);
#3538=PROPERTY_DEFINITION('DESCRIPTION_2_DE','user defined attribute',#3414);
#3542=REPRESENTATION('',(#3541),#3333);
#3543=PROPERTY_DEFINITION_REPRESENTATION(#3538,#3542);
#3544=PROPERTY_DEFINITION('DESCRIPTION_2_EN','user defined attribute',#3414);
#3548=REPRESENTATION('',(#3547),#3333);
#3549=PROPERTY_DEFINITION_REPRESENTATION(#3544,#3548);
#3550=PROPERTY_DEFINITION('DRAWING_NO','user defined attribute',#3414);
#3554=REPRESENTATION('',(#3553),#3333);
#3555=PROPERTY_DEFINITION_REPRESENTATION(#3550,#3554);
#3556=PROPERTY_DEFINITION('MC_CHECKTYPE','user defined attribute',#3414);
#3560=REPRESENTATION('',(#3559),#3333);
#3561=PROPERTY_DEFINITION_REPRESENTATION(#3556,#3560);
#3562=PROPERTY_DEFINITION('COATING','user defined attribute',#3414);
#3566=REPRESENTATION('',(#3565),#3333);
#3567=PROPERTY_DEFINITION_REPRESENTATION(#3562,#3566);
#3568=PROPERTY_DEFINITION('COLORING','user defined attribute',#3414);
#3572=REPRESENTATION('',(#3571),#3333);
#3573=PROPERTY_DEFINITION_REPRESENTATION(#3568,#3572);
#3574=PROPERTY_DEFINITION('DESC_SEMIFINISHED','user defined attribute',#3414);
#3578=REPRESENTATION('',(#3577),#3333);
#3579=PROPERTY_DEFINITION_REPRESENTATION(#3574,#3578);
#3580=PROPERTY_DEFINITION('DIMENSION','user defined attribute',#3414);
#3584=REPRESENTATION('',(#3583),#3333);
#3585=PROPERTY_DEFINITION_REPRESENTATION(#3580,#3584);
#3586=PROPERTY_DEFINITION('HARDNESS','user defined attribute',#3414);
#3590=REPRESENTATION('',(#3589),#3333);
#3591=PROPERTY_DEFINITION_REPRESENTATION(#3586,#3590);
#3592=PROPERTY_DEFINITION('MASS','user defined attribute',#3414);
#3596=REPRESENTATION('',(#3595),#3333);
#3597=PROPERTY_DEFINITION_REPRESENTATION(#3592,#3596);
#3598=PROPERTY_DEFINITION('MATERIAL','user defined attribute',#3414);
#3602=REPRESENTATION('',(#3601),#3333);
#3603=PROPERTY_DEFINITION_REPRESENTATION(#3598,#3602);
#3604=PROPERTY_DEFINITION('PART_NO','user defined attribute',#3414);
#3608=REPRESENTATION('',(#3607),#3333);
#3609=PROPERTY_DEFINITION_REPRESENTATION(#3604,#3608);
#3610=PROPERTY_DEFINITION('PART_NO_SEMIFINISHED','user defined attribute',
#3414);
#3614=REPRESENTATION('',(#3613),#3333);
#3615=PROPERTY_DEFINITION_REPRESENTATION(#3610,#3614);
#3616=PROPERTY_DEFINITION('STANDARD','user defined attribute',#3414);
#3620=REPRESENTATION('',(#3619),#3333);
#3621=PROPERTY_DEFINITION_REPRESENTATION(#3616,#3620);
#3622=PROPERTY_DEFINITION('STANDARD_DIMENSION','user defined attribute',#3414);
#3626=REPRESENTATION('',(#3625),#3333);
#3627=PROPERTY_DEFINITION_REPRESENTATION(#3622,#3626);
#3628=PROPERTY_DEFINITION('STANDARD_EDGE','user defined attribute',#3414);
#3632=REPRESENTATION('',(#3631),#3333);
#3633=PROPERTY_DEFINITION_REPRESENTATION(#3628,#3632);
#3634=PROPERTY_DEFINITION('STANDARD_INFO_DE','user defined attribute',#3414);
#3638=REPRESENTATION('',(#3637),#3333);
#3639=PROPERTY_DEFINITION_REPRESENTATION(#3634,#3638);
#3640=PROPERTY_DEFINITION('STANDARD_INFO_EN','user defined attribute',#3414);
#3644=REPRESENTATION('',(#3643),#3333);
#3645=PROPERTY_DEFINITION_REPRESENTATION(#3640,#3644);
#3646=PROPERTY_DEFINITION('STANDARD_SURFACE','user defined attribute',#3414);
#3650=REPRESENTATION('',(#3649),#3333);
#3651=PROPERTY_DEFINITION_REPRESENTATION(#3646,#3650);
#3652=PROPERTY_DEFINITION('STANDARD_TOL_CLASS','user defined attribute',#3414);
#3656=REPRESENTATION('',(#3655),#3333);
#3657=PROPERTY_DEFINITION_REPRESENTATION(#3652,#3656);
#3658=PROPERTY_DEFINITION('SUPPLIER','user defined attribute',#3414);
#3662=REPRESENTATION('',(#3661),#3333);
#3663=PROPERTY_DEFINITION_REPRESENTATION(#3658,#3662);
#3664=PROPERTY_DEFINITION('CLASSIFICATION','user defined attribute',#3414);
#3668=REPRESENTATION('',(#3667),#3333);
#3669=PROPERTY_DEFINITION_REPRESENTATION(#3664,#3668);
#3670=PROPERTY_DEFINITION('CATEGORY','user defined attribute',#3414);
#3674=REPRESENTATION('',(#3673),#3333);
#3675=PROPERTY_DEFINITION_REPRESENTATION(#3670,#3674);
#3676=PROPERTY_DEFINITION('PROJECT','user defined attribute',#3414);
#3680=REPRESENTATION('',(#3679),#3333);
#3681=PROPERTY_DEFINITION_REPRESENTATION(#3676,#3680);
#3682=PROPERTY_DEFINITION('PROJECT_NO','user defined attribute',#3414);
#3686=REPRESENTATION('',(#3685),#3333);
#3687=PROPERTY_DEFINITION_REPRESENTATION(#3682,#3686);
#3688=PROPERTY_DEFINITION('ORDER_CODE','user defined attribute',#3414);
#3692=REPRESENTATION('',(#3691),#3333);
#3693=PROPERTY_DEFINITION_REPRESENTATION(#3688,#3692);
#3694=PROPERTY_DEFINITION('STANDARD_WELDING','user defined attribute',#3414);
#3698=REPRESENTATION('',(#3697),#3333);
#3699=PROPERTY_DEFINITION_REPRESENTATION(#3694,#3698);
#3700=PROPERTY_DEFINITION('CUSTOMER','user defined attribute',#3414);
#3704=REPRESENTATION('',(#3703),#3333);
#3705=PROPERTY_DEFINITION_REPRESENTATION(#3700,#3704);
#3706=PROPERTY_DEFINITION('HEAT_TREATMENT','user defined attribute',#3414);
#3710=REPRESENTATION('',(#3709),#3333);
#3711=PROPERTY_DEFINITION_REPRESENTATION(#3706,#3710);
#3712=PROPERTY_DEFINITION('PTC_COMMON_NAME','user defined attribute',#3414);
#3716=REPRESENTATION('',(#3715),#3333);
#3717=PROPERTY_DEFINITION_REPRESENTATION(#3712,#3716);
#3718=PROPERTY_DEFINITION('PTC_MASTER_MATERIAL','user defined attribute',#3414);
#3722=REPRESENTATION('',(#3721),#3333);
#3723=PROPERTY_DEFINITION_REPRESENTATION(#3718,#3722);
ENDSEC;
END-ISO-10303-21;
