ISO-10303-21;
HEADER;
FILE_DESCRIPTION((''),'2;1');
FILE_NAME('LCD_BOX_16X2','2026-07-21T16:20:14',('morit'),(''),
'CREO PARAMETRIC BY PTC INC, 2025123','CREO PARAMETRIC BY PTC INC, 2025123','');
FILE_SCHEMA((
'AP242_MANAGED_MODEL_BASED_3D_ENGINEERING_MIM_LF { 1 0 10303 442 1 1 4 }'));
ENDSEC;
DATA;
#19=DIRECTION('',(0.E0,-1.E0,0.E0));
#20=VECTOR('',#19,1.2E0);
#21=CARTESIAN_POINT('',(-8.E0,1.83E1,-5.E0));
#22=LINE('792',#21,#20);
#23=DRAUGHTING_PRE_DEFINED_CURVE_FONT('continuous');
#24=CURVE_STYLE('',#23,POSITIVE_LENGTH_MEASURE(2.E-2),#11);
#25=PRESENTATION_STYLE_ASSIGNMENT((#24));
#26=STYLED_ITEM('',(#25),#22);
#27=DIRECTION('',(1.E0,0.E0,0.E0));
#28=VECTOR('',#27,2.67E1);
#29=CARTESIAN_POINT('',(-3.47E1,1.83E1,-5.E0));
#30=LINE('914',#29,#28);
#31=CURVE_STYLE('',#23,POSITIVE_LENGTH_MEASURE(2.E-2),#11);
#32=PRESENTATION_STYLE_ASSIGNMENT((#31));
#33=STYLED_ITEM('',(#32),#30);
#34=DIRECTION('',(0.E0,1.E0,0.E0));
#35=VECTOR('',#34,1.7E0);
#36=CARTESIAN_POINT('',(-3.47E1,1.66E1,-5.E0));
#37=LINE('773',#36,#35);
#38=CURVE_STYLE('',#23,POSITIVE_LENGTH_MEASURE(2.E-2),#11);
#39=PRESENTATION_STYLE_ASSIGNMENT((#38));
#40=STYLED_ITEM('',(#39),#37);
#41=CARTESIAN_POINT('',(-3.42E1,1.66E1,-5.E0));
#42=DIRECTION('',(0.E0,0.E0,1.E0));
#43=DIRECTION('',(0.E0,1.E0,0.E0));
#44=AXIS2_PLACEMENT_3D('',#41,#42,#43);
#46=CURVE_STYLE('',#23,POSITIVE_LENGTH_MEASURE(2.E-2),#11);
#47=PRESENTATION_STYLE_ASSIGNMENT((#46));
#48=STYLED_ITEM('',(#47),#45);
#49=DIRECTION('',(-1.E0,0.E0,0.E0));
#50=VECTOR('',#49,2.62E1);
#51=CARTESIAN_POINT('',(-8.E0,1.71E1,-5.E0));
#52=LINE('897',#51,#50);
#53=CURVE_STYLE('',#23,POSITIVE_LENGTH_MEASURE(2.E-2),#11);
#54=PRESENTATION_STYLE_ASSIGNMENT((#53));
#55=STYLED_ITEM('',(#54),#52);
#56=DIRECTION('',(0.E0,1.E0,0.E0));
#57=VECTOR('',#56,1.2E0);
#58=CARTESIAN_POINT('',(-6.E0,1.71E1,-5.E0));
#59=LINE('795',#58,#57);
#60=CURVE_STYLE('',#23,POSITIVE_LENGTH_MEASURE(2.E-2),#11);
#61=PRESENTATION_STYLE_ASSIGNMENT((#60));
#62=STYLED_ITEM('',(#61),#59);
#63=DIRECTION('',(-1.E0,0.E0,0.E0));
#64=VECTOR('',#63,1.2E1);
#65=CARTESIAN_POINT('',(6.E0,1.71E1,-5.E0));
#66=LINE('899',#65,#64);
#67=CURVE_STYLE('',#23,POSITIVE_LENGTH_MEASURE(2.E-2),#11);
#68=PRESENTATION_STYLE_ASSIGNMENT((#67));
#69=STYLED_ITEM('',(#68),#66);
#70=DIRECTION('',(0.E0,-1.E0,0.E0));
#71=VECTOR('',#70,1.2E0);
#72=CARTESIAN_POINT('',(6.E0,1.83E1,-5.E0));
#73=LINE('802',#72,#71);
#74=CURVE_STYLE('',#23,POSITIVE_LENGTH_MEASURE(2.E-2),#11);
#75=PRESENTATION_STYLE_ASSIGNMENT((#74));
#76=STYLED_ITEM('',(#75),#73);
#77=DIRECTION('',(1.E0,0.E0,0.E0));
#78=VECTOR('',#77,1.E0);
#79=CARTESIAN_POINT('',(5.E0,1.83E1,-5.E0));
#80=LINE('917',#79,#78);
#81=CURVE_STYLE('',#23,POSITIVE_LENGTH_MEASURE(2.E-2),#11);
#82=PRESENTATION_STYLE_ASSIGNMENT((#81));
#83=STYLED_ITEM('',(#82),#80);
#84=DIRECTION('',(1.776356839400E-14,-1.E0,0.E0));
#85=VECTOR('',#84,1.E-1);
#86=CARTESIAN_POINT('',(5.E0,1.84E1,-5.E0));
#87=LINE('834',#86,#85);
#88=CURVE_STYLE('',#23,POSITIVE_LENGTH_MEASURE(2.E-2),#11);
#89=PRESENTATION_STYLE_ASSIGNMENT((#88));
#90=STYLED_ITEM('',(#89),#87);
#91=DIRECTION('',(1.E0,0.E0,0.E0));
#92=VECTOR('',#91,1.E1);
#93=CARTESIAN_POINT('',(-5.E0,1.84E1,-5.E0));
#94=LINE('953',#93,#92);
#95=CURVE_STYLE('',#23,POSITIVE_LENGTH_MEASURE(2.E-2),#11);
#96=PRESENTATION_STYLE_ASSIGNMENT((#95));
#97=STYLED_ITEM('',(#96),#94);
#98=DIRECTION('',(-4.440892098501E-14,1.E0,0.E0));
#99=VECTOR('',#98,1.E-1);
#100=CARTESIAN_POINT('',(-5.E0,1.83E1,-5.E0));
#101=LINE('833',#100,#99);
#102=CURVE_STYLE('',#23,POSITIVE_LENGTH_MEASURE(2.E-2),#11);
#103=PRESENTATION_STYLE_ASSIGNMENT((#102));
#104=STYLED_ITEM('',(#103),#101);
#105=DIRECTION('',(1.E0,0.E0,0.E0));
#106=VECTOR('',#105,1.E0);
#107=CARTESIAN_POINT('',(-6.E0,1.83E1,-5.E0));
#108=LINE('916',#107,#106);
#109=CURVE_STYLE('',#23,POSITIVE_LENGTH_MEASURE(2.E-2),#11);
#110=PRESENTATION_STYLE_ASSIGNMENT((#109));
#111=STYLED_ITEM('',(#110),#108);
#112=DIRECTION('',(0.E0,-1.E0,0.E0));
#113=VECTOR('',#112,1.2E0);
#114=CARTESIAN_POINT('',(-8.E0,-1.71E1,-5.E0));
#115=LINE('793',#114,#113);
#116=CURVE_STYLE('',#23,POSITIVE_LENGTH_MEASURE(2.E-2),#11);
#117=PRESENTATION_STYLE_ASSIGNMENT((#116));
#118=STYLED_ITEM('',(#117),#115);
#119=DIRECTION('',(1.E0,0.E0,0.E0));
#120=VECTOR('',#119,2.62E1);
#121=CARTESIAN_POINT('',(-3.42E1,-1.71E1,-5.E0));
#122=LINE('900',#121,#120);
#123=CURVE_STYLE('',#23,POSITIVE_LENGTH_MEASURE(2.E-2),#11);
#124=PRESENTATION_STYLE_ASSIGNMENT((#123));
#125=STYLED_ITEM('',(#124),#122);
#126=CARTESIAN_POINT('',(-3.42E1,-1.66E1,-5.E0));
#127=DIRECTION('',(0.E0,0.E0,1.E0));
#128=DIRECTION('',(-1.E0,0.E0,0.E0));
#129=AXIS2_PLACEMENT_3D('',#126,#127,#128);
#131=CURVE_STYLE('',#23,POSITIVE_LENGTH_MEASURE(2.E-2),#11);
#132=PRESENTATION_STYLE_ASSIGNMENT((#131));
#133=STYLED_ITEM('',(#132),#130);
#134=DIRECTION('',(0.E0,1.E0,0.E0));
#135=VECTOR('',#134,1.7E0);
#136=CARTESIAN_POINT('',(-3.47E1,-1.83E1,-5.E0));
#137=LINE('865',#136,#135);
#138=CURVE_STYLE('',#23,POSITIVE_LENGTH_MEASURE(2.E-2),#11);
#139=PRESENTATION_STYLE_ASSIGNMENT((#138));
#140=STYLED_ITEM('',(#139),#137);
#141=DIRECTION('',(-1.E0,0.E0,0.E0));
#142=VECTOR('',#141,2.67E1);
#143=CARTESIAN_POINT('',(-8.E0,-1.83E1,-5.E0));
#144=LINE('907',#143,#142);
#145=CURVE_STYLE('',#23,POSITIVE_LENGTH_MEASURE(2.E-2),#11);
#146=PRESENTATION_STYLE_ASSIGNMENT((#145));
#147=STYLED_ITEM('',(#146),#144);
#148=DIRECTION('',(0.E0,1.E0,0.E0));
#149=VECTOR('',#148,1.2E0);
#150=CARTESIAN_POINT('',(-6.E0,-1.83E1,-5.E0));
#151=LINE('794',#150,#149);
#152=CURVE_STYLE('',#23,POSITIVE_LENGTH_MEASURE(2.E-2),#11);
#153=PRESENTATION_STYLE_ASSIGNMENT((#152));
#154=STYLED_ITEM('',(#153),#151);
#155=DIRECTION('',(-1.E0,0.E0,0.E0));
#156=VECTOR('',#155,1.E0);
#157=CARTESIAN_POINT('',(-5.E0,-1.83E1,-5.E0));
#158=LINE('912',#157,#156);
#159=CURVE_STYLE('',#23,POSITIVE_LENGTH_MEASURE(2.E-2),#11);
#160=PRESENTATION_STYLE_ASSIGNMENT((#159));
#161=STYLED_ITEM('',(#160),#158);
#162=DIRECTION('',(3.552713678801E-14,1.E0,1.776356839400E-14));
#163=VECTOR('',#162,1.E-1);
#164=CARTESIAN_POINT('',(-5.E0,-1.84E1,-5.E0));
#165=LINE('841',#164,#163);
#166=CURVE_STYLE('',#23,POSITIVE_LENGTH_MEASURE(2.E-2),#11);
#167=PRESENTATION_STYLE_ASSIGNMENT((#166));
#168=STYLED_ITEM('',(#167),#165);
#169=DIRECTION('',(-1.E0,0.E0,0.E0));
#170=VECTOR('',#169,1.E1);
#171=CARTESIAN_POINT('',(5.E0,-1.84E1,-5.E0));
#172=LINE('943',#171,#170);
#173=CURVE_STYLE('',#23,POSITIVE_LENGTH_MEASURE(2.E-2),#11);
#174=PRESENTATION_STYLE_ASSIGNMENT((#173));
#175=STYLED_ITEM('',(#174),#172);
#176=DIRECTION('',(0.E0,-1.E0,0.E0));
#177=VECTOR('',#176,1.E-1);
#178=CARTESIAN_POINT('',(5.E0,-1.83E1,-5.E0));
#179=LINE('840',#178,#177);
#180=CURVE_STYLE('',#23,POSITIVE_LENGTH_MEASURE(2.E-2),#11);
#181=PRESENTATION_STYLE_ASSIGNMENT((#180));
#182=STYLED_ITEM('',(#181),#179);
#183=DIRECTION('',(-1.E0,0.E0,0.E0));
#184=VECTOR('',#183,1.E0);
#185=CARTESIAN_POINT('',(6.E0,-1.83E1,-5.E0));
#186=LINE('911',#185,#184);
#187=CURVE_STYLE('',#23,POSITIVE_LENGTH_MEASURE(2.E-2),#11);
#188=PRESENTATION_STYLE_ASSIGNMENT((#187));
#189=STYLED_ITEM('',(#188),#186);
#190=DIRECTION('',(0.E0,-1.E0,0.E0));
#191=VECTOR('',#190,1.2E0);
#192=CARTESIAN_POINT('',(6.E0,-1.71E1,-5.E0));
#193=LINE('789',#192,#191);
#194=CURVE_STYLE('',#23,POSITIVE_LENGTH_MEASURE(2.E-2),#11);
#195=PRESENTATION_STYLE_ASSIGNMENT((#194));
#196=STYLED_ITEM('',(#195),#193);
#197=DIRECTION('',(1.E0,0.E0,0.E0));
#198=VECTOR('',#197,1.2E1);
#199=CARTESIAN_POINT('',(-6.E0,-1.71E1,-5.E0));
#200=LINE('903',#199,#198);
#201=CURVE_STYLE('',#23,POSITIVE_LENGTH_MEASURE(2.E-2),#11);
#202=PRESENTATION_STYLE_ASSIGNMENT((#201));
#203=STYLED_ITEM('',(#202),#200);
#204=DIRECTION('',(0.E0,1.E0,0.E0));
#205=VECTOR('',#204,1.2E0);
#206=CARTESIAN_POINT('',(8.E0,1.71E1,-5.E0));
#207=LINE('804',#206,#205);
#208=CURVE_STYLE('',#23,POSITIVE_LENGTH_MEASURE(2.E-2),#11);
#209=PRESENTATION_STYLE_ASSIGNMENT((#208));
#210=STYLED_ITEM('',(#209),#207);
#211=DIRECTION('',(-1.E0,0.E0,0.E0));
#212=VECTOR('',#211,2.62E1);
#213=CARTESIAN_POINT('',(3.42E1,1.71E1,-5.E0));
#214=LINE('895',#213,#212);
#215=CURVE_STYLE('',#23,POSITIVE_LENGTH_MEASURE(2.E-2),#11);
#216=PRESENTATION_STYLE_ASSIGNMENT((#215));
#217=STYLED_ITEM('',(#216),#214);
#218=CARTESIAN_POINT('',(3.42E1,1.66E1,-5.E0));
#219=DIRECTION('',(0.E0,0.E0,1.E0));
#220=DIRECTION('',(1.E0,0.E0,0.E0));
#221=AXIS2_PLACEMENT_3D('',#218,#219,#220);
#223=CURVE_STYLE('',#23,POSITIVE_LENGTH_MEASURE(2.E-2),#11);
#224=PRESENTATION_STYLE_ASSIGNMENT((#223));
#225=STYLED_ITEM('',(#224),#222);
#226=DIRECTION('',(0.E0,-1.E0,0.E0));
#227=VECTOR('',#226,1.7E0);
#228=CARTESIAN_POINT('',(3.47E1,1.83E1,-5.E0));
#229=LINE('889',#228,#227);
#230=CURVE_STYLE('',#23,POSITIVE_LENGTH_MEASURE(2.E-2),#11);
#231=PRESENTATION_STYLE_ASSIGNMENT((#230));
#232=STYLED_ITEM('',(#231),#229);
#233=DIRECTION('',(1.E0,0.E0,0.E0));
#234=VECTOR('',#233,2.67E1);
#235=CARTESIAN_POINT('',(8.E0,1.83E1,-5.E0));
#236=LINE('913',#235,#234);
#237=CURVE_STYLE('',#23,POSITIVE_LENGTH_MEASURE(2.E-2),#11);
#238=PRESENTATION_STYLE_ASSIGNMENT((#237));
#239=STYLED_ITEM('',(#238),#236);
#240=DIRECTION('',(0.E0,1.E0,0.E0));
#241=VECTOR('',#240,1.2E0);
#242=CARTESIAN_POINT('',(8.E0,-1.83E1,-5.E0));
#243=LINE('803',#242,#241);
#244=CURVE_STYLE('',#23,POSITIVE_LENGTH_MEASURE(2.E-2),#11);
#245=PRESENTATION_STYLE_ASSIGNMENT((#244));
#246=STYLED_ITEM('',(#245),#243);
#247=DIRECTION('',(0.E0,-1.E0,0.E0));
#248=VECTOR('',#247,1.7E0);
#249=CARTESIAN_POINT('',(3.47E1,-1.66E1,-5.E0));
#250=LINE('882',#249,#248);
#251=CURVE_STYLE('',#23,POSITIVE_LENGTH_MEASURE(2.E-2),#11);
#252=PRESENTATION_STYLE_ASSIGNMENT((#251));
#253=STYLED_ITEM('',(#252),#250);
#254=CARTESIAN_POINT('',(3.42E1,-1.66E1,-5.E0));
#255=DIRECTION('',(0.E0,0.E0,1.E0));
#256=DIRECTION('',(0.E0,-1.E0,0.E0));
#257=AXIS2_PLACEMENT_3D('',#254,#255,#256);
#259=CURVE_STYLE('',#23,POSITIVE_LENGTH_MEASURE(2.E-2),#11);
#260=PRESENTATION_STYLE_ASSIGNMENT((#259));
#261=STYLED_ITEM('',(#260),#258);
#262=DIRECTION('',(1.E0,0.E0,0.E0));
#263=VECTOR('',#262,2.62E1);
#264=CARTESIAN_POINT('',(8.E0,-1.71E1,-5.E0));
#265=LINE('901',#264,#263);
#266=CURVE_STYLE('',#23,POSITIVE_LENGTH_MEASURE(2.E-2),#11);
#267=PRESENTATION_STYLE_ASSIGNMENT((#266));
#268=STYLED_ITEM('',(#267),#265);
#269=DIRECTION('',(1.E0,0.E0,0.E0));
#270=VECTOR('',#269,1.7E0);
#271=CARTESIAN_POINT('',(-4.035E1,1.27E1,-5.E0));
#272=LINE('774',#271,#270);
#273=CURVE_STYLE('',#23,POSITIVE_LENGTH_MEASURE(2.E-2),#11);
#274=PRESENTATION_STYLE_ASSIGNMENT((#273));
#275=STYLED_ITEM('',(#274),#272);
#276=DIRECTION('',(0.E0,1.E0,0.E0));
#277=VECTOR('',#276,2.54E1);
#278=CARTESIAN_POINT('',(-4.035E1,-1.27E1,-5.E0));
#279=LINE('910',#278,#277);
#280=CURVE_STYLE('',#23,POSITIVE_LENGTH_MEASURE(2.E-2),#11);
#281=PRESENTATION_STYLE_ASSIGNMENT((#280));
#282=STYLED_ITEM('',(#281),#279);
#283=DIRECTION('',(-1.E0,0.E0,0.E0));
#284=VECTOR('',#283,1.7E0);
#285=CARTESIAN_POINT('',(-3.865E1,-1.27E1,-5.E0));
#286=LINE('869',#285,#284);
#287=CURVE_STYLE('',#23,POSITIVE_LENGTH_MEASURE(2.E-2),#11);
#288=PRESENTATION_STYLE_ASSIGNMENT((#287));
#289=STYLED_ITEM('',(#288),#286);
#290=CARTESIAN_POINT('',(-3.865E1,-1.22E1,-5.E0));
#291=DIRECTION('',(0.E0,0.E0,1.E0));
#292=DIRECTION('',(-1.E0,0.E0,0.E0));
#293=AXIS2_PLACEMENT_3D('',#290,#291,#292);
#295=CURVE_STYLE('',#23,POSITIVE_LENGTH_MEASURE(2.E-2),#11);
#296=PRESENTATION_STYLE_ASSIGNMENT((#295));
#297=STYLED_ITEM('',(#296),#294);
#298=DIRECTION('',(0.E0,-1.E0,0.E0));
#299=VECTOR('',#298,2.44E1);
#300=CARTESIAN_POINT('',(-3.915E1,1.22E1,-5.E0));
#301=LINE('894',#300,#299);
#302=CURVE_STYLE('',#23,POSITIVE_LENGTH_MEASURE(2.E-2),#11);
#303=PRESENTATION_STYLE_ASSIGNMENT((#302));
#304=STYLED_ITEM('',(#303),#301);
#305=CARTESIAN_POINT('',(-3.865E1,1.22E1,-5.E0));
#306=DIRECTION('',(0.E0,0.E0,1.E0));
#307=DIRECTION('',(-1.421085471520E-14,1.E0,0.E0));
#308=AXIS2_PLACEMENT_3D('',#305,#306,#307);
#310=CURVE_STYLE('',#23,POSITIVE_LENGTH_MEASURE(2.E-2),#11);
#311=PRESENTATION_STYLE_ASSIGNMENT((#310));
#312=STYLED_ITEM('',(#311),#309);
#313=DIRECTION('',(1.E0,0.E0,0.E0));
#314=VECTOR('',#313,1.2E0);
#315=CARTESIAN_POINT('',(3.915E1,7.E-1,-5.E0));
#316=LINE('784',#315,#314);
#317=CURVE_STYLE('',#23,POSITIVE_LENGTH_MEASURE(2.E-2),#11);
#318=PRESENTATION_STYLE_ASSIGNMENT((#317));
#319=STYLED_ITEM('',(#318),#316);
#320=DIRECTION('',(0.E0,1.E0,0.E0));
#321=VECTOR('',#320,1.29E1);
#322=CARTESIAN_POINT('',(3.915E1,-1.22E1,-5.E0));
#323=LINE('898',#322,#321);
#324=CURVE_STYLE('',#23,POSITIVE_LENGTH_MEASURE(2.E-2),#11);
#325=PRESENTATION_STYLE_ASSIGNMENT((#324));
#326=STYLED_ITEM('',(#325),#323);
#327=CARTESIAN_POINT('',(3.865E1,-1.22E1,-5.E0));
#328=DIRECTION('',(0.E0,0.E0,1.E0));
#329=DIRECTION('',(1.421085471520E-14,-1.E0,0.E0));
#330=AXIS2_PLACEMENT_3D('',#327,#328,#329);
#332=CURVE_STYLE('',#23,POSITIVE_LENGTH_MEASURE(2.E-2),#11);
#333=PRESENTATION_STYLE_ASSIGNMENT((#332));
#334=STYLED_ITEM('',(#333),#331);
#335=DIRECTION('',(-1.E0,0.E0,0.E0));
#336=VECTOR('',#335,1.7E0);
#337=CARTESIAN_POINT('',(4.035E1,-1.27E1,-5.E0));
#338=LINE('883',#337,#336);
#339=CURVE_STYLE('',#23,POSITIVE_LENGTH_MEASURE(2.E-2),#11);
#340=PRESENTATION_STYLE_ASSIGNMENT((#339));
#341=STYLED_ITEM('',(#340),#338);
#342=DIRECTION('',(0.E0,-1.E0,0.E0));
#343=VECTOR('',#342,1.34E1);
#344=CARTESIAN_POINT('',(4.035E1,7.E-1,-5.E0));
#345=LINE('906',#344,#343);
#346=CURVE_STYLE('',#23,POSITIVE_LENGTH_MEASURE(2.E-2),#11);
#347=PRESENTATION_STYLE_ASSIGNMENT((#346));
#348=STYLED_ITEM('',(#347),#345);
#349=DIRECTION('',(0.E0,-1.E0,0.E0));
#350=VECTOR('',#349,1.2E0);
#351=CARTESIAN_POINT('',(-8.E0,-1.71E1,-4.095437673367E-1));
#352=LINE('798',#351,#350);
#353=CURVE_STYLE('',#23,POSITIVE_LENGTH_MEASURE(2.E-2),#11);
#354=PRESENTATION_STYLE_ASSIGNMENT((#353));
#355=STYLED_ITEM('',(#354),#352);
#356=DIRECTION('',(0.E0,0.E0,-1.E0));
#357=VECTOR('',#356,4.590456232663E0);
#358=CARTESIAN_POINT('',(8.E0,1.71E1,-4.095437673367E-1));
#359=LINE('811',#358,#357);
#360=CURVE_STYLE('',#23,POSITIVE_LENGTH_MEASURE(2.E-2),#11);
#361=PRESENTATION_STYLE_ASSIGNMENT((#360));
#362=STYLED_ITEM('',(#361),#359);
#363=DIRECTION('',(1.E0,0.E0,0.E0));
#364=VECTOR('',#363,2.E0);
#365=CARTESIAN_POINT('',(6.E0,1.71E1,-4.095437673367E-1));
#366=LINE('808',#365,#364);
#367=CURVE_STYLE('',#23,POSITIVE_LENGTH_MEASURE(2.E-2),#11);
#368=PRESENTATION_STYLE_ASSIGNMENT((#367));
#369=STYLED_ITEM('',(#368),#366);
#370=DIRECTION('',(0.E0,0.E0,1.E0));
#371=VECTOR('',#370,4.590456232663E0);
#372=CARTESIAN_POINT('',(6.E0,1.71E1,-5.E0));
#373=LINE('814',#372,#371);
#374=CURVE_STYLE('',#23,POSITIVE_LENGTH_MEASURE(2.E-2),#11);
#375=PRESENTATION_STYLE_ASSIGNMENT((#374));
#376=STYLED_ITEM('',(#375),#373);
#377=DIRECTION('',(0.E0,0.E0,-1.E0));
#378=VECTOR('',#377,4.590456232663E0);
#379=CARTESIAN_POINT('',(-6.E0,1.71E1,-4.095437673367E-1));
#380=LINE('820',#379,#378);
#381=CURVE_STYLE('',#23,POSITIVE_LENGTH_MEASURE(2.E-2),#11);
#382=PRESENTATION_STYLE_ASSIGNMENT((#381));
#383=STYLED_ITEM('',(#382),#380);
#384=DIRECTION('',(1.E0,0.E0,0.E0));
#385=VECTOR('',#384,2.E0);
#386=CARTESIAN_POINT('',(-8.E0,1.71E1,-4.095437673367E-1));
#387=LINE('817',#386,#385);
#388=CURVE_STYLE('',#23,POSITIVE_LENGTH_MEASURE(2.E-2),#11);
#389=PRESENTATION_STYLE_ASSIGNMENT((#388));
#390=STYLED_ITEM('',(#389),#387);
#391=DIRECTION('',(0.E0,0.E0,1.E0));
#392=VECTOR('',#391,4.590456232663E0);
#393=CARTESIAN_POINT('',(-8.E0,1.71E1,-5.E0));
#394=LINE('823',#393,#392);
#395=CURVE_STYLE('',#23,POSITIVE_LENGTH_MEASURE(2.E-2),#11);
#396=PRESENTATION_STYLE_ASSIGNMENT((#395));
#397=STYLED_ITEM('',(#396),#394);
#398=DIRECTION('',(0.E0,1.E0,0.E0));
#399=VECTOR('',#398,1.2E0);
#400=CARTESIAN_POINT('',(8.E0,-1.83E1,-4.095437673367E-1));
#401=LINE('805',#400,#399);
#402=CURVE_STYLE('',#23,POSITIVE_LENGTH_MEASURE(2.E-2),#11);
#403=PRESENTATION_STYLE_ASSIGNMENT((#402));
#404=STYLED_ITEM('',(#403),#401);
#405=DIRECTION('',(0.E0,-1.E0,0.E0));
#406=VECTOR('',#405,1.2E0);
#407=CARTESIAN_POINT('',(8.E0,1.83E1,-4.095437673367E-1));
#408=LINE('806',#407,#406);
#409=CURVE_STYLE('',#23,POSITIVE_LENGTH_MEASURE(2.E-2),#11);
#410=PRESENTATION_STYLE_ASSIGNMENT((#409));
#411=STYLED_ITEM('',(#410),#408);
#412=DIRECTION('',(0.E0,1.E0,0.E0));
#413=VECTOR('',#412,1.2E0);
#414=CARTESIAN_POINT('',(6.E0,1.71E1,-4.095437673367E-1));
#415=LINE('801',#414,#413);
#416=CURVE_STYLE('',#23,POSITIVE_LENGTH_MEASURE(2.E-2),#11);
#417=PRESENTATION_STYLE_ASSIGNMENT((#416));
#418=STYLED_ITEM('',(#417),#415);
#419=DIRECTION('',(0.E0,-1.E0,0.E0));
#420=VECTOR('',#419,1.2E0);
#421=CARTESIAN_POINT('',(6.E0,-1.71E1,-4.095437673367E-1));
#422=LINE('807',#421,#420);
#423=CURVE_STYLE('',#23,POSITIVE_LENGTH_MEASURE(2.E-2),#11);
#424=PRESENTATION_STYLE_ASSIGNMENT((#423));
#425=STYLED_ITEM('',(#424),#422);
#426=DIRECTION('',(0.E0,0.E0,1.E0));
#427=VECTOR('',#426,6.3E0);
#428=CARTESIAN_POINT('',(-3.47E1,-1.83E1,-1.13E1));
#429=LINE('861',#428,#427);
#430=CURVE_STYLE('',#23,POSITIVE_LENGTH_MEASURE(2.E-2),#11);
#431=PRESENTATION_STYLE_ASSIGNMENT((#430));
#432=STYLED_ITEM('',(#431),#429);
#433=DIRECTION('',(1.E0,0.E0,0.E0));
#434=VECTOR('',#433,5.65E0);
#435=CARTESIAN_POINT('',(-4.035E1,-1.83E1,-1.13E1));
#436=LINE('866',#435,#434);
#437=CURVE_STYLE('',#23,POSITIVE_LENGTH_MEASURE(2.E-2),#11);
#438=PRESENTATION_STYLE_ASSIGNMENT((#437));
#439=STYLED_ITEM('',(#438),#436);
#440=DIRECTION('',(0.E0,0.E0,-1.E0));
#441=VECTOR('',#440,1.13E1);
#442=CARTESIAN_POINT('',(-4.035E1,-1.83E1,0.E0));
#443=LINE('921',#442,#441);
#444=CURVE_STYLE('',#23,POSITIVE_LENGTH_MEASURE(2.E-2),#11);
#445=PRESENTATION_STYLE_ASSIGNMENT((#444));
#446=STYLED_ITEM('',(#445),#443);
#447=DIRECTION('',(-1.E0,0.E0,0.E0));
#448=VECTOR('',#447,8.07E1);
#449=CARTESIAN_POINT('',(4.035E1,-1.83E1,0.E0));
#450=LINE('918',#449,#448);
#451=CURVE_STYLE('',#23,POSITIVE_LENGTH_MEASURE(2.E-2),#11);
#452=PRESENTATION_STYLE_ASSIGNMENT((#451));
#453=STYLED_ITEM('',(#452),#450);
#454=DIRECTION('',(0.E0,0.E0,1.E0));
#455=VECTOR('',#454,1.13E1);
#456=CARTESIAN_POINT('',(4.035E1,-1.83E1,-1.13E1));
#457=LINE('922',#456,#455);
#458=CURVE_STYLE('',#23,POSITIVE_LENGTH_MEASURE(2.E-2),#11);
#459=PRESENTATION_STYLE_ASSIGNMENT((#458));
#460=STYLED_ITEM('',(#459),#457);
#461=DIRECTION('',(1.E0,0.E0,0.E0));
#462=VECTOR('',#461,5.65E0);
#463=CARTESIAN_POINT('',(3.47E1,-1.83E1,-1.13E1));
#464=LINE('881',#463,#462);
#465=CURVE_STYLE('',#23,POSITIVE_LENGTH_MEASURE(2.E-2),#11);
#466=PRESENTATION_STYLE_ASSIGNMENT((#465));
#467=STYLED_ITEM('',(#466),#464);
#468=DIRECTION('',(0.E0,0.E0,-1.E0));
#469=VECTOR('',#468,6.3E0);
#470=CARTESIAN_POINT('',(3.47E1,-1.83E1,-5.E0));
#471=LINE('874',#470,#469);
#472=CURVE_STYLE('',#23,POSITIVE_LENGTH_MEASURE(2.E-2),#11);
#473=PRESENTATION_STYLE_ASSIGNMENT((#472));
#474=STYLED_ITEM('',(#473),#471);
#475=DIRECTION('',(1.E0,0.E0,0.E0));
#476=VECTOR('',#475,2.67E1);
#477=CARTESIAN_POINT('',(8.E0,-1.83E1,-5.E0));
#478=LINE('909',#477,#476);
#479=CURVE_STYLE('',#23,POSITIVE_LENGTH_MEASURE(2.E-2),#11);
#480=PRESENTATION_STYLE_ASSIGNMENT((#479));
#481=STYLED_ITEM('',(#480),#478);
#482=DIRECTION('',(0.E0,0.E0,-1.E0));
#483=VECTOR('',#482,4.590456232663E0);
#484=CARTESIAN_POINT('',(8.E0,-1.83E1,-4.095437673367E-1));
#485=LINE('813',#484,#483);
#486=CURVE_STYLE('',#23,POSITIVE_LENGTH_MEASURE(2.E-2),#11);
#487=PRESENTATION_STYLE_ASSIGNMENT((#486));
#488=STYLED_ITEM('',(#487),#485);
#489=DIRECTION('',(1.E0,0.E0,0.E0));
#490=VECTOR('',#489,2.E0);
#491=CARTESIAN_POINT('',(6.E0,-1.83E1,-4.095437673367E-1));
#492=LINE('810',#491,#490);
#493=CURVE_STYLE('',#23,POSITIVE_LENGTH_MEASURE(2.E-2),#11);
#494=PRESENTATION_STYLE_ASSIGNMENT((#493));
#495=STYLED_ITEM('',(#494),#492);
#496=DIRECTION('',(0.E0,0.E0,1.E0));
#497=VECTOR('',#496,4.590456232663E0);
#498=CARTESIAN_POINT('',(6.E0,-1.83E1,-5.E0));
#499=LINE('816',#498,#497);
#500=CURVE_STYLE('',#23,POSITIVE_LENGTH_MEASURE(2.E-2),#11);
#501=PRESENTATION_STYLE_ASSIGNMENT((#500));
#502=STYLED_ITEM('',(#501),#499);
#503=DIRECTION('',(0.E0,0.E0,-1.E0));
#504=VECTOR('',#503,3.E0);
#505=CARTESIAN_POINT('',(5.E0,-1.83E1,-2.E0));
#506=LINE('836',#505,#504);
#507=CURVE_STYLE('',#23,POSITIVE_LENGTH_MEASURE(2.E-2),#11);
#508=PRESENTATION_STYLE_ASSIGNMENT((#507));
#509=STYLED_ITEM('',(#508),#506);
#510=DIRECTION('',(1.E0,0.E0,0.E0));
#511=VECTOR('',#510,1.E1);
#512=CARTESIAN_POINT('',(-5.E0,-1.83E1,-2.E0));
#513=LINE('837',#512,#511);
#514=CURVE_STYLE('',#23,POSITIVE_LENGTH_MEASURE(2.E-2),#11);
#515=PRESENTATION_STYLE_ASSIGNMENT((#514));
#516=STYLED_ITEM('',(#515),#513);
#517=DIRECTION('',(0.E0,0.E0,1.E0));
#518=VECTOR('',#517,3.E0);
#519=CARTESIAN_POINT('',(-5.E0,-1.83E1,-5.E0));
#520=LINE('839',#519,#518);
#521=CURVE_STYLE('',#23,POSITIVE_LENGTH_MEASURE(2.E-2),#11);
#522=PRESENTATION_STYLE_ASSIGNMENT((#521));
#523=STYLED_ITEM('',(#522),#520);
#524=DIRECTION('',(0.E0,0.E0,-1.E0));
#525=VECTOR('',#524,4.590456232663E0);
#526=CARTESIAN_POINT('',(-6.E0,-1.83E1,-4.095437673367E-1));
#527=LINE('822',#526,#525);
#528=CURVE_STYLE('',#23,POSITIVE_LENGTH_MEASURE(2.E-2),#11);
#529=PRESENTATION_STYLE_ASSIGNMENT((#528));
#530=STYLED_ITEM('',(#529),#527);
#531=DIRECTION('',(1.E0,0.E0,0.E0));
#532=VECTOR('',#531,2.E0);
#533=CARTESIAN_POINT('',(-8.E0,-1.83E1,-4.095437673367E-1));
#534=LINE('819',#533,#532);
#535=CURVE_STYLE('',#23,POSITIVE_LENGTH_MEASURE(2.E-2),#11);
#536=PRESENTATION_STYLE_ASSIGNMENT((#535));
#537=STYLED_ITEM('',(#536),#534);
#538=DIRECTION('',(0.E0,0.E0,1.E0));
#539=VECTOR('',#538,4.590456232663E0);
#540=CARTESIAN_POINT('',(-8.E0,-1.83E1,-5.E0));
#541=LINE('825',#540,#539);
#542=CURVE_STYLE('',#23,POSITIVE_LENGTH_MEASURE(2.E-2),#11);
#543=PRESENTATION_STYLE_ASSIGNMENT((#542));
#544=STYLED_ITEM('',(#543),#541);
#545=DIRECTION('',(0.E0,1.E0,0.E0));
#546=VECTOR('',#545,2.8E0);
#547=CARTESIAN_POINT('',(-3.47E1,-1.83E1,-1.13E1));
#548=LINE('867',#547,#546);
#549=CURVE_STYLE('',#23,POSITIVE_LENGTH_MEASURE(2.E-2),#11);
#550=PRESENTATION_STYLE_ASSIGNMENT((#549));
#551=STYLED_ITEM('',(#550),#548);
#552=DIRECTION('',(-1.E0,0.E0,0.E0));
#553=VECTOR('',#552,1.15E0);
#554=CARTESIAN_POINT('',(-3.75E1,-1.27E1,0.E0));
#555=LINE('857',#554,#553);
#556=CURVE_STYLE('',#23,POSITIVE_LENGTH_MEASURE(2.E-2),#11);
#557=PRESENTATION_STYLE_ASSIGNMENT((#556));
#558=STYLED_ITEM('',(#557),#555);
#559=CARTESIAN_POINT('',(-3.75E1,-1.55E1,0.E0));
#560=DIRECTION('',(0.E0,0.E0,1.E0));
#561=DIRECTION('',(1.E0,0.E0,0.E0));
#562=AXIS2_PLACEMENT_3D('',#559,#560,#561);
#564=CURVE_STYLE('',#23,POSITIVE_LENGTH_MEASURE(2.E-2),#11);
#565=PRESENTATION_STYLE_ASSIGNMENT((#564));
#566=STYLED_ITEM('',(#565),#563);
#567=DIRECTION('',(0.E0,1.E0,0.E0));
#568=VECTOR('',#567,1.1E0);
#569=CARTESIAN_POINT('',(-3.47E1,-1.66E1,0.E0));
#570=LINE('860',#569,#568);
#571=CURVE_STYLE('',#23,POSITIVE_LENGTH_MEASURE(2.E-2),#11);
#572=PRESENTATION_STYLE_ASSIGNMENT((#571));
#573=STYLED_ITEM('',(#572),#570);
#574=CARTESIAN_POINT('',(-3.42E1,-1.66E1,0.E0));
#575=DIRECTION('',(0.E0,0.E0,-1.E0));
#576=DIRECTION('',(0.E0,-1.E0,0.E0));
#577=AXIS2_PLACEMENT_3D('',#574,#575,#576);
#579=CURVE_STYLE('',#23,POSITIVE_LENGTH_MEASURE(2.E-2),#11);
#580=PRESENTATION_STYLE_ASSIGNMENT((#579));
#581=STYLED_ITEM('',(#580),#578);
#582=DIRECTION('',(-1.E0,0.E0,0.E0));
#583=VECTOR('',#582,6.84E1);
#584=CARTESIAN_POINT('',(3.42E1,-1.71E1,0.E0));
#585=LINE('896',#584,#583);
#586=CURVE_STYLE('',#23,POSITIVE_LENGTH_MEASURE(2.E-2),#11);
#587=PRESENTATION_STYLE_ASSIGNMENT((#586));
#588=STYLED_ITEM('',(#587),#585);
#589=CARTESIAN_POINT('',(3.42E1,-1.66E1,0.E0));
#590=DIRECTION('',(0.E0,0.E0,-1.E0));
#591=DIRECTION('',(1.E0,0.E0,0.E0));
#592=AXIS2_PLACEMENT_3D('',#589,#590,#591);
#594=CURVE_STYLE('',#23,POSITIVE_LENGTH_MEASURE(2.E-2),#11);
#595=PRESENTATION_STYLE_ASSIGNMENT((#594));
#596=STYLED_ITEM('',(#595),#593);
#597=DIRECTION('',(0.E0,-1.E0,0.E0));
#598=VECTOR('',#597,1.1E0);
#599=CARTESIAN_POINT('',(3.47E1,-1.55E1,0.E0));
#600=LINE('871',#599,#598);
#601=CURVE_STYLE('',#23,POSITIVE_LENGTH_MEASURE(2.E-2),#11);
#602=PRESENTATION_STYLE_ASSIGNMENT((#601));
#603=STYLED_ITEM('',(#602),#600);
#604=CARTESIAN_POINT('',(3.75E1,-1.55E1,0.E0));
#605=DIRECTION('',(0.E0,0.E0,1.E0));
#606=DIRECTION('',(0.E0,1.E0,0.E0));
#607=AXIS2_PLACEMENT_3D('',#604,#605,#606);
#609=CURVE_STYLE('',#23,POSITIVE_LENGTH_MEASURE(2.E-2),#11);
#610=PRESENTATION_STYLE_ASSIGNMENT((#609));
#611=STYLED_ITEM('',(#610),#608);
#612=DIRECTION('',(-1.E0,0.E0,0.E0));
#613=VECTOR('',#612,1.15E0);
#614=CARTESIAN_POINT('',(3.865E1,-1.27E1,0.E0));
#615=LINE('872',#614,#613);
#616=CURVE_STYLE('',#23,POSITIVE_LENGTH_MEASURE(2.E-2),#11);
#617=PRESENTATION_STYLE_ASSIGNMENT((#616));
#618=STYLED_ITEM('',(#617),#615);
#619=CARTESIAN_POINT('',(3.865E1,-1.22E1,0.E0));
#620=DIRECTION('',(0.E0,0.E0,-1.E0));
#621=DIRECTION('',(1.E0,0.E0,0.E0));
#622=AXIS2_PLACEMENT_3D('',#619,#620,#621);
#624=CURVE_STYLE('',#23,POSITIVE_LENGTH_MEASURE(2.E-2),#11);
#625=PRESENTATION_STYLE_ASSIGNMENT((#624));
#626=STYLED_ITEM('',(#625),#623);
#627=DIRECTION('',(0.E0,-1.E0,0.E0));
#628=VECTOR('',#627,2.44E1);
#629=CARTESIAN_POINT('',(3.915E1,1.22E1,0.E0));
#630=LINE('905',#629,#628);
#631=CURVE_STYLE('',#23,POSITIVE_LENGTH_MEASURE(2.E-2),#11);
#632=PRESENTATION_STYLE_ASSIGNMENT((#631));
#633=STYLED_ITEM('',(#632),#630);
#634=CARTESIAN_POINT('',(3.865E1,1.22E1,0.E0));
#635=DIRECTION('',(0.E0,0.E0,-1.E0));
#636=DIRECTION('',(2.842170943040E-14,1.E0,0.E0));
#637=AXIS2_PLACEMENT_3D('',#634,#635,#636);
#639=CURVE_STYLE('',#23,POSITIVE_LENGTH_MEASURE(2.E-2),#11);
#640=PRESENTATION_STYLE_ASSIGNMENT((#639));
#641=STYLED_ITEM('',(#640),#638);
#642=DIRECTION('',(1.E0,0.E0,0.E0));
#643=VECTOR('',#642,1.15E0);
#644=CARTESIAN_POINT('',(3.75E1,1.27E1,0.E0));
#645=LINE('935',#644,#643);
#646=CURVE_STYLE('',#23,POSITIVE_LENGTH_MEASURE(2.E-2),#11);
#647=PRESENTATION_STYLE_ASSIGNMENT((#646));
#648=STYLED_ITEM('',(#647),#645);
#649=CARTESIAN_POINT('',(3.75E1,1.55E1,0.E0));
#650=DIRECTION('',(0.E0,0.E0,1.E0));
#651=DIRECTION('',(-1.E0,0.E0,0.E0));
#652=AXIS2_PLACEMENT_3D('',#649,#650,#651);
#654=CURVE_STYLE('',#23,POSITIVE_LENGTH_MEASURE(2.E-2),#11);
#655=PRESENTATION_STYLE_ASSIGNMENT((#654));
#656=STYLED_ITEM('',(#655),#653);
#657=DIRECTION('',(0.E0,-1.E0,0.E0));
#658=VECTOR('',#657,1.1E0);
#659=CARTESIAN_POINT('',(3.47E1,1.66E1,0.E0));
#660=LINE('885',#659,#658);
#661=CURVE_STYLE('',#23,POSITIVE_LENGTH_MEASURE(2.E-2),#11);
#662=PRESENTATION_STYLE_ASSIGNMENT((#661));
#663=STYLED_ITEM('',(#662),#660);
#664=CARTESIAN_POINT('',(3.42E1,1.66E1,0.E0));
#665=DIRECTION('',(0.E0,0.E0,-1.E0));
#666=DIRECTION('',(0.E0,1.E0,0.E0));
#667=AXIS2_PLACEMENT_3D('',#664,#665,#666);
#669=CURVE_STYLE('',#23,POSITIVE_LENGTH_MEASURE(2.E-2),#11);
#670=PRESENTATION_STYLE_ASSIGNMENT((#669));
#671=STYLED_ITEM('',(#670),#668);
#672=DIRECTION('',(1.E0,0.E0,0.E0));
#673=VECTOR('',#672,6.84E1);
#674=CARTESIAN_POINT('',(-3.42E1,1.71E1,0.E0));
#675=LINE('904',#674,#673);
#676=CURVE_STYLE('',#23,POSITIVE_LENGTH_MEASURE(2.E-2),#11);
#677=PRESENTATION_STYLE_ASSIGNMENT((#676));
#678=STYLED_ITEM('',(#677),#675);
#679=CARTESIAN_POINT('',(-3.42E1,1.66E1,0.E0));
#680=DIRECTION('',(0.E0,0.E0,-1.E0));
#681=DIRECTION('',(-1.E0,0.E0,0.E0));
#682=AXIS2_PLACEMENT_3D('',#679,#680,#681);
#684=CURVE_STYLE('',#23,POSITIVE_LENGTH_MEASURE(2.E-2),#11);
#685=PRESENTATION_STYLE_ASSIGNMENT((#684));
#686=STYLED_ITEM('',(#685),#683);
#687=DIRECTION('',(0.E0,1.E0,0.E0));
#688=VECTOR('',#687,1.1E0);
#689=CARTESIAN_POINT('',(-3.47E1,1.55E1,0.E0));
#690=LINE('845',#689,#688);
#691=CURVE_STYLE('',#23,POSITIVE_LENGTH_MEASURE(2.E-2),#11);
#692=PRESENTATION_STYLE_ASSIGNMENT((#691));
#693=STYLED_ITEM('',(#692),#690);
#694=CARTESIAN_POINT('',(-3.75E1,1.55E1,0.E0));
#695=DIRECTION('',(0.E0,0.E0,1.E0));
#696=DIRECTION('',(0.E0,-1.E0,0.E0));
#697=AXIS2_PLACEMENT_3D('',#694,#695,#696);
#699=CURVE_STYLE('',#23,POSITIVE_LENGTH_MEASURE(2.E-2),#11);
#700=PRESENTATION_STYLE_ASSIGNMENT((#699));
#701=STYLED_ITEM('',(#700),#698);
#702=DIRECTION('',(1.E0,0.E0,0.E0));
#703=VECTOR('',#702,1.15E0);
#704=CARTESIAN_POINT('',(-3.865E1,1.27E1,0.E0));
#705=LINE('846',#704,#703);
#706=CURVE_STYLE('',#23,POSITIVE_LENGTH_MEASURE(2.E-2),#11);
#707=PRESENTATION_STYLE_ASSIGNMENT((#706));
#708=STYLED_ITEM('',(#707),#705);
#709=CARTESIAN_POINT('',(-3.865E1,1.22E1,0.E0));
#710=DIRECTION('',(0.E0,0.E0,-1.E0));
#711=DIRECTION('',(-1.E0,0.E0,0.E0));
#712=AXIS2_PLACEMENT_3D('',#709,#710,#711);
#714=CURVE_STYLE('',#23,POSITIVE_LENGTH_MEASURE(2.E-2),#11);
#715=PRESENTATION_STYLE_ASSIGNMENT((#714));
#716=STYLED_ITEM('',(#715),#713);
#717=DIRECTION('',(0.E0,1.E0,0.E0));
#718=VECTOR('',#717,2.44E1);
#719=CARTESIAN_POINT('',(-3.915E1,-1.22E1,0.E0));
#720=LINE('893',#719,#718);
#721=CURVE_STYLE('',#23,POSITIVE_LENGTH_MEASURE(2.E-2),#11);
#722=PRESENTATION_STYLE_ASSIGNMENT((#721));
#723=STYLED_ITEM('',(#722),#720);
#724=CARTESIAN_POINT('',(-3.865E1,-1.22E1,0.E0));
#725=DIRECTION('',(0.E0,0.E0,-1.E0));
#726=DIRECTION('',(1.421085471520E-14,-1.E0,0.E0));
#727=AXIS2_PLACEMENT_3D('',#724,#725,#726);
#729=CURVE_STYLE('',#23,POSITIVE_LENGTH_MEASURE(2.E-2),#11);
#730=PRESENTATION_STYLE_ASSIGNMENT((#729));
#731=STYLED_ITEM('',(#730),#728);
#732=DIRECTION('',(0.E0,1.E0,0.E0));
#733=VECTOR('',#732,3.9E1);
#734=CARTESIAN_POINT('',(-4.155E1,-1.95E1,0.E0));
#735=LINE('923',#734,#733);
#736=CURVE_STYLE('',#23,POSITIVE_LENGTH_MEASURE(2.E-2),#11);
#737=PRESENTATION_STYLE_ASSIGNMENT((#736));
#738=STYLED_ITEM('',(#737),#735);
#739=DIRECTION('',(-1.E0,0.E0,0.E0));
#740=VECTOR('',#739,8.31E1);
#741=CARTESIAN_POINT('',(4.155E1,-1.95E1,0.E0));
#742=LINE('930',#741,#740);
#743=CURVE_STYLE('',#23,POSITIVE_LENGTH_MEASURE(2.E-2),#11);
#744=PRESENTATION_STYLE_ASSIGNMENT((#743));
#745=STYLED_ITEM('',(#744),#742);
#746=DIRECTION('',(0.E0,-1.E0,0.E0));
#747=VECTOR('',#746,3.9E1);
#748=CARTESIAN_POINT('',(4.155E1,1.95E1,0.E0));
#749=LINE('931',#748,#747);
#750=CURVE_STYLE('',#23,POSITIVE_LENGTH_MEASURE(2.E-2),#11);
#751=PRESENTATION_STYLE_ASSIGNMENT((#750));
#752=STYLED_ITEM('',(#751),#749);
#753=DIRECTION('',(1.E0,0.E0,0.E0));
#754=VECTOR('',#753,8.31E1);
#755=CARTESIAN_POINT('',(-4.155E1,1.95E1,0.E0));
#756=LINE('926',#755,#754);
#757=CURVE_STYLE('',#23,POSITIVE_LENGTH_MEASURE(2.E-2),#11);
#758=PRESENTATION_STYLE_ASSIGNMENT((#757));
#759=STYLED_ITEM('',(#758),#756);
#760=DIRECTION('',(0.E0,1.E0,0.E0));
#761=VECTOR('',#760,3.66E1);
#762=CARTESIAN_POINT('',(4.035E1,-1.83E1,0.E0));
#763=LINE('902',#762,#761);
#764=CURVE_STYLE('',#23,POSITIVE_LENGTH_MEASURE(2.E-2),#11);
#765=PRESENTATION_STYLE_ASSIGNMENT((#764));
#766=STYLED_ITEM('',(#765),#763);
#767=DIRECTION('',(0.E0,-1.E0,0.E0));
#768=VECTOR('',#767,3.66E1);
#769=CARTESIAN_POINT('',(-4.035E1,1.83E1,0.E0));
#770=LINE('919',#769,#768);
#771=CURVE_STYLE('',#23,POSITIVE_LENGTH_MEASURE(2.E-2),#11);
#772=PRESENTATION_STYLE_ASSIGNMENT((#771));
#773=STYLED_ITEM('',(#772),#770);
#774=DIRECTION('',(-1.E0,0.E0,0.E0));
#775=VECTOR('',#774,8.07E1);
#776=CARTESIAN_POINT('',(4.035E1,1.83E1,0.E0));
#777=LINE('908',#776,#775);
#778=CURVE_STYLE('',#23,POSITIVE_LENGTH_MEASURE(2.E-2),#11);
#779=PRESENTATION_STYLE_ASSIGNMENT((#778));
#780=STYLED_ITEM('',(#779),#777);
#781=CARTESIAN_POINT('',(2.E1,-9.5E0,0.E0));
#782=DIRECTION('',(0.E0,0.E0,-1.E0));
#783=DIRECTION('',(-1.E0,0.E0,0.E0));
#784=AXIS2_PLACEMENT_3D('',#781,#782,#783);
#786=CURVE_STYLE('',#23,POSITIVE_LENGTH_MEASURE(2.E-2),#11);
#787=PRESENTATION_STYLE_ASSIGNMENT((#786));
#788=STYLED_ITEM('',(#787),#785);
#789=CARTESIAN_POINT('',(2.E1,-9.5E0,0.E0));
#790=DIRECTION('',(0.E0,0.E0,-1.E0));
#791=DIRECTION('',(1.E0,0.E0,0.E0));
#792=AXIS2_PLACEMENT_3D('',#789,#790,#791);
#794=CURVE_STYLE('',#23,POSITIVE_LENGTH_MEASURE(2.E-2),#11);
#795=PRESENTATION_STYLE_ASSIGNMENT((#794));
#796=STYLED_ITEM('',(#795),#793);
#797=CARTESIAN_POINT('',(-2.E1,-9.5E0,0.E0));
#798=DIRECTION('',(0.E0,0.E0,-1.E0));
#799=DIRECTION('',(-1.E0,0.E0,0.E0));
#800=AXIS2_PLACEMENT_3D('',#797,#798,#799);
#802=CURVE_STYLE('',#23,POSITIVE_LENGTH_MEASURE(2.E-2),#11);
#803=PRESENTATION_STYLE_ASSIGNMENT((#802));
#804=STYLED_ITEM('',(#803),#801);
#805=CARTESIAN_POINT('',(-2.E1,-9.5E0,0.E0));
#806=DIRECTION('',(0.E0,0.E0,-1.E0));
#807=DIRECTION('',(1.E0,0.E0,0.E0));
#808=AXIS2_PLACEMENT_3D('',#805,#806,#807);
#810=CURVE_STYLE('',#23,POSITIVE_LENGTH_MEASURE(2.E-2),#11);
#811=PRESENTATION_STYLE_ASSIGNMENT((#810));
#812=STYLED_ITEM('',(#811),#809);
#813=DIRECTION('',(-1.E0,0.E0,0.E0));
#814=VECTOR('',#813,2.85E0);
#815=CARTESIAN_POINT('',(-3.75E1,-1.27E1,-1.13E1));
#816=LINE('858',#815,#814);
#817=CURVE_STYLE('',#23,POSITIVE_LENGTH_MEASURE(2.E-2),#11);
#818=PRESENTATION_STYLE_ASSIGNMENT((#817));
#819=STYLED_ITEM('',(#818),#816);
#820=DIRECTION('',(0.E0,-1.E0,0.E0));
#821=VECTOR('',#820,5.6E0);
#822=CARTESIAN_POINT('',(-4.035E1,-1.27E1,-1.13E1));
#823=LINE('864',#822,#821);
#824=CURVE_STYLE('',#23,POSITIVE_LENGTH_MEASURE(2.E-2),#11);
#825=PRESENTATION_STYLE_ASSIGNMENT((#824));
#826=STYLED_ITEM('',(#825),#823);
#827=DIRECTION('',(0.E0,0.E0,-1.E0));
#828=VECTOR('',#827,6.3E0);
#829=CARTESIAN_POINT('',(-4.035E1,-1.27E1,-5.E0));
#830=LINE('859',#829,#828);
#831=CURVE_STYLE('',#23,POSITIVE_LENGTH_MEASURE(2.E-2),#11);
#832=PRESENTATION_STYLE_ASSIGNMENT((#831));
#833=STYLED_ITEM('',(#832),#830);
#834=DIRECTION('',(0.E0,0.E0,1.E0));
#835=VECTOR('',#834,6.3E0);
#836=CARTESIAN_POINT('',(-4.035E1,1.27E1,-1.13E1));
#837=LINE('853',#836,#835);
#838=CURVE_STYLE('',#23,POSITIVE_LENGTH_MEASURE(2.E-2),#11);
#839=PRESENTATION_STYLE_ASSIGNMENT((#838));
#840=STYLED_ITEM('',(#839),#837);
#841=DIRECTION('',(0.E0,-1.E0,0.E0));
#842=VECTOR('',#841,5.6E0);
#843=CARTESIAN_POINT('',(-4.035E1,1.83E1,-1.13E1));
#844=LINE('854',#843,#842);
#845=CURVE_STYLE('',#23,POSITIVE_LENGTH_MEASURE(2.E-2),#11);
#846=PRESENTATION_STYLE_ASSIGNMENT((#845));
#847=STYLED_ITEM('',(#846),#844);
#848=DIRECTION('',(0.E0,0.E0,-1.E0));
#849=VECTOR('',#848,1.13E1);
#850=CARTESIAN_POINT('',(-4.035E1,1.83E1,0.E0));
#851=LINE('920',#850,#849);
#852=CURVE_STYLE('',#23,POSITIVE_LENGTH_MEASURE(2.E-2),#11);
#853=PRESENTATION_STYLE_ASSIGNMENT((#852));
#854=STYLED_ITEM('',(#853),#851);
#855=CARTESIAN_POINT('',(-3.75E1,-1.55E1,-1.13E1));
#856=DIRECTION('',(0.E0,0.E0,-1.E0));
#857=DIRECTION('',(0.E0,1.E0,0.E0));
#858=AXIS2_PLACEMENT_3D('',#855,#856,#857);
#860=CURVE_STYLE('',#23,POSITIVE_LENGTH_MEASURE(2.E-2),#11);
#861=PRESENTATION_STYLE_ASSIGNMENT((#860));
#862=STYLED_ITEM('',(#861),#859);
#863=DIRECTION('',(0.E0,0.E0,-1.E0));
#864=VECTOR('',#863,1.13E1);
#865=CARTESIAN_POINT('',(-3.47E1,-1.55E1,0.E0));
#866=LINE('862',#865,#864);
#867=CURVE_STYLE('',#23,POSITIVE_LENGTH_MEASURE(2.E-2),#11);
#868=PRESENTATION_STYLE_ASSIGNMENT((#867));
#869=STYLED_ITEM('',(#868),#866);
#870=DIRECTION('',(0.E0,0.E0,1.E0));
#871=VECTOR('',#870,1.13E1);
#872=CARTESIAN_POINT('',(-3.75E1,-1.27E1,-1.13E1));
#873=LINE('856',#872,#871);
#874=CURVE_STYLE('',#23,POSITIVE_LENGTH_MEASURE(2.E-2),#11);
#875=PRESENTATION_STYLE_ASSIGNMENT((#874));
#876=STYLED_ITEM('',(#875),#873);
#877=DIRECTION('',(0.E0,0.E0,-1.E0));
#878=VECTOR('',#877,1.13E1);
#879=CARTESIAN_POINT('',(-3.75E1,1.27E1,0.E0));
#880=LINE('851',#879,#878);
#881=CURVE_STYLE('',#23,POSITIVE_LENGTH_MEASURE(2.E-2),#11);
#882=PRESENTATION_STYLE_ASSIGNMENT((#881));
#883=STYLED_ITEM('',(#882),#880);
#884=DIRECTION('',(0.E0,0.E0,1.E0));
#885=VECTOR('',#884,1.13E1);
#886=CARTESIAN_POINT('',(-3.47E1,1.55E1,-1.13E1));
#887=LINE('850',#886,#885);
#888=CURVE_STYLE('',#23,POSITIVE_LENGTH_MEASURE(2.E-2),#11);
#889=PRESENTATION_STYLE_ASSIGNMENT((#888));
#890=STYLED_ITEM('',(#889),#887);
#891=DIRECTION('',(-1.E0,0.E0,0.E0));
#892=VECTOR('',#891,2.E0);
#893=CARTESIAN_POINT('',(-6.E0,1.83E1,-4.095437673367E-1));
#894=LINE('788',#893,#892);
#895=CURVE_STYLE('',#23,POSITIVE_LENGTH_MEASURE(2.E-2),#11);
#896=PRESENTATION_STYLE_ASSIGNMENT((#895));
#897=STYLED_ITEM('',(#896),#894);
#898=DIRECTION('',(0.E0,0.E0,1.E0));
#899=VECTOR('',#898,4.590456232663E0);
#900=CARTESIAN_POINT('',(-6.E0,1.83E1,-5.E0));
#901=LINE('790',#900,#899);
#902=CURVE_STYLE('',#23,POSITIVE_LENGTH_MEASURE(2.E-2),#11);
#903=PRESENTATION_STYLE_ASSIGNMENT((#902));
#904=STYLED_ITEM('',(#903),#901);
#905=DIRECTION('',(0.E0,0.E0,-1.E0));
#906=VECTOR('',#905,3.E0);
#907=CARTESIAN_POINT('',(-5.E0,1.83E1,-2.E0));
#908=LINE('828',#907,#906);
#909=CURVE_STYLE('',#23,POSITIVE_LENGTH_MEASURE(2.E-2),#11);
#910=PRESENTATION_STYLE_ASSIGNMENT((#909));
#911=STYLED_ITEM('',(#910),#908);
#912=DIRECTION('',(-1.E0,0.E0,0.E0));
#913=VECTOR('',#912,1.E1);
#914=CARTESIAN_POINT('',(5.E0,1.83E1,-2.E0));
#915=LINE('830',#914,#913);
#916=CURVE_STYLE('',#23,POSITIVE_LENGTH_MEASURE(2.E-2),#11);
#917=PRESENTATION_STYLE_ASSIGNMENT((#916));
#918=STYLED_ITEM('',(#917),#915);
#919=DIRECTION('',(0.E0,0.E0,1.E0));
#920=VECTOR('',#919,3.E0);
#921=CARTESIAN_POINT('',(5.E0,1.83E1,-5.E0));
#922=LINE('827',#921,#920);
#923=CURVE_STYLE('',#23,POSITIVE_LENGTH_MEASURE(2.E-2),#11);
#924=PRESENTATION_STYLE_ASSIGNMENT((#923));
#925=STYLED_ITEM('',(#924),#922);
#926=DIRECTION('',(0.E0,0.E0,-1.E0));
#927=VECTOR('',#926,4.590456232663E0);
#928=CARTESIAN_POINT('',(6.E0,1.83E1,-4.095437673367E-1));
#929=LINE('786',#928,#927);
#930=CURVE_STYLE('',#23,POSITIVE_LENGTH_MEASURE(2.E-2),#11);
#931=PRESENTATION_STYLE_ASSIGNMENT((#930));
#932=STYLED_ITEM('',(#931),#929);
#933=DIRECTION('',(-1.E0,0.E0,0.E0));
#934=VECTOR('',#933,2.E0);
#935=CARTESIAN_POINT('',(8.E0,1.83E1,-4.095437673367E-1));
#936=LINE('799',#935,#934);
#937=CURVE_STYLE('',#23,POSITIVE_LENGTH_MEASURE(2.E-2),#11);
#938=PRESENTATION_STYLE_ASSIGNMENT((#937));
#939=STYLED_ITEM('',(#938),#936);
#940=DIRECTION('',(0.E0,0.E0,1.E0));
#941=VECTOR('',#940,4.590456232663E0);
#942=CARTESIAN_POINT('',(8.E0,1.83E1,-5.E0));
#943=LINE('800',#942,#941);
#944=CURVE_STYLE('',#23,POSITIVE_LENGTH_MEASURE(2.E-2),#11);
#945=PRESENTATION_STYLE_ASSIGNMENT((#944));
#946=STYLED_ITEM('',(#945),#943);
#947=DIRECTION('',(0.E0,0.E0,1.E0));
#948=VECTOR('',#947,6.3E0);
#949=CARTESIAN_POINT('',(3.47E1,1.83E1,-1.13E1));
#950=LINE('778',#949,#948);
#951=CURVE_STYLE('',#23,POSITIVE_LENGTH_MEASURE(2.E-2),#11);
#952=PRESENTATION_STYLE_ASSIGNMENT((#951));
#953=STYLED_ITEM('',(#952),#950);
#954=DIRECTION('',(-1.E0,0.E0,0.E0));
#955=VECTOR('',#954,5.65E0);
#956=CARTESIAN_POINT('',(4.035E1,1.83E1,-1.13E1));
#957=LINE('890',#956,#955);
#958=CURVE_STYLE('',#23,POSITIVE_LENGTH_MEASURE(2.E-2),#11);
#959=PRESENTATION_STYLE_ASSIGNMENT((#958));
#960=STYLED_ITEM('',(#959),#957);
#961=DIRECTION('',(-1.E0,0.E0,0.E0));
#962=VECTOR('',#961,5.65E0);
#963=CARTESIAN_POINT('',(-3.47E1,1.83E1,-1.13E1));
#964=LINE('855',#963,#962);
#965=CURVE_STYLE('',#23,POSITIVE_LENGTH_MEASURE(2.E-2),#11);
#966=PRESENTATION_STYLE_ASSIGNMENT((#965));
#967=STYLED_ITEM('',(#966),#964);
#968=DIRECTION('',(0.E0,0.E0,-1.E0));
#969=VECTOR('',#968,6.3E0);
#970=CARTESIAN_POINT('',(-3.47E1,1.83E1,-5.E0));
#971=LINE('848',#970,#969);
#972=CURVE_STYLE('',#23,POSITIVE_LENGTH_MEASURE(2.E-2),#11);
#973=PRESENTATION_STYLE_ASSIGNMENT((#972));
#974=STYLED_ITEM('',(#973),#971);
#975=DIRECTION('',(0.E0,0.E0,-1.E0));
#976=VECTOR('',#975,4.590456232663E0);
#977=CARTESIAN_POINT('',(-8.E0,1.83E1,-4.095437673367E-1));
#978=LINE('787',#977,#976);
#979=CURVE_STYLE('',#23,POSITIVE_LENGTH_MEASURE(2.E-2),#11);
#980=PRESENTATION_STYLE_ASSIGNMENT((#979));
#981=STYLED_ITEM('',(#980),#978);
#982=DIRECTION('',(0.E0,-1.E0,0.E0));
#983=VECTOR('',#982,1.2E0);
#984=CARTESIAN_POINT('',(-6.E0,1.83E1,-4.095437673367E-1));
#985=LINE('797',#984,#983);
#986=CURVE_STYLE('',#23,POSITIVE_LENGTH_MEASURE(2.E-2),#11);
#987=PRESENTATION_STYLE_ASSIGNMENT((#986));
#988=STYLED_ITEM('',(#987),#985);
#989=DIRECTION('',(0.E0,1.E0,0.E0));
#990=VECTOR('',#989,1.2E0);
#991=CARTESIAN_POINT('',(-8.E0,1.71E1,-4.095437673367E-1));
#992=LINE('791',#991,#990);
#993=CURVE_STYLE('',#23,POSITIVE_LENGTH_MEASURE(2.E-2),#11);
#994=PRESENTATION_STYLE_ASSIGNMENT((#993));
#995=STYLED_ITEM('',(#994),#992);
#996=DIRECTION('',(0.E0,1.E0,0.E0));
#997=VECTOR('',#996,1.2E0);
#998=CARTESIAN_POINT('',(-6.E0,-1.83E1,-4.095437673367E-1));
#999=LINE('796',#998,#997);
#1000=CURVE_STYLE('',#23,POSITIVE_LENGTH_MEASURE(2.E-2),#11);
#1001=PRESENTATION_STYLE_ASSIGNMENT((#1000));
#1002=STYLED_ITEM('',(#1001),#999);
#1003=DIRECTION('',(0.E0,0.E0,-1.E0));
#1004=VECTOR('',#1003,4.590456232663E0);
#1005=CARTESIAN_POINT('',(-8.E0,-1.71E1,-4.095437673367E-1));
#1006=LINE('824',#1005,#1004);
#1007=CURVE_STYLE('',#23,POSITIVE_LENGTH_MEASURE(2.E-2),#11);
#1008=PRESENTATION_STYLE_ASSIGNMENT((#1007));
#1009=STYLED_ITEM('',(#1008),#1006);
#1010=DIRECTION('',(-1.E0,0.E0,0.E0));
#1011=VECTOR('',#1010,2.E0);
#1012=CARTESIAN_POINT('',(-6.E0,-1.71E1,-4.095437673367E-1));
#1013=LINE('818',#1012,#1011);
#1014=CURVE_STYLE('',#23,POSITIVE_LENGTH_MEASURE(2.E-2),#11);
#1015=PRESENTATION_STYLE_ASSIGNMENT((#1014));
#1016=STYLED_ITEM('',(#1015),#1013);
#1017=DIRECTION('',(0.E0,0.E0,1.E0));
#1018=VECTOR('',#1017,4.590456232663E0);
#1019=CARTESIAN_POINT('',(-6.E0,-1.71E1,-5.E0));
#1020=LINE('821',#1019,#1018);
#1021=CURVE_STYLE('',#23,POSITIVE_LENGTH_MEASURE(2.E-2),#11);
#1022=PRESENTATION_STYLE_ASSIGNMENT((#1021));
#1023=STYLED_ITEM('',(#1022),#1020);
#1024=DIRECTION('',(0.E0,0.E0,-1.E0));
#1025=VECTOR('',#1024,4.590456232663E0);
#1026=CARTESIAN_POINT('',(6.E0,-1.71E1,-4.095437673367E-1));
#1027=LINE('815',#1026,#1025);
#1028=CURVE_STYLE('',#23,POSITIVE_LENGTH_MEASURE(2.E-2),#11);
#1029=PRESENTATION_STYLE_ASSIGNMENT((#1028));
#1030=STYLED_ITEM('',(#1029),#1027);
#1031=DIRECTION('',(-1.E0,0.E0,0.E0));
#1032=VECTOR('',#1031,2.E0);
#1033=CARTESIAN_POINT('',(8.E0,-1.71E1,-4.095437673367E-1));
#1034=LINE('809',#1033,#1032);
#1035=CURVE_STYLE('',#23,POSITIVE_LENGTH_MEASURE(2.E-2),#11);
#1036=PRESENTATION_STYLE_ASSIGNMENT((#1035));
#1037=STYLED_ITEM('',(#1036),#1034);
#1038=DIRECTION('',(0.E0,0.E0,1.E0));
#1039=VECTOR('',#1038,4.590456232663E0);
#1040=CARTESIAN_POINT('',(8.E0,-1.71E1,-5.E0));
#1041=LINE('812',#1040,#1039);
#1042=CURVE_STYLE('',#23,POSITIVE_LENGTH_MEASURE(2.E-2),#11);
#1043=PRESENTATION_STYLE_ASSIGNMENT((#1042));
#1044=STYLED_ITEM('',(#1043),#1041);
#1045=DIRECTION('',(0.E0,0.E0,-1.E0));
#1046=VECTOR('',#1045,5.E0);
#1047=CARTESIAN_POINT('',(3.47E1,-1.66E1,0.E0));
#1048=LINE('970',#1047,#1046);
#1049=CURVE_STYLE('',#23,POSITIVE_LENGTH_MEASURE(2.E-2),#11);
#1050=PRESENTATION_STYLE_ASSIGNMENT((#1049));
#1051=STYLED_ITEM('',(#1050),#1048);
#1052=DIRECTION('',(0.E0,0.E0,1.E0));
#1053=VECTOR('',#1052,5.E0);
#1054=CARTESIAN_POINT('',(3.42E1,-1.71E1,-5.E0));
#1055=LINE('967',#1054,#1053);
#1056=CURVE_STYLE('',#23,POSITIVE_LENGTH_MEASURE(2.E-2),#11);
#1057=PRESENTATION_STYLE_ASSIGNMENT((#1056));
#1058=STYLED_ITEM('',(#1057),#1055);
#1059=CARTESIAN_POINT('',(3.75E1,-1.55E1,-1.13E1));
#1060=DIRECTION('',(0.E0,0.E0,-1.E0));
#1061=DIRECTION('',(-1.E0,0.E0,0.E0));
#1062=AXIS2_PLACEMENT_3D('',#1059,#1060,#1061);
#1064=CURVE_STYLE('',#23,POSITIVE_LENGTH_MEASURE(2.E-2),#11);
#1065=PRESENTATION_STYLE_ASSIGNMENT((#1064));
#1066=STYLED_ITEM('',(#1065),#1063);
#1067=DIRECTION('',(0.E0,1.E0,0.E0));
#1068=VECTOR('',#1067,2.8E0);
#1069=CARTESIAN_POINT('',(3.47E1,-1.83E1,-1.13E1));
#1070=LINE('873',#1069,#1068);
#1071=CURVE_STYLE('',#23,POSITIVE_LENGTH_MEASURE(2.E-2),#11);
#1072=PRESENTATION_STYLE_ASSIGNMENT((#1071));
#1073=STYLED_ITEM('',(#1072),#1070);
#1074=DIRECTION('',(1.E0,0.E0,0.E0));
#1075=VECTOR('',#1074,2.85E0);
#1076=CARTESIAN_POINT('',(3.75E1,-1.27E1,-1.13E1));
#1077=LINE('878',#1076,#1075);
#1078=CURVE_STYLE('',#23,POSITIVE_LENGTH_MEASURE(2.E-2),#11);
#1079=PRESENTATION_STYLE_ASSIGNMENT((#1078));
#1080=STYLED_ITEM('',(#1079),#1077);
#1081=DIRECTION('',(0.E0,0.E0,-1.E0));
#1082=VECTOR('',#1081,1.13E1);
#1083=CARTESIAN_POINT('',(3.75E1,-1.27E1,0.E0));
#1084=LINE('877',#1083,#1082);
#1085=CURVE_STYLE('',#23,POSITIVE_LENGTH_MEASURE(2.E-2),#11);
#1086=PRESENTATION_STYLE_ASSIGNMENT((#1085));
#1087=STYLED_ITEM('',(#1086),#1084);
#1088=DIRECTION('',(0.E0,0.E0,1.E0));
#1089=VECTOR('',#1088,1.13E1);
#1090=CARTESIAN_POINT('',(3.47E1,-1.55E1,-1.13E1));
#1091=LINE('876',#1090,#1089);
#1092=CURVE_STYLE('',#23,POSITIVE_LENGTH_MEASURE(2.E-2),#11);
#1093=PRESENTATION_STYLE_ASSIGNMENT((#1092));
#1094=STYLED_ITEM('',(#1093),#1091);
#1095=DIRECTION('',(0.E0,0.E0,1.E0));
#1096=VECTOR('',#1095,3.E0);
#1097=CARTESIAN_POINT('',(4.035E1,7.E-1,-5.E0));
#1098=LINE('782',#1097,#1096);
#1099=CURVE_STYLE('',#23,POSITIVE_LENGTH_MEASURE(2.E-2),#11);
#1100=PRESENTATION_STYLE_ASSIGNMENT((#1099));
#1101=STYLED_ITEM('',(#1100),#1098);
#1102=DIRECTION('',(0.E0,0.E0,1.E0));
#1103=VECTOR('',#1102,6.3E0);
#1104=CARTESIAN_POINT('',(4.035E1,-1.27E1,-1.13E1));
#1105=LINE('879',#1104,#1103);
#1106=CURVE_STYLE('',#23,POSITIVE_LENGTH_MEASURE(2.E-2),#11);
#1107=PRESENTATION_STYLE_ASSIGNMENT((#1106));
#1108=STYLED_ITEM('',(#1107),#1105);
#1109=DIRECTION('',(0.E0,1.E0,0.E0));
#1110=VECTOR('',#1109,5.6E0);
#1111=CARTESIAN_POINT('',(4.035E1,-1.83E1,-1.13E1));
#1112=LINE('880',#1111,#1110);
#1113=CURVE_STYLE('',#23,POSITIVE_LENGTH_MEASURE(2.E-2),#11);
#1114=PRESENTATION_STYLE_ASSIGNMENT((#1113));
#1115=STYLED_ITEM('',(#1114),#1112);
#1116=DIRECTION('',(0.E0,0.E0,1.E0));
#1117=VECTOR('',#1116,1.13E1);
#1118=CARTESIAN_POINT('',(4.035E1,1.83E1,-1.13E1));
#1119=LINE('915',#1118,#1117);
#1120=CURVE_STYLE('',#23,POSITIVE_LENGTH_MEASURE(2.E-2),#11);
#1121=PRESENTATION_STYLE_ASSIGNMENT((#1120));
#1122=STYLED_ITEM('',(#1121),#1119);
#1123=DIRECTION('',(0.E0,1.E0,0.E0));
#1124=VECTOR('',#1123,2.8E0);
#1125=CARTESIAN_POINT('',(4.035E1,1.55E1,-1.13E1));
#1126=LINE('1093',#1125,#1124);
#1127=CURVE_STYLE('',#23,POSITIVE_LENGTH_MEASURE(2.E-2),#11);
#1128=PRESENTATION_STYLE_ASSIGNMENT((#1127));
#1129=STYLED_ITEM('',(#1128),#1126);
#1130=DIRECTION('',(0.E0,0.E0,1.E0));
#1131=VECTOR('',#1130,9.3E0);
#1132=CARTESIAN_POINT('',(4.035E1,1.55E1,-1.13E1));
#1133=LINE('1085',#1132,#1131);
#1134=CURVE_STYLE('',#23,POSITIVE_LENGTH_MEASURE(2.E-2),#11);
#1135=PRESENTATION_STYLE_ASSIGNMENT((#1134));
#1136=STYLED_ITEM('',(#1135),#1133);
#1137=DIRECTION('',(0.E0,1.E0,0.E0));
#1138=VECTOR('',#1137,1.48E1);
#1139=CARTESIAN_POINT('',(4.035E1,7.E-1,-2.E0));
#1140=LINE('1097',#1139,#1138);
#1141=CURVE_STYLE('',#23,POSITIVE_LENGTH_MEASURE(2.E-2),#11);
#1142=PRESENTATION_STYLE_ASSIGNMENT((#1141));
#1143=STYLED_ITEM('',(#1142),#1140);
#1144=DIRECTION('',(1.E0,0.E0,0.E0));
#1145=VECTOR('',#1144,5.65E0);
#1146=CARTESIAN_POINT('',(3.47E1,1.55E1,-2.E0));
#1147=LINE('1096',#1146,#1145);
#1148=CURVE_STYLE('',#23,POSITIVE_LENGTH_MEASURE(2.E-2),#11);
#1149=PRESENTATION_STYLE_ASSIGNMENT((#1148));
#1150=STYLED_ITEM('',(#1149),#1147);
#1151=CARTESIAN_POINT('',(3.865E1,1.22E1,-2.E0));
#1152=DIRECTION('',(0.E0,0.E0,1.E0));
#1153=DIRECTION('',(1.E0,0.E0,0.E0));
#1154=AXIS2_PLACEMENT_3D('',#1151,#1152,#1153);
#1156=CURVE_STYLE('',#23,POSITIVE_LENGTH_MEASURE(2.E-2),#11);
#1157=PRESENTATION_STYLE_ASSIGNMENT((#1156));
#1158=STYLED_ITEM('',(#1157),#1155);
#1159=DIRECTION('',(-1.E0,0.E0,0.E0));
#1160=VECTOR('',#1159,1.2E0);
#1161=CARTESIAN_POINT('',(4.035E1,7.E-1,-2.E0));
#1162=LINE('781',#1161,#1160);
#1163=CURVE_STYLE('',#23,POSITIVE_LENGTH_MEASURE(2.E-2),#11);
#1164=PRESENTATION_STYLE_ASSIGNMENT((#1163));
#1165=STYLED_ITEM('',(#1164),#1162);
#1166=DIRECTION('',(-1.E0,0.E0,0.E0));
#1167=VECTOR('',#1166,5.65E0);
#1168=CARTESIAN_POINT('',(4.035E1,1.55E1,-1.13E1));
#1169=LINE('1088',#1168,#1167);
#1170=CURVE_STYLE('',#23,POSITIVE_LENGTH_MEASURE(2.E-2),#11);
#1171=PRESENTATION_STYLE_ASSIGNMENT((#1170));
#1172=STYLED_ITEM('',(#1171),#1169);
#1173=DIRECTION('',(0.E0,0.E0,1.E0));
#1174=VECTOR('',#1173,9.3E0);
#1175=CARTESIAN_POINT('',(3.47E1,1.55E1,-1.13E1));
#1176=LINE('1086',#1175,#1174);
#1177=CURVE_STYLE('',#23,POSITIVE_LENGTH_MEASURE(2.E-2),#11);
#1178=PRESENTATION_STYLE_ASSIGNMENT((#1177));
#1179=STYLED_ITEM('',(#1178),#1176);
#1180=DIRECTION('',(0.E0,-1.E0,0.E0));
#1181=VECTOR('',#1180,2.8E0);
#1182=CARTESIAN_POINT('',(3.47E1,1.83E1,-1.13E1));
#1183=LINE('1094',#1182,#1181);
#1184=CURVE_STYLE('',#23,POSITIVE_LENGTH_MEASURE(2.E-2),#11);
#1185=PRESENTATION_STYLE_ASSIGNMENT((#1184));
#1186=STYLED_ITEM('',(#1185),#1183);
#1187=DIRECTION('',(0.E0,0.E0,-1.E0));
#1188=VECTOR('',#1187,5.E0);
#1189=CARTESIAN_POINT('',(3.42E1,1.71E1,0.E0));
#1190=LINE('976',#1189,#1188);
#1191=CURVE_STYLE('',#23,POSITIVE_LENGTH_MEASURE(2.E-2),#11);
#1192=PRESENTATION_STYLE_ASSIGNMENT((#1191));
#1193=STYLED_ITEM('',(#1192),#1190);
#1194=DIRECTION('',(0.E0,0.E0,1.E0));
#1195=VECTOR('',#1194,5.E0);
#1196=CARTESIAN_POINT('',(3.47E1,1.66E1,-5.E0));
#1197=LINE('977',#1196,#1195);
#1198=CURVE_STYLE('',#23,POSITIVE_LENGTH_MEASURE(2.E-2),#11);
#1199=PRESENTATION_STYLE_ASSIGNMENT((#1198));
#1200=STYLED_ITEM('',(#1199),#1197);
#1201=CARTESIAN_POINT('',(3.75E1,1.55E1,-2.E0));
#1202=DIRECTION('',(0.E0,0.E0,1.E0));
#1203=DIRECTION('',(-1.E0,0.E0,0.E0));
#1204=AXIS2_PLACEMENT_3D('',#1201,#1202,#1203);
#1206=CURVE_STYLE('',#23,POSITIVE_LENGTH_MEASURE(2.E-2),#11);
#1207=PRESENTATION_STYLE_ASSIGNMENT((#1206));
#1208=STYLED_ITEM('',(#1207),#1205);
#1209=DIRECTION('',(0.E0,0.E0,-1.E0));
#1210=VECTOR('',#1209,2.E0);
#1211=CARTESIAN_POINT('',(3.47E1,1.55E1,0.E0));
#1212=LINE('1092',#1211,#1210);
#1213=CURVE_STYLE('',#23,POSITIVE_LENGTH_MEASURE(2.E-2),#11);
#1214=PRESENTATION_STYLE_ASSIGNMENT((#1213));
#1215=STYLED_ITEM('',(#1214),#1212);
#1216=DIRECTION('',(0.E0,0.E0,1.E0));
#1217=VECTOR('',#1216,2.E0);
#1218=CARTESIAN_POINT('',(3.75E1,1.27E1,-2.E0));
#1219=LINE('1091',#1218,#1217);
#1220=CURVE_STYLE('',#23,POSITIVE_LENGTH_MEASURE(2.E-2),#11);
#1221=PRESENTATION_STYLE_ASSIGNMENT((#1220));
#1222=STYLED_ITEM('',(#1221),#1219);
#1223=DIRECTION('',(-1.E0,0.E0,0.E0));
#1224=VECTOR('',#1223,1.15E0);
#1225=CARTESIAN_POINT('',(3.865E1,1.27E1,-2.E0));
#1226=LINE('1083',#1225,#1224);
#1227=CURVE_STYLE('',#23,POSITIVE_LENGTH_MEASURE(2.E-2),#11);
#1228=PRESENTATION_STYLE_ASSIGNMENT((#1227));
#1229=STYLED_ITEM('',(#1228),#1226);
#1230=DIRECTION('',(0.E0,0.E0,-1.E0));
#1231=VECTOR('',#1230,2.E0);
#1232=CARTESIAN_POINT('',(3.865E1,1.27E1,0.E0));
#1233=LINE('1095',#1232,#1231);
#1234=CURVE_STYLE('',#23,POSITIVE_LENGTH_MEASURE(2.E-2),#11);
#1235=PRESENTATION_STYLE_ASSIGNMENT((#1234));
#1236=STYLED_ITEM('',(#1235),#1233);
#1237=DIRECTION('',(0.E0,0.E0,1.E0));
#1238=VECTOR('',#1237,2.E0);
#1239=CARTESIAN_POINT('',(3.915E1,1.22E1,-2.E0));
#1240=LINE('972',#1239,#1238);
#1241=CURVE_STYLE('',#23,POSITIVE_LENGTH_MEASURE(2.E-2),#11);
#1242=PRESENTATION_STYLE_ASSIGNMENT((#1241));
#1243=STYLED_ITEM('',(#1242),#1240);
#1244=DIRECTION('',(0.E0,0.E0,-1.E0));
#1245=VECTOR('',#1244,3.E0);
#1246=CARTESIAN_POINT('',(3.915E1,7.E-1,-2.E0));
#1247=LINE('785',#1246,#1245);
#1248=CURVE_STYLE('',#23,POSITIVE_LENGTH_MEASURE(2.E-2),#11);
#1249=PRESENTATION_STYLE_ASSIGNMENT((#1248));
#1250=STYLED_ITEM('',(#1249),#1247);
#1251=DIRECTION('',(0.E0,-1.E0,0.E0));
#1252=VECTOR('',#1251,1.15E1);
#1253=CARTESIAN_POINT('',(3.915E1,1.22E1,-2.E0));
#1254=LINE('783',#1253,#1252);
#1255=CURVE_STYLE('',#23,POSITIVE_LENGTH_MEASURE(2.E-2),#11);
#1256=PRESENTATION_STYLE_ASSIGNMENT((#1255));
#1257=STYLED_ITEM('',(#1256),#1254);
#1258=DIRECTION('',(0.E0,0.E0,1.E0));
#1259=VECTOR('',#1258,5.E0);
#1260=CARTESIAN_POINT('',(3.865E1,-1.27E1,-5.E0));
#1261=LINE('971',#1260,#1259);
#1262=CURVE_STYLE('',#23,POSITIVE_LENGTH_MEASURE(2.E-2),#11);
#1263=PRESENTATION_STYLE_ASSIGNMENT((#1262));
#1264=STYLED_ITEM('',(#1263),#1261);
#1265=DIRECTION('',(0.E0,0.E0,-1.E0));
#1266=VECTOR('',#1265,5.E0);
#1267=CARTESIAN_POINT('',(3.915E1,-1.22E1,0.E0));
#1268=LINE('973',#1267,#1266);
#1269=CURVE_STYLE('',#23,POSITIVE_LENGTH_MEASURE(2.E-2),#11);
#1270=PRESENTATION_STYLE_ASSIGNMENT((#1269));
#1271=STYLED_ITEM('',(#1270),#1268);
#1272=DIRECTION('',(0.E0,0.E0,-1.E0));
#1273=VECTOR('',#1272,5.E0);
#1274=CARTESIAN_POINT('',(-3.42E1,-1.71E1,0.E0));
#1275=LINE('968',#1274,#1273);
#1276=CURVE_STYLE('',#23,POSITIVE_LENGTH_MEASURE(2.E-2),#11);
#1277=PRESENTATION_STYLE_ASSIGNMENT((#1276));
#1278=STYLED_ITEM('',(#1277),#1275);
#1279=DIRECTION('',(0.E0,0.E0,1.E0));
#1280=VECTOR('',#1279,5.E0);
#1281=CARTESIAN_POINT('',(-3.47E1,-1.66E1,-5.E0));
#1282=LINE('969',#1281,#1280);
#1283=CURVE_STYLE('',#23,POSITIVE_LENGTH_MEASURE(2.E-2),#11);
#1284=PRESENTATION_STYLE_ASSIGNMENT((#1283));
#1285=STYLED_ITEM('',(#1284),#1282);
#1286=DIRECTION('',(-2.664535259100E-14,1.E0,-2.664535259100E-14));
#1287=VECTOR('',#1286,1.E-1);
#1288=CARTESIAN_POINT('',(-5.E0,1.83E1,-2.E0));
#1289=LINE('832',#1288,#1287);
#1290=CURVE_STYLE('',#23,POSITIVE_LENGTH_MEASURE(2.E-2),#11);
#1291=PRESENTATION_STYLE_ASSIGNMENT((#1290));
#1292=STYLED_ITEM('',(#1291),#1289);
#1293=DIRECTION('',(0.E0,0.E0,-1.E0));
#1294=VECTOR('',#1293,3.E0);
#1295=CARTESIAN_POINT('',(-5.E0,1.84E1,-2.E0));
#1296=LINE('944',#1295,#1294);
#1297=CURVE_STYLE('',#23,POSITIVE_LENGTH_MEASURE(2.E-2),#11);
#1298=PRESENTATION_STYLE_ASSIGNMENT((#1297));
#1299=STYLED_ITEM('',(#1298),#1296);
#1300=DIRECTION('',(-1.E0,0.E0,0.E0));
#1301=VECTOR('',#1300,1.E1);
#1302=CARTESIAN_POINT('',(5.E0,1.84E1,-2.E0));
#1303=LINE('951',#1302,#1301);
#1304=CURVE_STYLE('',#23,POSITIVE_LENGTH_MEASURE(2.E-2),#11);
#1305=PRESENTATION_STYLE_ASSIGNMENT((#1304));
#1306=STYLED_ITEM('',(#1305),#1303);
#1307=DIRECTION('',(1.776356839400E-14,-1.E0,1.776356839400E-14));
#1308=VECTOR('',#1307,1.E-1);
#1309=CARTESIAN_POINT('',(5.E0,1.84E1,-2.E0));
#1310=LINE('831',#1309,#1308);
#1311=CURVE_STYLE('',#23,POSITIVE_LENGTH_MEASURE(2.E-2),#11);
#1312=PRESENTATION_STYLE_ASSIGNMENT((#1311));
#1313=STYLED_ITEM('',(#1312),#1310);
#1314=DIRECTION('',(0.E0,0.E0,1.E0));
#1315=VECTOR('',#1314,3.E0);
#1316=CARTESIAN_POINT('',(5.E0,1.84E1,-5.E0));
#1317=LINE('952',#1316,#1315);
#1318=CURVE_STYLE('',#23,POSITIVE_LENGTH_MEASURE(2.E-2),#11);
#1319=PRESENTATION_STYLE_ASSIGNMENT((#1318));
#1320=STYLED_ITEM('',(#1319),#1317);
#1321=DIRECTION('',(-5.773502691896E-1,5.773502691896E-1,5.773502691896E-1));
#1322=VECTOR('',#1321,1.558845726812E0);
#1323=CARTESIAN_POINT('',(5.E0,1.84E1,-5.E0));
#1324=LINE('955',#1323,#1322);
#1325=CURVE_STYLE('',#23,POSITIVE_LENGTH_MEASURE(2.E-2),#11);
#1326=PRESENTATION_STYLE_ASSIGNMENT((#1325));
#1327=STYLED_ITEM('',(#1326),#1324);
#1328=DIRECTION('',(5.773502691896E-1,-5.773502691896E-1,5.773502691896E-1));
#1329=VECTOR('',#1328,1.558845726812E0);
#1330=CARTESIAN_POINT('',(4.1E0,1.93E1,-2.9E0));
#1331=LINE('829',#1330,#1329);
#1332=CURVE_STYLE('',#23,POSITIVE_LENGTH_MEASURE(2.E-2),#11);
#1333=PRESENTATION_STYLE_ASSIGNMENT((#1332));
#1334=STYLED_ITEM('',(#1333),#1331);
#1335=DIRECTION('',(5.773502691896E-1,5.773502691896E-1,5.773502691896E-1));
#1336=VECTOR('',#1335,1.558845726812E0);
#1337=CARTESIAN_POINT('',(-5.E0,1.84E1,-5.E0));
#1338=LINE('826',#1337,#1336);
#1339=CURVE_STYLE('',#23,POSITIVE_LENGTH_MEASURE(2.E-2),#11);
#1340=PRESENTATION_STYLE_ASSIGNMENT((#1339));
#1341=STYLED_ITEM('',(#1340),#1338);
#1342=DIRECTION('',(-1.E0,0.E0,0.E0));
#1343=VECTOR('',#1342,8.2E0);
#1344=CARTESIAN_POINT('',(4.1E0,1.93E1,-4.1E0));
#1345=LINE('947',#1344,#1343);
#1346=CURVE_STYLE('',#23,POSITIVE_LENGTH_MEASURE(2.E-2),#11);
#1347=PRESENTATION_STYLE_ASSIGNMENT((#1346));
#1348=STYLED_ITEM('',(#1347),#1345);
#1349=DIRECTION('',(0.E0,0.E0,-1.E0));
#1350=VECTOR('',#1349,1.2E0);
#1351=CARTESIAN_POINT('',(4.1E0,1.93E1,-2.9E0));
#1352=LINE('948',#1351,#1350);
#1353=CURVE_STYLE('',#23,POSITIVE_LENGTH_MEASURE(2.E-2),#11);
#1354=PRESENTATION_STYLE_ASSIGNMENT((#1353));
#1355=STYLED_ITEM('',(#1354),#1352);
#1356=DIRECTION('',(1.E0,0.E0,0.E0));
#1357=VECTOR('',#1356,8.2E0);
#1358=CARTESIAN_POINT('',(-4.1E0,1.93E1,-2.9E0));
#1359=LINE('949',#1358,#1357);
#1360=CURVE_STYLE('',#23,POSITIVE_LENGTH_MEASURE(2.E-2),#11);
#1361=PRESENTATION_STYLE_ASSIGNMENT((#1360));
#1362=STYLED_ITEM('',(#1361),#1359);
#1363=DIRECTION('',(0.E0,0.E0,1.E0));
#1364=VECTOR('',#1363,1.2E0);
#1365=CARTESIAN_POINT('',(-4.1E0,1.93E1,-4.1E0));
#1366=LINE('950',#1365,#1364);
#1367=CURVE_STYLE('',#23,POSITIVE_LENGTH_MEASURE(2.E-2),#11);
#1368=PRESENTATION_STYLE_ASSIGNMENT((#1367));
#1369=STYLED_ITEM('',(#1368),#1366);
#1370=DIRECTION('',(-5.773502691896E-1,-5.773502691896E-1,5.773502691896E-1));
#1371=VECTOR('',#1370,1.558845726812E0);
#1372=CARTESIAN_POINT('',(-4.1E0,1.93E1,-2.9E0));
#1373=LINE('954',#1372,#1371);
#1374=CURVE_STYLE('',#23,POSITIVE_LENGTH_MEASURE(2.E-2),#11);
#1375=PRESENTATION_STYLE_ASSIGNMENT((#1374));
#1376=STYLED_ITEM('',(#1375),#1373);
#1377=CARTESIAN_POINT('',(-3.75E1,1.55E1,-1.13E1));
#1378=DIRECTION('',(0.E0,0.E0,-1.E0));
#1379=DIRECTION('',(1.E0,0.E0,0.E0));
#1380=AXIS2_PLACEMENT_3D('',#1377,#1378,#1379);
#1382=CURVE_STYLE('',#23,POSITIVE_LENGTH_MEASURE(2.E-2),#11);
#1383=PRESENTATION_STYLE_ASSIGNMENT((#1382));
#1384=STYLED_ITEM('',(#1383),#1381);
#1385=DIRECTION('',(0.E0,-1.E0,0.E0));
#1386=VECTOR('',#1385,2.8E0);
#1387=CARTESIAN_POINT('',(-3.47E1,1.83E1,-1.13E1));
#1388=LINE('847',#1387,#1386);
#1389=CURVE_STYLE('',#23,POSITIVE_LENGTH_MEASURE(2.E-2),#11);
#1390=PRESENTATION_STYLE_ASSIGNMENT((#1389));
#1391=STYLED_ITEM('',(#1390),#1388);
#1392=DIRECTION('',(-1.E0,0.E0,0.E0));
#1393=VECTOR('',#1392,2.85E0);
#1394=CARTESIAN_POINT('',(-3.75E1,1.27E1,-1.13E1));
#1395=LINE('852',#1394,#1393);
#1396=CURVE_STYLE('',#23,POSITIVE_LENGTH_MEASURE(2.E-2),#11);
#1397=PRESENTATION_STYLE_ASSIGNMENT((#1396));
#1398=STYLED_ITEM('',(#1397),#1395);
#1399=DIRECTION('',(0.E0,0.E0,-1.E0));
#1400=VECTOR('',#1399,5.E0);
#1401=CARTESIAN_POINT('',(-3.47E1,1.66E1,0.E0));
#1402=LINE('979',#1401,#1400);
#1403=CURVE_STYLE('',#23,POSITIVE_LENGTH_MEASURE(2.E-2),#11);
#1404=PRESENTATION_STYLE_ASSIGNMENT((#1403));
#1405=STYLED_ITEM('',(#1404),#1402);
#1406=DIRECTION('',(0.E0,0.E0,1.E0));
#1407=VECTOR('',#1406,5.E0);
#1408=CARTESIAN_POINT('',(-3.42E1,1.71E1,-5.E0));
#1409=LINE('975',#1408,#1407);
#1410=CURVE_STYLE('',#23,POSITIVE_LENGTH_MEASURE(2.E-2),#11);
#1411=PRESENTATION_STYLE_ASSIGNMENT((#1410));
#1412=STYLED_ITEM('',(#1411),#1409);
#1413=DIRECTION('',(0.E0,0.E0,1.E0));
#1414=VECTOR('',#1413,5.E0);
#1415=CARTESIAN_POINT('',(-3.865E1,1.27E1,-5.E0));
#1416=LINE('978',#1415,#1414);
#1417=CURVE_STYLE('',#23,POSITIVE_LENGTH_MEASURE(2.E-2),#11);
#1418=PRESENTATION_STYLE_ASSIGNMENT((#1417));
#1419=STYLED_ITEM('',(#1418),#1416);
#1420=DIRECTION('',(0.E0,0.E0,-1.E0));
#1421=VECTOR('',#1420,5.E0);
#1422=CARTESIAN_POINT('',(-3.915E1,1.22E1,0.E0));
#1423=LINE('956',#1422,#1421);
#1424=CURVE_STYLE('',#23,POSITIVE_LENGTH_MEASURE(2.E-2),#11);
#1425=PRESENTATION_STYLE_ASSIGNMENT((#1424));
#1426=STYLED_ITEM('',(#1425),#1423);
#1427=DIRECTION('',(0.E0,0.E0,1.E0));
#1428=VECTOR('',#1427,5.E0);
#1429=CARTESIAN_POINT('',(-3.915E1,-1.22E1,-5.E0));
#1430=LINE('957',#1429,#1428);
#1431=CURVE_STYLE('',#23,POSITIVE_LENGTH_MEASURE(2.E-2),#11);
#1432=PRESENTATION_STYLE_ASSIGNMENT((#1431));
#1433=STYLED_ITEM('',(#1432),#1430);
#1434=DIRECTION('',(0.E0,0.E0,-1.E0));
#1435=VECTOR('',#1434,5.E0);
#1436=CARTESIAN_POINT('',(-3.865E1,-1.27E1,0.E0));
#1437=LINE('958',#1436,#1435);
#1438=CURVE_STYLE('',#23,POSITIVE_LENGTH_MEASURE(2.E-2),#11);
#1439=PRESENTATION_STYLE_ASSIGNMENT((#1438));
#1440=STYLED_ITEM('',(#1439),#1437);
#1441=DIRECTION('',(0.E0,0.E0,-1.E0));
#1442=VECTOR('',#1441,2.E0);
#1443=CARTESIAN_POINT('',(-4.155E1,1.95E1,2.E0));
#1444=LINE('929',#1443,#1442);
#1445=CURVE_STYLE('',#23,POSITIVE_LENGTH_MEASURE(2.E-2),#11);
#1446=PRESENTATION_STYLE_ASSIGNMENT((#1445));
#1447=STYLED_ITEM('',(#1446),#1444);
#1448=DIRECTION('',(0.E0,1.E0,0.E0));
#1449=VECTOR('',#1448,3.9E1);
#1450=CARTESIAN_POINT('',(-4.155E1,-1.95E1,2.E0));
#1451=LINE('924',#1450,#1449);
#1452=CURVE_STYLE('',#23,POSITIVE_LENGTH_MEASURE(2.E-2),#11);
#1453=PRESENTATION_STYLE_ASSIGNMENT((#1452));
#1454=STYLED_ITEM('',(#1453),#1451);
#1455=DIRECTION('',(0.E0,0.E0,1.E0));
#1456=VECTOR('',#1455,2.E0);
#1457=CARTESIAN_POINT('',(-4.155E1,-1.95E1,0.E0));
#1458=LINE('934',#1457,#1456);
#1459=CURVE_STYLE('',#23,POSITIVE_LENGTH_MEASURE(2.E-2),#11);
#1460=PRESENTATION_STYLE_ASSIGNMENT((#1459));
#1461=STYLED_ITEM('',(#1460),#1458);
#1462=DIRECTION('',(1.E0,0.E0,0.E0));
#1463=VECTOR('',#1462,8.31E1);
#1464=CARTESIAN_POINT('',(-4.155E1,1.95E1,2.E0));
#1465=LINE('928',#1464,#1463);
#1466=CURVE_STYLE('',#23,POSITIVE_LENGTH_MEASURE(2.E-2),#11);
#1467=PRESENTATION_STYLE_ASSIGNMENT((#1466));
#1468=STYLED_ITEM('',(#1467),#1465);
#1469=DIRECTION('',(0.E0,-1.E0,0.E0));
#1470=VECTOR('',#1469,3.9E1);
#1471=CARTESIAN_POINT('',(4.155E1,1.95E1,2.E0));
#1472=LINE('927',#1471,#1470);
#1473=CURVE_STYLE('',#23,POSITIVE_LENGTH_MEASURE(2.E-2),#11);
#1474=PRESENTATION_STYLE_ASSIGNMENT((#1473));
#1475=STYLED_ITEM('',(#1474),#1472);
#1476=DIRECTION('',(0.E0,0.E0,1.E0));
#1477=VECTOR('',#1476,2.E0);
#1478=CARTESIAN_POINT('',(4.155E1,1.95E1,0.E0));
#1479=LINE('932',#1478,#1477);
#1480=CURVE_STYLE('',#23,POSITIVE_LENGTH_MEASURE(2.E-2),#11);
#1481=PRESENTATION_STYLE_ASSIGNMENT((#1480));
#1482=STYLED_ITEM('',(#1481),#1479);
#1483=DIRECTION('',(-1.E0,0.E0,0.E0));
#1484=VECTOR('',#1483,8.31E1);
#1485=CARTESIAN_POINT('',(4.155E1,-1.95E1,2.E0));
#1486=LINE('925',#1485,#1484);
#1487=CURVE_STYLE('',#23,POSITIVE_LENGTH_MEASURE(2.E-2),#11);
#1488=PRESENTATION_STYLE_ASSIGNMENT((#1487));
#1489=STYLED_ITEM('',(#1488),#1486);
#1490=DIRECTION('',(0.E0,0.E0,1.E0));
#1491=VECTOR('',#1490,2.E0);
#1492=CARTESIAN_POINT('',(4.155E1,-1.95E1,0.E0));
#1493=LINE('933',#1492,#1491);
#1494=CURVE_STYLE('',#23,POSITIVE_LENGTH_MEASURE(2.E-2),#11);
#1495=PRESENTATION_STYLE_ASSIGNMENT((#1494));
#1496=STYLED_ITEM('',(#1495),#1493);
#1497=CARTESIAN_POINT('',(2.E1,-9.5E0,2.E0));
#1498=DIRECTION('',(0.E0,0.E0,-1.E0));
#1499=DIRECTION('',(-1.E0,0.E0,0.E0));
#1500=AXIS2_PLACEMENT_3D('',#1497,#1498,#1499);
#1502=CURVE_STYLE('',#23,POSITIVE_LENGTH_MEASURE(2.E-2),#11);
#1503=PRESENTATION_STYLE_ASSIGNMENT((#1502));
#1504=STYLED_ITEM('',(#1503),#1501);
#1505=CARTESIAN_POINT('',(2.E1,-9.5E0,2.E0));
#1506=DIRECTION('',(0.E0,0.E0,-1.E0));
#1507=DIRECTION('',(1.E0,0.E0,0.E0));
#1508=AXIS2_PLACEMENT_3D('',#1505,#1506,#1507);
#1510=CURVE_STYLE('',#23,POSITIVE_LENGTH_MEASURE(2.E-2),#11);
#1511=PRESENTATION_STYLE_ASSIGNMENT((#1510));
#1512=STYLED_ITEM('',(#1511),#1509);
#1513=CARTESIAN_POINT('',(-2.E1,-9.5E0,2.E0));
#1514=DIRECTION('',(0.E0,0.E0,-1.E0));
#1515=DIRECTION('',(-1.E0,0.E0,0.E0));
#1516=AXIS2_PLACEMENT_3D('',#1513,#1514,#1515);
#1518=CURVE_STYLE('',#23,POSITIVE_LENGTH_MEASURE(2.E-2),#11);
#1519=PRESENTATION_STYLE_ASSIGNMENT((#1518));
#1520=STYLED_ITEM('',(#1519),#1517);
#1521=CARTESIAN_POINT('',(-2.E1,-9.5E0,2.E0));
#1522=DIRECTION('',(0.E0,0.E0,-1.E0));
#1523=DIRECTION('',(1.E0,0.E0,0.E0));
#1524=AXIS2_PLACEMENT_3D('',#1521,#1522,#1523);
#1526=CURVE_STYLE('',#23,POSITIVE_LENGTH_MEASURE(2.E-2),#11);
#1527=PRESENTATION_STYLE_ASSIGNMENT((#1526));
#1528=STYLED_ITEM('',(#1527),#1525);
#1529=DIRECTION('',(0.E0,0.E0,1.E0));
#1530=VECTOR('',#1529,2.E0);
#1531=CARTESIAN_POINT('',(1.825E1,-9.5E0,0.E0));
#1532=LINE('1279',#1531,#1530);
#1533=CURVE_STYLE('',#23,POSITIVE_LENGTH_MEASURE(2.E-2),#11);
#1534=PRESENTATION_STYLE_ASSIGNMENT((#1533));
#1535=STYLED_ITEM('',(#1534),#1532);
#1536=DIRECTION('',(0.E0,0.E0,1.E0));
#1537=VECTOR('',#1536,2.E0);
#1538=CARTESIAN_POINT('',(2.175E1,-9.5E0,0.E0));
#1539=LINE('1280',#1538,#1537);
#1540=CURVE_STYLE('',#23,POSITIVE_LENGTH_MEASURE(2.E-2),#11);
#1541=PRESENTATION_STYLE_ASSIGNMENT((#1540));
#1542=STYLED_ITEM('',(#1541),#1539);
#1543=DIRECTION('',(0.E0,0.E0,1.E0));
#1544=VECTOR('',#1543,2.E0);
#1545=CARTESIAN_POINT('',(-2.175E1,-9.5E0,0.E0));
#1546=LINE('1281',#1545,#1544);
#1547=CURVE_STYLE('',#23,POSITIVE_LENGTH_MEASURE(2.E-2),#11);
#1548=PRESENTATION_STYLE_ASSIGNMENT((#1547));
#1549=STYLED_ITEM('',(#1548),#1546);
#1550=DIRECTION('',(0.E0,0.E0,1.E0));
#1551=VECTOR('',#1550,2.E0);
#1552=CARTESIAN_POINT('',(-1.825E1,-9.5E0,0.E0));
#1553=LINE('1282',#1552,#1551);
#1554=CURVE_STYLE('',#23,POSITIVE_LENGTH_MEASURE(2.E-2),#11);
#1555=PRESENTATION_STYLE_ASSIGNMENT((#1554));
#1556=STYLED_ITEM('',(#1555),#1553);
#1557=DIRECTION('',(-1.776356839400E-14,-1.E0,0.E0));
#1558=VECTOR('',#1557,9.999999999999E-2);
#1559=CARTESIAN_POINT('',(5.E0,-1.83E1,-2.E0));
#1560=LINE('843',#1559,#1558);
#1561=CURVE_STYLE('',#23,POSITIVE_LENGTH_MEASURE(2.E-2),#11);
#1562=PRESENTATION_STYLE_ASSIGNMENT((#1561));
#1563=STYLED_ITEM('',(#1562),#1560);
#1564=DIRECTION('',(0.E0,0.E0,-1.E0));
#1565=VECTOR('',#1564,3.E0);
#1566=CARTESIAN_POINT('',(5.E0,-1.84E1,-2.E0));
#1567=LINE('942',#1566,#1565);
#1568=CURVE_STYLE('',#23,POSITIVE_LENGTH_MEASURE(2.E-2),#11);
#1569=PRESENTATION_STYLE_ASSIGNMENT((#1568));
#1570=STYLED_ITEM('',(#1569),#1567);
#1571=DIRECTION('',(-1.776356839400E-14,-1.E0,-1.332267629550E-14));
#1572=VECTOR('',#1571,9.999999999999E-2);
#1573=CARTESIAN_POINT('',(-5.E0,-1.83E1,-2.E0));
#1574=LINE('842',#1573,#1572);
#1575=CURVE_STYLE('',#23,POSITIVE_LENGTH_MEASURE(2.E-2),#11);
#1576=PRESENTATION_STYLE_ASSIGNMENT((#1575));
#1577=STYLED_ITEM('',(#1576),#1574);
#1578=DIRECTION('',(1.E0,0.E0,0.E0));
#1579=VECTOR('',#1578,1.E1);
#1580=CARTESIAN_POINT('',(-5.E0,-1.84E1,-2.E0));
#1581=LINE('941',#1580,#1579);
#1582=CURVE_STYLE('',#23,POSITIVE_LENGTH_MEASURE(2.E-2),#11);
#1583=PRESENTATION_STYLE_ASSIGNMENT((#1582));
#1584=STYLED_ITEM('',(#1583),#1581);
#1585=DIRECTION('',(0.E0,0.E0,1.E0));
#1586=VECTOR('',#1585,3.E0);
#1587=CARTESIAN_POINT('',(-5.E0,-1.84E1,-5.E0));
#1588=LINE('940',#1587,#1586);
#1589=CURVE_STYLE('',#23,POSITIVE_LENGTH_MEASURE(2.E-2),#11);
#1590=PRESENTATION_STYLE_ASSIGNMENT((#1589));
#1591=STYLED_ITEM('',(#1590),#1588);
#1592=DIRECTION('',(5.773502691896E-1,-5.773502691896E-1,-5.773502691896E-1));
#1593=VECTOR('',#1592,1.558845726812E0);
#1594=CARTESIAN_POINT('',(-5.E0,-1.84E1,-2.E0));
#1595=LINE('945',#1594,#1593);
#1596=CURVE_STYLE('',#23,POSITIVE_LENGTH_MEASURE(2.E-2),#11);
#1597=PRESENTATION_STYLE_ASSIGNMENT((#1596));
#1598=STYLED_ITEM('',(#1597),#1595);
#1599=DIRECTION('',(5.773502691896E-1,5.773502691896E-1,-5.773502691896E-1));
#1600=VECTOR('',#1599,1.558845726812E0);
#1601=CARTESIAN_POINT('',(4.1E0,-1.93E1,-4.1E0));
#1602=LINE('946',#1601,#1600);
#1603=CURVE_STYLE('',#23,POSITIVE_LENGTH_MEASURE(2.E-2),#11);
#1604=PRESENTATION_STYLE_ASSIGNMENT((#1603));
#1605=STYLED_ITEM('',(#1604),#1602);
#1606=DIRECTION('',(-5.773502691896E-1,-5.773502691896E-1,-5.773502691896E-1));
#1607=VECTOR('',#1606,1.558845726812E0);
#1608=CARTESIAN_POINT('',(5.E0,-1.84E1,-2.E0));
#1609=LINE('838',#1608,#1607);
#1610=CURVE_STYLE('',#23,POSITIVE_LENGTH_MEASURE(2.E-2),#11);
#1611=PRESENTATION_STYLE_ASSIGNMENT((#1610));
#1612=STYLED_ITEM('',(#1611),#1609);
#1613=DIRECTION('',(-5.773502691896E-1,5.773502691896E-1,-5.773502691896E-1));
#1614=VECTOR('',#1613,1.558845726812E0);
#1615=CARTESIAN_POINT('',(-4.1E0,-1.93E1,-4.1E0));
#1616=LINE('835',#1615,#1614);
#1617=CURVE_STYLE('',#23,POSITIVE_LENGTH_MEASURE(2.E-2),#11);
#1618=PRESENTATION_STYLE_ASSIGNMENT((#1617));
#1619=STYLED_ITEM('',(#1618),#1616);
#1620=DIRECTION('',(-1.E0,0.E0,0.E0));
#1621=VECTOR('',#1620,8.2E0);
#1622=CARTESIAN_POINT('',(4.1E0,-1.93E1,-2.9E0));
#1623=LINE('938',#1622,#1621);
#1624=CURVE_STYLE('',#23,POSITIVE_LENGTH_MEASURE(2.E-2),#11);
#1625=PRESENTATION_STYLE_ASSIGNMENT((#1624));
#1626=STYLED_ITEM('',(#1625),#1623);
#1627=DIRECTION('',(0.E0,0.E0,1.E0));
#1628=VECTOR('',#1627,1.2E0);
#1629=CARTESIAN_POINT('',(4.1E0,-1.93E1,-4.1E0));
#1630=LINE('937',#1629,#1628);
#1631=CURVE_STYLE('',#23,POSITIVE_LENGTH_MEASURE(2.E-2),#11);
#1632=PRESENTATION_STYLE_ASSIGNMENT((#1631));
#1633=STYLED_ITEM('',(#1632),#1630);
#1634=DIRECTION('',(1.E0,0.E0,0.E0));
#1635=VECTOR('',#1634,8.2E0);
#1636=CARTESIAN_POINT('',(-4.1E0,-1.93E1,-4.1E0));
#1637=LINE('936',#1636,#1635);
#1638=CURVE_STYLE('',#23,POSITIVE_LENGTH_MEASURE(2.E-2),#11);
#1639=PRESENTATION_STYLE_ASSIGNMENT((#1638));
#1640=STYLED_ITEM('',(#1639),#1637);
#1641=DIRECTION('',(0.E0,0.E0,-1.E0));
#1642=VECTOR('',#1641,1.2E0);
#1643=CARTESIAN_POINT('',(-4.1E0,-1.93E1,-2.9E0));
#1644=LINE('939',#1643,#1642);
#1645=CURVE_STYLE('',#23,POSITIVE_LENGTH_MEASURE(2.E-2),#11);
#1646=PRESENTATION_STYLE_ASSIGNMENT((#1645));
#1647=STYLED_ITEM('',(#1646),#1644);
#1648=CARTESIAN_POINT('',(-3.42E1,1.71E1,-5.E0));
#1649=CARTESIAN_POINT('',(-3.47E1,1.66E1,-5.E0));
#1650=VERTEX_POINT('',#1648);
#1651=VERTEX_POINT('',#1649);
#1652=CARTESIAN_POINT('',(-3.865E1,1.27E1,-5.E0));
#1653=CARTESIAN_POINT('',(-3.915E1,1.22E1,-5.E0));
#1654=VERTEX_POINT('',#1652);
#1655=VERTEX_POINT('',#1653);
#1656=CARTESIAN_POINT('',(-3.47E1,1.83E1,-5.E0));
#1657=VERTEX_POINT('',#1656);
#1658=CARTESIAN_POINT('',(-4.035E1,1.27E1,-5.E0));
#1659=VERTEX_POINT('',#1658);
#1660=CARTESIAN_POINT('',(3.47E1,1.83E1,-1.13E1));
#1661=CARTESIAN_POINT('',(3.47E1,1.83E1,-5.E0));
#1662=VERTEX_POINT('',#1660);
#1663=VERTEX_POINT('',#1661);
#1664=CARTESIAN_POINT('',(4.035E1,7.E-1,-2.E0));
#1665=CARTESIAN_POINT('',(3.915E1,7.E-1,-2.E0));
#1666=VERTEX_POINT('',#1664);
#1667=VERTEX_POINT('',#1665);
#1668=CARTESIAN_POINT('',(4.035E1,7.E-1,-5.E0));
#1669=VERTEX_POINT('',#1668);
#1670=CARTESIAN_POINT('',(3.915E1,1.22E1,-2.E0));
#1671=VERTEX_POINT('',#1670);
#1672=CARTESIAN_POINT('',(3.915E1,7.E-1,-5.E0));
#1673=VERTEX_POINT('',#1672);
#1674=CARTESIAN_POINT('',(6.E0,1.83E1,-4.095437673367E-1));
#1675=CARTESIAN_POINT('',(6.E0,1.83E1,-5.E0));
#1676=VERTEX_POINT('',#1674);
#1677=VERTEX_POINT('',#1675);
#1678=CARTESIAN_POINT('',(-8.E0,1.83E1,-4.095437673367E-1));
#1679=CARTESIAN_POINT('',(-8.E0,1.83E1,-5.E0));
#1680=VERTEX_POINT('',#1678);
#1681=VERTEX_POINT('',#1679);
#1682=CARTESIAN_POINT('',(-6.E0,1.83E1,-4.095437673367E-1));
#1683=VERTEX_POINT('',#1682);
#1684=CARTESIAN_POINT('',(6.E0,-1.71E1,-5.E0));
#1685=CARTESIAN_POINT('',(6.E0,-1.83E1,-5.E0));
#1686=VERTEX_POINT('',#1684);
#1687=VERTEX_POINT('',#1685);
#1688=CARTESIAN_POINT('',(-6.E0,1.83E1,-5.E0));
#1689=VERTEX_POINT('',#1688);
#1690=CARTESIAN_POINT('',(-8.E0,1.71E1,-4.095437673367E-1));
#1691=VERTEX_POINT('',#1690);
#1692=CARTESIAN_POINT('',(-8.E0,1.71E1,-5.E0));
#1693=VERTEX_POINT('',#1692);
#1694=CARTESIAN_POINT('',(-8.E0,-1.71E1,-5.E0));
#1695=CARTESIAN_POINT('',(-8.E0,-1.83E1,-5.E0));
#1696=VERTEX_POINT('',#1694);
#1697=VERTEX_POINT('',#1695);
#1698=CARTESIAN_POINT('',(-6.E0,-1.83E1,-5.E0));
#1699=CARTESIAN_POINT('',(-6.E0,-1.71E1,-5.E0));
#1700=VERTEX_POINT('',#1698);
#1701=VERTEX_POINT('',#1699);
#1702=CARTESIAN_POINT('',(-6.E0,1.71E1,-5.E0));
#1703=VERTEX_POINT('',#1702);
#1704=CARTESIAN_POINT('',(-6.E0,-1.83E1,-4.095437673367E-1));
#1705=CARTESIAN_POINT('',(-6.E0,-1.71E1,-4.095437673367E-1));
#1706=VERTEX_POINT('',#1704);
#1707=VERTEX_POINT('',#1705);
#1708=CARTESIAN_POINT('',(-6.E0,1.71E1,-4.095437673367E-1));
#1709=VERTEX_POINT('',#1708);
#1710=CARTESIAN_POINT('',(-8.E0,-1.71E1,-4.095437673367E-1));
#1711=CARTESIAN_POINT('',(-8.E0,-1.83E1,-4.095437673367E-1));
#1712=VERTEX_POINT('',#1710);
#1713=VERTEX_POINT('',#1711);
#1714=CARTESIAN_POINT('',(8.E0,1.83E1,-4.095437673367E-1));
#1715=VERTEX_POINT('',#1714);
#1716=CARTESIAN_POINT('',(8.E0,1.83E1,-5.E0));
#1717=VERTEX_POINT('',#1716);
#1718=CARTESIAN_POINT('',(6.E0,1.71E1,-4.095437673367E-1));
#1719=VERTEX_POINT('',#1718);
#1720=CARTESIAN_POINT('',(6.E0,1.71E1,-5.E0));
#1721=VERTEX_POINT('',#1720);
#1722=CARTESIAN_POINT('',(8.E0,-1.83E1,-5.E0));
#1723=CARTESIAN_POINT('',(8.E0,-1.71E1,-5.E0));
#1724=VERTEX_POINT('',#1722);
#1725=VERTEX_POINT('',#1723);
#1726=CARTESIAN_POINT('',(8.E0,1.71E1,-5.E0));
#1727=VERTEX_POINT('',#1726);
#1728=CARTESIAN_POINT('',(8.E0,-1.83E1,-4.095437673367E-1));
#1729=CARTESIAN_POINT('',(8.E0,-1.71E1,-4.095437673367E-1));
#1730=VERTEX_POINT('',#1728);
#1731=VERTEX_POINT('',#1729);
#1732=CARTESIAN_POINT('',(8.E0,1.71E1,-4.095437673367E-1));
#1733=VERTEX_POINT('',#1732);
#1734=CARTESIAN_POINT('',(6.E0,-1.71E1,-4.095437673367E-1));
#1735=CARTESIAN_POINT('',(6.E0,-1.83E1,-4.095437673367E-1));
#1736=VERTEX_POINT('',#1734);
#1737=VERTEX_POINT('',#1735);
#1738=CARTESIAN_POINT('',(-5.E0,1.84E1,-5.E0));
#1739=CARTESIAN_POINT('',(-4.1E0,1.93E1,-4.1E0));
#1740=VERTEX_POINT('',#1738);
#1741=VERTEX_POINT('',#1739);
#1742=CARTESIAN_POINT('',(5.E0,1.83E1,-5.E0));
#1743=CARTESIAN_POINT('',(5.E0,1.83E1,-2.E0));
#1744=VERTEX_POINT('',#1742);
#1745=VERTEX_POINT('',#1743);
#1746=CARTESIAN_POINT('',(-5.E0,1.83E1,-2.E0));
#1747=CARTESIAN_POINT('',(-5.E0,1.83E1,-5.E0));
#1748=VERTEX_POINT('',#1746);
#1749=VERTEX_POINT('',#1747);
#1750=CARTESIAN_POINT('',(4.1E0,1.93E1,-2.9E0));
#1751=CARTESIAN_POINT('',(5.E0,1.84E1,-2.E0));
#1752=VERTEX_POINT('',#1750);
#1753=VERTEX_POINT('',#1751);
#1754=CARTESIAN_POINT('',(-5.E0,1.84E1,-2.E0));
#1755=VERTEX_POINT('',#1754);
#1756=CARTESIAN_POINT('',(5.E0,1.84E1,-5.E0));
#1757=VERTEX_POINT('',#1756);
#1758=CARTESIAN_POINT('',(-4.1E0,-1.93E1,-4.1E0));
#1759=CARTESIAN_POINT('',(-5.E0,-1.84E1,-5.E0));
#1760=VERTEX_POINT('',#1758);
#1761=VERTEX_POINT('',#1759);
#1762=CARTESIAN_POINT('',(5.E0,-1.83E1,-2.E0));
#1763=CARTESIAN_POINT('',(5.E0,-1.83E1,-5.E0));
#1764=VERTEX_POINT('',#1762);
#1765=VERTEX_POINT('',#1763);
#1766=CARTESIAN_POINT('',(-5.E0,-1.83E1,-2.E0));
#1767=VERTEX_POINT('',#1766);
#1768=CARTESIAN_POINT('',(5.E0,-1.84E1,-2.E0));
#1769=CARTESIAN_POINT('',(4.1E0,-1.93E1,-2.9E0));
#1770=VERTEX_POINT('',#1768);
#1771=VERTEX_POINT('',#1769);
#1772=CARTESIAN_POINT('',(-5.E0,-1.83E1,-5.E0));
#1773=VERTEX_POINT('',#1772);
#1774=CARTESIAN_POINT('',(5.E0,-1.84E1,-5.E0));
#1775=VERTEX_POINT('',#1774);
#1776=CARTESIAN_POINT('',(-5.E0,-1.84E1,-2.E0));
#1777=VERTEX_POINT('',#1776);
#1778=CARTESIAN_POINT('',(-3.75E1,1.27E1,0.E0));
#1779=CARTESIAN_POINT('',(-3.47E1,1.55E1,0.E0));
#1780=VERTEX_POINT('',#1778);
#1781=VERTEX_POINT('',#1779);
#1782=CARTESIAN_POINT('',(-3.47E1,1.66E1,0.E0));
#1783=VERTEX_POINT('',#1782);
#1784=CARTESIAN_POINT('',(-3.865E1,1.27E1,0.E0));
#1785=VERTEX_POINT('',#1784);
#1786=CARTESIAN_POINT('',(-3.47E1,1.83E1,-1.13E1));
#1787=CARTESIAN_POINT('',(-3.47E1,1.55E1,-1.13E1));
#1788=VERTEX_POINT('',#1786);
#1789=VERTEX_POINT('',#1787);
#1790=CARTESIAN_POINT('',(-3.75E1,1.27E1,-1.13E1));
#1791=VERTEX_POINT('',#1790);
#1792=CARTESIAN_POINT('',(-4.035E1,1.27E1,-1.13E1));
#1793=VERTEX_POINT('',#1792);
#1794=CARTESIAN_POINT('',(-4.035E1,1.83E1,-1.13E1));
#1795=VERTEX_POINT('',#1794);
#1796=CARTESIAN_POINT('',(-3.75E1,-1.27E1,-1.13E1));
#1797=CARTESIAN_POINT('',(-3.75E1,-1.27E1,0.E0));
#1798=VERTEX_POINT('',#1796);
#1799=VERTEX_POINT('',#1797);
#1800=CARTESIAN_POINT('',(-3.865E1,-1.27E1,0.E0));
#1801=VERTEX_POINT('',#1800);
#1802=CARTESIAN_POINT('',(-4.035E1,-1.27E1,-1.13E1));
#1803=VERTEX_POINT('',#1802);
#1804=CARTESIAN_POINT('',(-4.035E1,-1.27E1,-5.E0));
#1805=VERTEX_POINT('',#1804);
#1806=CARTESIAN_POINT('',(-3.47E1,-1.66E1,0.E0));
#1807=CARTESIAN_POINT('',(-3.47E1,-1.55E1,0.E0));
#1808=VERTEX_POINT('',#1806);
#1809=VERTEX_POINT('',#1807);
#1810=CARTESIAN_POINT('',(-3.47E1,-1.83E1,-1.13E1));
#1811=CARTESIAN_POINT('',(-3.47E1,-1.83E1,-5.E0));
#1812=VERTEX_POINT('',#1810);
#1813=VERTEX_POINT('',#1811);
#1814=CARTESIAN_POINT('',(-3.47E1,-1.55E1,-1.13E1));
#1815=VERTEX_POINT('',#1814);
#1816=CARTESIAN_POINT('',(-4.035E1,-1.83E1,-1.13E1));
#1817=VERTEX_POINT('',#1816);
#1818=CARTESIAN_POINT('',(-3.47E1,-1.66E1,-5.E0));
#1819=VERTEX_POINT('',#1818);
#1820=CARTESIAN_POINT('',(-3.865E1,-1.27E1,-5.E0));
#1821=VERTEX_POINT('',#1820);
#1822=CARTESIAN_POINT('',(3.75E1,-1.27E1,0.E0));
#1823=CARTESIAN_POINT('',(3.47E1,-1.55E1,0.E0));
#1824=VERTEX_POINT('',#1822);
#1825=VERTEX_POINT('',#1823);
#1826=CARTESIAN_POINT('',(3.47E1,-1.66E1,0.E0));
#1827=VERTEX_POINT('',#1826);
#1828=CARTESIAN_POINT('',(3.865E1,-1.27E1,0.E0));
#1829=VERTEX_POINT('',#1828);
#1830=CARTESIAN_POINT('',(3.47E1,-1.83E1,-1.13E1));
#1831=CARTESIAN_POINT('',(3.47E1,-1.55E1,-1.13E1));
#1832=VERTEX_POINT('',#1830);
#1833=VERTEX_POINT('',#1831);
#1834=CARTESIAN_POINT('',(3.47E1,-1.83E1,-5.E0));
#1835=VERTEX_POINT('',#1834);
#1836=CARTESIAN_POINT('',(3.75E1,-1.27E1,-1.13E1));
#1837=VERTEX_POINT('',#1836);
#1838=CARTESIAN_POINT('',(4.035E1,-1.27E1,-1.13E1));
#1839=VERTEX_POINT('',#1838);
#1840=CARTESIAN_POINT('',(4.035E1,-1.27E1,-5.E0));
#1841=VERTEX_POINT('',#1840);
#1842=CARTESIAN_POINT('',(4.035E1,-1.83E1,-1.13E1));
#1843=VERTEX_POINT('',#1842);
#1844=CARTESIAN_POINT('',(3.47E1,-1.66E1,-5.E0));
#1845=VERTEX_POINT('',#1844);
#1846=CARTESIAN_POINT('',(3.865E1,-1.27E1,-5.E0));
#1847=VERTEX_POINT('',#1846);
#1848=CARTESIAN_POINT('',(3.47E1,1.66E1,0.E0));
#1849=CARTESIAN_POINT('',(3.47E1,1.55E1,0.E0));
#1850=VERTEX_POINT('',#1848);
#1851=VERTEX_POINT('',#1849);
#1852=CARTESIAN_POINT('',(3.75E1,1.27E1,0.E0));
#1853=VERTEX_POINT('',#1852);
#1854=CARTESIAN_POINT('',(3.47E1,1.66E1,-5.E0));
#1855=VERTEX_POINT('',#1854);
#1856=CARTESIAN_POINT('',(4.035E1,1.83E1,-1.13E1));
#1857=VERTEX_POINT('',#1856);
#1858=CARTESIAN_POINT('',(-3.915E1,-1.22E1,0.E0));
#1859=CARTESIAN_POINT('',(-3.915E1,1.22E1,0.E0));
#1860=VERTEX_POINT('',#1858);
#1861=VERTEX_POINT('',#1859);
#1862=CARTESIAN_POINT('',(-3.915E1,-1.22E1,-5.E0));
#1863=VERTEX_POINT('',#1862);
#1864=CARTESIAN_POINT('',(3.42E1,1.71E1,-5.E0));
#1865=VERTEX_POINT('',#1864);
#1866=CARTESIAN_POINT('',(3.42E1,-1.71E1,0.E0));
#1867=CARTESIAN_POINT('',(-3.42E1,-1.71E1,0.E0));
#1868=VERTEX_POINT('',#1866);
#1869=VERTEX_POINT('',#1867);
#1870=CARTESIAN_POINT('',(3.915E1,-1.22E1,-5.E0));
#1871=VERTEX_POINT('',#1870);
#1872=CARTESIAN_POINT('',(-3.42E1,-1.71E1,-5.E0));
#1873=VERTEX_POINT('',#1872);
#1874=CARTESIAN_POINT('',(3.42E1,-1.71E1,-5.E0));
#1875=VERTEX_POINT('',#1874);
#1876=CARTESIAN_POINT('',(4.035E1,-1.83E1,0.E0));
#1877=CARTESIAN_POINT('',(4.035E1,1.83E1,0.E0));
#1878=VERTEX_POINT('',#1876);
#1879=VERTEX_POINT('',#1877);
#1880=CARTESIAN_POINT('',(-3.42E1,1.71E1,0.E0));
#1881=CARTESIAN_POINT('',(3.42E1,1.71E1,0.E0));
#1882=VERTEX_POINT('',#1880);
#1883=VERTEX_POINT('',#1881);
#1884=CARTESIAN_POINT('',(3.915E1,1.22E1,0.E0));
#1885=CARTESIAN_POINT('',(3.915E1,-1.22E1,0.E0));
#1886=VERTEX_POINT('',#1884);
#1887=VERTEX_POINT('',#1885);
#1888=CARTESIAN_POINT('',(-4.035E1,1.83E1,0.E0));
#1889=VERTEX_POINT('',#1888);
#1890=CARTESIAN_POINT('',(-4.035E1,-1.83E1,0.E0));
#1891=VERTEX_POINT('',#1890);
#1892=CARTESIAN_POINT('',(-4.155E1,-1.95E1,0.E0));
#1893=CARTESIAN_POINT('',(-4.155E1,1.95E1,0.E0));
#1894=VERTEX_POINT('',#1892);
#1895=VERTEX_POINT('',#1893);
#1896=CARTESIAN_POINT('',(-4.155E1,-1.95E1,2.E0));
#1897=CARTESIAN_POINT('',(-4.155E1,1.95E1,2.E0));
#1898=VERTEX_POINT('',#1896);
#1899=VERTEX_POINT('',#1897);
#1900=CARTESIAN_POINT('',(4.155E1,-1.95E1,2.E0));
#1901=VERTEX_POINT('',#1900);
#1902=CARTESIAN_POINT('',(4.155E1,1.95E1,0.E0));
#1903=VERTEX_POINT('',#1902);
#1904=CARTESIAN_POINT('',(4.155E1,1.95E1,2.E0));
#1905=VERTEX_POINT('',#1904);
#1906=CARTESIAN_POINT('',(4.155E1,-1.95E1,0.E0));
#1907=VERTEX_POINT('',#1906);
#1908=CARTESIAN_POINT('',(3.865E1,1.27E1,0.E0));
#1909=VERTEX_POINT('',#1908);
#1910=CARTESIAN_POINT('',(4.1E0,-1.93E1,-4.1E0));
#1911=VERTEX_POINT('',#1910);
#1912=CARTESIAN_POINT('',(-4.1E0,-1.93E1,-2.9E0));
#1913=VERTEX_POINT('',#1912);
#1914=CARTESIAN_POINT('',(4.1E0,1.93E1,-4.1E0));
#1915=VERTEX_POINT('',#1914);
#1916=CARTESIAN_POINT('',(-4.1E0,1.93E1,-2.9E0));
#1917=VERTEX_POINT('',#1916);
#1918=CARTESIAN_POINT('',(3.865E1,1.27E1,-2.E0));
#1919=CARTESIAN_POINT('',(3.75E1,1.27E1,-2.E0));
#1920=VERTEX_POINT('',#1918);
#1921=VERTEX_POINT('',#1919);
#1922=CARTESIAN_POINT('',(4.035E1,1.55E1,-1.13E1));
#1923=CARTESIAN_POINT('',(4.035E1,1.55E1,-2.E0));
#1924=VERTEX_POINT('',#1922);
#1925=VERTEX_POINT('',#1923);
#1926=CARTESIAN_POINT('',(3.47E1,1.55E1,-1.13E1));
#1927=CARTESIAN_POINT('',(3.47E1,1.55E1,-2.E0));
#1928=VERTEX_POINT('',#1926);
#1929=VERTEX_POINT('',#1927);
#1930=CARTESIAN_POINT('',(1.825E1,-9.5E0,0.E0));
#1931=CARTESIAN_POINT('',(2.175E1,-9.5E0,0.E0));
#1932=VERTEX_POINT('',#1930);
#1933=VERTEX_POINT('',#1931);
#1934=CARTESIAN_POINT('',(-2.175E1,-9.5E0,0.E0));
#1935=CARTESIAN_POINT('',(-1.825E1,-9.5E0,0.E0));
#1936=VERTEX_POINT('',#1934);
#1937=VERTEX_POINT('',#1935);
#1938=CARTESIAN_POINT('',(1.825E1,-9.5E0,2.E0));
#1939=CARTESIAN_POINT('',(2.175E1,-9.5E0,2.E0));
#1940=VERTEX_POINT('',#1938);
#1941=VERTEX_POINT('',#1939);
#1942=CARTESIAN_POINT('',(-2.175E1,-9.5E0,2.E0));
#1943=CARTESIAN_POINT('',(-1.825E1,-9.5E0,2.E0));
#1944=VERTEX_POINT('',#1942);
#1945=VERTEX_POINT('',#1943);
#1946=CARTESIAN_POINT('',(0.E0,0.E0,-5.E0));
#1947=DIRECTION('',(0.E0,0.E0,-1.E0));
#1948=DIRECTION('',(-1.E0,0.E0,0.E0));
#1949=AXIS2_PLACEMENT_3D('',#1946,#1947,#1948);
#1950=PLANE('985',#1949);
#1952=ORIENTED_EDGE('792',*,*,#1951,.F.);
#1954=ORIENTED_EDGE('914',*,*,#1953,.F.);
#1956=ORIENTED_EDGE('773',*,*,#1955,.F.);
#1958=ORIENTED_EDGE('771',*,*,#1957,.F.);
#1960=ORIENTED_EDGE('897',*,*,#1959,.F.);
#1961=EDGE_LOOP('985',(#1952,#1954,#1956,#1958,#1960));
#1962=FACE_OUTER_BOUND('985',#1961,.F.);
#1964=CARTESIAN_POINT('',(0.E0,0.E0,-5.E0));
#1965=DIRECTION('',(0.E0,0.E0,-1.E0));
#1966=DIRECTION('',(-1.E0,0.E0,0.E0));
#1967=AXIS2_PLACEMENT_3D('',#1964,#1965,#1966);
#1968=PLANE('985',#1967);
#1970=ORIENTED_EDGE('795',*,*,#1969,.F.);
#1972=ORIENTED_EDGE('899',*,*,#1971,.F.);
#1974=ORIENTED_EDGE('802',*,*,#1973,.F.);
#1976=ORIENTED_EDGE('917',*,*,#1975,.F.);
#1978=ORIENTED_EDGE('834',*,*,#1977,.F.);
#1980=ORIENTED_EDGE('953',*,*,#1979,.F.);
#1982=ORIENTED_EDGE('833',*,*,#1981,.F.);
#1984=ORIENTED_EDGE('916',*,*,#1983,.F.);
#1985=EDGE_LOOP('985',(#1970,#1972,#1974,#1976,#1978,#1980,#1982,#1984));
#1986=FACE_OUTER_BOUND('985',#1985,.F.);
#1988=CARTESIAN_POINT('',(0.E0,0.E0,-5.E0));
#1989=DIRECTION('',(0.E0,0.E0,-1.E0));
#1990=DIRECTION('',(-1.E0,0.E0,0.E0));
#1991=AXIS2_PLACEMENT_3D('',#1988,#1989,#1990);
#1992=PLANE('985',#1991);
#1994=ORIENTED_EDGE('793',*,*,#1993,.F.);
#1996=ORIENTED_EDGE('900',*,*,#1995,.F.);
#1998=ORIENTED_EDGE('981',*,*,#1997,.F.);
#2000=ORIENTED_EDGE('865',*,*,#1999,.F.);
#2002=ORIENTED_EDGE('907',*,*,#2001,.F.);
#2003=EDGE_LOOP('985',(#1994,#1996,#1998,#2000,#2002));
#2004=FACE_OUTER_BOUND('985',#2003,.F.);
#2006=CARTESIAN_POINT('',(0.E0,0.E0,-5.E0));
#2007=DIRECTION('',(0.E0,0.E0,-1.E0));
#2008=DIRECTION('',(-1.E0,0.E0,0.E0));
#2009=AXIS2_PLACEMENT_3D('',#2006,#2007,#2008);
#2010=PLANE('985',#2009);
#2012=ORIENTED_EDGE('794',*,*,#2011,.F.);
#2014=ORIENTED_EDGE('912',*,*,#2013,.F.);
#2016=ORIENTED_EDGE('841',*,*,#2015,.F.);
#2018=ORIENTED_EDGE('943',*,*,#2017,.F.);
#2020=ORIENTED_EDGE('840',*,*,#2019,.F.);
#2022=ORIENTED_EDGE('911',*,*,#2021,.F.);
#2024=ORIENTED_EDGE('789',*,*,#2023,.F.);
#2026=ORIENTED_EDGE('903',*,*,#2025,.F.);
#2027=EDGE_LOOP('985',(#2012,#2014,#2016,#2018,#2020,#2022,#2024,#2026));
#2028=FACE_OUTER_BOUND('985',#2027,.F.);
#2030=CARTESIAN_POINT('',(0.E0,0.E0,-5.E0));
#2031=DIRECTION('',(0.E0,0.E0,-1.E0));
#2032=DIRECTION('',(-1.E0,0.E0,0.E0));
#2033=AXIS2_PLACEMENT_3D('',#2030,#2031,#2032);
#2034=PLANE('985',#2033);
#2036=ORIENTED_EDGE('804',*,*,#2035,.F.);
#2038=ORIENTED_EDGE('895',*,*,#2037,.F.);
#2040=ORIENTED_EDGE('984',*,*,#2039,.F.);
#2042=ORIENTED_EDGE('889',*,*,#2041,.F.);
#2044=ORIENTED_EDGE('913',*,*,#2043,.F.);
#2045=EDGE_LOOP('985',(#2036,#2038,#2040,#2042,#2044));
#2046=FACE_OUTER_BOUND('985',#2045,.F.);
#2048=CARTESIAN_POINT('',(0.E0,0.E0,-5.E0));
#2049=DIRECTION('',(0.E0,0.E0,-1.E0));
#2050=DIRECTION('',(-1.E0,0.E0,0.E0));
#2051=AXIS2_PLACEMENT_3D('',#2048,#2049,#2050);
#2052=PLANE('985',#2051);
#2054=ORIENTED_EDGE('803',*,*,#2053,.F.);
#2056=ORIENTED_EDGE('909',*,*,#2055,.T.);
#2058=ORIENTED_EDGE('882',*,*,#2057,.F.);
#2060=ORIENTED_EDGE('982',*,*,#2059,.F.);
#2062=ORIENTED_EDGE('901',*,*,#2061,.F.);
#2063=EDGE_LOOP('985',(#2054,#2056,#2058,#2060,#2062));
#2064=FACE_OUTER_BOUND('985',#2063,.F.);
#2066=CARTESIAN_POINT('',(0.E0,0.E0,-5.E0));
#2067=DIRECTION('',(0.E0,0.E0,-1.E0));
#2068=DIRECTION('',(-1.E0,0.E0,0.E0));
#2069=AXIS2_PLACEMENT_3D('',#2066,#2067,#2068);
#2070=PLANE('985',#2069);
#2072=ORIENTED_EDGE('774',*,*,#2071,.F.);
#2074=ORIENTED_EDGE('910',*,*,#2073,.F.);
#2076=ORIENTED_EDGE('869',*,*,#2075,.F.);
#2078=ORIENTED_EDGE('980',*,*,#2077,.F.);
#2080=ORIENTED_EDGE('894',*,*,#2079,.F.);
#2082=ORIENTED_EDGE('772',*,*,#2081,.F.);
#2083=EDGE_LOOP('985',(#2072,#2074,#2076,#2078,#2080,#2082));
#2084=FACE_OUTER_BOUND('985',#2083,.F.);
#2086=CARTESIAN_POINT('',(0.E0,0.E0,-5.E0));
#2087=DIRECTION('',(0.E0,0.E0,-1.E0));
#2088=DIRECTION('',(-1.E0,0.E0,0.E0));
#2089=AXIS2_PLACEMENT_3D('',#2086,#2087,#2088);
#2090=PLANE('985',#2089);
#2092=ORIENTED_EDGE('784',*,*,#2091,.F.);
#2094=ORIENTED_EDGE('898',*,*,#2093,.F.);
#2096=ORIENTED_EDGE('983',*,*,#2095,.F.);
#2098=ORIENTED_EDGE('883',*,*,#2097,.F.);
#2100=ORIENTED_EDGE('906',*,*,#2099,.F.);
#2101=EDGE_LOOP('985',(#2092,#2094,#2096,#2098,#2100));
#2102=FACE_OUTER_BOUND('985',#2101,.F.);
#2104=CARTESIAN_POINT('',(-8.E0,-1.95E1,-5.E0));
#2105=DIRECTION('',(-1.E0,0.E0,0.E0));
#2106=DIRECTION('',(0.E0,0.E0,1.E0));
#2107=AXIS2_PLACEMENT_3D('',#2104,#2105,#2106);
#2108=PLANE('997',#2107);
#2110=ORIENTED_EDGE('823',*,*,#2109,.T.);
#2112=ORIENTED_EDGE('791',*,*,#2111,.T.);
#2114=ORIENTED_EDGE('787',*,*,#2113,.T.);
#2115=ORIENTED_EDGE('792',*,*,#1951,.T.);
#2116=EDGE_LOOP('997',(#2110,#2112,#2114,#2115));
#2117=FACE_OUTER_BOUND('997',#2116,.F.);
#2119=CARTESIAN_POINT('',(-8.E0,-1.95E1,-5.E0));
#2120=DIRECTION('',(-1.E0,0.E0,0.E0));
#2121=DIRECTION('',(0.E0,0.E0,1.E0));
#2122=AXIS2_PLACEMENT_3D('',#2119,#2120,#2121);
#2123=PLANE('997',#2122);
#2124=ORIENTED_EDGE('793',*,*,#1993,.T.);
#2126=ORIENTED_EDGE('825',*,*,#2125,.T.);
#2128=ORIENTED_EDGE('798',*,*,#2127,.F.);
#2130=ORIENTED_EDGE('824',*,*,#2129,.T.);
#2131=EDGE_LOOP('997',(#2124,#2126,#2128,#2130));
#2132=FACE_OUTER_BOUND('997',#2131,.F.);
#2134=CARTESIAN_POINT('',(-3.915E1,1.71E1,-5.E0));
#2135=DIRECTION('',(0.E0,-1.E0,0.E0));
#2136=DIRECTION('',(0.E0,0.E0,-1.E0));
#2137=AXIS2_PLACEMENT_3D('',#2134,#2135,#2136);
#2138=PLANE('996',#2137);
#2139=ORIENTED_EDGE('895',*,*,#2037,.T.);
#2141=ORIENTED_EDGE('811',*,*,#2140,.F.);
#2143=ORIENTED_EDGE('808',*,*,#2142,.F.);
#2145=ORIENTED_EDGE('814',*,*,#2144,.F.);
#2146=ORIENTED_EDGE('899',*,*,#1971,.T.);
#2148=ORIENTED_EDGE('820',*,*,#2147,.F.);
#2150=ORIENTED_EDGE('817',*,*,#2149,.F.);
#2151=ORIENTED_EDGE('823',*,*,#2109,.F.);
#2152=ORIENTED_EDGE('897',*,*,#1959,.T.);
#2154=ORIENTED_EDGE('975',*,*,#2153,.T.);
#2156=ORIENTED_EDGE('904',*,*,#2155,.T.);
#2158=ORIENTED_EDGE('976',*,*,#2157,.T.);
#2159=EDGE_LOOP('996',(#2139,#2141,#2143,#2145,#2146,#2148,#2150,#2151,#2152,
#2154,#2156,#2158));
#2160=FACE_OUTER_BOUND('996',#2159,.F.);
#2162=CARTESIAN_POINT('',(8.E0,-1.95E1,-5.E0));
#2163=DIRECTION('',(1.E0,0.E0,0.E0));
#2164=DIRECTION('',(0.E0,0.E0,-1.E0));
#2165=AXIS2_PLACEMENT_3D('',#2162,#2163,#2164);
#2166=PLANE('1028',#2165);
#2168=ORIENTED_EDGE('805',*,*,#2167,.F.);
#2170=ORIENTED_EDGE('813',*,*,#2169,.T.);
#2171=ORIENTED_EDGE('803',*,*,#2053,.T.);
#2173=ORIENTED_EDGE('812',*,*,#2172,.T.);
#2174=EDGE_LOOP('1028',(#2168,#2170,#2171,#2173));
#2175=FACE_OUTER_BOUND('1028',#2174,.F.);
#2177=CARTESIAN_POINT('',(8.E0,-1.95E1,-5.E0));
#2178=DIRECTION('',(1.E0,0.E0,0.E0));
#2179=DIRECTION('',(0.E0,0.E0,-1.E0));
#2180=AXIS2_PLACEMENT_3D('',#2177,#2178,#2179);
#2181=PLANE('1028',#2180);
#2182=ORIENTED_EDGE('811',*,*,#2140,.T.);
#2183=ORIENTED_EDGE('804',*,*,#2035,.T.);
#2185=ORIENTED_EDGE('800',*,*,#2184,.T.);
#2187=ORIENTED_EDGE('806',*,*,#2186,.T.);
#2188=EDGE_LOOP('1028',(#2182,#2183,#2185,#2187));
#2189=FACE_OUTER_BOUND('1028',#2188,.F.);
#2191=CARTESIAN_POINT('',(6.E0,-1.95E1,-4.095437673367E-1));
#2192=DIRECTION('',(0.E0,0.E0,1.E0));
#2193=DIRECTION('',(1.E0,0.E0,0.E0));
#2194=AXIS2_PLACEMENT_3D('',#2191,#2192,#2193);
#2195=PLANE('1029',#2194);
#2197=ORIENTED_EDGE('807',*,*,#2196,.T.);
#2199=ORIENTED_EDGE('810',*,*,#2198,.T.);
#2200=ORIENTED_EDGE('805',*,*,#2167,.T.);
#2202=ORIENTED_EDGE('809',*,*,#2201,.T.);
#2203=EDGE_LOOP('1029',(#2197,#2199,#2200,#2202));
#2204=FACE_OUTER_BOUND('1029',#2203,.F.);
#2206=CARTESIAN_POINT('',(6.E0,-1.95E1,-4.095437673367E-1));
#2207=DIRECTION('',(0.E0,0.E0,1.E0));
#2208=DIRECTION('',(1.E0,0.E0,0.E0));
#2209=AXIS2_PLACEMENT_3D('',#2206,#2207,#2208);
#2210=PLANE('1029',#2209);
#2211=ORIENTED_EDGE('808',*,*,#2142,.T.);
#2212=ORIENTED_EDGE('806',*,*,#2186,.F.);
#2214=ORIENTED_EDGE('799',*,*,#2213,.T.);
#2216=ORIENTED_EDGE('801',*,*,#2215,.F.);
#2217=EDGE_LOOP('1029',(#2211,#2212,#2214,#2216));
#2218=FACE_OUTER_BOUND('1029',#2217,.F.);
#2220=CARTESIAN_POINT('',(6.E0,-1.95E1,-5.E0));
#2221=DIRECTION('',(-1.E0,0.E0,0.E0));
#2222=DIRECTION('',(0.E0,0.E0,1.E0));
#2223=AXIS2_PLACEMENT_3D('',#2220,#2221,#2222);
#2224=PLANE('1030',#2223);
#2225=ORIENTED_EDGE('789',*,*,#2023,.T.);
#2227=ORIENTED_EDGE('816',*,*,#2226,.T.);
#2228=ORIENTED_EDGE('807',*,*,#2196,.F.);
#2230=ORIENTED_EDGE('815',*,*,#2229,.T.);
#2231=EDGE_LOOP('1030',(#2225,#2227,#2228,#2230));
#2232=FACE_OUTER_BOUND('1030',#2231,.F.);
#2234=CARTESIAN_POINT('',(6.E0,-1.95E1,-5.E0));
#2235=DIRECTION('',(-1.E0,0.E0,0.E0));
#2236=DIRECTION('',(0.E0,0.E0,1.E0));
#2237=AXIS2_PLACEMENT_3D('',#2234,#2235,#2236);
#2238=PLANE('1030',#2237);
#2239=ORIENTED_EDGE('814',*,*,#2144,.T.);
#2240=ORIENTED_EDGE('801',*,*,#2215,.T.);
#2242=ORIENTED_EDGE('786',*,*,#2241,.T.);
#2243=ORIENTED_EDGE('802',*,*,#1973,.T.);
#2244=EDGE_LOOP('1030',(#2239,#2240,#2242,#2243));
#2245=FACE_OUTER_BOUND('1030',#2244,.F.);
#2247=CARTESIAN_POINT('',(-4.035E1,-1.83E1,-5.E0));
#2248=DIRECTION('',(0.E0,1.E0,0.E0));
#2249=DIRECTION('',(0.E0,0.E0,1.E0));
#2250=AXIS2_PLACEMENT_3D('',#2247,#2248,#2249);
#2251=PLANE('1027',#2250);
#2252=ORIENTED_EDGE('907',*,*,#2001,.T.);
#2254=ORIENTED_EDGE('861',*,*,#2253,.F.);
#2256=ORIENTED_EDGE('866',*,*,#2255,.F.);
#2258=ORIENTED_EDGE('921',*,*,#2257,.F.);
#2260=ORIENTED_EDGE('918',*,*,#2259,.F.);
#2262=ORIENTED_EDGE('922',*,*,#2261,.F.);
#2264=ORIENTED_EDGE('881',*,*,#2263,.F.);
#2266=ORIENTED_EDGE('874',*,*,#2265,.F.);
#2267=ORIENTED_EDGE('909',*,*,#2055,.F.);
#2268=ORIENTED_EDGE('813',*,*,#2169,.F.);
#2269=ORIENTED_EDGE('810',*,*,#2198,.F.);
#2270=ORIENTED_EDGE('816',*,*,#2226,.F.);
#2271=ORIENTED_EDGE('911',*,*,#2021,.T.);
#2273=ORIENTED_EDGE('836',*,*,#2272,.F.);
#2275=ORIENTED_EDGE('837',*,*,#2274,.F.);
#2277=ORIENTED_EDGE('839',*,*,#2276,.F.);
#2278=ORIENTED_EDGE('912',*,*,#2013,.T.);
#2280=ORIENTED_EDGE('822',*,*,#2279,.F.);
#2282=ORIENTED_EDGE('819',*,*,#2281,.F.);
#2283=ORIENTED_EDGE('825',*,*,#2125,.F.);
#2284=EDGE_LOOP('1027',(#2252,#2254,#2256,#2258,#2260,#2262,#2264,#2266,#2267,
#2268,#2269,#2270,#2271,#2273,#2275,#2277,#2278,#2280,#2282,#2283));
#2285=FACE_OUTER_BOUND('1027',#2284,.F.);
#2287=CARTESIAN_POINT('',(-3.47E1,-1.55E1,-2.095502985538E1));
#2288=DIRECTION('',(-1.E0,0.E0,0.E0));
#2289=DIRECTION('',(0.E0,-1.E0,0.E0));
#2290=AXIS2_PLACEMENT_3D('',#2287,#2288,#2289);
#2291=PLANE('1013',#2290);
#2293=ORIENTED_EDGE('860',*,*,#2292,.T.);
#2295=ORIENTED_EDGE('862',*,*,#2294,.T.);
#2297=ORIENTED_EDGE('867',*,*,#2296,.F.);
#2298=ORIENTED_EDGE('861',*,*,#2253,.T.);
#2299=ORIENTED_EDGE('865',*,*,#1999,.T.);
#2301=ORIENTED_EDGE('969',*,*,#2300,.T.);
#2302=EDGE_LOOP('1013',(#2293,#2295,#2297,#2298,#2299,#2301));
#2303=FACE_OUTER_BOUND('1013',#2302,.F.);
#2305=CARTESIAN_POINT('',(0.E0,0.E0,0.E0));
#2306=DIRECTION('',(0.E0,0.E0,1.E0));
#2307=DIRECTION('',(1.E0,0.E0,0.E0));
#2308=AXIS2_PLACEMENT_3D('',#2305,#2306,#2307);
#2309=PLANE('992',#2308);
#2311=ORIENTED_EDGE('857',*,*,#2310,.F.);
#2313=ORIENTED_EDGE('863',*,*,#2312,.F.);
#2314=ORIENTED_EDGE('860',*,*,#2292,.F.);
#2316=ORIENTED_EDGE('965',*,*,#2315,.F.);
#2318=ORIENTED_EDGE('896',*,*,#2317,.F.);
#2320=ORIENTED_EDGE('964',*,*,#2319,.F.);
#2322=ORIENTED_EDGE('871',*,*,#2321,.F.);
#2324=ORIENTED_EDGE('870',*,*,#2323,.F.);
#2326=ORIENTED_EDGE('872',*,*,#2325,.F.);
#2328=ORIENTED_EDGE('963',*,*,#2327,.F.);
#2330=ORIENTED_EDGE('905',*,*,#2329,.F.);
#2332=ORIENTED_EDGE('962',*,*,#2331,.F.);
#2334=ORIENTED_EDGE('935',*,*,#2333,.F.);
#2336=ORIENTED_EDGE('887',*,*,#2335,.F.);
#2338=ORIENTED_EDGE('885',*,*,#2337,.F.);
#2340=ORIENTED_EDGE('961',*,*,#2339,.F.);
#2341=ORIENTED_EDGE('904',*,*,#2155,.F.);
#2343=ORIENTED_EDGE('959',*,*,#2342,.F.);
#2345=ORIENTED_EDGE('845',*,*,#2344,.F.);
#2347=ORIENTED_EDGE('844',*,*,#2346,.F.);
#2349=ORIENTED_EDGE('846',*,*,#2348,.F.);
#2351=ORIENTED_EDGE('960',*,*,#2350,.F.);
#2353=ORIENTED_EDGE('893',*,*,#2352,.F.);
#2355=ORIENTED_EDGE('966',*,*,#2354,.F.);
#2356=EDGE_LOOP('992',(#2311,#2313,#2314,#2316,#2318,#2320,#2322,#2324,#2326,
#2328,#2330,#2332,#2334,#2336,#2338,#2340,#2341,#2343,#2345,#2347,#2349,#2351,
#2353,#2355));
#2357=FACE_OUTER_BOUND('992',#2356,.F.);
#2359=ORIENTED_EDGE('1271',*,*,#2358,.T.);
#2361=ORIENTED_EDGE('1272',*,*,#2360,.T.);
#2362=EDGE_LOOP('992',(#2359,#2361));
#2363=FACE_BOUND('992',#2362,.F.);
#2365=ORIENTED_EDGE('1273',*,*,#2364,.T.);
#2367=ORIENTED_EDGE('1274',*,*,#2366,.T.);
#2368=EDGE_LOOP('992',(#2365,#2367));
#2369=FACE_BOUND('992',#2368,.F.);
#2371=CARTESIAN_POINT('',(0.E0,0.E0,0.E0));
#2372=DIRECTION('',(0.E0,0.E0,1.E0));
#2373=DIRECTION('',(1.E0,0.E0,0.E0));
#2374=AXIS2_PLACEMENT_3D('',#2371,#2372,#2373);
#2375=PLANE('992',#2374);
#2377=ORIENTED_EDGE('923',*,*,#2376,.F.);
#2379=ORIENTED_EDGE('930',*,*,#2378,.F.);
#2381=ORIENTED_EDGE('931',*,*,#2380,.F.);
#2383=ORIENTED_EDGE('926',*,*,#2382,.F.);
#2384=EDGE_LOOP('992',(#2377,#2379,#2381,#2383));
#2385=FACE_OUTER_BOUND('992',#2384,.F.);
#2387=ORIENTED_EDGE('902',*,*,#2386,.F.);
#2388=ORIENTED_EDGE('918',*,*,#2259,.T.);
#2390=ORIENTED_EDGE('919',*,*,#2389,.F.);
#2392=ORIENTED_EDGE('908',*,*,#2391,.F.);
#2393=EDGE_LOOP('992',(#2387,#2388,#2390,#2392));
#2394=FACE_BOUND('992',#2393,.F.);
#2396=CARTESIAN_POINT('',(-3.75E1,-1.27E1,-2.095502985538E1));
#2397=DIRECTION('',(0.E0,-1.E0,0.E0));
#2398=DIRECTION('',(1.E0,0.E0,0.E0));
#2399=AXIS2_PLACEMENT_3D('',#2396,#2397,#2398);
#2400=PLANE('1033',#2399);
#2401=ORIENTED_EDGE('869',*,*,#2075,.T.);
#2403=ORIENTED_EDGE('859',*,*,#2402,.T.);
#2405=ORIENTED_EDGE('858',*,*,#2404,.F.);
#2407=ORIENTED_EDGE('856',*,*,#2406,.T.);
#2408=ORIENTED_EDGE('857',*,*,#2310,.T.);
#2410=ORIENTED_EDGE('958',*,*,#2409,.T.);
#2411=EDGE_LOOP('1033',(#2401,#2403,#2405,#2407,#2408,#2410));
#2412=FACE_OUTER_BOUND('1033',#2411,.F.);
#2414=CARTESIAN_POINT('',(-4.035E1,-1.83E1,-5.E0));
#2415=DIRECTION('',(1.E0,0.E0,0.E0));
#2416=DIRECTION('',(0.E0,0.E0,-1.E0));
#2417=AXIS2_PLACEMENT_3D('',#2414,#2415,#2416);
#2418=PLANE('1016',#2417);
#2419=ORIENTED_EDGE('919',*,*,#2389,.T.);
#2420=ORIENTED_EDGE('921',*,*,#2257,.T.);
#2422=ORIENTED_EDGE('864',*,*,#2421,.F.);
#2423=ORIENTED_EDGE('859',*,*,#2402,.F.);
#2424=ORIENTED_EDGE('910',*,*,#2073,.T.);
#2426=ORIENTED_EDGE('853',*,*,#2425,.F.);
#2428=ORIENTED_EDGE('854',*,*,#2427,.F.);
#2430=ORIENTED_EDGE('920',*,*,#2429,.F.);
#2431=EDGE_LOOP('1016',(#2419,#2420,#2422,#2423,#2424,#2426,#2428,#2430));
#2432=FACE_OUTER_BOUND('1016',#2431,.F.);
#2434=CARTESIAN_POINT('',(3.75E1,1.55E1,-1.13E1));
#2435=DIRECTION('',(0.E0,0.E0,-1.E0));
#2436=DIRECTION('',(-1.E0,0.E0,0.E0));
#2437=AXIS2_PLACEMENT_3D('',#2434,#2435,#2436);
#2438=PLANE('1032',#2437);
#2439=ORIENTED_EDGE('858',*,*,#2404,.T.);
#2440=ORIENTED_EDGE('864',*,*,#2421,.T.);
#2441=ORIENTED_EDGE('866',*,*,#2255,.T.);
#2442=ORIENTED_EDGE('867',*,*,#2296,.T.);
#2444=ORIENTED_EDGE('868',*,*,#2443,.F.);
#2445=EDGE_LOOP('1032',(#2439,#2440,#2441,#2442,#2444));
#2446=FACE_OUTER_BOUND('1032',#2445,.F.);
#2448=CARTESIAN_POINT('',(-3.75E1,-1.55E1,-2.095502985538E1));
#2449=DIRECTION('',(0.E0,0.E0,1.E0));
#2450=DIRECTION('',(1.E0,0.E0,0.E0));
#2451=AXIS2_PLACEMENT_3D('',#2448,#2449,#2450);
#2452=CYLINDRICAL_SURFACE('1014',#2451,2.8E0);
#2453=ORIENTED_EDGE('868',*,*,#2443,.T.);
#2454=ORIENTED_EDGE('862',*,*,#2294,.F.);
#2455=ORIENTED_EDGE('863',*,*,#2312,.T.);
#2456=ORIENTED_EDGE('856',*,*,#2406,.F.);
#2457=EDGE_LOOP('1014',(#2453,#2454,#2455,#2456));
#2458=FACE_OUTER_BOUND('1014',#2457,.F.);
#2460=CARTESIAN_POINT('',(-3.75E1,1.27E1,-2.095502985538E1));
#2461=DIRECTION('',(0.E0,-1.E0,0.E0));
#2462=DIRECTION('',(1.E0,0.E0,0.E0));
#2463=AXIS2_PLACEMENT_3D('',#2460,#2461,#2462);
#2464=PLANE('993',#2463);
#2465=ORIENTED_EDGE('846',*,*,#2348,.T.);
#2467=ORIENTED_EDGE('851',*,*,#2466,.T.);
#2469=ORIENTED_EDGE('852',*,*,#2468,.T.);
#2470=ORIENTED_EDGE('853',*,*,#2425,.T.);
#2471=ORIENTED_EDGE('774',*,*,#2071,.T.);
#2473=ORIENTED_EDGE('978',*,*,#2472,.T.);
#2474=EDGE_LOOP('993',(#2465,#2467,#2469,#2470,#2471,#2473));
#2475=FACE_OUTER_BOUND('993',#2474,.F.);
#2477=CARTESIAN_POINT('',(-3.75E1,1.55E1,-2.095502985538E1));
#2478=DIRECTION('',(0.E0,0.E0,1.E0));
#2479=DIRECTION('',(1.E0,0.E0,0.E0));
#2480=AXIS2_PLACEMENT_3D('',#2477,#2478,#2479);
#2481=CYLINDRICAL_SURFACE('994',#2480,2.8E0);
#2482=ORIENTED_EDGE('851',*,*,#2466,.F.);
#2483=ORIENTED_EDGE('844',*,*,#2346,.T.);
#2485=ORIENTED_EDGE('850',*,*,#2484,.F.);
#2487=ORIENTED_EDGE('849',*,*,#2486,.T.);
#2488=EDGE_LOOP('994',(#2482,#2483,#2485,#2487));
#2489=FACE_OUTER_BOUND('994',#2488,.F.);
#2491=CARTESIAN_POINT('',(-3.47E1,1.55E1,-2.095502985538E1));
#2492=DIRECTION('',(1.E0,0.E0,0.E0));
#2493=DIRECTION('',(0.E0,1.E0,0.E0));
#2494=AXIS2_PLACEMENT_3D('',#2491,#2492,#2493);
#2495=PLANE('995',#2494);
#2496=ORIENTED_EDGE('773',*,*,#1955,.T.);
#2498=ORIENTED_EDGE('848',*,*,#2497,.T.);
#2500=ORIENTED_EDGE('847',*,*,#2499,.T.);
#2501=ORIENTED_EDGE('850',*,*,#2484,.T.);
#2502=ORIENTED_EDGE('845',*,*,#2344,.T.);
#2504=ORIENTED_EDGE('979',*,*,#2503,.T.);
#2505=EDGE_LOOP('995',(#2496,#2498,#2500,#2501,#2502,#2504));
#2506=FACE_OUTER_BOUND('995',#2505,.F.);
#2508=CARTESIAN_POINT('',(-4.035E1,1.83E1,-5.E0));
#2509=DIRECTION('',(0.E0,-1.E0,0.E0));
#2510=DIRECTION('',(0.E0,0.E0,-1.E0));
#2511=AXIS2_PLACEMENT_3D('',#2508,#2509,#2510);
#2512=PLANE('998',#2511);
#2514=ORIENTED_EDGE('788',*,*,#2513,.F.);
#2516=ORIENTED_EDGE('790',*,*,#2515,.F.);
#2517=ORIENTED_EDGE('916',*,*,#1983,.T.);
#2519=ORIENTED_EDGE('828',*,*,#2518,.F.);
#2521=ORIENTED_EDGE('830',*,*,#2520,.F.);
#2523=ORIENTED_EDGE('827',*,*,#2522,.F.);
#2524=ORIENTED_EDGE('917',*,*,#1975,.T.);
#2525=ORIENTED_EDGE('786',*,*,#2241,.F.);
#2526=ORIENTED_EDGE('799',*,*,#2213,.F.);
#2527=ORIENTED_EDGE('800',*,*,#2184,.F.);
#2528=ORIENTED_EDGE('913',*,*,#2043,.T.);
#2530=ORIENTED_EDGE('778',*,*,#2529,.F.);
#2532=ORIENTED_EDGE('890',*,*,#2531,.F.);
#2534=ORIENTED_EDGE('915',*,*,#2533,.T.);
#2535=ORIENTED_EDGE('908',*,*,#2391,.T.);
#2536=ORIENTED_EDGE('920',*,*,#2429,.T.);
#2538=ORIENTED_EDGE('855',*,*,#2537,.F.);
#2539=ORIENTED_EDGE('848',*,*,#2497,.F.);
#2540=ORIENTED_EDGE('914',*,*,#1953,.T.);
#2541=ORIENTED_EDGE('787',*,*,#2113,.F.);
#2542=EDGE_LOOP('998',(#2514,#2516,#2517,#2519,#2521,#2523,#2524,#2525,#2526,
#2527,#2528,#2530,#2532,#2534,#2535,#2536,#2538,#2539,#2540,#2541));
#2543=FACE_OUTER_BOUND('998',#2542,.F.);
#2545=CARTESIAN_POINT('',(-8.E0,-1.95E1,-4.095437673367E-1));
#2546=DIRECTION('',(0.E0,0.E0,1.E0));
#2547=DIRECTION('',(1.E0,0.E0,0.E0));
#2548=AXIS2_PLACEMENT_3D('',#2545,#2546,#2547);
#2549=PLANE('999',#2548);
#2550=ORIENTED_EDGE('817',*,*,#2149,.T.);
#2552=ORIENTED_EDGE('797',*,*,#2551,.F.);
#2553=ORIENTED_EDGE('788',*,*,#2513,.T.);
#2554=ORIENTED_EDGE('791',*,*,#2111,.F.);
#2555=EDGE_LOOP('999',(#2550,#2552,#2553,#2554));
#2556=FACE_OUTER_BOUND('999',#2555,.F.);
#2558=CARTESIAN_POINT('',(-8.E0,-1.95E1,-4.095437673367E-1));
#2559=DIRECTION('',(0.E0,0.E0,1.E0));
#2560=DIRECTION('',(1.E0,0.E0,0.E0));
#2561=AXIS2_PLACEMENT_3D('',#2558,#2559,#2560);
#2562=PLANE('999',#2561);
#2563=ORIENTED_EDGE('798',*,*,#2127,.T.);
#2564=ORIENTED_EDGE('819',*,*,#2281,.T.);
#2566=ORIENTED_EDGE('796',*,*,#2565,.T.);
#2568=ORIENTED_EDGE('818',*,*,#2567,.T.);
#2569=EDGE_LOOP('999',(#2563,#2564,#2566,#2568));
#2570=FACE_OUTER_BOUND('999',#2569,.F.);
#2572=CARTESIAN_POINT('',(-6.E0,-1.95E1,-5.E0));
#2573=DIRECTION('',(1.E0,0.E0,0.E0));
#2574=DIRECTION('',(0.E0,0.E0,-1.E0));
#2575=AXIS2_PLACEMENT_3D('',#2572,#2573,#2574);
#2576=PLANE('1031',#2575);
#2577=ORIENTED_EDGE('796',*,*,#2565,.F.);
#2578=ORIENTED_EDGE('822',*,*,#2279,.T.);
#2579=ORIENTED_EDGE('794',*,*,#2011,.T.);
#2581=ORIENTED_EDGE('821',*,*,#2580,.T.);
#2582=EDGE_LOOP('1031',(#2577,#2578,#2579,#2581));
#2583=FACE_OUTER_BOUND('1031',#2582,.F.);
#2585=CARTESIAN_POINT('',(-6.E0,-1.95E1,-5.E0));
#2586=DIRECTION('',(1.E0,0.E0,0.E0));
#2587=DIRECTION('',(0.E0,0.E0,-1.E0));
#2588=AXIS2_PLACEMENT_3D('',#2585,#2586,#2587);
#2589=PLANE('1031',#2588);
#2590=ORIENTED_EDGE('820',*,*,#2147,.T.);
#2591=ORIENTED_EDGE('795',*,*,#1969,.T.);
#2592=ORIENTED_EDGE('790',*,*,#2515,.T.);
#2593=ORIENTED_EDGE('797',*,*,#2551,.T.);
#2594=EDGE_LOOP('1031',(#2590,#2591,#2592,#2593));
#2595=FACE_OUTER_BOUND('1031',#2594,.F.);
#2597=CARTESIAN_POINT('',(-3.915E1,-1.71E1,-5.E0));
#2598=DIRECTION('',(0.E0,1.E0,0.E0));
#2599=DIRECTION('',(0.E0,0.E0,1.E0));
#2600=AXIS2_PLACEMENT_3D('',#2597,#2598,#2599);
#2601=PLANE('1011',#2600);
#2602=ORIENTED_EDGE('900',*,*,#1995,.T.);
#2603=ORIENTED_EDGE('824',*,*,#2129,.F.);
#2604=ORIENTED_EDGE('818',*,*,#2567,.F.);
#2605=ORIENTED_EDGE('821',*,*,#2580,.F.);
#2606=ORIENTED_EDGE('903',*,*,#2025,.T.);
#2607=ORIENTED_EDGE('815',*,*,#2229,.F.);
#2608=ORIENTED_EDGE('809',*,*,#2201,.F.);
#2609=ORIENTED_EDGE('812',*,*,#2172,.F.);
#2610=ORIENTED_EDGE('901',*,*,#2061,.T.);
#2612=ORIENTED_EDGE('967',*,*,#2611,.T.);
#2613=ORIENTED_EDGE('896',*,*,#2317,.T.);
#2615=ORIENTED_EDGE('968',*,*,#2614,.T.);
#2616=EDGE_LOOP('1011',(#2602,#2603,#2604,#2605,#2606,#2607,#2608,#2609,#2610,
#2612,#2613,#2615));
#2617=FACE_OUTER_BOUND('1011',#2616,.F.);
#2619=CARTESIAN_POINT('',(3.42E1,-1.66E1,-2.095502985538E1));
#2620=DIRECTION('',(0.E0,0.E0,-1.E0));
#2621=DIRECTION('',(-1.E0,0.E0,0.E0));
#2622=AXIS2_PLACEMENT_3D('',#2619,#2620,#2621);
#2623=CYLINDRICAL_SURFACE('1010',#2622,5.E-1);
#2624=ORIENTED_EDGE('982',*,*,#2059,.T.);
#2626=ORIENTED_EDGE('970',*,*,#2625,.F.);
#2627=ORIENTED_EDGE('964',*,*,#2319,.T.);
#2628=ORIENTED_EDGE('967',*,*,#2611,.F.);
#2629=EDGE_LOOP('1010',(#2624,#2626,#2627,#2628));
#2630=FACE_OUTER_BOUND('1010',#2629,.F.);
#2632=CARTESIAN_POINT('',(3.47E1,-1.55E1,-2.095502985538E1));
#2633=DIRECTION('',(-1.E0,0.E0,0.E0));
#2634=DIRECTION('',(0.E0,-1.E0,0.E0));
#2635=AXIS2_PLACEMENT_3D('',#2632,#2633,#2634);
#2636=PLANE('1009',#2635);
#2637=ORIENTED_EDGE('882',*,*,#2057,.T.);
#2638=ORIENTED_EDGE('874',*,*,#2265,.T.);
#2640=ORIENTED_EDGE('873',*,*,#2639,.T.);
#2642=ORIENTED_EDGE('876',*,*,#2641,.T.);
#2643=ORIENTED_EDGE('871',*,*,#2321,.T.);
#2644=ORIENTED_EDGE('970',*,*,#2625,.T.);
#2645=EDGE_LOOP('1009',(#2637,#2638,#2640,#2642,#2643,#2644));
#2646=FACE_OUTER_BOUND('1009',#2645,.F.);
#2648=CARTESIAN_POINT('',(3.75E1,1.55E1,-1.13E1));
#2649=DIRECTION('',(0.E0,0.E0,-1.E0));
#2650=DIRECTION('',(-1.E0,0.E0,0.E0));
#2651=AXIS2_PLACEMENT_3D('',#2648,#2649,#2650);
#2652=PLANE('1034',#2651);
#2654=ORIENTED_EDGE('875',*,*,#2653,.F.);
#2655=ORIENTED_EDGE('873',*,*,#2639,.F.);
#2656=ORIENTED_EDGE('881',*,*,#2263,.T.);
#2658=ORIENTED_EDGE('880',*,*,#2657,.T.);
#2660=ORIENTED_EDGE('878',*,*,#2659,.F.);
#2661=EDGE_LOOP('1034',(#2654,#2655,#2656,#2658,#2660));
#2662=FACE_OUTER_BOUND('1034',#2661,.F.);
#2664=CARTESIAN_POINT('',(3.75E1,-1.55E1,-2.095502985538E1));
#2665=DIRECTION('',(0.E0,0.E0,1.E0));
#2666=DIRECTION('',(1.E0,0.E0,0.E0));
#2667=AXIS2_PLACEMENT_3D('',#2664,#2665,#2666);
#2668=CYLINDRICAL_SURFACE('1008',#2667,2.8E0);
#2670=ORIENTED_EDGE('877',*,*,#2669,.F.);
#2671=ORIENTED_EDGE('870',*,*,#2323,.T.);
#2672=ORIENTED_EDGE('876',*,*,#2641,.F.);
#2673=ORIENTED_EDGE('875',*,*,#2653,.T.);
#2674=EDGE_LOOP('1008',(#2670,#2671,#2672,#2673));
#2675=FACE_OUTER_BOUND('1008',#2674,.F.);
#2677=CARTESIAN_POINT('',(3.75E1,-1.27E1,-2.095502985538E1));
#2678=DIRECTION('',(0.E0,1.E0,0.E0));
#2679=DIRECTION('',(-1.E0,0.E0,0.E0));
#2680=AXIS2_PLACEMENT_3D('',#2677,#2678,#2679);
#2681=PLANE('1007',#2680);
#2682=ORIENTED_EDGE('872',*,*,#2325,.T.);
#2683=ORIENTED_EDGE('877',*,*,#2669,.T.);
#2684=ORIENTED_EDGE('878',*,*,#2659,.T.);
#2686=ORIENTED_EDGE('879',*,*,#2685,.T.);
#2687=ORIENTED_EDGE('883',*,*,#2097,.T.);
#2689=ORIENTED_EDGE('971',*,*,#2688,.T.);
#2690=EDGE_LOOP('1007',(#2682,#2683,#2684,#2686,#2687,#2689));
#2691=FACE_OUTER_BOUND('1007',#2690,.F.);
#2693=CARTESIAN_POINT('',(4.035E1,-1.83E1,-5.E0));
#2694=DIRECTION('',(-1.E0,0.E0,0.E0));
#2695=DIRECTION('',(0.E0,0.E0,1.E0));
#2696=AXIS2_PLACEMENT_3D('',#2693,#2694,#2695);
#2697=PLANE('989',#2696);
#2699=ORIENTED_EDGE('1097',*,*,#2698,.F.);
#2701=ORIENTED_EDGE('782',*,*,#2700,.F.);
#2702=ORIENTED_EDGE('906',*,*,#2099,.T.);
#2703=ORIENTED_EDGE('879',*,*,#2685,.F.);
#2704=ORIENTED_EDGE('880',*,*,#2657,.F.);
#2705=ORIENTED_EDGE('922',*,*,#2261,.T.);
#2706=ORIENTED_EDGE('902',*,*,#2386,.T.);
#2707=ORIENTED_EDGE('915',*,*,#2533,.F.);
#2709=ORIENTED_EDGE('1093',*,*,#2708,.F.);
#2711=ORIENTED_EDGE('1085',*,*,#2710,.T.);
#2712=EDGE_LOOP('989',(#2699,#2701,#2702,#2703,#2704,#2705,#2706,#2707,#2709,
#2711));
#2713=FACE_OUTER_BOUND('989',#2712,.F.);
#2715=CARTESIAN_POINT('',(3.555E1,1.27E1,-2.E0));
#2716=DIRECTION('',(0.E0,0.E0,1.E0));
#2717=DIRECTION('',(0.E0,-1.E0,0.E0));
#2718=AXIS2_PLACEMENT_3D('',#2715,#2716,#2717);
#2719=PLANE('988',#2718);
#2720=ORIENTED_EDGE('1097',*,*,#2698,.T.);
#2722=ORIENTED_EDGE('1096',*,*,#2721,.F.);
#2724=ORIENTED_EDGE('1087',*,*,#2723,.T.);
#2726=ORIENTED_EDGE('1083',*,*,#2725,.F.);
#2728=ORIENTED_EDGE('1090',*,*,#2727,.F.);
#2730=ORIENTED_EDGE('783',*,*,#2729,.T.);
#2732=ORIENTED_EDGE('781',*,*,#2731,.F.);
#2733=EDGE_LOOP('988',(#2720,#2722,#2724,#2726,#2728,#2730,#2732));
#2734=FACE_OUTER_BOUND('988',#2733,.F.);
#2736=CARTESIAN_POINT('',(3.438843243816E1,1.55E1,-1.13E1));
#2737=DIRECTION('',(0.E0,1.E0,0.E0));
#2738=DIRECTION('',(1.E0,0.E0,0.E0));
#2739=AXIS2_PLACEMENT_3D('',#2736,#2737,#2738);
#2740=PLANE('1078',#2739);
#2741=ORIENTED_EDGE('1085',*,*,#2710,.F.);
#2743=ORIENTED_EDGE('1088',*,*,#2742,.T.);
#2745=ORIENTED_EDGE('1086',*,*,#2744,.T.);
#2746=ORIENTED_EDGE('1096',*,*,#2721,.T.);
#2747=EDGE_LOOP('1078',(#2741,#2743,#2745,#2746));
#2748=FACE_OUTER_BOUND('1078',#2747,.F.);
#2750=CARTESIAN_POINT('',(3.75E1,1.55E1,-1.13E1));
#2751=DIRECTION('',(0.E0,0.E0,-1.E0));
#2752=DIRECTION('',(-1.E0,0.E0,0.E0));
#2753=AXIS2_PLACEMENT_3D('',#2750,#2751,#2752);
#2754=PLANE('1018',#2753);
#2755=ORIENTED_EDGE('1088',*,*,#2742,.F.);
#2756=ORIENTED_EDGE('1093',*,*,#2708,.T.);
#2757=ORIENTED_EDGE('890',*,*,#2531,.T.);
#2759=ORIENTED_EDGE('1094',*,*,#2758,.T.);
#2760=EDGE_LOOP('1018',(#2755,#2756,#2757,#2759));
#2761=FACE_OUTER_BOUND('1018',#2760,.F.);
#2763=CARTESIAN_POINT('',(3.47E1,1.55E1,-2.095502985538E1));
#2764=DIRECTION('',(1.E0,0.E0,0.E0));
#2765=DIRECTION('',(0.E0,1.E0,0.E0));
#2766=AXIS2_PLACEMENT_3D('',#2763,#2764,#2765);
#2767=PLANE('1001',#2766);
#2768=ORIENTED_EDGE('1086',*,*,#2744,.F.);
#2769=ORIENTED_EDGE('1094',*,*,#2758,.F.);
#2770=ORIENTED_EDGE('778',*,*,#2529,.T.);
#2771=ORIENTED_EDGE('889',*,*,#2041,.T.);
#2773=ORIENTED_EDGE('977',*,*,#2772,.T.);
#2774=ORIENTED_EDGE('885',*,*,#2337,.T.);
#2776=ORIENTED_EDGE('1092',*,*,#2775,.T.);
#2777=EDGE_LOOP('1001',(#2768,#2769,#2770,#2771,#2773,#2774,#2776));
#2778=FACE_OUTER_BOUND('1001',#2777,.F.);
#2780=CARTESIAN_POINT('',(3.42E1,1.66E1,-5.E0));
#2781=DIRECTION('',(0.E0,0.E0,1.E0));
#2782=DIRECTION('',(1.E0,0.E0,0.E0));
#2783=AXIS2_PLACEMENT_3D('',#2780,#2781,#2782);
#2784=CYLINDRICAL_SURFACE('1000',#2783,5.E-1);
#2785=ORIENTED_EDGE('984',*,*,#2039,.T.);
#2786=ORIENTED_EDGE('976',*,*,#2157,.F.);
#2787=ORIENTED_EDGE('961',*,*,#2339,.T.);
#2788=ORIENTED_EDGE('977',*,*,#2772,.F.);
#2789=EDGE_LOOP('1000',(#2785,#2786,#2787,#2788));
#2790=FACE_OUTER_BOUND('1000',#2789,.F.);
#2792=CARTESIAN_POINT('',(3.75E1,1.55E1,-2.095502985538E1));
#2793=DIRECTION('',(0.E0,0.E0,1.E0));
#2794=DIRECTION('',(1.E0,0.E0,0.E0));
#2795=AXIS2_PLACEMENT_3D('',#2792,#2793,#2794);
#2796=CYLINDRICAL_SURFACE('1002',#2795,2.8E0);
#2797=ORIENTED_EDGE('1087',*,*,#2723,.F.);
#2798=ORIENTED_EDGE('1092',*,*,#2775,.F.);
#2799=ORIENTED_EDGE('887',*,*,#2335,.T.);
#2801=ORIENTED_EDGE('1091',*,*,#2800,.F.);
#2802=EDGE_LOOP('1002',(#2797,#2798,#2799,#2801));
#2803=FACE_OUTER_BOUND('1002',#2802,.F.);
#2805=CARTESIAN_POINT('',(3.75E1,1.27E1,-2.095502985538E1));
#2806=DIRECTION('',(0.E0,1.E0,0.E0));
#2807=DIRECTION('',(-1.E0,0.E0,0.E0));
#2808=AXIS2_PLACEMENT_3D('',#2805,#2806,#2807);
#2809=PLANE('987',#2808);
#2810=ORIENTED_EDGE('1083',*,*,#2725,.T.);
#2811=ORIENTED_EDGE('1091',*,*,#2800,.T.);
#2812=ORIENTED_EDGE('935',*,*,#2333,.T.);
#2814=ORIENTED_EDGE('1095',*,*,#2813,.T.);
#2815=EDGE_LOOP('987',(#2810,#2811,#2812,#2814));
#2816=FACE_OUTER_BOUND('987',#2815,.F.);
#2818=CARTESIAN_POINT('',(3.865E1,1.22E1,-5.E0));
#2819=DIRECTION('',(0.E0,0.E0,-1.E0));
#2820=DIRECTION('',(-1.E0,0.E0,0.E0));
#2821=AXIS2_PLACEMENT_3D('',#2818,#2819,#2820);
#2822=CYLINDRICAL_SURFACE('1003',#2821,5.E-1);
#2823=ORIENTED_EDGE('1090',*,*,#2727,.T.);
#2824=ORIENTED_EDGE('1095',*,*,#2813,.F.);
#2825=ORIENTED_EDGE('962',*,*,#2331,.T.);
#2827=ORIENTED_EDGE('972',*,*,#2826,.F.);
#2828=EDGE_LOOP('1003',(#2823,#2824,#2825,#2827));
#2829=FACE_OUTER_BOUND('1003',#2828,.F.);
#2831=CARTESIAN_POINT('',(3.915E1,-1.71E1,-5.E0));
#2832=DIRECTION('',(-1.E0,0.E0,0.E0));
#2833=DIRECTION('',(0.E0,0.E0,1.E0));
#2834=AXIS2_PLACEMENT_3D('',#2831,#2832,#2833);
#2835=PLANE('1004',#2834);
#2836=ORIENTED_EDGE('898',*,*,#2093,.T.);
#2838=ORIENTED_EDGE('785',*,*,#2837,.F.);
#2839=ORIENTED_EDGE('783',*,*,#2729,.F.);
#2840=ORIENTED_EDGE('972',*,*,#2826,.T.);
#2841=ORIENTED_EDGE('905',*,*,#2329,.T.);
#2843=ORIENTED_EDGE('973',*,*,#2842,.T.);
#2844=EDGE_LOOP('1004',(#2836,#2838,#2839,#2840,#2841,#2843));
#2845=FACE_OUTER_BOUND('1004',#2844,.F.);
#2847=CARTESIAN_POINT('',(3.555E1,7.E-1,-6.E0));
#2848=DIRECTION('',(0.E0,-1.E0,0.E0));
#2849=DIRECTION('',(0.E0,0.E0,-1.E0));
#2850=AXIS2_PLACEMENT_3D('',#2847,#2848,#2849);
#2851=PLANE('1005',#2850);
#2852=ORIENTED_EDGE('785',*,*,#2837,.T.);
#2853=ORIENTED_EDGE('784',*,*,#2091,.T.);
#2854=ORIENTED_EDGE('782',*,*,#2700,.T.);
#2855=ORIENTED_EDGE('781',*,*,#2731,.T.);
#2856=EDGE_LOOP('1005',(#2852,#2853,#2854,#2855));
#2857=FACE_OUTER_BOUND('1005',#2856,.F.);
#2859=CARTESIAN_POINT('',(3.865E1,-1.22E1,-2.095502985538E1));
#2860=DIRECTION('',(0.E0,0.E0,1.E0));
#2861=DIRECTION('',(1.E0,0.E0,0.E0));
#2862=AXIS2_PLACEMENT_3D('',#2859,#2860,#2861);
#2863=CYLINDRICAL_SURFACE('1006',#2862,5.E-1);
#2864=ORIENTED_EDGE('963',*,*,#2327,.T.);
#2865=ORIENTED_EDGE('971',*,*,#2688,.F.);
#2866=ORIENTED_EDGE('983',*,*,#2095,.T.);
#2867=ORIENTED_EDGE('973',*,*,#2842,.F.);
#2868=EDGE_LOOP('1006',(#2864,#2865,#2866,#2867));
#2869=FACE_OUTER_BOUND('1006',#2868,.F.);
#2871=CARTESIAN_POINT('',(-3.42E1,-1.66E1,-5.E0));
#2872=DIRECTION('',(0.E0,0.E0,1.E0));
#2873=DIRECTION('',(1.E0,0.E0,0.E0));
#2874=AXIS2_PLACEMENT_3D('',#2871,#2872,#2873);
#2875=CYLINDRICAL_SURFACE('1012',#2874,5.E-1);
#2876=ORIENTED_EDGE('981',*,*,#1997,.T.);
#2877=ORIENTED_EDGE('968',*,*,#2614,.F.);
#2878=ORIENTED_EDGE('965',*,*,#2315,.T.);
#2879=ORIENTED_EDGE('969',*,*,#2300,.F.);
#2880=EDGE_LOOP('1012',(#2876,#2877,#2878,#2879));
#2881=FACE_OUTER_BOUND('1012',#2880,.F.);
#2883=CARTESIAN_POINT('',(-5.E0,1.93E1,-2.E0));
#2884=DIRECTION('',(-1.E0,0.E0,0.E0));
#2885=DIRECTION('',(0.E0,0.E0,1.E0));
#2886=AXIS2_PLACEMENT_3D('',#2883,#2884,#2885);
#2887=PLANE('1019',#2886);
#2889=ORIENTED_EDGE('832',*,*,#2888,.F.);
#2890=ORIENTED_EDGE('828',*,*,#2518,.T.);
#2891=ORIENTED_EDGE('833',*,*,#1981,.T.);
#2893=ORIENTED_EDGE('944',*,*,#2892,.F.);
#2894=EDGE_LOOP('1019',(#2889,#2890,#2891,#2893));
#2895=FACE_OUTER_BOUND('1019',#2894,.F.);
#2897=CARTESIAN_POINT('',(5.E0,1.93E1,-2.E0));
#2898=DIRECTION('',(0.E0,0.E0,1.E0));
#2899=DIRECTION('',(1.E0,0.E0,0.E0));
#2900=AXIS2_PLACEMENT_3D('',#2897,#2898,#2899);
#2901=PLANE('1020',#2900);
#2903=ORIENTED_EDGE('831',*,*,#2902,.T.);
#2904=ORIENTED_EDGE('830',*,*,#2520,.T.);
#2905=ORIENTED_EDGE('832',*,*,#2888,.T.);
#2907=ORIENTED_EDGE('951',*,*,#2906,.F.);
#2908=EDGE_LOOP('1020',(#2903,#2904,#2905,#2907));
#2909=FACE_OUTER_BOUND('1020',#2908,.F.);
#2911=CARTESIAN_POINT('',(5.E0,1.93E1,-2.E0));
#2912=DIRECTION('',(1.E0,0.E0,0.E0));
#2913=DIRECTION('',(0.E0,0.E0,-1.E0));
#2914=AXIS2_PLACEMENT_3D('',#2911,#2912,#2913);
#2915=PLANE('1024',#2914);
#2916=ORIENTED_EDGE('834',*,*,#1977,.T.);
#2917=ORIENTED_EDGE('827',*,*,#2522,.T.);
#2918=ORIENTED_EDGE('831',*,*,#2902,.F.);
#2920=ORIENTED_EDGE('952',*,*,#2919,.F.);
#2921=EDGE_LOOP('1024',(#2916,#2917,#2918,#2920));
#2922=FACE_OUTER_BOUND('1024',#2921,.F.);
#2924=CARTESIAN_POINT('',(5.E0,1.84E1,-2.E0));
#2925=DIRECTION('',(7.071067811865E-1,7.071067811865E-1,0.E0));
#2926=DIRECTION('',(0.E0,0.E0,-1.E0));
#2927=AXIS2_PLACEMENT_3D('',#2924,#2925,#2926);
#2928=PLANE('1025',#2927);
#2930=ORIENTED_EDGE('955',*,*,#2929,.F.);
#2931=ORIENTED_EDGE('952',*,*,#2919,.T.);
#2933=ORIENTED_EDGE('829',*,*,#2932,.F.);
#2935=ORIENTED_EDGE('948',*,*,#2934,.T.);
#2936=EDGE_LOOP('1025',(#2930,#2931,#2933,#2935));
#2937=FACE_OUTER_BOUND('1025',#2936,.F.);
#2939=CARTESIAN_POINT('',(0.E0,1.84E1,-5.E0));
#2940=DIRECTION('',(0.E0,7.071067811865E-1,-7.071067811865E-1));
#2941=DIRECTION('',(-1.E0,0.E0,0.E0));
#2942=AXIS2_PLACEMENT_3D('',#2939,#2940,#2941);
#2943=PLANE('1023',#2942);
#2944=ORIENTED_EDGE('955',*,*,#2929,.T.);
#2946=ORIENTED_EDGE('947',*,*,#2945,.T.);
#2948=ORIENTED_EDGE('826',*,*,#2947,.F.);
#2949=ORIENTED_EDGE('953',*,*,#1979,.T.);
#2950=EDGE_LOOP('1023',(#2944,#2946,#2948,#2949));
#2951=FACE_OUTER_BOUND('1023',#2950,.F.);
#2953=CARTESIAN_POINT('',(0.E0,1.93E1,0.E0));
#2954=DIRECTION('',(0.E0,-1.E0,0.E0));
#2955=DIRECTION('',(0.E0,0.E0,1.E0));
#2956=AXIS2_PLACEMENT_3D('',#2953,#2954,#2955);
#2957=PLANE('1026',#2956);
#2958=ORIENTED_EDGE('947',*,*,#2945,.F.);
#2959=ORIENTED_EDGE('948',*,*,#2934,.F.);
#2961=ORIENTED_EDGE('949',*,*,#2960,.F.);
#2963=ORIENTED_EDGE('950',*,*,#2962,.F.);
#2964=EDGE_LOOP('1026',(#2958,#2959,#2961,#2963));
#2965=FACE_OUTER_BOUND('1026',#2964,.F.);
#2967=CARTESIAN_POINT('',(5.E0,1.84E1,-2.E0));
#2968=DIRECTION('',(0.E0,7.071067811865E-1,7.071067811865E-1));
#2969=DIRECTION('',(1.E0,0.E0,0.E0));
#2970=AXIS2_PLACEMENT_3D('',#2967,#2968,#2969);
#2971=PLANE('1021',#2970);
#2972=ORIENTED_EDGE('829',*,*,#2932,.T.);
#2973=ORIENTED_EDGE('951',*,*,#2906,.T.);
#2975=ORIENTED_EDGE('954',*,*,#2974,.F.);
#2976=ORIENTED_EDGE('949',*,*,#2960,.T.);
#2977=EDGE_LOOP('1021',(#2972,#2973,#2975,#2976));
#2978=FACE_OUTER_BOUND('1021',#2977,.F.);
#2980=CARTESIAN_POINT('',(-5.E0,1.84E1,-2.E0));
#2981=DIRECTION('',(-7.071067811865E-1,7.071067811865E-1,0.E0));
#2982=DIRECTION('',(0.E0,0.E0,1.E0));
#2983=AXIS2_PLACEMENT_3D('',#2980,#2981,#2982);
#2984=PLANE('1022',#2983);
#2985=ORIENTED_EDGE('954',*,*,#2974,.T.);
#2986=ORIENTED_EDGE('944',*,*,#2892,.T.);
#2987=ORIENTED_EDGE('826',*,*,#2947,.T.);
#2988=ORIENTED_EDGE('950',*,*,#2962,.T.);
#2989=EDGE_LOOP('1022',(#2985,#2986,#2987,#2988));
#2990=FACE_OUTER_BOUND('1022',#2989,.F.);
#2992=CARTESIAN_POINT('',(3.75E1,1.55E1,-1.13E1));
#2993=DIRECTION('',(0.E0,0.E0,-1.E0));
#2994=DIRECTION('',(-1.E0,0.E0,0.E0));
#2995=AXIS2_PLACEMENT_3D('',#2992,#2993,#2994);
#2996=PLANE('1017',#2995);
#2997=ORIENTED_EDGE('849',*,*,#2486,.F.);
#2998=ORIENTED_EDGE('847',*,*,#2499,.F.);
#2999=ORIENTED_EDGE('855',*,*,#2537,.T.);
#3000=ORIENTED_EDGE('854',*,*,#2427,.T.);
#3001=ORIENTED_EDGE('852',*,*,#2468,.F.);
#3002=EDGE_LOOP('1017',(#2997,#2998,#2999,#3000,#3001));
#3003=FACE_OUTER_BOUND('1017',#3002,.F.);
#3005=CARTESIAN_POINT('',(-3.42E1,1.66E1,-2.095502985538E1));
#3006=DIRECTION('',(0.E0,0.E0,-1.E0));
#3007=DIRECTION('',(-1.E0,0.E0,0.E0));
#3008=AXIS2_PLACEMENT_3D('',#3005,#3006,#3007);
#3009=CYLINDRICAL_SURFACE('986',#3008,5.E-1);
#3010=ORIENTED_EDGE('771',*,*,#1957,.T.);
#3011=ORIENTED_EDGE('979',*,*,#2503,.F.);
#3012=ORIENTED_EDGE('959',*,*,#2342,.T.);
#3013=ORIENTED_EDGE('975',*,*,#2153,.F.);
#3014=EDGE_LOOP('986',(#3010,#3011,#3012,#3013));
#3015=FACE_OUTER_BOUND('986',#3014,.F.);
#3017=CARTESIAN_POINT('',(-3.865E1,1.22E1,-2.095502985538E1));
#3018=DIRECTION('',(0.E0,0.E0,1.E0));
#3019=DIRECTION('',(1.E0,0.E0,0.E0));
#3020=AXIS2_PLACEMENT_3D('',#3017,#3018,#3019);
#3021=CYLINDRICAL_SURFACE('991',#3020,5.E-1);
#3022=ORIENTED_EDGE('960',*,*,#2350,.T.);
#3023=ORIENTED_EDGE('978',*,*,#2472,.F.);
#3024=ORIENTED_EDGE('772',*,*,#2081,.T.);
#3026=ORIENTED_EDGE('956',*,*,#3025,.F.);
#3027=EDGE_LOOP('991',(#3022,#3023,#3024,#3026));
#3028=FACE_OUTER_BOUND('991',#3027,.F.);
#3030=CARTESIAN_POINT('',(-3.915E1,-1.71E1,-5.E0));
#3031=DIRECTION('',(1.E0,0.E0,0.E0));
#3032=DIRECTION('',(0.E0,0.E0,-1.E0));
#3033=AXIS2_PLACEMENT_3D('',#3030,#3031,#3032);
#3034=PLANE('990',#3033);
#3035=ORIENTED_EDGE('893',*,*,#2352,.T.);
#3036=ORIENTED_EDGE('956',*,*,#3025,.T.);
#3037=ORIENTED_EDGE('894',*,*,#2079,.T.);
#3039=ORIENTED_EDGE('957',*,*,#3038,.T.);
#3040=EDGE_LOOP('990',(#3035,#3036,#3037,#3039));
#3041=FACE_OUTER_BOUND('990',#3040,.F.);
#3043=CARTESIAN_POINT('',(-3.865E1,-1.22E1,-5.E0));
#3044=DIRECTION('',(0.E0,0.E0,-1.E0));
#3045=DIRECTION('',(-1.E0,0.E0,0.E0));
#3046=AXIS2_PLACEMENT_3D('',#3043,#3044,#3045);
#3047=CYLINDRICAL_SURFACE('1015',#3046,5.E-1);
#3048=ORIENTED_EDGE('966',*,*,#2354,.T.);
#3049=ORIENTED_EDGE('957',*,*,#3038,.F.);
#3050=ORIENTED_EDGE('980',*,*,#2077,.T.);
#3051=ORIENTED_EDGE('958',*,*,#2409,.F.);
#3052=EDGE_LOOP('1015',(#3048,#3049,#3050,#3051));
#3053=FACE_OUTER_BOUND('1015',#3052,.F.);
#3055=CARTESIAN_POINT('',(-4.155E1,1.95E1,2.E0));
#3056=DIRECTION('',(1.E0,0.E0,0.E0));
#3057=DIRECTION('',(0.E0,1.E0,0.E0));
#3058=AXIS2_PLACEMENT_3D('',#3055,#3056,#3057);
#3059=PLANE('1040',#3058);
#3060=ORIENTED_EDGE('923',*,*,#2376,.T.);
#3062=ORIENTED_EDGE('929',*,*,#3061,.F.);
#3064=ORIENTED_EDGE('924',*,*,#3063,.F.);
#3066=ORIENTED_EDGE('934',*,*,#3065,.F.);
#3067=EDGE_LOOP('1040',(#3060,#3062,#3064,#3066));
#3068=FACE_OUTER_BOUND('1040',#3067,.F.);
#3070=CARTESIAN_POINT('',(-4.155E1,1.95E1,2.E0));
#3071=DIRECTION('',(0.E0,-1.E0,0.E0));
#3072=DIRECTION('',(0.E0,0.E0,-1.E0));
#3073=AXIS2_PLACEMENT_3D('',#3070,#3071,#3072);
#3074=PLANE('1043',#3073);
#3075=ORIENTED_EDGE('926',*,*,#2382,.T.);
#3077=ORIENTED_EDGE('932',*,*,#3076,.T.);
#3079=ORIENTED_EDGE('928',*,*,#3078,.F.);
#3080=ORIENTED_EDGE('929',*,*,#3061,.T.);
#3081=EDGE_LOOP('1043',(#3075,#3077,#3079,#3080));
#3082=FACE_OUTER_BOUND('1043',#3081,.F.);
#3084=CARTESIAN_POINT('',(4.155E1,1.95E1,2.E0));
#3085=DIRECTION('',(-1.E0,0.E0,0.E0));
#3086=DIRECTION('',(0.E0,0.E0,1.E0));
#3087=AXIS2_PLACEMENT_3D('',#3084,#3085,#3086);
#3088=PLANE('1042',#3087);
#3089=ORIENTED_EDGE('931',*,*,#2380,.T.);
#3091=ORIENTED_EDGE('933',*,*,#3090,.T.);
#3093=ORIENTED_EDGE('927',*,*,#3092,.F.);
#3094=ORIENTED_EDGE('932',*,*,#3076,.F.);
#3095=EDGE_LOOP('1042',(#3089,#3091,#3093,#3094));
#3096=FACE_OUTER_BOUND('1042',#3095,.F.);
#3098=CARTESIAN_POINT('',(-4.155E1,-1.95E1,2.E0));
#3099=DIRECTION('',(0.E0,1.E0,0.E0));
#3100=DIRECTION('',(0.E0,0.E0,1.E0));
#3101=AXIS2_PLACEMENT_3D('',#3098,#3099,#3100);
#3102=PLANE('1041',#3101);
#3103=ORIENTED_EDGE('930',*,*,#2378,.T.);
#3104=ORIENTED_EDGE('934',*,*,#3065,.T.);
#3106=ORIENTED_EDGE('925',*,*,#3105,.F.);
#3107=ORIENTED_EDGE('933',*,*,#3090,.F.);
#3108=EDGE_LOOP('1041',(#3103,#3104,#3106,#3107));
#3109=FACE_OUTER_BOUND('1041',#3108,.F.);
#3111=CARTESIAN_POINT('',(0.E0,0.E0,2.E0));
#3112=DIRECTION('',(0.E0,0.E0,1.E0));
#3113=DIRECTION('',(1.E0,0.E0,0.E0));
#3114=AXIS2_PLACEMENT_3D('',#3111,#3112,#3113);
#3115=PLANE('1044',#3114);
#3116=ORIENTED_EDGE('924',*,*,#3063,.T.);
#3117=ORIENTED_EDGE('928',*,*,#3078,.T.);
#3118=ORIENTED_EDGE('927',*,*,#3092,.T.);
#3119=ORIENTED_EDGE('925',*,*,#3105,.T.);
#3120=EDGE_LOOP('1044',(#3116,#3117,#3118,#3119));
#3121=FACE_OUTER_BOUND('1044',#3120,.F.);
#3123=ORIENTED_EDGE('1275',*,*,#3122,.F.);
#3125=ORIENTED_EDGE('1276',*,*,#3124,.F.);
#3126=EDGE_LOOP('1044',(#3123,#3125));
#3127=FACE_BOUND('1044',#3126,.F.);
#3129=ORIENTED_EDGE('1277',*,*,#3128,.F.);
#3131=ORIENTED_EDGE('1278',*,*,#3130,.F.);
#3132=EDGE_LOOP('1044',(#3129,#3131));
#3133=FACE_BOUND('1044',#3132,.F.);
#3135=CARTESIAN_POINT('',(2.E1,-9.5E0,0.E0));
#3136=DIRECTION('',(0.E0,0.E0,-1.E0));
#3137=DIRECTION('',(-1.E0,0.E0,0.E0));
#3138=AXIS2_PLACEMENT_3D('',#3135,#3136,#3137);
#3139=CYLINDRICAL_SURFACE('1259',#3138,1.75E0);
#3140=ORIENTED_EDGE('1271',*,*,#2358,.F.);
#3142=ORIENTED_EDGE('1279',*,*,#3141,.T.);
#3143=ORIENTED_EDGE('1275',*,*,#3122,.T.);
#3145=ORIENTED_EDGE('1280',*,*,#3144,.F.);
#3146=EDGE_LOOP('1259',(#3140,#3142,#3143,#3145));
#3147=FACE_OUTER_BOUND('1259',#3146,.F.);
#3149=CARTESIAN_POINT('',(2.E1,-9.5E0,0.E0));
#3150=DIRECTION('',(0.E0,0.E0,-1.E0));
#3151=DIRECTION('',(-1.E0,0.E0,0.E0));
#3152=AXIS2_PLACEMENT_3D('',#3149,#3150,#3151);
#3153=CYLINDRICAL_SURFACE('1261',#3152,1.75E0);
#3154=ORIENTED_EDGE('1272',*,*,#2360,.F.);
#3155=ORIENTED_EDGE('1280',*,*,#3144,.T.);
#3156=ORIENTED_EDGE('1276',*,*,#3124,.T.);
#3157=ORIENTED_EDGE('1279',*,*,#3141,.F.);
#3158=EDGE_LOOP('1261',(#3154,#3155,#3156,#3157));
#3159=FACE_OUTER_BOUND('1261',#3158,.F.);
#3161=CARTESIAN_POINT('',(-2.E1,-9.5E0,0.E0));
#3162=DIRECTION('',(0.E0,0.E0,-1.E0));
#3163=DIRECTION('',(-1.E0,0.E0,0.E0));
#3164=AXIS2_PLACEMENT_3D('',#3161,#3162,#3163);
#3165=CYLINDRICAL_SURFACE('1263',#3164,1.75E0);
#3166=ORIENTED_EDGE('1273',*,*,#2364,.F.);
#3168=ORIENTED_EDGE('1281',*,*,#3167,.T.);
#3169=ORIENTED_EDGE('1277',*,*,#3128,.T.);
#3171=ORIENTED_EDGE('1282',*,*,#3170,.F.);
#3172=EDGE_LOOP('1263',(#3166,#3168,#3169,#3171));
#3173=FACE_OUTER_BOUND('1263',#3172,.F.);
#3175=CARTESIAN_POINT('',(-2.E1,-9.5E0,0.E0));
#3176=DIRECTION('',(0.E0,0.E0,-1.E0));
#3177=DIRECTION('',(-1.E0,0.E0,0.E0));
#3178=AXIS2_PLACEMENT_3D('',#3175,#3176,#3177);
#3179=CYLINDRICAL_SURFACE('1265',#3178,1.75E0);
#3180=ORIENTED_EDGE('1274',*,*,#2366,.F.);
#3181=ORIENTED_EDGE('1282',*,*,#3170,.T.);
#3182=ORIENTED_EDGE('1278',*,*,#3130,.T.);
#3183=ORIENTED_EDGE('1281',*,*,#3167,.F.);
#3184=EDGE_LOOP('1265',(#3180,#3181,#3182,#3183));
#3185=FACE_OUTER_BOUND('1265',#3184,.F.);
#3187=CARTESIAN_POINT('',(5.E0,-1.93E1,-2.E0));
#3188=DIRECTION('',(-1.E0,0.E0,0.E0));
#3189=DIRECTION('',(0.E0,0.E0,1.E0));
#3190=AXIS2_PLACEMENT_3D('',#3187,#3188,#3189);
#3191=PLANE('1045',#3190);
#3193=ORIENTED_EDGE('843',*,*,#3192,.F.);
#3194=ORIENTED_EDGE('836',*,*,#2272,.T.);
#3195=ORIENTED_EDGE('840',*,*,#2019,.T.);
#3197=ORIENTED_EDGE('942',*,*,#3196,.F.);
#3198=EDGE_LOOP('1045',(#3193,#3194,#3195,#3197));
#3199=FACE_OUTER_BOUND('1045',#3198,.F.);
#3201=CARTESIAN_POINT('',(5.E0,-1.93E1,-2.E0));
#3202=DIRECTION('',(0.E0,0.E0,-1.E0));
#3203=DIRECTION('',(-1.E0,0.E0,0.E0));
#3204=AXIS2_PLACEMENT_3D('',#3201,#3202,#3203);
#3205=PLANE('1046',#3204);
#3207=ORIENTED_EDGE('842',*,*,#3206,.F.);
#3208=ORIENTED_EDGE('837',*,*,#2274,.T.);
#3209=ORIENTED_EDGE('843',*,*,#3192,.T.);
#3211=ORIENTED_EDGE('941',*,*,#3210,.F.);
#3212=EDGE_LOOP('1046',(#3207,#3208,#3209,#3211));
#3213=FACE_OUTER_BOUND('1046',#3212,.F.);
#3215=CARTESIAN_POINT('',(-5.E0,-1.93E1,-2.E0));
#3216=DIRECTION('',(1.E0,0.E0,0.E0));
#3217=DIRECTION('',(0.E0,0.E0,-1.E0));
#3218=AXIS2_PLACEMENT_3D('',#3215,#3216,#3217);
#3219=PLANE('1047',#3218);
#3220=ORIENTED_EDGE('841',*,*,#2015,.T.);
#3221=ORIENTED_EDGE('839',*,*,#2276,.T.);
#3222=ORIENTED_EDGE('842',*,*,#3206,.T.);
#3224=ORIENTED_EDGE('940',*,*,#3223,.F.);
#3225=EDGE_LOOP('1047',(#3220,#3221,#3222,#3224));
#3226=FACE_OUTER_BOUND('1047',#3225,.F.);
#3228=CARTESIAN_POINT('',(-4.1E0,-1.93E1,0.E0));
#3229=DIRECTION('',(7.071067811865E-1,7.071067811865E-1,0.E0));
#3230=DIRECTION('',(0.E0,0.E0,-1.E0));
#3231=AXIS2_PLACEMENT_3D('',#3228,#3229,#3230);
#3232=PLANE('1039',#3231);
#3234=ORIENTED_EDGE('945',*,*,#3233,.T.);
#3236=ORIENTED_EDGE('939',*,*,#3235,.T.);
#3238=ORIENTED_EDGE('835',*,*,#3237,.T.);
#3239=ORIENTED_EDGE('940',*,*,#3223,.T.);
#3240=EDGE_LOOP('1039',(#3234,#3236,#3238,#3239));
#3241=FACE_OUTER_BOUND('1039',#3240,.F.);
#3243=CARTESIAN_POINT('',(0.E0,-1.93E1,-2.9E0));
#3244=DIRECTION('',(0.E0,7.071067811865E-1,-7.071067811865E-1));
#3245=DIRECTION('',(-1.E0,0.E0,0.E0));
#3246=AXIS2_PLACEMENT_3D('',#3243,#3244,#3245);
#3247=PLANE('1036',#3246);
#3249=ORIENTED_EDGE('838',*,*,#3248,.T.);
#3251=ORIENTED_EDGE('938',*,*,#3250,.T.);
#3252=ORIENTED_EDGE('945',*,*,#3233,.F.);
#3253=ORIENTED_EDGE('941',*,*,#3210,.T.);
#3254=EDGE_LOOP('1036',(#3249,#3251,#3252,#3253));
#3255=FACE_OUTER_BOUND('1036',#3254,.F.);
#3257=CARTESIAN_POINT('',(4.1E0,-1.93E1,0.E0));
#3258=DIRECTION('',(-7.071067811865E-1,7.071067811865E-1,0.E0));
#3259=DIRECTION('',(0.E0,0.E0,1.E0));
#3260=AXIS2_PLACEMENT_3D('',#3257,#3258,#3259);
#3261=PLANE('1035',#3260);
#3263=ORIENTED_EDGE('946',*,*,#3262,.F.);
#3265=ORIENTED_EDGE('937',*,*,#3264,.T.);
#3266=ORIENTED_EDGE('838',*,*,#3248,.F.);
#3267=ORIENTED_EDGE('942',*,*,#3196,.T.);
#3268=EDGE_LOOP('1035',(#3263,#3265,#3266,#3267));
#3269=FACE_OUTER_BOUND('1035',#3268,.F.);
#3271=CARTESIAN_POINT('',(0.E0,-1.93E1,-4.1E0));
#3272=DIRECTION('',(0.E0,-7.071067811865E-1,-7.071067811865E-1));
#3273=DIRECTION('',(-1.E0,0.E0,0.E0));
#3274=AXIS2_PLACEMENT_3D('',#3271,#3272,#3273);
#3275=PLANE('1038',#3274);
#3276=ORIENTED_EDGE('946',*,*,#3262,.T.);
#3277=ORIENTED_EDGE('943',*,*,#2017,.T.);
#3278=ORIENTED_EDGE('835',*,*,#3237,.F.);
#3280=ORIENTED_EDGE('936',*,*,#3279,.T.);
#3281=EDGE_LOOP('1038',(#3276,#3277,#3278,#3280));
#3282=FACE_OUTER_BOUND('1038',#3281,.F.);
#3284=CARTESIAN_POINT('',(0.E0,-1.93E1,0.E0));
#3285=DIRECTION('',(0.E0,1.E0,0.E0));
#3286=DIRECTION('',(0.E0,0.E0,1.E0));
#3287=AXIS2_PLACEMENT_3D('',#3284,#3285,#3286);
#3288=PLANE('1037',#3287);
#3289=ORIENTED_EDGE('938',*,*,#3250,.F.);
#3290=ORIENTED_EDGE('937',*,*,#3264,.F.);
#3291=ORIENTED_EDGE('936',*,*,#3279,.F.);
#3292=ORIENTED_EDGE('939',*,*,#3235,.F.);
#3293=EDGE_LOOP('1037',(#3289,#3290,#3291,#3292));
#3294=FACE_OUTER_BOUND('1037',#3293,.F.);
#3298=FILL_AREA_STYLE_COLOUR('',#11);
#3299=FILL_AREA_STYLE('',(#3298));
#3300=SURFACE_STYLE_FILL_AREA(#3299);
#3301=SURFACE_SIDE_STYLE('',(#3300));
#3302=SURFACE_STYLE_USAGE(.BOTH.,#3301);
#3303=PRESENTATION_STYLE_ASSIGNMENT((#3302));
#18=STYLED_ITEM('',(#3303),#3297);
#3304=CARTESIAN_POINT('',(0.E0,0.E0,0.E0));
#3305=DIRECTION('',(1.E0,0.E0,0.E0));
#3306=DIRECTION('',(0.E0,1.E0,0.E0));
#3307=AXIS2_PLACEMENT_3D('',#3304,#3305,#3306);
#3308=PLANE('RIGHT',#3307);
#3309=CARTESIAN_POINT('',(0.E0,0.E0,0.E0));
#3310=DIRECTION('',(0.E0,1.E0,0.E0));
#3311=DIRECTION('',(0.E0,0.E0,1.E0));
#3312=AXIS2_PLACEMENT_3D('',#3309,#3310,#3311);
#3313=PLANE('TOP',#3312);
#3314=CARTESIAN_POINT('',(0.E0,0.E0,0.E0));
#3315=DIRECTION('',(0.E0,0.E0,1.E0));
#3316=DIRECTION('',(1.E0,0.E0,0.E0));
#3317=AXIS2_PLACEMENT_3D('',#3314,#3315,#3316);
#3318=PLANE('FRONT',#3317);
#3319=CARTESIAN_POINT('',(0.E0,0.E0,0.E0));
#3320=DIRECTION('',(0.E0,0.E0,1.E0));
#3321=DIRECTION('',(1.E0,0.E0,0.E0));
#3322=AXIS2_PLACEMENT_3D('PRT_CSYS_DEF',#3319,#3320,#3321);
#3323=CURVE_STYLE('',#23,POSITIVE_LENGTH_MEASURE(2.E-2),#6);
#3324=PRESENTATION_STYLE_ASSIGNMENT((#3323));
#3325=STYLED_ITEM('',(#3324),#3322);
#3326=DIRECTION('',(-1.E0,0.E0,0.E0));
#3327=VECTOR('',#3326,1.054684800478E2);
#3328=CARTESIAN_POINT('',(5.273424002388E1,0.E0,0.E0));
#3329=LINE('',#3328,#3327);
#3331=CURVE_STYLE('',#23,POSITIVE_LENGTH_MEASURE(2.E-2),#4);
#3332=PRESENTATION_STYLE_ASSIGNMENT((#3331));
#3333=STYLED_ITEM('',(#3332),#3330);
#3334=CARTESIAN_POINT('',(0.E0,0.E0,0.E0));
#3335=DIRECTION('',(0.E0,0.E0,1.E0));
#3336=DIRECTION('',(1.E0,0.E0,0.E0));
#3337=AXIS2_PLACEMENT_3D('',#3334,#3335,#3336);
#3338=PLANE('46',#3337);
#3339=CARTESIAN_POINT('',(0.E0,0.E0,0.E0));
#3340=DIRECTION('',(0.E0,1.E0,0.E0));
#3341=DIRECTION('',(1.E0,0.E0,0.E0));
#3342=AXIS2_PLACEMENT_3D('',#3339,#3340,#3341);
#3343=PLANE('47',#3342);
#3344=CARTESIAN_POINT('',(0.E0,0.E0,0.E0));
#3345=DIRECTION('',(1.E0,0.E0,0.E0));
#3346=DIRECTION('',(0.E0,0.E0,-1.E0));
#3347=AXIS2_PLACEMENT_3D('',#3344,#3345,#3346);
#3348=PLANE('48',#3347);
#3349=DIRECTION('',(-1.E0,0.E0,0.E0));
#3350=VECTOR('',#3349,5.961567561839E0);
#3351=CARTESIAN_POINT('',(4.035E1,1.27E1,-1.13E1));
#3352=LINE('',#3351,#3350);
#3354=CURVE_STYLE('',#23,POSITIVE_LENGTH_MEASURE(2.E-2),#1);
#3355=PRESENTATION_STYLE_ASSIGNMENT((#3354));
#3356=STYLED_ITEM('',(#3355),#3353);
#3358=DIRECTION('',(0.E0,1.E0,0.E0));
#3359=VECTOR('',#3358,2.8E0);
#3360=CARTESIAN_POINT('',(3.438843243816E1,1.27E1,-1.13E1));
#3361=LINE('',#3360,#3359);
#3363=CURVE_STYLE('',#23,POSITIVE_LENGTH_MEASURE(2.E-2),#1);
#3364=PRESENTATION_STYLE_ASSIGNMENT((#3363));
#3365=STYLED_ITEM('',(#3364),#3362);
#3367=DIRECTION('',(1.E0,0.E0,0.E0));
#3368=VECTOR('',#3367,5.961567561839E0);
#3369=CARTESIAN_POINT('',(3.438843243816E1,1.55E1,-1.13E1));
#3370=LINE('',#3369,#3368);
#3372=CURVE_STYLE('',#23,POSITIVE_LENGTH_MEASURE(2.E-2),#1);
#3373=PRESENTATION_STYLE_ASSIGNMENT((#3372));
#3374=STYLED_ITEM('',(#3373),#3371);
#3376=DIRECTION('',(0.E0,-1.E0,0.E0));
#3377=VECTOR('',#3376,2.8E0);
#3378=CARTESIAN_POINT('',(4.035E1,1.55E1,-1.13E1));
#3379=LINE('',#3378,#3377);
#3381=CURVE_STYLE('',#23,POSITIVE_LENGTH_MEASURE(2.E-2),#1);
#3382=PRESENTATION_STYLE_ASSIGNMENT((#3381));
#3383=STYLED_ITEM('',(#3382),#3380);
#3387=CARTESIAN_POINT('',(4.705E1,0.E0,0.E0));
#3388=DIRECTION('',(0.E0,0.E0,-1.E0));
#3389=DIRECTION('',(1.E0,0.E0,0.E0));
#3390=AXIS2_PLACEMENT_3D('',#3387,#3388,#3389);
#3393=CURVE_STYLE('',#23,POSITIVE_LENGTH_MEASURE(2.E-2),#1);
#3394=PRESENTATION_STYLE_ASSIGNMENT((#3393));
#3395=STYLED_ITEM('',(#3394),#3392);
#3397=CARTESIAN_POINT('',(4.705E1,0.E0,0.E0));
#3398=DIRECTION('',(0.E0,0.E0,-1.E0));
#3399=DIRECTION('',(-1.E0,0.E0,0.E0));
#3400=AXIS2_PLACEMENT_3D('',#3397,#3398,#3399);
#3403=CURVE_STYLE('',#23,POSITIVE_LENGTH_MEASURE(2.E-2),#1);
#3404=PRESENTATION_STYLE_ASSIGNMENT((#3403));
#3405=STYLED_ITEM('',(#3404),#3402);
#3408=CARTESIAN_POINT('',(-4.705E1,0.E0,0.E0));
#3409=DIRECTION('',(0.E0,0.E0,-1.E0));
#3410=DIRECTION('',(1.E0,0.E0,0.E0));
#3411=AXIS2_PLACEMENT_3D('',#3408,#3409,#3410);
#3414=CURVE_STYLE('',#23,POSITIVE_LENGTH_MEASURE(2.E-2),#1);
#3415=PRESENTATION_STYLE_ASSIGNMENT((#3414));
#3416=STYLED_ITEM('',(#3415),#3413);
#3418=CARTESIAN_POINT('',(-4.705E1,0.E0,0.E0));
#3419=DIRECTION('',(0.E0,0.E0,-1.E0));
#3420=DIRECTION('',(-1.E0,0.E0,0.E0));
#3421=AXIS2_PLACEMENT_3D('',#3418,#3419,#3420);
#3424=CURVE_STYLE('',#23,POSITIVE_LENGTH_MEASURE(2.E-2),#1);
#3425=PRESENTATION_STYLE_ASSIGNMENT((#3424));
#3426=STYLED_ITEM('',(#3425),#3423);
#3429=CARTESIAN_POINT('',(4.355E1,9.814111931571E0,0.E0));
#3430=DIRECTION('',(0.E0,0.E0,-1.E0));
#3431=DIRECTION('',(-4.576337740553E-1,-8.891407812287E-1,0.E0));
#3432=AXIS2_PLACEMENT_3D('',#3429,#3430,#3431);
#3435=CURVE_STYLE('',#23,POSITIVE_LENGTH_MEASURE(2.E-2),#1);
#3436=PRESENTATION_STYLE_ASSIGNMENT((#3435));
#3437=STYLED_ITEM('',(#3436),#3434);
#3439=DIRECTION('',(0.E0,-1.E0,0.E0));
#3440=VECTOR('',#3439,1.977333588338E1);
#3441=CARTESIAN_POINT('',(4.155E1,9.814111931571E0,0.E0));
#3442=LINE('',#3441,#3440);
#3444=CURVE_STYLE('',#23,POSITIVE_LENGTH_MEASURE(2.E-2),#1);
#3445=PRESENTATION_STYLE_ASSIGNMENT((#3444));
#3446=STYLED_ITEM('',(#3445),#3443);
#3448=CARTESIAN_POINT('',(4.355E1,-9.959223951813E0,0.E0));
#3449=DIRECTION('',(0.E0,0.E0,-1.E0));
#3450=DIRECTION('',(-1.E0,0.E0,0.E0));
#3451=AXIS2_PLACEMENT_3D('',#3448,#3449,#3450);
#3454=CURVE_STYLE('',#23,POSITIVE_LENGTH_MEASURE(2.E-2),#1);
#3455=PRESENTATION_STYLE_ASSIGNMENT((#3454));
#3456=STYLED_ITEM('',(#3455),#3453);
#3458=DIRECTION('',(8.849633004841E-1,4.656607743801E-1,0.E0));
#3459=VECTOR('',#3458,9.937095291376E0);
#3460=CARTESIAN_POINT('',(4.261867845124E1,-8.189297350845E0,0.E0));
#3461=LINE('',#3460,#3459);
#3463=CURVE_STYLE('',#23,POSITIVE_LENGTH_MEASURE(2.E-2),#1);
#3464=PRESENTATION_STYLE_ASSIGNMENT((#3463));
#3465=STYLED_ITEM('',(#3464),#3462);
#3467=CARTESIAN_POINT('',(4.955E1,-2.212866043731E-2,0.E0));
#3468=DIRECTION('',(0.E0,0.E0,1.E0));
#3469=DIRECTION('',(4.656607743801E-1,-8.849633004841E-1,0.E0));
#3470=AXIS2_PLACEMENT_3D('',#3467,#3468,#3469);
#3473=CURVE_STYLE('',#23,POSITIVE_LENGTH_MEASURE(2.E-2),#1);
#3474=PRESENTATION_STYLE_ASSIGNMENT((#3473));
#3475=STYLED_ITEM('',(#3474),#3472);
#3477=DIRECTION('',(-8.891407812287E-1,4.576337740553E-1,0.E0));
#3478=VECTOR('',#3477,9.836240592008E0);
#3479=CARTESIAN_POINT('',(5.138053509622E1,3.534434464477E0,0.E0));
#3480=LINE('',#3479,#3478);
#3482=CURVE_STYLE('',#23,POSITIVE_LENGTH_MEASURE(2.E-2),#1);
#3483=PRESENTATION_STYLE_ASSIGNMENT((#3482));
#3484=STYLED_ITEM('',(#3483),#3481);
#3487=DIRECTION('',(-8.891407812287E-1,-4.576337740553E-1,0.E0));
#3488=VECTOR('',#3487,9.836240592008E0);
#3489=CARTESIAN_POINT('',(-4.263473245189E1,8.035830369114E0,0.E0));
#3490=LINE('',#3489,#3488);
#3492=CURVE_STYLE('',#23,POSITIVE_LENGTH_MEASURE(2.E-2),#1);
#3493=PRESENTATION_STYLE_ASSIGNMENT((#3492));
#3494=STYLED_ITEM('',(#3493),#3491);
#3496=CARTESIAN_POINT('',(-4.955E1,-2.212866043731E-2,0.E0));
#3497=DIRECTION('',(0.E0,0.E0,1.E0));
#3498=DIRECTION('',(-4.576337740553E-1,8.891407812287E-1,0.E0));
#3499=AXIS2_PLACEMENT_3D('',#3496,#3497,#3498);
#3502=CURVE_STYLE('',#23,POSITIVE_LENGTH_MEASURE(2.E-2),#1);
#3503=PRESENTATION_STYLE_ASSIGNMENT((#3502));
#3504=STYLED_ITEM('',(#3503),#3501);
#3506=DIRECTION('',(8.849633004841E-1,-4.656607743801E-1,0.E0));
#3507=VECTOR('',#3506,9.937095291376E0);
#3508=CARTESIAN_POINT('',(-5.141264309752E1,-3.561981862374E0,0.E0));
#3509=LINE('',#3508,#3507);
#3511=CURVE_STYLE('',#23,POSITIVE_LENGTH_MEASURE(2.E-2),#1);
#3512=PRESENTATION_STYLE_ASSIGNMENT((#3511));
#3513=STYLED_ITEM('',(#3512),#3510);
#3515=CARTESIAN_POINT('',(-4.355E1,-9.959223951813E0,0.E0));
#3516=DIRECTION('',(0.E0,0.E0,-1.E0));
#3517=DIRECTION('',(4.656607743801E-1,8.849633004841E-1,0.E0));
#3518=AXIS2_PLACEMENT_3D('',#3515,#3516,#3517);
#3521=CURVE_STYLE('',#23,POSITIVE_LENGTH_MEASURE(2.E-2),#1);
#3522=PRESENTATION_STYLE_ASSIGNMENT((#3521));
#3523=STYLED_ITEM('',(#3522),#3520);
#3525=DIRECTION('',(0.E0,1.E0,0.E0));
#3526=VECTOR('',#3525,1.977333588338E1);
#3527=CARTESIAN_POINT('',(-4.155E1,-9.959223951813E0,0.E0));
#3528=LINE('',#3527,#3526);
#3530=CURVE_STYLE('',#23,POSITIVE_LENGTH_MEASURE(2.E-2),#1);
#3531=PRESENTATION_STYLE_ASSIGNMENT((#3530));
#3532=STYLED_ITEM('',(#3531),#3529);
#3534=CARTESIAN_POINT('',(-4.355E1,9.814111931571E0,0.E0));
#3535=DIRECTION('',(0.E0,0.E0,-1.E0));
#3536=DIRECTION('',(1.E0,0.E0,0.E0));
#3537=AXIS2_PLACEMENT_3D('',#3534,#3535,#3536);
#3540=CURVE_STYLE('',#23,POSITIVE_LENGTH_MEASURE(2.E-2),#1);
#3541=PRESENTATION_STYLE_ASSIGNMENT((#3540));
#3542=STYLED_ITEM('',(#3541),#3539);
#3545=CARTESIAN_POINT('',(2.E1,-9.5E0,0.E0));
#3546=DIRECTION('',(0.E0,0.E0,-1.E0));
#3547=DIRECTION('',(-1.E0,0.E0,0.E0));
#3548=AXIS2_PLACEMENT_3D('',#3545,#3546,#3547);
#3551=CURVE_STYLE('',#23,POSITIVE_LENGTH_MEASURE(2.E-2),#1);
#3552=PRESENTATION_STYLE_ASSIGNMENT((#3551));
#3553=STYLED_ITEM('',(#3552),#3550);
#3555=CARTESIAN_POINT('',(2.E1,-9.5E0,0.E0));
#3556=DIRECTION('',(0.E0,0.E0,-1.E0));
#3557=DIRECTION('',(1.E0,0.E0,0.E0));
#3558=AXIS2_PLACEMENT_3D('',#3555,#3556,#3557);
#3561=CURVE_STYLE('',#23,POSITIVE_LENGTH_MEASURE(2.E-2),#1);
#3562=PRESENTATION_STYLE_ASSIGNMENT((#3561));
#3563=STYLED_ITEM('',(#3562),#3560);
#3566=CARTESIAN_POINT('',(-2.E1,-9.5E0,0.E0));
#3567=DIRECTION('',(0.E0,0.E0,-1.E0));
#3568=DIRECTION('',(-1.E0,0.E0,0.E0));
#3569=AXIS2_PLACEMENT_3D('',#3566,#3567,#3568);
#3572=CURVE_STYLE('',#23,POSITIVE_LENGTH_MEASURE(2.E-2),#1);
#3573=PRESENTATION_STYLE_ASSIGNMENT((#3572));
#3574=STYLED_ITEM('',(#3573),#3571);
#3576=CARTESIAN_POINT('',(-2.E1,-9.5E0,0.E0));
#3577=DIRECTION('',(0.E0,0.E0,-1.E0));
#3578=DIRECTION('',(1.E0,0.E0,0.E0));
#3579=AXIS2_PLACEMENT_3D('',#3576,#3577,#3578);
#3582=CURVE_STYLE('',#23,POSITIVE_LENGTH_MEASURE(2.E-2),#1);
#3583=PRESENTATION_STYLE_ASSIGNMENT((#3582));
#3584=STYLED_ITEM('',(#3583),#3581);
#3587=DIRECTION('',(0.E0,0.E0,-1.E0));
#3588=VECTOR('',#3587,2.E0);
#3589=CARTESIAN_POINT('',(2.E1,-9.5E0,2.E0));
#3590=LINE('',#3589,#3588);
#3592=CURVE_STYLE('',#23,POSITIVE_LENGTH_MEASURE(2.E-2),#4);
#3593=PRESENTATION_STYLE_ASSIGNMENT((#3592));
#3594=STYLED_ITEM('',(#3593),#3591);
#3595=DIRECTION('',(0.E0,0.E0,-1.E0));
#3596=VECTOR('',#3595,2.E0);
#3597=CARTESIAN_POINT('',(-2.E1,-9.5E0,2.E0));
#3598=LINE('',#3597,#3596);
#3600=CURVE_STYLE('',#23,POSITIVE_LENGTH_MEASURE(2.E-2),#4);
#3601=PRESENTATION_STYLE_ASSIGNMENT((#3600));
#3602=STYLED_ITEM('',(#3601),#3599);
#3603=PRESENTATION_LAYER_ASSIGNMENT('_26_BEZUGSACHSEN','',(#3330,#3591,#3599));
#3604=PRESENTATION_LAYER_ASSIGNMENT('_27_BEZUGSEBENEN','',(#3308,#3313,#3318));
#3605=PRESENTATION_LAYER_ASSIGNMENT('_29_KOORDINATENSYSTEME','',(#3322));
#3606=PRESENTATION_LAYER_ASSIGNMENT('_00_PRT_START_FEATURES','',(#3308,#3313,
#3318,#3322,#3330));
#3607=PRESENTATION_LAYER_ASSIGNMENT('SHELL','',(#18));
#3608=PRESENTATION_LAYER_ASSIGNMENT('.BLACK_HOLE','',(#3338,#3343,#3348,#3385,
#3407,#3428,#3486,#3544,#3565,#3586));
#3609=PRESENTATION_LAYER_ASSIGNMENT('_21_KURVEN','',(#3385,#3407,#3428,#3486,
#3544,#3565,#3586));
#3610=PRESENTATION_LAYER_ASSIGNMENT('_30_VOLUMEN','',(#3591,#3599));
#3611=INVISIBILITY((#3608));
#3614=PLANE_ANGLE_MEASURE_WITH_UNIT(PLANE_ANGLE_MEASURE(1.745329251994E-2),
#3613);
#3615=(CONVERSION_BASED_UNIT('DEGREE',#3614)NAMED_UNIT(*)PLANE_ANGLE_UNIT());
#3617=UNCERTAINTY_MEASURE_WITH_UNIT(LENGTH_MEASURE(1.E-2),#3612,'closure',
'Maximum model space distance between geometric entities at asserted connectivities');
#3386=GEOMETRIC_CURVE_SET('1055',(#3385,#3407,#3428,#3486,#3544,#3565,#3586));
#3622=CARTESIAN_POINT('',(0.E0,0.E0,0.E0));
#3623=DIRECTION('',(0.E0,0.E0,1.E0));
#3624=DIRECTION('',(1.E0,0.E0,0.E0));
#3627=SHAPE_REPRESENTATION_RELATIONSHIP('','',#3626,#3619);
#3628=SHAPE_REPRESENTATION_RELATIONSHIP('','',#3626,#3620);
#3629=CONSTRUCTIVE_GEOMETRY_REPRESENTATION_RELATIONSHIP('','',#3626,#3621);
#3630=MECHANICAL_DESIGN_GEOMETRIC_PRESENTATION_REPRESENTATION('',(#26,#33,#40,
#48,#55,#62,#69,#76,#83,#90,#97,#104,#111,#118,#125,#133,#140,#147,#154,#161,
#168,#175,#182,#189,#196,#203,#210,#217,#225,#232,#239,#246,#253,#261,#268,#275,
#282,#289,#297,#304,#312,#319,#326,#334,#341,#348,#355,#362,#369,#376,#383,#390,
#397,#404,#411,#418,#425,#432,#439,#446,#453,#460,#467,#474,#481,#488,#495,#502,
#509,#516,#523,#530,#537,#544,#551,#558,#566,#573,#581,#588,#596,#603,#611,#618,
#626,#633,#641,#648,#656,#663,#671,#678,#686,#693,#701,#708,#716,#723,#731,#738,
#745,#752,#759,#766,#773,#780,#788,#796,#804,#812,#819,#826,#833,#840,#847,#854,
#862,#869,#876,#883,#890,#897,#904,#911,#918,#925,#932,#939,#946,#953,#960,#967,
#974,#981,#988,#995,#1002,#1009,#1016,#1023,#1030,#1037,#1044,#1051,#1058,#1066,
#1073,#1080,#1087,#1094,#1101,#1108,#1115,#1122,#1129,#1136,#1143,#1150,#1158,
#1165,#1172,#1179,#1186,#1193,#1200,#1208,#1215,#1222,#1229,#1236,#1243,#1250,
#1257,#1264,#1271,#1278,#1285,#1292,#1299,#1306,#1313,#1320,#1327,#1334,#1341,
#1348,#1355,#1362,#1369,#1376,#1384,#1391,#1398,#1405,#1412,#1419,#1426,#1433,
#1440,#1447,#1454,#1461,#1468,#1475,#1482,#1489,#1496,#1504,#1512,#1520,#1528,
#1535,#1542,#1549,#1556,#1563,#1570,#1577,#1584,#1591,#1598,#1605,#1612,#1619,
#1626,#1633,#1640,#1647,#18,#3325,#3333,#3356,#3365,#3374,#3383,#3395,#3405,
#3416,#3426,#3437,#3446,#3456,#3465,#3475,#3484,#3494,#3504,#3513,#3523,#3532,
#3542,#3553,#3563,#3574,#3584,#3594,#3602),#3618);
#3631=APPLICATION_CONTEXT('automotive design');
#3632=APPLICATION_PROTOCOL_DEFINITION('international standard',
'config_control_design',1994,#3631);
#3633=PRODUCT_DEFINITION_CONTEXT('',#3631,'design');
#3634=PRODUCT_CONTEXT('',#3631,'mechanical');
#3635=PRODUCT('LCD_BOX_16X2','LCD_BOX_16X2','NOT SPECIFIED',(#3634));
#3636=PRODUCT_DEFINITION_FORMATION_WITH_SPECIFIED_SOURCE('4','LAST_VERSION',
#3635,.MADE.);
#3644=DERIVED_UNIT_ELEMENT(#3643,-3.E0);
#3646=DERIVED_UNIT_ELEMENT(#3645,1.E0);
#3647=DERIVED_UNIT((#3644,#3646));
#3648=MEASURE_REPRESENTATION_ITEM('density measure',POSITIVE_RATIO_MEASURE(
7.85E-6),#3647);
#3652=DESCRIPTIVE_REPRESENTATION_ITEM('STAHL_ALLGEMEIN','');
#3661=DERIVED_UNIT_ELEMENT(#3660,2.E0);
#3662=AREA_UNIT((#3661));
#3663=MEASURE_REPRESENTATION_ITEM('surface area measure',AREA_MEASURE(
9.665256137158E3),#3662);
#3668=DERIVED_UNIT_ELEMENT(#3667,3.E0);
#3669=VOLUME_UNIT((#3668));
#3670=MEASURE_REPRESENTATION_ITEM('volume measure',VOLUME_MEASURE(
8.759117325293E3),#3669);
#3674=CARTESIAN_POINT('centre point',(-7.639643719452E-1,-2.045679934593E-1,
-3.487112266643E-1));
#3679=DERIVED_UNIT_ELEMENT(#3678,2.E0);
#3680=AREA_UNIT((#3679));
#3681=MEASURE_REPRESENTATION_ITEM('surface area measure',AREA_MEASURE(
9.665256137158E3),#3680);
#3686=DERIVED_UNIT_ELEMENT(#3685,3.E0);
#3687=VOLUME_UNIT((#3686));
#3688=MEASURE_REPRESENTATION_ITEM('volume measure',VOLUME_MEASURE(
8.759117325293E3),#3687);
#3692=CARTESIAN_POINT('centre point',(-7.639643719452E-1,-2.045679934593E-1,
-3.487112266643E-1));
#3696=PRODUCT_CONTEXT('',#3631,'mechanical');
#3697=PRODUCT('STAHL_ALLGEMEIN','allgemeiner Stahl','NOT SPECIFIED',(#3696));
#3698=PRODUCT_DEFINITION_FORMATION_WITH_SPECIFIED_SOURCE('','LAST_VERSION',
#3697,.MADE.);
#3701=DIMENSIONAL_EXPONENTS(0.E0,0.E0,0.E0,0.E0,0.E0,0.E0,0.E0);
#3702=NAMED_UNIT(#3701);
#3703=MEASURE_WITH_UNIT(COUNT_MEASURE(1.E0),#3702);
#3705=DERIVED_UNIT_ELEMENT(#3704,-3.E0);
#3707=DERIVED_UNIT_ELEMENT(#3706,1.E0);
#3708=DERIVED_UNIT((#3705,#3707));
#3709=MEASURE_REPRESENTATION_ITEM('density measure',POSITIVE_RATIO_MEASURE(
7.85E-6),#3708);
#3714=DRAUGHTING_MODEL('Default',(#3728,#3730,#3732,#3743,#3744),#3618);
#3715=CARTESIAN_POINT('',(0.E0,0.E0,0.E0));
#3716=DIRECTION('',(0.E0,0.E0,1.E0));
#3717=DIRECTION('',(1.E0,0.E0,0.E0));
#3718=AXIS2_PLACEMENT_3D('',#3715,#3716,#3717);
#3719=REPRESENTATION_MAP(#3718,#3626);
#3720=MAPPED_ITEM('',#3719,#3718);
#3721=PRESENTATION_STYLE_ASSIGNMENT((.NULL.));
#3722=STYLED_ITEM('',(#3721),#3720);
#3723=DRAUGHTING_MODEL('',(#3718,#3720,#3722),#3618);
#3724=MECHANICAL_DESIGN_AND_DRAUGHTING_RELATIONSHIP('','',#3714,#3723);
#3725=CARTESIAN_POINT('',(0.E0,0.E0,0.E0));
#3726=DIRECTION('',(0.E0,0.E0,1.E0));
#3727=DIRECTION('',(1.E0,0.E0,0.E0));
#3728=AXIS2_PLACEMENT_3D('',#3725,#3726,#3727);
#3729=REPRESENTATION_MAP(#3728,#3626);
#3730=MAPPED_ITEM('',#3729,#3728);
#3731=PRESENTATION_STYLE_ASSIGNMENT((.NULL.));
#3732=STYLED_ITEM('',(#3731),#3730);
#3733=CARTESIAN_POINT('',(0.E0,0.E0,0.E0));
#3734=CARTESIAN_POINT('',(-7.007530133888E1,-5.643329746565E1,
2.269689171226E2));
#3735=DIRECTION('',(0.E0,0.E0,1.E0));
#3736=DIRECTION('',(1.E0,0.E0,0.E0));
#3737=AXIS2_PLACEMENT_3D('',#3734,#3735,#3736);
#3739=VIEW_VOLUME(.PARALLEL.,#3733,2.269689171226E2,2.269689171226E2,.T.,0.E0,
.F.,.T.,#3738);
#3740=CARTESIAN_POINT('',(2.384223275522E1,1.500526271116E2,1.911175326718E2));
#3741=DIRECTION('',(-3.894183423087E-1,-7.214918620107E-1,-5.725406952575E-1));
#3742=DIRECTION('',(-9.210609940029E-1,3.050418666329E-1,2.420663234065E-1));
#3743=AXIS2_PLACEMENT_3D('',#3740,#3741,#3742);
#3744=CAMERA_MODEL_D3('DEFAULT',#3743,#3739);
#3746=GENERAL_PROPERTY('','CAD_APPROVED_BY','user defined attribute');
#3747=GENERAL_PROPERTY_ASSOCIATION('user defined attribute','',#3746,#3745);
#3748=DESCRIPTIVE_REPRESENTATION_ITEM('CAD_APPROVED_BY','-');
#3752=GENERAL_PROPERTY('','CAD_APPROVED_ON','user defined attribute');
#3753=GENERAL_PROPERTY_ASSOCIATION('user defined attribute','',#3752,#3751);
#3754=DESCRIPTIVE_REPRESENTATION_ITEM('CAD_APPROVED_ON','jjjj-mm-dd');
#3758=GENERAL_PROPERTY('','CAD_CHANGE_NO','user defined attribute');
#3759=GENERAL_PROPERTY_ASSOCIATION('user defined attribute','',#3758,#3757);
#3760=DESCRIPTIVE_REPRESENTATION_ITEM('CAD_CHANGE_NO','-');
#3764=GENERAL_PROPERTY('','CAD_CHANGE_TEXT','user defined attribute');
#3765=GENERAL_PROPERTY_ASSOCIATION('user defined attribute','',#3764,#3763);
#3766=DESCRIPTIVE_REPRESENTATION_ITEM('CAD_CHANGE_TEXT','-');
#3770=GENERAL_PROPERTY('','CAD_CREATED_BY','user defined attribute');
#3771=GENERAL_PROPERTY_ASSOCIATION('user defined attribute','',#3770,#3769);
#3772=DESCRIPTIVE_REPRESENTATION_ITEM('CAD_CREATED_BY','-');
#3776=GENERAL_PROPERTY('','CAD_CREATED_ON','user defined attribute');
#3777=GENERAL_PROPERTY_ASSOCIATION('user defined attribute','',#3776,#3775);
#3778=DESCRIPTIVE_REPRESENTATION_ITEM('CAD_CREATED_ON','jjjj-mm-dd');
#3782=GENERAL_PROPERTY('','CAD_LIFECYCLE_STATE','user defined attribute');
#3783=GENERAL_PROPERTY_ASSOCIATION('user defined attribute','',#3782,#3781);
#3784=DESCRIPTIVE_REPRESENTATION_ITEM('CAD_LIFECYCLE_STATE','-');
#3788=GENERAL_PROPERTY('','CAD_MODIFIED_BY','user defined attribute');
#3789=GENERAL_PROPERTY_ASSOCIATION('user defined attribute','',#3788,#3787);
#3790=DESCRIPTIVE_REPRESENTATION_ITEM('CAD_MODIFIED_BY','-');
#3794=GENERAL_PROPERTY('','CAD_MODIFIED_ON','user defined attribute');
#3795=GENERAL_PROPERTY_ASSOCIATION('user defined attribute','',#3794,#3793);
#3796=DESCRIPTIVE_REPRESENTATION_ITEM('CAD_MODIFIED_ON','jjjj-mm-dd');
#3800=GENERAL_PROPERTY('','CAD_REVISION','user defined attribute');
#3801=GENERAL_PROPERTY_ASSOCIATION('user defined attribute','',#3800,#3799);
#3802=DESCRIPTIVE_REPRESENTATION_ITEM('CAD_REVISION','-');
#3806=GENERAL_PROPERTY('','DEPARTMENT','user defined attribute');
#3807=GENERAL_PROPERTY_ASSOCIATION('user defined attribute','',#3806,#3805);
#3808=DESCRIPTIVE_REPRESENTATION_ITEM('DEPARTMENT','DEV');
#3812=GENERAL_PROPERTY('','DESCRIPTION_1_DE','user defined attribute');
#3813=GENERAL_PROPERTY_ASSOCIATION('user defined attribute','',#3812,#3811);
#3814=DESCRIPTIVE_REPRESENTATION_ITEM('DESCRIPTION_1_DE','-');
#3818=GENERAL_PROPERTY('','DESCRIPTION_1_EN','user defined attribute');
#3819=GENERAL_PROPERTY_ASSOCIATION('user defined attribute','',#3818,#3817);
#3820=DESCRIPTIVE_REPRESENTATION_ITEM('DESCRIPTION_1_EN','-');
#3824=GENERAL_PROPERTY('','DESCRIPTION_2_DE','user defined attribute');
#3825=GENERAL_PROPERTY_ASSOCIATION('user defined attribute','',#3824,#3823);
#3826=DESCRIPTIVE_REPRESENTATION_ITEM('DESCRIPTION_2_DE','-');
#3830=GENERAL_PROPERTY('','DESCRIPTION_2_EN','user defined attribute');
#3831=GENERAL_PROPERTY_ASSOCIATION('user defined attribute','',#3830,#3829);
#3832=DESCRIPTIVE_REPRESENTATION_ITEM('DESCRIPTION_2_EN','-');
#3836=GENERAL_PROPERTY('','DRAWING_NO','user defined attribute');
#3837=GENERAL_PROPERTY_ASSOCIATION('user defined attribute','',#3836,#3835);
#3838=DESCRIPTIVE_REPRESENTATION_ITEM('DRAWING_NO','-');
#3842=GENERAL_PROPERTY('','MC_CHECKTYPE','user defined attribute');
#3843=GENERAL_PROPERTY_ASSOCIATION('user defined attribute','',#3842,#3841);
#3844=DESCRIPTIVE_REPRESENTATION_ITEM('MC_CHECKTYPE','SUT_INT_DE');
#3848=GENERAL_PROPERTY('','COATING','user defined attribute');
#3849=GENERAL_PROPERTY_ASSOCIATION('user defined attribute','',#3848,#3847);
#3850=DESCRIPTIVE_REPRESENTATION_ITEM('COATING','-');
#3854=GENERAL_PROPERTY('','COLORING','user defined attribute');
#3855=GENERAL_PROPERTY_ASSOCIATION('user defined attribute','',#3854,#3853);
#3856=DESCRIPTIVE_REPRESENTATION_ITEM('COLORING','-');
#3860=GENERAL_PROPERTY('','DESC_SEMIFINISHED','user defined attribute');
#3861=GENERAL_PROPERTY_ASSOCIATION('user defined attribute','',#3860,#3859);
#3862=DESCRIPTIVE_REPRESENTATION_ITEM('DESC_SEMIFINISHED','-');
#3866=GENERAL_PROPERTY('','DIMENSION','user defined attribute');
#3867=GENERAL_PROPERTY_ASSOCIATION('user defined attribute','',#3866,#3865);
#3868=DESCRIPTIVE_REPRESENTATION_ITEM('DIMENSION','-');
#3872=GENERAL_PROPERTY('','HARDNESS','user defined attribute');
#3873=GENERAL_PROPERTY_ASSOCIATION('user defined attribute','',#3872,#3871);
#3874=DESCRIPTIVE_REPRESENTATION_ITEM('HARDNESS','-');
#3878=GENERAL_PROPERTY('','MASS','user defined attribute');
#3879=GENERAL_PROPERTY_ASSOCIATION('user defined attribute','',#3878,#3877);
#3880=REAL_REPRESENTATION_ITEM('MASS',6.8E-2);
#3884=GENERAL_PROPERTY('','MATERIAL','user defined attribute');
#3885=GENERAL_PROPERTY_ASSOCIATION('user defined attribute','',#3884,#3883);
#3886=DESCRIPTIVE_REPRESENTATION_ITEM('MATERIAL','Stahl allg.');
#3890=GENERAL_PROPERTY('','PART_NO','user defined attribute');
#3891=GENERAL_PROPERTY_ASSOCIATION('user defined attribute','',#3890,#3889);
#3892=DESCRIPTIVE_REPRESENTATION_ITEM('PART_NO','-');
#3896=GENERAL_PROPERTY('','PART_NO_SEMIFINISHED','user defined attribute');
#3897=GENERAL_PROPERTY_ASSOCIATION('user defined attribute','',#3896,#3895);
#3898=DESCRIPTIVE_REPRESENTATION_ITEM('PART_NO_SEMIFINISHED','-');
#3902=GENERAL_PROPERTY('','STANDARD','user defined attribute');
#3903=GENERAL_PROPERTY_ASSOCIATION('user defined attribute','',#3902,#3901);
#3904=DESCRIPTIVE_REPRESENTATION_ITEM('STANDARD','-');
#3908=GENERAL_PROPERTY('','STANDARD_DIMENSION','user defined attribute');
#3909=GENERAL_PROPERTY_ASSOCIATION('user defined attribute','',#3908,#3907);
#3910=DESCRIPTIVE_REPRESENTATION_ITEM('STANDARD_DIMENSION','DIN EN ISO 14405');
#3914=GENERAL_PROPERTY('','STANDARD_EDGE','user defined attribute');
#3915=GENERAL_PROPERTY_ASSOCIATION('user defined attribute','',#3914,#3913);
#3916=DESCRIPTIVE_REPRESENTATION_ITEM('STANDARD_EDGE','ISO 13715');
#3920=GENERAL_PROPERTY('','STANDARD_INFO_DE','user defined attribute');
#3921=GENERAL_PROPERTY_ASSOCIATION('user defined attribute','',#3920,#3919);
#3922=DESCRIPTIVE_REPRESENTATION_ITEM('STANDARD_INFO_DE','-');
#3926=GENERAL_PROPERTY('','STANDARD_INFO_EN','user defined attribute');
#3927=GENERAL_PROPERTY_ASSOCIATION('user defined attribute','',#3926,#3925);
#3928=DESCRIPTIVE_REPRESENTATION_ITEM('STANDARD_INFO_EN','-');
#3932=GENERAL_PROPERTY('','STANDARD_SURFACE','user defined attribute');
#3933=GENERAL_PROPERTY_ASSOCIATION('user defined attribute','',#3932,#3931);
#3934=DESCRIPTIVE_REPRESENTATION_ITEM('STANDARD_SURFACE','ISO 1302');
#3938=GENERAL_PROPERTY('','STANDARD_TOL_CLASS','user defined attribute');
#3939=GENERAL_PROPERTY_ASSOCIATION('user defined attribute','',#3938,#3937);
#3940=DESCRIPTIVE_REPRESENTATION_ITEM('STANDARD_TOL_CLASS','ISO 2768-mK');
#3944=GENERAL_PROPERTY('','SUPPLIER','user defined attribute');
#3945=GENERAL_PROPERTY_ASSOCIATION('user defined attribute','',#3944,#3943);
#3946=DESCRIPTIVE_REPRESENTATION_ITEM('SUPPLIER','-');
#3950=GENERAL_PROPERTY('','CLASSIFICATION','user defined attribute');
#3951=GENERAL_PROPERTY_ASSOCIATION('user defined attribute','',#3950,#3949);
#3952=DESCRIPTIVE_REPRESENTATION_ITEM('CLASSIFICATION','FERTIGUNG');
#3956=GENERAL_PROPERTY('','CATEGORY','user defined attribute');
#3957=GENERAL_PROPERTY_ASSOCIATION('user defined attribute','',#3956,#3955);
#3958=INTEGER_REPRESENTATION_ITEM('CATEGORY',1);
#3962=GENERAL_PROPERTY('','PROJECT','user defined attribute');
#3963=GENERAL_PROPERTY_ASSOCIATION('user defined attribute','',#3962,#3961);
#3964=DESCRIPTIVE_REPRESENTATION_ITEM('PROJECT','-');
#3968=GENERAL_PROPERTY('','PROJECT_NO','user defined attribute');
#3969=GENERAL_PROPERTY_ASSOCIATION('user defined attribute','',#3968,#3967);
#3970=DESCRIPTIVE_REPRESENTATION_ITEM('PROJECT_NO','-');
#3974=GENERAL_PROPERTY('','ORDER_CODE','user defined attribute');
#3975=GENERAL_PROPERTY_ASSOCIATION('user defined attribute','',#3974,#3973);
#3976=DESCRIPTIVE_REPRESENTATION_ITEM('ORDER_CODE','-');
#3980=GENERAL_PROPERTY('','STANDARD_WELDING','user defined attribute');
#3981=GENERAL_PROPERTY_ASSOCIATION('user defined attribute','',#3980,#3979);
#3982=DESCRIPTIVE_REPRESENTATION_ITEM('STANDARD_WELDING','ISO 9692');
#3986=GENERAL_PROPERTY('','CUSTOMER','user defined attribute');
#3987=GENERAL_PROPERTY_ASSOCIATION('user defined attribute','',#3986,#3985);
#3988=DESCRIPTIVE_REPRESENTATION_ITEM('CUSTOMER','-');
#3992=GENERAL_PROPERTY('','HEAT_TREATMENT','user defined attribute');
#3993=GENERAL_PROPERTY_ASSOCIATION('user defined attribute','',#3992,#3991);
#3994=DESCRIPTIVE_REPRESENTATION_ITEM('HEAT_TREATMENT','-');
#3998=GENERAL_PROPERTY('','PTC_VAL_IMP_PART_STATUS','user defined attribute');
#3999=GENERAL_PROPERTY_ASSOCIATION('user defined attribute','',#3998,#3997);
#4000=DESCRIPTIVE_REPRESENTATION_ITEM('PTC_VAL_IMP_PART_STATUS','OK');
#4004=GENERAL_PROPERTY('','PTC_VAL_IMP_SCORE','user defined attribute');
#4005=GENERAL_PROPERTY_ASSOCIATION('user defined attribute','',#4004,#4003);
#4006=DESCRIPTIVE_REPRESENTATION_ITEM('PTC_VAL_IMP_SCORE','PASS');
#4010=GENERAL_PROPERTY('','PTC_MP_VAL_IMP_VOLUME','user defined attribute');
#4011=GENERAL_PROPERTY_ASSOCIATION('user defined attribute','',#4010,#4009);
#4013=DERIVED_UNIT_ELEMENT(#4012,3.E0);
#4014=VOLUME_UNIT((#4013));
#4015=MEASURE_REPRESENTATION_ITEM('PTC_MP_VAL_IMP_VOLUME',VOLUME_MEASURE(
8.929080670096E3),#4014);
#4019=GENERAL_PROPERTY('','PTC_MP_VAL_IMP_AREA','user defined attribute');
#4020=GENERAL_PROPERTY_ASSOCIATION('user defined attribute','',#4019,#4018);
#4022=DERIVED_UNIT_ELEMENT(#4021,2.E0);
#4023=AREA_UNIT((#4022));
#4024=MEASURE_REPRESENTATION_ITEM('PTC_MP_VAL_IMP_AREA',AREA_MEASURE(
9.700661886359E3),#4023);
#4028=GENERAL_PROPERTY('','PTC_MP_VAL_IMP_COGX','user defined attribute');
#4029=GENERAL_PROPERTY_ASSOCIATION('user defined attribute','',#4028,#4027);
#4031=MEASURE_REPRESENTATION_ITEM('PTC_MP_VAL_IMP_COGX',LENGTH_MEASURE(
-1.930191107587E-1),#4030);
#4035=GENERAL_PROPERTY('','PTC_MP_VAL_IMP_COGY','user defined attribute');
#4036=GENERAL_PROPERTY_ASSOCIATION('user defined attribute','',#4035,#4034);
#4038=MEASURE_REPRESENTATION_ITEM('PTC_MP_VAL_IMP_COGY',LENGTH_MEASURE(
-3.264233377757E-2),#4037);
#4042=GENERAL_PROPERTY('','PTC_MP_VAL_IMP_COGZ','user defined attribute');
#4043=GENERAL_PROPERTY_ASSOCIATION('user defined attribute','',#4042,#4041);
#4045=MEASURE_REPRESENTATION_ITEM('PTC_MP_VAL_IMP_COGZ',LENGTH_MEASURE(
-4.356834514164E-1),#4044);
#4049=GENERAL_PROPERTY('','CAD_SYSTEM','user defined attribute');
#4050=GENERAL_PROPERTY_ASSOCIATION('user defined attribute','',#4049,#4048);
#4051=DESCRIPTIVE_REPRESENTATION_ITEM('CAD_SYSTEM','SOLIDWORKS_PART');
#4055=GENERAL_PROPERTY('','DEX_MASTER','user defined attribute');
#4056=GENERAL_PROPERTY_ASSOCIATION('user defined attribute','',#4055,#4054);
#4057=DESCRIPTIVE_REPRESENTATION_ITEM('DEX_MASTER','LCD box bottom');
#4061=GENERAL_PROPERTY('','MODEL_VERSION','user defined attribute');
#4062=GENERAL_PROPERTY_ASSOCIATION('user defined attribute','',#4061,#4060);
#4063=DESCRIPTIVE_REPRESENTATION_ITEM('MODEL_VERSION','N/A');
#4067=GENERAL_PROPERTY('','MODEL_DATE','user defined attribute');
#4068=GENERAL_PROPERTY_ASSOCIATION('user defined attribute','',#4067,#4066);
#4069=DESCRIPTIVE_REPRESENTATION_ITEM('MODEL_DATE','05/12/2026 13:54:14');
#4073=GENERAL_PROPERTY('','TIM_STATUS','user defined attribute');
#4074=GENERAL_PROPERTY_ASSOCIATION('user defined attribute','',#4073,#4072);
#4075=DESCRIPTIVE_REPRESENTATION_ITEM('TIM_STATUS','Aktuell');
#4079=GENERAL_PROPERTY('','REF_LINK','user defined attribute');
#4080=GENERAL_PROPERTY_ASSOCIATION('user defined attribute','',#4079,#4078);
#4081=DESCRIPTIVE_REPRESENTATION_ITEM('REF_LINK',
'C:\\Users\\ma871yig\\Downloads\\LCD box bottom.sldprt');
#4085=GENERAL_PROPERTY('','NATIVE_NAME','user defined attribute');
#4086=GENERAL_PROPERTY_ASSOCIATION('user defined attribute','',#4085,#4084);
#4087=DESCRIPTIVE_REPRESENTATION_ITEM('NATIVE_NAME','LCD box bottom');
#4091=GENERAL_PROPERTY('','PTC_COMMON_NAME','user defined attribute');
#4092=GENERAL_PROPERTY_ASSOCIATION('user defined attribute','',#4091,#4090);
#4093=DESCRIPTIVE_REPRESENTATION_ITEM('PTC_COMMON_NAME','lcd_box_16x2.prt');
#4097=GENERAL_PROPERTY('','PTC_MASTER_MATERIAL','user defined attribute');
#4098=GENERAL_PROPERTY_ASSOCIATION('user defined attribute','',#4097,#4096);
#4099=DESCRIPTIVE_REPRESENTATION_ITEM('PTC_MASTER_MATERIAL','STAHL_ALLGEMEIN');
#1=COLOUR_RGB('',0.E0,7.450980392157E-1,9.215686274510E-1);
#2=DRAUGHTING_PRE_DEFINED_COLOUR('green');
#3=COLOUR_RGB('',1.1E-2,1.2E-2,1.E0);
#4=COLOUR_RGB('',2.156862745098E-1,0.E0,3.725490196078E-1);
#5=COLOUR_RGB('',4.1E-1,2.61589E-1,1.12848E-1);
#6=COLOUR_RGB('',4.705882352941E-1,3.137254901961E-1,3.333333333333E-1);
#7=COLOUR_RGB('',5.04854E-1,1.5455E-2,1.5455E-2);
#8=COLOUR_RGB('',6.35294E-1,6.86275E-1,7.4902E-1);
#9=COLOUR_RGB('',6.40777E-1,6.40777E-1,6.40777E-1);
#10=COLOUR_RGB('',6.69062E-1,6.69903E-1,6.55217E-1);
#11=COLOUR_RGB('',7.921568627451E-1,8.196078431373E-1,9.333333333333E-1);
#12=COLOUR_RGB('',9.21569E-1,7.05882E-1,4.70588E-1);
#13=DRAUGHTING_PRE_DEFINED_COLOUR('red');
#14=DRAUGHTING_PRE_DEFINED_COLOUR('yellow');
#15=COLOUR_RGB('',1.E0,1.E0,5.3E-1);
#16=COLOUR_RGB('',1.E0,1.E0,9.49E-1);
#17=DRAUGHTING_PRE_DEFINED_COLOUR('white');
#45=CIRCLE('771',#44,5.E-1);
#130=CIRCLE('981',#129,5.E-1);
#222=CIRCLE('984',#221,5.E-1);
#258=CIRCLE('982',#257,5.E-1);
#294=CIRCLE('980',#293,5.E-1);
#309=CIRCLE('772',#308,5.E-1);
#331=CIRCLE('983',#330,5.E-1);
#563=CIRCLE('863',#562,2.8E0);
#578=CIRCLE('965',#577,5.E-1);
#593=CIRCLE('964',#592,5.E-1);
#608=CIRCLE('870',#607,2.8E0);
#623=CIRCLE('963',#622,5.E-1);
#638=CIRCLE('962',#637,5.E-1);
#653=CIRCLE('887',#652,2.8E0);
#668=CIRCLE('961',#667,5.E-1);
#683=CIRCLE('959',#682,5.E-1);
#698=CIRCLE('844',#697,2.8E0);
#713=CIRCLE('960',#712,5.E-1);
#728=CIRCLE('966',#727,5.E-1);
#785=CIRCLE('1271',#784,1.75E0);
#793=CIRCLE('1272',#792,1.75E0);
#801=CIRCLE('1273',#800,1.75E0);
#809=CIRCLE('1274',#808,1.75E0);
#859=CIRCLE('868',#858,2.8E0);
#1063=CIRCLE('875',#1062,2.8E0);
#1155=CIRCLE('1090',#1154,5.E-1);
#1205=CIRCLE('1087',#1204,2.8E0);
#1381=CIRCLE('849',#1380,2.8E0);
#1501=CIRCLE('1275',#1500,1.75E0);
#1509=CIRCLE('1276',#1508,1.75E0);
#1517=CIRCLE('1277',#1516,1.75E0);
#1525=CIRCLE('1278',#1524,1.75E0);
#1951=EDGE_CURVE('792',#1681,#1693,#22,.T.);
#1953=EDGE_CURVE('914',#1657,#1681,#30,.T.);
#1955=EDGE_CURVE('773',#1651,#1657,#37,.T.);
#1957=EDGE_CURVE('771',#1650,#1651,#45,.T.);
#1959=EDGE_CURVE('897',#1693,#1650,#52,.T.);
#1963=ADVANCED_FACE('985',(#1962),#1950,.T.);
#1969=EDGE_CURVE('795',#1703,#1689,#59,.T.);
#1971=EDGE_CURVE('899',#1721,#1703,#66,.T.);
#1973=EDGE_CURVE('802',#1677,#1721,#73,.T.);
#1975=EDGE_CURVE('917',#1744,#1677,#80,.T.);
#1977=EDGE_CURVE('834',#1757,#1744,#87,.T.);
#1979=EDGE_CURVE('953',#1740,#1757,#94,.T.);
#1981=EDGE_CURVE('833',#1749,#1740,#101,.T.);
#1983=EDGE_CURVE('916',#1689,#1749,#108,.T.);
#1987=ADVANCED_FACE('985',(#1986),#1968,.T.);
#1993=EDGE_CURVE('793',#1696,#1697,#115,.T.);
#1995=EDGE_CURVE('900',#1873,#1696,#122,.T.);
#1997=EDGE_CURVE('981',#1819,#1873,#130,.T.);
#1999=EDGE_CURVE('865',#1813,#1819,#137,.T.);
#2001=EDGE_CURVE('907',#1697,#1813,#144,.T.);
#2005=ADVANCED_FACE('985',(#2004),#1992,.T.);
#2011=EDGE_CURVE('794',#1700,#1701,#151,.T.);
#2013=EDGE_CURVE('912',#1773,#1700,#158,.T.);
#2015=EDGE_CURVE('841',#1761,#1773,#165,.T.);
#2017=EDGE_CURVE('943',#1775,#1761,#172,.T.);
#2019=EDGE_CURVE('840',#1765,#1775,#179,.T.);
#2021=EDGE_CURVE('911',#1687,#1765,#186,.T.);
#2023=EDGE_CURVE('789',#1686,#1687,#193,.T.);
#2025=EDGE_CURVE('903',#1701,#1686,#200,.T.);
#2029=ADVANCED_FACE('985',(#2028),#2010,.T.);
#2035=EDGE_CURVE('804',#1727,#1717,#207,.T.);
#2037=EDGE_CURVE('895',#1865,#1727,#214,.T.);
#2039=EDGE_CURVE('984',#1855,#1865,#222,.T.);
#2041=EDGE_CURVE('889',#1663,#1855,#229,.T.);
#2043=EDGE_CURVE('913',#1717,#1663,#236,.T.);
#2047=ADVANCED_FACE('985',(#2046),#2034,.T.);
#2053=EDGE_CURVE('803',#1724,#1725,#243,.T.);
#2055=EDGE_CURVE('909',#1724,#1835,#478,.T.);
#2057=EDGE_CURVE('882',#1845,#1835,#250,.T.);
#2059=EDGE_CURVE('982',#1875,#1845,#258,.T.);
#2061=EDGE_CURVE('901',#1725,#1875,#265,.T.);
#2065=ADVANCED_FACE('985',(#2064),#2052,.T.);
#2071=EDGE_CURVE('774',#1659,#1654,#272,.T.);
#2073=EDGE_CURVE('910',#1805,#1659,#279,.T.);
#2075=EDGE_CURVE('869',#1821,#1805,#286,.T.);
#2077=EDGE_CURVE('980',#1863,#1821,#294,.T.);
#2079=EDGE_CURVE('894',#1655,#1863,#301,.T.);
#2081=EDGE_CURVE('772',#1654,#1655,#309,.T.);
#2085=ADVANCED_FACE('985',(#2084),#2070,.T.);
#2091=EDGE_CURVE('784',#1673,#1669,#316,.T.);
#2093=EDGE_CURVE('898',#1871,#1673,#323,.T.);
#2095=EDGE_CURVE('983',#1847,#1871,#331,.T.);
#2097=EDGE_CURVE('883',#1841,#1847,#338,.T.);
#2099=EDGE_CURVE('906',#1669,#1841,#345,.T.);
#2103=ADVANCED_FACE('985',(#2102),#2090,.T.);
#2109=EDGE_CURVE('823',#1693,#1691,#394,.T.);
#2111=EDGE_CURVE('791',#1691,#1680,#992,.T.);
#2113=EDGE_CURVE('787',#1680,#1681,#978,.T.);
#2118=ADVANCED_FACE('997',(#2117),#2108,.F.);
#2125=EDGE_CURVE('825',#1697,#1713,#541,.T.);
#2127=EDGE_CURVE('798',#1712,#1713,#352,.T.);
#2129=EDGE_CURVE('824',#1712,#1696,#1006,.T.);
#2133=ADVANCED_FACE('997',(#2132),#2123,.F.);
#2140=EDGE_CURVE('811',#1733,#1727,#359,.T.);
#2142=EDGE_CURVE('808',#1719,#1733,#366,.T.);
#2144=EDGE_CURVE('814',#1721,#1719,#373,.T.);
#2147=EDGE_CURVE('820',#1709,#1703,#380,.T.);
#2149=EDGE_CURVE('817',#1691,#1709,#387,.T.);
#2153=EDGE_CURVE('975',#1650,#1882,#1409,.T.);
#2155=EDGE_CURVE('904',#1882,#1883,#675,.T.);
#2157=EDGE_CURVE('976',#1883,#1865,#1190,.T.);
#2161=ADVANCED_FACE('996',(#2160),#2138,.T.);
#2167=EDGE_CURVE('805',#1730,#1731,#401,.T.);
#2169=EDGE_CURVE('813',#1730,#1724,#485,.T.);
#2172=EDGE_CURVE('812',#1725,#1731,#1041,.T.);
#2176=ADVANCED_FACE('1028',(#2175),#2166,.F.);
#2184=EDGE_CURVE('800',#1717,#1715,#943,.T.);
#2186=EDGE_CURVE('806',#1715,#1733,#408,.T.);
#2190=ADVANCED_FACE('1028',(#2189),#2181,.F.);
#2196=EDGE_CURVE('807',#1736,#1737,#422,.T.);
#2198=EDGE_CURVE('810',#1737,#1730,#492,.T.);
#2201=EDGE_CURVE('809',#1731,#1736,#1034,.T.);
#2205=ADVANCED_FACE('1029',(#2204),#2195,.F.);
#2213=EDGE_CURVE('799',#1715,#1676,#936,.T.);
#2215=EDGE_CURVE('801',#1719,#1676,#415,.T.);
#2219=ADVANCED_FACE('1029',(#2218),#2210,.F.);
#2226=EDGE_CURVE('816',#1687,#1737,#499,.T.);
#2229=EDGE_CURVE('815',#1736,#1686,#1027,.T.);
#2233=ADVANCED_FACE('1030',(#2232),#2224,.F.);
#2241=EDGE_CURVE('786',#1676,#1677,#929,.T.);
#2246=ADVANCED_FACE('1030',(#2245),#2238,.F.);
#2253=EDGE_CURVE('861',#1812,#1813,#429,.T.);
#2255=EDGE_CURVE('866',#1817,#1812,#436,.T.);
#2257=EDGE_CURVE('921',#1891,#1817,#443,.T.);
#2259=EDGE_CURVE('918',#1878,#1891,#450,.T.);
#2261=EDGE_CURVE('922',#1843,#1878,#457,.T.);
#2263=EDGE_CURVE('881',#1832,#1843,#464,.T.);
#2265=EDGE_CURVE('874',#1835,#1832,#471,.T.);
#2272=EDGE_CURVE('836',#1764,#1765,#506,.T.);
#2274=EDGE_CURVE('837',#1767,#1764,#513,.T.);
#2276=EDGE_CURVE('839',#1773,#1767,#520,.T.);
#2279=EDGE_CURVE('822',#1706,#1700,#527,.T.);
#2281=EDGE_CURVE('819',#1713,#1706,#534,.T.);
#2286=ADVANCED_FACE('1027',(#2285),#2251,.F.);
#2292=EDGE_CURVE('860',#1808,#1809,#570,.T.);
#2294=EDGE_CURVE('862',#1809,#1815,#866,.T.);
#2296=EDGE_CURVE('867',#1812,#1815,#548,.T.);
#2300=EDGE_CURVE('969',#1819,#1808,#1282,.T.);
#2304=ADVANCED_FACE('1013',(#2303),#2291,.F.);
#2310=EDGE_CURVE('857',#1799,#1801,#555,.T.);
#2312=EDGE_CURVE('863',#1809,#1799,#563,.T.);
#2315=EDGE_CURVE('965',#1869,#1808,#578,.T.);
#2317=EDGE_CURVE('896',#1868,#1869,#585,.T.);
#2319=EDGE_CURVE('964',#1827,#1868,#593,.T.);
#2321=EDGE_CURVE('871',#1825,#1827,#600,.T.);
#2323=EDGE_CURVE('870',#1824,#1825,#608,.T.);
#2325=EDGE_CURVE('872',#1829,#1824,#615,.T.);
#2327=EDGE_CURVE('963',#1887,#1829,#623,.T.);
#2329=EDGE_CURVE('905',#1886,#1887,#630,.T.);
#2331=EDGE_CURVE('962',#1909,#1886,#638,.T.);
#2333=EDGE_CURVE('935',#1853,#1909,#645,.T.);
#2335=EDGE_CURVE('887',#1851,#1853,#653,.T.);
#2337=EDGE_CURVE('885',#1850,#1851,#660,.T.);
#2339=EDGE_CURVE('961',#1883,#1850,#668,.T.);
#2342=EDGE_CURVE('959',#1783,#1882,#683,.T.);
#2344=EDGE_CURVE('845',#1781,#1783,#690,.T.);
#2346=EDGE_CURVE('844',#1780,#1781,#698,.T.);
#2348=EDGE_CURVE('846',#1785,#1780,#705,.T.);
#2350=EDGE_CURVE('960',#1861,#1785,#713,.T.);
#2352=EDGE_CURVE('893',#1860,#1861,#720,.T.);
#2354=EDGE_CURVE('966',#1801,#1860,#728,.T.);
#2358=EDGE_CURVE('1271',#1932,#1933,#785,.T.);
#2360=EDGE_CURVE('1272',#1933,#1932,#793,.T.);
#2364=EDGE_CURVE('1273',#1936,#1937,#801,.T.);
#2366=EDGE_CURVE('1274',#1937,#1936,#809,.T.);
#2370=ADVANCED_FACE('992',(#2357,#2363,#2369),#2309,.F.);
#2376=EDGE_CURVE('923',#1894,#1895,#735,.T.);
#2378=EDGE_CURVE('930',#1907,#1894,#742,.T.);
#2380=EDGE_CURVE('931',#1903,#1907,#749,.T.);
#2382=EDGE_CURVE('926',#1895,#1903,#756,.T.);
#2386=EDGE_CURVE('902',#1878,#1879,#763,.T.);
#2389=EDGE_CURVE('919',#1889,#1891,#770,.T.);
#2391=EDGE_CURVE('908',#1879,#1889,#777,.T.);
#2395=ADVANCED_FACE('992',(#2385,#2394),#2375,.F.);
#2402=EDGE_CURVE('859',#1805,#1803,#830,.T.);
#2404=EDGE_CURVE('858',#1798,#1803,#816,.T.);
#2406=EDGE_CURVE('856',#1798,#1799,#873,.T.);
#2409=EDGE_CURVE('958',#1801,#1821,#1437,.T.);
#2413=ADVANCED_FACE('1033',(#2412),#2400,.F.);
#2421=EDGE_CURVE('864',#1803,#1817,#823,.T.);
#2425=EDGE_CURVE('853',#1793,#1659,#837,.T.);
#2427=EDGE_CURVE('854',#1795,#1793,#844,.T.);
#2429=EDGE_CURVE('920',#1889,#1795,#851,.T.);
#2433=ADVANCED_FACE('1016',(#2432),#2418,.F.);
#2443=EDGE_CURVE('868',#1798,#1815,#859,.T.);
#2447=ADVANCED_FACE('1032',(#2446),#2438,.T.);
#2459=ADVANCED_FACE('1014',(#2458),#2452,.T.);
#2466=EDGE_CURVE('851',#1780,#1791,#880,.T.);
#2468=EDGE_CURVE('852',#1791,#1793,#1395,.T.);
#2472=EDGE_CURVE('978',#1654,#1785,#1416,.T.);
#2476=ADVANCED_FACE('993',(#2475),#2464,.T.);
#2484=EDGE_CURVE('850',#1789,#1781,#887,.T.);
#2486=EDGE_CURVE('849',#1789,#1791,#1381,.T.);
#2490=ADVANCED_FACE('994',(#2489),#2481,.T.);
#2497=EDGE_CURVE('848',#1657,#1788,#971,.T.);
#2499=EDGE_CURVE('847',#1788,#1789,#1388,.T.);
#2503=EDGE_CURVE('979',#1783,#1651,#1402,.T.);
#2507=ADVANCED_FACE('995',(#2506),#2495,.T.);
#2513=EDGE_CURVE('788',#1683,#1680,#894,.T.);
#2515=EDGE_CURVE('790',#1689,#1683,#901,.T.);
#2518=EDGE_CURVE('828',#1748,#1749,#908,.T.);
#2520=EDGE_CURVE('830',#1745,#1748,#915,.T.);
#2522=EDGE_CURVE('827',#1744,#1745,#922,.T.);
#2529=EDGE_CURVE('778',#1662,#1663,#950,.T.);
#2531=EDGE_CURVE('890',#1857,#1662,#957,.T.);
#2533=EDGE_CURVE('915',#1857,#1879,#1119,.T.);
#2537=EDGE_CURVE('855',#1788,#1795,#964,.T.);
#2544=ADVANCED_FACE('998',(#2543),#2512,.F.);
#2551=EDGE_CURVE('797',#1683,#1709,#985,.T.);
#2557=ADVANCED_FACE('999',(#2556),#2549,.F.);
#2565=EDGE_CURVE('796',#1706,#1707,#999,.T.);
#2567=EDGE_CURVE('818',#1707,#1712,#1013,.T.);
#2571=ADVANCED_FACE('999',(#2570),#2562,.F.);
#2580=EDGE_CURVE('821',#1701,#1707,#1020,.T.);
#2584=ADVANCED_FACE('1031',(#2583),#2576,.F.);
#2596=ADVANCED_FACE('1031',(#2595),#2589,.F.);
#2611=EDGE_CURVE('967',#1875,#1868,#1055,.T.);
#2614=EDGE_CURVE('968',#1869,#1873,#1275,.T.);
#2618=ADVANCED_FACE('1011',(#2617),#2601,.T.);
#2625=EDGE_CURVE('970',#1827,#1845,#1048,.T.);
#2631=ADVANCED_FACE('1010',(#2630),#2623,.F.);
#2639=EDGE_CURVE('873',#1832,#1833,#1070,.T.);
#2641=EDGE_CURVE('876',#1833,#1825,#1091,.T.);
#2647=ADVANCED_FACE('1009',(#2646),#2636,.T.);
#2653=EDGE_CURVE('875',#1833,#1837,#1063,.T.);
#2657=EDGE_CURVE('880',#1843,#1839,#1112,.T.);
#2659=EDGE_CURVE('878',#1837,#1839,#1077,.T.);
#2663=ADVANCED_FACE('1034',(#2662),#2652,.T.);
#2669=EDGE_CURVE('877',#1824,#1837,#1084,.T.);
#2676=ADVANCED_FACE('1008',(#2675),#2668,.T.);
#2685=EDGE_CURVE('879',#1839,#1841,#1105,.T.);
#2688=EDGE_CURVE('971',#1847,#1829,#1261,.T.);
#2692=ADVANCED_FACE('1007',(#2691),#2681,.T.);
#2698=EDGE_CURVE('1097',#1666,#1925,#1140,.T.);
#2700=EDGE_CURVE('782',#1669,#1666,#1098,.T.);
#2708=EDGE_CURVE('1093',#1924,#1857,#1126,.T.);
#2710=EDGE_CURVE('1085',#1924,#1925,#1133,.T.);
#2714=ADVANCED_FACE('989',(#2713),#2697,.F.);
#2721=EDGE_CURVE('1096',#1929,#1925,#1147,.T.);
#2723=EDGE_CURVE('1087',#1929,#1921,#1205,.T.);
#2725=EDGE_CURVE('1083',#1920,#1921,#1226,.T.);
#2727=EDGE_CURVE('1090',#1671,#1920,#1155,.T.);
#2729=EDGE_CURVE('783',#1671,#1667,#1254,.T.);
#2731=EDGE_CURVE('781',#1666,#1667,#1162,.T.);
#2735=ADVANCED_FACE('988',(#2734),#2719,.F.);
#2742=EDGE_CURVE('1088',#1924,#1928,#1169,.T.);
#2744=EDGE_CURVE('1086',#1928,#1929,#1176,.T.);
#2749=ADVANCED_FACE('1078',(#2748),#2740,.F.);
#2758=EDGE_CURVE('1094',#1662,#1928,#1183,.T.);
#2762=ADVANCED_FACE('1018',(#2761),#2754,.T.);
#2772=EDGE_CURVE('977',#1855,#1850,#1197,.T.);
#2775=EDGE_CURVE('1092',#1851,#1929,#1212,.T.);
#2779=ADVANCED_FACE('1001',(#2778),#2767,.F.);
#2791=ADVANCED_FACE('1000',(#2790),#2784,.F.);
#2800=EDGE_CURVE('1091',#1921,#1853,#1219,.T.);
#2804=ADVANCED_FACE('1002',(#2803),#2796,.T.);
#2813=EDGE_CURVE('1095',#1909,#1920,#1233,.T.);
#2817=ADVANCED_FACE('987',(#2816),#2809,.F.);
#2826=EDGE_CURVE('972',#1671,#1886,#1240,.T.);
#2830=ADVANCED_FACE('1003',(#2829),#2822,.F.);
#2837=EDGE_CURVE('785',#1667,#1673,#1247,.T.);
#2842=EDGE_CURVE('973',#1887,#1871,#1268,.T.);
#2846=ADVANCED_FACE('1004',(#2845),#2835,.T.);
#2858=ADVANCED_FACE('1005',(#2857),#2851,.F.);
#2870=ADVANCED_FACE('1006',(#2869),#2863,.F.);
#2882=ADVANCED_FACE('1012',(#2881),#2875,.F.);
#2888=EDGE_CURVE('832',#1748,#1755,#1289,.T.);
#2892=EDGE_CURVE('944',#1755,#1740,#1296,.T.);
#2896=ADVANCED_FACE('1019',(#2895),#2887,.T.);
#2902=EDGE_CURVE('831',#1753,#1745,#1310,.T.);
#2906=EDGE_CURVE('951',#1753,#1755,#1303,.T.);
#2910=ADVANCED_FACE('1020',(#2909),#2901,.T.);
#2919=EDGE_CURVE('952',#1757,#1753,#1317,.T.);
#2923=ADVANCED_FACE('1024',(#2922),#2915,.T.);
#2929=EDGE_CURVE('955',#1757,#1915,#1324,.T.);
#2932=EDGE_CURVE('829',#1752,#1753,#1331,.T.);
#2934=EDGE_CURVE('948',#1752,#1915,#1352,.T.);
#2938=ADVANCED_FACE('1025',(#2937),#2928,.T.);
#2945=EDGE_CURVE('947',#1915,#1741,#1345,.T.);
#2947=EDGE_CURVE('826',#1740,#1741,#1338,.T.);
#2952=ADVANCED_FACE('1023',(#2951),#2943,.T.);
#2960=EDGE_CURVE('949',#1917,#1752,#1359,.T.);
#2962=EDGE_CURVE('950',#1741,#1917,#1366,.T.);
#2966=ADVANCED_FACE('1026',(#2965),#2957,.F.);
#2974=EDGE_CURVE('954',#1917,#1755,#1373,.T.);
#2979=ADVANCED_FACE('1021',(#2978),#2971,.T.);
#2991=ADVANCED_FACE('1022',(#2990),#2984,.T.);
#3004=ADVANCED_FACE('1017',(#3003),#2996,.T.);
#3016=ADVANCED_FACE('986',(#3015),#3009,.F.);
#3025=EDGE_CURVE('956',#1861,#1655,#1423,.T.);
#3029=ADVANCED_FACE('991',(#3028),#3021,.F.);
#3038=EDGE_CURVE('957',#1863,#1860,#1430,.T.);
#3042=ADVANCED_FACE('990',(#3041),#3034,.T.);
#3054=ADVANCED_FACE('1015',(#3053),#3047,.F.);
#3061=EDGE_CURVE('929',#1899,#1895,#1444,.T.);
#3063=EDGE_CURVE('924',#1898,#1899,#1451,.T.);
#3065=EDGE_CURVE('934',#1894,#1898,#1458,.T.);
#3069=ADVANCED_FACE('1040',(#3068),#3059,.F.);
#3076=EDGE_CURVE('932',#1903,#1905,#1479,.T.);
#3078=EDGE_CURVE('928',#1899,#1905,#1465,.T.);
#3083=ADVANCED_FACE('1043',(#3082),#3074,.F.);
#3090=EDGE_CURVE('933',#1907,#1901,#1493,.T.);
#3092=EDGE_CURVE('927',#1905,#1901,#1472,.T.);
#3097=ADVANCED_FACE('1042',(#3096),#3088,.F.);
#3105=EDGE_CURVE('925',#1901,#1898,#1486,.T.);
#3110=ADVANCED_FACE('1041',(#3109),#3102,.F.);
#3122=EDGE_CURVE('1275',#1940,#1941,#1501,.T.);
#3124=EDGE_CURVE('1276',#1941,#1940,#1509,.T.);
#3128=EDGE_CURVE('1277',#1944,#1945,#1517,.T.);
#3130=EDGE_CURVE('1278',#1945,#1944,#1525,.T.);
#3134=ADVANCED_FACE('1044',(#3121,#3127,#3133),#3115,.T.);
#3141=EDGE_CURVE('1279',#1932,#1940,#1532,.T.);
#3144=EDGE_CURVE('1280',#1933,#1941,#1539,.T.);
#3148=ADVANCED_FACE('1259',(#3147),#3139,.F.);
#3160=ADVANCED_FACE('1261',(#3159),#3153,.F.);
#3167=EDGE_CURVE('1281',#1936,#1944,#1546,.T.);
#3170=EDGE_CURVE('1282',#1937,#1945,#1553,.T.);
#3174=ADVANCED_FACE('1263',(#3173),#3165,.F.);
#3186=ADVANCED_FACE('1265',(#3185),#3179,.F.);
#3192=EDGE_CURVE('843',#1764,#1770,#1560,.T.);
#3196=EDGE_CURVE('942',#1770,#1775,#1567,.T.);
#3200=ADVANCED_FACE('1045',(#3199),#3191,.F.);
#3206=EDGE_CURVE('842',#1767,#1777,#1574,.T.);
#3210=EDGE_CURVE('941',#1777,#1770,#1581,.T.);
#3214=ADVANCED_FACE('1046',(#3213),#3205,.F.);
#3223=EDGE_CURVE('940',#1761,#1777,#1588,.T.);
#3227=ADVANCED_FACE('1047',(#3226),#3219,.F.);
#3233=EDGE_CURVE('945',#1777,#1913,#1595,.T.);
#3235=EDGE_CURVE('939',#1913,#1760,#1644,.T.);
#3237=EDGE_CURVE('835',#1760,#1761,#1616,.T.);
#3242=ADVANCED_FACE('1039',(#3241),#3232,.F.);
#3248=EDGE_CURVE('838',#1770,#1771,#1609,.T.);
#3250=EDGE_CURVE('938',#1771,#1913,#1623,.T.);
#3256=ADVANCED_FACE('1036',(#3255),#3247,.F.);
#3262=EDGE_CURVE('946',#1911,#1775,#1602,.T.);
#3264=EDGE_CURVE('937',#1911,#1771,#1630,.T.);
#3270=ADVANCED_FACE('1035',(#3269),#3261,.F.);
#3279=EDGE_CURVE('936',#1760,#1911,#1637,.T.);
#3283=ADVANCED_FACE('1038',(#3282),#3275,.T.);
#3295=ADVANCED_FACE('1037',(#3294),#3288,.F.);
#3296=CLOSED_SHELL('',(#1963,#1987,#2005,#2029,#2047,#2065,#2085,#2103,#2118,
#2133,#2161,#2176,#2190,#2205,#2219,#2233,#2246,#2286,#2304,#2370,#2395,#2413,
#2433,#2447,#2459,#2476,#2490,#2507,#2544,#2557,#2571,#2584,#2596,#2618,#2631,
#2647,#2663,#2676,#2692,#2714,#2735,#2749,#2762,#2779,#2791,#2804,#2817,#2830,
#2846,#2858,#2870,#2882,#2896,#2910,#2923,#2938,#2952,#2966,#2979,#2991,#3004,
#3016,#3029,#3042,#3054,#3069,#3083,#3097,#3110,#3134,#3148,#3160,#3174,#3186,
#3200,#3214,#3227,#3242,#3256,#3270,#3283,#3295));
#3297=MANIFOLD_SOLID_BREP('',#3296);
#3330=TRIMMED_CURVE('A_PRT_X',#3329,(PARAMETER_VALUE(0.E0)),(PARAMETER_VALUE(
1.E0)),.T.,.UNSPECIFIED.);
#3353=TRIMMED_CURVE('1056',#3352,(PARAMETER_VALUE(0.E0)),(PARAMETER_VALUE
(1.E0)),.T.,.UNSPECIFIED.);
#3357=COMPOSITE_CURVE_SEGMENT(.CONTINUOUS.,.T.,#3353);
#3362=TRIMMED_CURVE('1057',#3361,(PARAMETER_VALUE(0.E0)),(PARAMETER_VALUE
(1.E0)),.T.,.UNSPECIFIED.);
#3366=COMPOSITE_CURVE_SEGMENT(.CONTINUOUS.,.T.,#3362);
#3371=TRIMMED_CURVE('1058',#3370,(PARAMETER_VALUE(0.E0)),(PARAMETER_VALUE
(1.E0)),.T.,.UNSPECIFIED.);
#3375=COMPOSITE_CURVE_SEGMENT(.CONTINUOUS.,.T.,#3371);
#3380=TRIMMED_CURVE('1059',#3379,(PARAMETER_VALUE(0.E0)),(PARAMETER_VALUE
(1.E0)),.T.,.UNSPECIFIED.);
#3384=COMPOSITE_CURVE_SEGMENT(.CONTINUOUS.,.T.,#3380);
#3385=COMPOSITE_CURVE('1055',(#3357,#3366,#3375,#3384),.F.);
#3391=CIRCLE('1114',#3390,1.6E0);
#3392=TRIMMED_CURVE('1114',#3391,(PARAMETER_VALUE(1.8E2)),(PARAMETER_VALUE
(0.E0)),.F.,.UNSPECIFIED.);
#3396=COMPOSITE_CURVE_SEGMENT(.CONTINUOUS.,.T.,#3392);
#3401=CIRCLE('1115',#3400,1.6E0);
#3402=TRIMMED_CURVE('1115',#3401,(PARAMETER_VALUE(1.8E2)),(PARAMETER_VALUE
(0.E0)),.F.,.UNSPECIFIED.);
#3406=COMPOSITE_CURVE_SEGMENT(.CONTINUOUS.,.T.,#3402);
#3407=COMPOSITE_CURVE('1110',(#3396,#3406),.F.);
#3412=CIRCLE('1116',#3411,1.6E0);
#3413=TRIMMED_CURVE('1116',#3412,(PARAMETER_VALUE(1.8E2)),(PARAMETER_VALUE
(0.E0)),.F.,.UNSPECIFIED.);
#3417=COMPOSITE_CURVE_SEGMENT(.CONTINUOUS.,.T.,#3413);
#3422=CIRCLE('1117',#3421,1.6E0);
#3423=TRIMMED_CURVE('1117',#3422,(PARAMETER_VALUE(1.8E2)),(PARAMETER_VALUE
(0.E0)),.F.,.UNSPECIFIED.);
#3427=COMPOSITE_CURVE_SEGMENT(.CONTINUOUS.,.T.,#3423);
#3428=COMPOSITE_CURVE('1111',(#3417,#3427),.F.);
#3433=CIRCLE('1122',#3432,2.E0);
#3434=TRIMMED_CURVE('1122',#3433,(PARAMETER_VALUE(6.276547564371E1)),(PARAMETER_VALUE(0.E0)),.F.,.UNSPECIFIED.);
#3438=COMPOSITE_CURVE_SEGMENT(.CONTINUOUS.,.T.,#3434);
#3443=TRIMMED_CURVE('1128',#3442,(PARAMETER_VALUE(0.E0)),(PARAMETER_VALUE
(1.E0)),.T.,.UNSPECIFIED.);
#3447=COMPOSITE_CURVE_SEGMENT(.CONTINUOUS.,.T.,#3443);
#3452=CIRCLE('1118',#3451,2.E0);
#3453=TRIMMED_CURVE('1118',#3452,(PARAMETER_VALUE(6.224700538350E1)),(PARAMETER_VALUE(0.E0)),.F.,.UNSPECIFIED.);
#3457=COMPOSITE_CURVE_SEGMENT(.CONTINUOUS.,.T.,#3453);
#3462=TRIMMED_CURVE('1119',#3461,(PARAMETER_VALUE(0.E0)),(PARAMETER_VALUE
(1.E0)),.T.,.UNSPECIFIED.);
#3466=COMPOSITE_CURVE_SEGMENT(.CONTINUOUS.,.T.,#3462);
#3471=CIRCLE('1120',#3470,4.E0);
#3472=TRIMMED_CURVE('1120',#3471,(PARAMETER_VALUE(0.E0)),(PARAMETER_VALUE(
1.250124810272E2)),.T.,.UNSPECIFIED.);
#3476=COMPOSITE_CURVE_SEGMENT(.CONTINUOUS.,.T.,#3472);
#3481=TRIMMED_CURVE('1121',#3480,(PARAMETER_VALUE(0.E0)),(PARAMETER_VALUE
(1.E0)),.T.,.UNSPECIFIED.);
#3485=COMPOSITE_CURVE_SEGMENT(.CONTINUOUS.,.T.,#3481);
#3486=COMPOSITE_CURVE('1112',(#3438,#3447,#3457,#3466,#3476,#3485),.F.);
#3491=TRIMMED_CURVE('1124',#3490,(PARAMETER_VALUE(0.E0)),(PARAMETER_VALUE
(1.E0)),.T.,.UNSPECIFIED.);
#3495=COMPOSITE_CURVE_SEGMENT(.CONTINUOUS.,.T.,#3491);
#3500=CIRCLE('1125',#3499,4.E0);
#3501=TRIMMED_CURVE('1125',#3500,(PARAMETER_VALUE(0.E0)),(PARAMETER_VALUE(
1.250124810272E2)),.T.,.UNSPECIFIED.);
#3505=COMPOSITE_CURVE_SEGMENT(.CONTINUOUS.,.T.,#3501);
#3510=TRIMMED_CURVE('1126',#3509,(PARAMETER_VALUE(0.E0)),(PARAMETER_VALUE
(1.E0)),.T.,.UNSPECIFIED.);
#3514=COMPOSITE_CURVE_SEGMENT(.CONTINUOUS.,.T.,#3510);
#3519=CIRCLE('1127',#3518,2.E0);
#3520=TRIMMED_CURVE('1127',#3519,(PARAMETER_VALUE(6.224700538350E1)),(PARAMETER_VALUE(0.E0)),.F.,.UNSPECIFIED.);
#3524=COMPOSITE_CURVE_SEGMENT(.CONTINUOUS.,.T.,#3520);
#3529=TRIMMED_CURVE('1129',#3528,(PARAMETER_VALUE(0.E0)),(PARAMETER_VALUE
(1.E0)),.T.,.UNSPECIFIED.);
#3533=COMPOSITE_CURVE_SEGMENT(.CONTINUOUS.,.T.,#3529);
#3538=CIRCLE('1123',#3537,2.E0);
#3539=TRIMMED_CURVE('1123',#3538,(PARAMETER_VALUE(6.276547564371E1)),(PARAMETER_VALUE(0.E0)),.F.,.UNSPECIFIED.);
#3543=COMPOSITE_CURVE_SEGMENT(.CONTINUOUS.,.T.,#3539);
#3544=COMPOSITE_CURVE('1113',(#3495,#3505,#3514,#3524,#3533,#3543),.F.);
#3549=CIRCLE('1242',#3548,1.75E0);
#3550=TRIMMED_CURVE('1242',#3549,(PARAMETER_VALUE(0.E0)),(PARAMETER_VALUE
(1.8E2)),.T.,.UNSPECIFIED.);
#3554=COMPOSITE_CURVE_SEGMENT(.CONTINUOUS.,.T.,#3550);
#3559=CIRCLE('1243',#3558,1.75E0);
#3560=TRIMMED_CURVE('1243',#3559,(PARAMETER_VALUE(0.E0)),(PARAMETER_VALUE
(1.8E2)),.T.,.UNSPECIFIED.);
#3564=COMPOSITE_CURVE_SEGMENT(.CONTINUOUS.,.T.,#3560);
#3565=COMPOSITE_CURVE('1240',(#3554,#3564),.F.);
#3570=CIRCLE('1244',#3569,1.75E0);
#3571=TRIMMED_CURVE('1244',#3570,(PARAMETER_VALUE(0.E0)),(PARAMETER_VALUE
(1.8E2)),.T.,.UNSPECIFIED.);
#3575=COMPOSITE_CURVE_SEGMENT(.CONTINUOUS.,.T.,#3571);
#3580=CIRCLE('1245',#3579,1.75E0);
#3581=TRIMMED_CURVE('1245',#3580,(PARAMETER_VALUE(0.E0)),(PARAMETER_VALUE
(1.8E2)),.T.,.UNSPECIFIED.);
#3585=COMPOSITE_CURVE_SEGMENT(.CONTINUOUS.,.T.,#3581);
#3586=COMPOSITE_CURVE('1241',(#3575,#3585),.F.);
#3591=TRIMMED_CURVE('A_3',#3590,(PARAMETER_VALUE(0.E0)),(PARAMETER_VALUE(1.E0)),
.T.,.UNSPECIFIED.);
#3599=TRIMMED_CURVE('A_4',#3598,(PARAMETER_VALUE(0.E0)),(PARAMETER_VALUE(1.E0)),
.T.,.UNSPECIFIED.);
#3612=(LENGTH_UNIT()NAMED_UNIT(*)SI_UNIT(.MILLI.,.METRE.));
#3613=(NAMED_UNIT(*)PLANE_ANGLE_UNIT()SI_UNIT($,.RADIAN.));
#3616=(NAMED_UNIT(*)SI_UNIT($,.STERADIAN.)SOLID_ANGLE_UNIT());
#3618=(GEOMETRIC_REPRESENTATION_CONTEXT(3)GLOBAL_UNCERTAINTY_ASSIGNED_CONTEXT((
#3617))GLOBAL_UNIT_ASSIGNED_CONTEXT((#3612,#3615,#3616))REPRESENTATION_CONTEXT(
'ID1','3'));
#3619=ADVANCED_BREP_SHAPE_REPRESENTATION('',(#3297),#3618);
#3620=GEOMETRICALLY_BOUNDED_WIREFRAME_SHAPE_REPRESENTATION('',(#3386),#3618);
#3621=CONSTRUCTIVE_GEOMETRY_REPRESENTATION('supplemental geometry',(#3308,#3313,
#3318,#3322,#3330,#3338,#3343,#3348,#3591,#3599),#3618);
#3625=AXIS2_PLACEMENT_3D('',#3622,#3623,#3624);
#3626=SHAPE_REPRESENTATION('',(#3625),#3618);
#3637=PRODUCT_DEFINITION('design','',#3636,#3633);
#3638=PRODUCT_DEFINITION_SHAPE('','SHAPE FOR LCD_BOX_16X2.',#3637);
#3639=SHAPE_ASPECT('','solid data associated with LCD_BOX_16X2',#3638,.F.);
#3640=PROPERTY_DEFINITION('',
'shape for solid data with which properties are associated',#3639);
#3641=SHAPE_REPRESENTATION('',(#3297),#3618);
#3642=SHAPE_DEFINITION_REPRESENTATION(#3640,#3641);
#3643=(LENGTH_UNIT()NAMED_UNIT(*)SI_UNIT(.MILLI.,.METRE.));
#3645=(MASS_UNIT()NAMED_UNIT(*)SI_UNIT(.KILO.,.GRAM.));
#3649=PROPERTY_DEFINITION('material_property','density',#3639);
#3650=REPRESENTATION('density',(#3648),#3618);
#3651=PROPERTY_DEFINITION_REPRESENTATION(#3649,#3650);
#3653=PROPERTY_DEFINITION('material property','material name',#3639);
#3654=REPRESENTATION('material name',(#3652),#3618);
#3655=PROPERTY_DEFINITION_REPRESENTATION(#3653,#3654);
#3656=SHAPE_ASPECT('','solid data associated with LCD_BOX_16X2',#3638,.F.);
#3657=PROPERTY_DEFINITION('',
'shape for solid data with which properties are associated',#3656);
#3658=SHAPE_REPRESENTATION('',(#3297),#3618);
#3659=SHAPE_DEFINITION_REPRESENTATION(#3657,#3658);
#3660=(LENGTH_UNIT()NAMED_UNIT(*)SI_UNIT(.MILLI.,.METRE.));
#3664=PROPERTY_DEFINITION('geometric validation property',
'area of LCD_BOX_16X2',#3656);
#3665=REPRESENTATION('surface area',(#3663),#3618);
#3666=PROPERTY_DEFINITION_REPRESENTATION(#3664,#3665);
#3667=(LENGTH_UNIT()NAMED_UNIT(*)SI_UNIT(.MILLI.,.METRE.));
#3671=PROPERTY_DEFINITION('geometric validation property',
'volume of LCD_BOX_16X2',#3656);
#3672=REPRESENTATION('volume',(#3670),#3618);
#3673=PROPERTY_DEFINITION_REPRESENTATION(#3671,#3672);
#3675=PROPERTY_DEFINITION('geometric validation property',
'centroid of LCD_BOX_16X2',#3656);
#3676=REPRESENTATION('centroid',(#3674),#3618);
#3677=PROPERTY_DEFINITION_REPRESENTATION(#3675,#3676);
#3678=(LENGTH_UNIT()NAMED_UNIT(*)SI_UNIT(.MILLI.,.METRE.));
#3682=PROPERTY_DEFINITION('geometric validation property',
'area of LCD_BOX_16X2',#3638);
#3683=REPRESENTATION('surface area',(#3681),#3618);
#3684=PROPERTY_DEFINITION_REPRESENTATION(#3682,#3683);
#3685=(LENGTH_UNIT()NAMED_UNIT(*)SI_UNIT(.MILLI.,.METRE.));
#3689=PROPERTY_DEFINITION('geometric validation property',
'volume of LCD_BOX_16X2',#3638);
#3690=REPRESENTATION('volume',(#3688),#3618);
#3691=PROPERTY_DEFINITION_REPRESENTATION(#3689,#3690);
#3693=PROPERTY_DEFINITION('geometric validation property',
'centroid of LCD_BOX_16X2',#3638);
#3694=REPRESENTATION('centroid',(#3692),#3618);
#3695=PROPERTY_DEFINITION_REPRESENTATION(#3693,#3694);
#3699=PRODUCT_DEFINITION('design','',#3698,#3633);
#3700=MAKE_FROM_USAGE_OPTION('Assign material STAHL_ALLGEMEIN to LCD_BOX_16X2',
'make from','',#3637,#3699,1,'',#3703);
#3704=(LENGTH_UNIT()NAMED_UNIT(*)SI_UNIT(.MILLI.,.METRE.));
#3706=(MASS_UNIT()NAMED_UNIT(*)SI_UNIT(.KILO.,.GRAM.));
#3710=PROPERTY_DEFINITION('material_property','density',#3699);
#3711=REPRESENTATION('density',(#3709),#3618);
#3712=PROPERTY_DEFINITION_REPRESENTATION(#3710,#3711);
#3713=SHAPE_DEFINITION_REPRESENTATION(#3638,#3626);
#3738=PLANAR_BOX('',1.424018194854E2,1.201515351908E2,#3737);
#3745=PROPERTY_DEFINITION('CAD_APPROVED_BY','user defined attribute',#3699);
#3749=REPRESENTATION('',(#3748),#3618);
#3750=PROPERTY_DEFINITION_REPRESENTATION(#3745,#3749);
#3751=PROPERTY_DEFINITION('CAD_APPROVED_ON','user defined attribute',#3699);
#3755=REPRESENTATION('',(#3754),#3618);
#3756=PROPERTY_DEFINITION_REPRESENTATION(#3751,#3755);
#3757=PROPERTY_DEFINITION('CAD_CHANGE_NO','user defined attribute',#3699);
#3761=REPRESENTATION('',(#3760),#3618);
#3762=PROPERTY_DEFINITION_REPRESENTATION(#3757,#3761);
#3763=PROPERTY_DEFINITION('CAD_CHANGE_TEXT','user defined attribute',#3699);
#3767=REPRESENTATION('',(#3766),#3618);
#3768=PROPERTY_DEFINITION_REPRESENTATION(#3763,#3767);
#3769=PROPERTY_DEFINITION('CAD_CREATED_BY','user defined attribute',#3699);
#3773=REPRESENTATION('',(#3772),#3618);
#3774=PROPERTY_DEFINITION_REPRESENTATION(#3769,#3773);
#3775=PROPERTY_DEFINITION('CAD_CREATED_ON','user defined attribute',#3699);
#3779=REPRESENTATION('',(#3778),#3618);
#3780=PROPERTY_DEFINITION_REPRESENTATION(#3775,#3779);
#3781=PROPERTY_DEFINITION('CAD_LIFECYCLE_STATE','user defined attribute',#3699);
#3785=REPRESENTATION('',(#3784),#3618);
#3786=PROPERTY_DEFINITION_REPRESENTATION(#3781,#3785);
#3787=PROPERTY_DEFINITION('CAD_MODIFIED_BY','user defined attribute',#3699);
#3791=REPRESENTATION('',(#3790),#3618);
#3792=PROPERTY_DEFINITION_REPRESENTATION(#3787,#3791);
#3793=PROPERTY_DEFINITION('CAD_MODIFIED_ON','user defined attribute',#3699);
#3797=REPRESENTATION('',(#3796),#3618);
#3798=PROPERTY_DEFINITION_REPRESENTATION(#3793,#3797);
#3799=PROPERTY_DEFINITION('CAD_REVISION','user defined attribute',#3699);
#3803=REPRESENTATION('',(#3802),#3618);
#3804=PROPERTY_DEFINITION_REPRESENTATION(#3799,#3803);
#3805=PROPERTY_DEFINITION('DEPARTMENT','user defined attribute',#3699);
#3809=REPRESENTATION('',(#3808),#3618);
#3810=PROPERTY_DEFINITION_REPRESENTATION(#3805,#3809);
#3811=PROPERTY_DEFINITION('DESCRIPTION_1_DE','user defined attribute',#3699);
#3815=REPRESENTATION('',(#3814),#3618);
#3816=PROPERTY_DEFINITION_REPRESENTATION(#3811,#3815);
#3817=PROPERTY_DEFINITION('DESCRIPTION_1_EN','user defined attribute',#3699);
#3821=REPRESENTATION('',(#3820),#3618);
#3822=PROPERTY_DEFINITION_REPRESENTATION(#3817,#3821);
#3823=PROPERTY_DEFINITION('DESCRIPTION_2_DE','user defined attribute',#3699);
#3827=REPRESENTATION('',(#3826),#3618);
#3828=PROPERTY_DEFINITION_REPRESENTATION(#3823,#3827);
#3829=PROPERTY_DEFINITION('DESCRIPTION_2_EN','user defined attribute',#3699);
#3833=REPRESENTATION('',(#3832),#3618);
#3834=PROPERTY_DEFINITION_REPRESENTATION(#3829,#3833);
#3835=PROPERTY_DEFINITION('DRAWING_NO','user defined attribute',#3699);
#3839=REPRESENTATION('',(#3838),#3618);
#3840=PROPERTY_DEFINITION_REPRESENTATION(#3835,#3839);
#3841=PROPERTY_DEFINITION('MC_CHECKTYPE','user defined attribute',#3699);
#3845=REPRESENTATION('',(#3844),#3618);
#3846=PROPERTY_DEFINITION_REPRESENTATION(#3841,#3845);
#3847=PROPERTY_DEFINITION('COATING','user defined attribute',#3699);
#3851=REPRESENTATION('',(#3850),#3618);
#3852=PROPERTY_DEFINITION_REPRESENTATION(#3847,#3851);
#3853=PROPERTY_DEFINITION('COLORING','user defined attribute',#3699);
#3857=REPRESENTATION('',(#3856),#3618);
#3858=PROPERTY_DEFINITION_REPRESENTATION(#3853,#3857);
#3859=PROPERTY_DEFINITION('DESC_SEMIFINISHED','user defined attribute',#3699);
#3863=REPRESENTATION('',(#3862),#3618);
#3864=PROPERTY_DEFINITION_REPRESENTATION(#3859,#3863);
#3865=PROPERTY_DEFINITION('DIMENSION','user defined attribute',#3699);
#3869=REPRESENTATION('',(#3868),#3618);
#3870=PROPERTY_DEFINITION_REPRESENTATION(#3865,#3869);
#3871=PROPERTY_DEFINITION('HARDNESS','user defined attribute',#3699);
#3875=REPRESENTATION('',(#3874),#3618);
#3876=PROPERTY_DEFINITION_REPRESENTATION(#3871,#3875);
#3877=PROPERTY_DEFINITION('MASS','user defined attribute',#3699);
#3881=REPRESENTATION('',(#3880),#3618);
#3882=PROPERTY_DEFINITION_REPRESENTATION(#3877,#3881);
#3883=PROPERTY_DEFINITION('MATERIAL','user defined attribute',#3699);
#3887=REPRESENTATION('',(#3886),#3618);
#3888=PROPERTY_DEFINITION_REPRESENTATION(#3883,#3887);
#3889=PROPERTY_DEFINITION('PART_NO','user defined attribute',#3699);
#3893=REPRESENTATION('',(#3892),#3618);
#3894=PROPERTY_DEFINITION_REPRESENTATION(#3889,#3893);
#3895=PROPERTY_DEFINITION('PART_NO_SEMIFINISHED','user defined attribute',
#3699);
#3899=REPRESENTATION('',(#3898),#3618);
#3900=PROPERTY_DEFINITION_REPRESENTATION(#3895,#3899);
#3901=PROPERTY_DEFINITION('STANDARD','user defined attribute',#3699);
#3905=REPRESENTATION('',(#3904),#3618);
#3906=PROPERTY_DEFINITION_REPRESENTATION(#3901,#3905);
#3907=PROPERTY_DEFINITION('STANDARD_DIMENSION','user defined attribute',#3699);
#3911=REPRESENTATION('',(#3910),#3618);
#3912=PROPERTY_DEFINITION_REPRESENTATION(#3907,#3911);
#3913=PROPERTY_DEFINITION('STANDARD_EDGE','user defined attribute',#3699);
#3917=REPRESENTATION('',(#3916),#3618);
#3918=PROPERTY_DEFINITION_REPRESENTATION(#3913,#3917);
#3919=PROPERTY_DEFINITION('STANDARD_INFO_DE','user defined attribute',#3699);
#3923=REPRESENTATION('',(#3922),#3618);
#3924=PROPERTY_DEFINITION_REPRESENTATION(#3919,#3923);
#3925=PROPERTY_DEFINITION('STANDARD_INFO_EN','user defined attribute',#3699);
#3929=REPRESENTATION('',(#3928),#3618);
#3930=PROPERTY_DEFINITION_REPRESENTATION(#3925,#3929);
#3931=PROPERTY_DEFINITION('STANDARD_SURFACE','user defined attribute',#3699);
#3935=REPRESENTATION('',(#3934),#3618);
#3936=PROPERTY_DEFINITION_REPRESENTATION(#3931,#3935);
#3937=PROPERTY_DEFINITION('STANDARD_TOL_CLASS','user defined attribute',#3699);
#3941=REPRESENTATION('',(#3940),#3618);
#3942=PROPERTY_DEFINITION_REPRESENTATION(#3937,#3941);
#3943=PROPERTY_DEFINITION('SUPPLIER','user defined attribute',#3699);
#3947=REPRESENTATION('',(#3946),#3618);
#3948=PROPERTY_DEFINITION_REPRESENTATION(#3943,#3947);
#3949=PROPERTY_DEFINITION('CLASSIFICATION','user defined attribute',#3699);
#3953=REPRESENTATION('',(#3952),#3618);
#3954=PROPERTY_DEFINITION_REPRESENTATION(#3949,#3953);
#3955=PROPERTY_DEFINITION('CATEGORY','user defined attribute',#3699);
#3959=REPRESENTATION('',(#3958),#3618);
#3960=PROPERTY_DEFINITION_REPRESENTATION(#3955,#3959);
#3961=PROPERTY_DEFINITION('PROJECT','user defined attribute',#3699);
#3965=REPRESENTATION('',(#3964),#3618);
#3966=PROPERTY_DEFINITION_REPRESENTATION(#3961,#3965);
#3967=PROPERTY_DEFINITION('PROJECT_NO','user defined attribute',#3699);
#3971=REPRESENTATION('',(#3970),#3618);
#3972=PROPERTY_DEFINITION_REPRESENTATION(#3967,#3971);
#3973=PROPERTY_DEFINITION('ORDER_CODE','user defined attribute',#3699);
#3977=REPRESENTATION('',(#3976),#3618);
#3978=PROPERTY_DEFINITION_REPRESENTATION(#3973,#3977);
#3979=PROPERTY_DEFINITION('STANDARD_WELDING','user defined attribute',#3699);
#3983=REPRESENTATION('',(#3982),#3618);
#3984=PROPERTY_DEFINITION_REPRESENTATION(#3979,#3983);
#3985=PROPERTY_DEFINITION('CUSTOMER','user defined attribute',#3699);
#3989=REPRESENTATION('',(#3988),#3618);
#3990=PROPERTY_DEFINITION_REPRESENTATION(#3985,#3989);
#3991=PROPERTY_DEFINITION('HEAT_TREATMENT','user defined attribute',#3699);
#3995=REPRESENTATION('',(#3994),#3618);
#3996=PROPERTY_DEFINITION_REPRESENTATION(#3991,#3995);
#3997=PROPERTY_DEFINITION('PTC_VAL_IMP_PART_STATUS','user defined attribute',
#3699);
#4001=REPRESENTATION('',(#4000),#3618);
#4002=PROPERTY_DEFINITION_REPRESENTATION(#3997,#4001);
#4003=PROPERTY_DEFINITION('PTC_VAL_IMP_SCORE','user defined attribute',#3699);
#4007=REPRESENTATION('',(#4006),#3618);
#4008=PROPERTY_DEFINITION_REPRESENTATION(#4003,#4007);
#4009=PROPERTY_DEFINITION('PTC_MP_VAL_IMP_VOLUME','user defined attribute',
#3699);
#4012=(LENGTH_UNIT()NAMED_UNIT(*)SI_UNIT(.MILLI.,.METRE.));
#4016=REPRESENTATION('',(#4015),#3618);
#4017=PROPERTY_DEFINITION_REPRESENTATION(#4009,#4016);
#4018=PROPERTY_DEFINITION('PTC_MP_VAL_IMP_AREA','user defined attribute',#3699);
#4021=(LENGTH_UNIT()NAMED_UNIT(*)SI_UNIT(.MILLI.,.METRE.));
#4025=REPRESENTATION('',(#4024),#3618);
#4026=PROPERTY_DEFINITION_REPRESENTATION(#4018,#4025);
#4027=PROPERTY_DEFINITION('PTC_MP_VAL_IMP_COGX','user defined attribute',#3699);
#4030=(LENGTH_UNIT()NAMED_UNIT(*)SI_UNIT(.MILLI.,.METRE.));
#4032=REPRESENTATION('',(#4031),#3618);
#4033=PROPERTY_DEFINITION_REPRESENTATION(#4027,#4032);
#4034=PROPERTY_DEFINITION('PTC_MP_VAL_IMP_COGY','user defined attribute',#3699);
#4037=(LENGTH_UNIT()NAMED_UNIT(*)SI_UNIT(.MILLI.,.METRE.));
#4039=REPRESENTATION('',(#4038),#3618);
#4040=PROPERTY_DEFINITION_REPRESENTATION(#4034,#4039);
#4041=PROPERTY_DEFINITION('PTC_MP_VAL_IMP_COGZ','user defined attribute',#3699);
#4044=(LENGTH_UNIT()NAMED_UNIT(*)SI_UNIT(.MILLI.,.METRE.));
#4046=REPRESENTATION('',(#4045),#3618);
#4047=PROPERTY_DEFINITION_REPRESENTATION(#4041,#4046);
#4048=PROPERTY_DEFINITION('CAD_SYSTEM','user defined attribute',#3699);
#4052=REPRESENTATION('',(#4051),#3618);
#4053=PROPERTY_DEFINITION_REPRESENTATION(#4048,#4052);
#4054=PROPERTY_DEFINITION('DEX_MASTER','user defined attribute',#3699);
#4058=REPRESENTATION('',(#4057),#3618);
#4059=PROPERTY_DEFINITION_REPRESENTATION(#4054,#4058);
#4060=PROPERTY_DEFINITION('MODEL_VERSION','user defined attribute',#3699);
#4064=REPRESENTATION('',(#4063),#3618);
#4065=PROPERTY_DEFINITION_REPRESENTATION(#4060,#4064);
#4066=PROPERTY_DEFINITION('MODEL_DATE','user defined attribute',#3699);
#4070=REPRESENTATION('',(#4069),#3618);
#4071=PROPERTY_DEFINITION_REPRESENTATION(#4066,#4070);
#4072=PROPERTY_DEFINITION('TIM_STATUS','user defined attribute',#3699);
#4076=REPRESENTATION('',(#4075),#3618);
#4077=PROPERTY_DEFINITION_REPRESENTATION(#4072,#4076);
#4078=PROPERTY_DEFINITION('REF_LINK','user defined attribute',#3699);
#4082=REPRESENTATION('',(#4081),#3618);
#4083=PROPERTY_DEFINITION_REPRESENTATION(#4078,#4082);
#4084=PROPERTY_DEFINITION('NATIVE_NAME','user defined attribute',#3699);
#4088=REPRESENTATION('',(#4087),#3618);
#4089=PROPERTY_DEFINITION_REPRESENTATION(#4084,#4088);
#4090=PROPERTY_DEFINITION('PTC_COMMON_NAME','user defined attribute',#3699);
#4094=REPRESENTATION('',(#4093),#3618);
#4095=PROPERTY_DEFINITION_REPRESENTATION(#4090,#4094);
#4096=PROPERTY_DEFINITION('PTC_MASTER_MATERIAL','user defined attribute',#3699);
#4100=REPRESENTATION('',(#4099),#3618);
#4101=PROPERTY_DEFINITION_REPRESENTATION(#4096,#4100);
ENDSEC;
END-ISO-10303-21;
