ISO-10303-21;
HEADER;
FILE_DESCRIPTION((''),'2;1');
FILE_NAME('LCD_BOX_16X2_TOP','2026-07-21T16:20:55',('morit'),(''),
'CREO PARAMETRIC BY PTC INC, 2025123','CREO PARAMETRIC BY PTC INC, 2025123','');
FILE_SCHEMA((
'AP242_MANAGED_MODEL_BASED_3D_ENGINEERING_MIM_LF { 1 0 10303 442 1 1 4 }'));
ENDSEC;
DATA;
#19=DIRECTION('',(0.E0,0.E0,-1.E0));
#20=VECTOR('',#19,3.E0);
#21=CARTESIAN_POINT('',(-5.E0,-1.83E1,-1.5E1));
#22=LINE('773',#21,#20);
#23=DRAUGHTING_PRE_DEFINED_CURVE_FONT('continuous');
#24=CURVE_STYLE('',#23,POSITIVE_LENGTH_MEASURE(2.E-2),#11);
#25=PRESENTATION_STYLE_ASSIGNMENT((#24));
#26=STYLED_ITEM('',(#25),#22);
#27=DIRECTION('',(-1.E0,0.E0,0.E0));
#28=VECTOR('',#27,1.E1);
#29=CARTESIAN_POINT('',(5.E0,-1.83E1,-1.5E1));
#30=LINE('786',#29,#28);
#31=CURVE_STYLE('',#23,POSITIVE_LENGTH_MEASURE(2.E-2),#11);
#32=PRESENTATION_STYLE_ASSIGNMENT((#31));
#33=STYLED_ITEM('',(#32),#30);
#34=DIRECTION('',(0.E0,0.E0,1.E0));
#35=VECTOR('',#34,3.E0);
#36=CARTESIAN_POINT('',(5.E0,-1.83E1,-1.8E1));
#37=LINE('784',#36,#35);
#38=CURVE_STYLE('',#23,POSITIVE_LENGTH_MEASURE(2.E-2),#11);
#39=PRESENTATION_STYLE_ASSIGNMENT((#38));
#40=STYLED_ITEM('',(#39),#37);
#41=DIRECTION('',(1.E0,0.E0,0.E0));
#42=VECTOR('',#41,1.E1);
#43=CARTESIAN_POINT('',(-5.E0,-1.83E1,-1.8E1));
#44=LINE('782',#43,#42);
#45=CURVE_STYLE('',#23,POSITIVE_LENGTH_MEASURE(2.E-2),#11);
#46=PRESENTATION_STYLE_ASSIGNMENT((#45));
#47=STYLED_ITEM('',(#46),#44);
#48=DIRECTION('',(1.E0,0.E0,0.E0));
#49=VECTOR('',#48,6.15E0);
#50=CARTESIAN_POINT('',(-4.035E1,-1.83E1,-7.E0));
#51=LINE('746',#50,#49);
#52=CURVE_STYLE('',#23,POSITIVE_LENGTH_MEASURE(2.E-2),#11);
#53=PRESENTATION_STYLE_ASSIGNMENT((#52));
#54=STYLED_ITEM('',(#53),#51);
#55=DIRECTION('',(0.E0,0.E0,1.E0));
#56=VECTOR('',#55,1.3E1);
#57=CARTESIAN_POINT('',(-4.035E1,-1.83E1,-2.E1));
#58=LINE('729',#57,#56);
#59=CURVE_STYLE('',#23,POSITIVE_LENGTH_MEASURE(2.E-2),#11);
#60=PRESENTATION_STYLE_ASSIGNMENT((#59));
#61=STYLED_ITEM('',(#60),#58);
#62=DIRECTION('',(-1.E0,0.E0,0.E0));
#63=VECTOR('',#62,1.4575E1);
#64=CARTESIAN_POINT('',(-2.5775E1,-1.83E1,-2.E1));
#65=LINE('719',#64,#63);
#66=CURVE_STYLE('',#23,POSITIVE_LENGTH_MEASURE(2.E-2),#11);
#67=PRESENTATION_STYLE_ASSIGNMENT((#66));
#68=STYLED_ITEM('',(#67),#65);
#69=DIRECTION('',(0.E0,0.E0,-1.E0));
#70=VECTOR('',#69,2.E0);
#71=CARTESIAN_POINT('',(-2.5775E1,-1.83E1,-1.8E1));
#72=LINE('818',#71,#70);
#73=CURVE_STYLE('',#23,POSITIVE_LENGTH_MEASURE(2.E-2),#11);
#74=PRESENTATION_STYLE_ASSIGNMENT((#73));
#75=STYLED_ITEM('',(#74),#72);
#76=DIRECTION('',(-1.E0,0.E0,0.E0));
#77=VECTOR('',#76,1.E1);
#78=CARTESIAN_POINT('',(-1.5775E1,-1.83E1,-1.8E1));
#79=LINE('816',#78,#77);
#80=CURVE_STYLE('',#23,POSITIVE_LENGTH_MEASURE(2.E-2),#11);
#81=PRESENTATION_STYLE_ASSIGNMENT((#80));
#82=STYLED_ITEM('',(#81),#79);
#83=DIRECTION('',(0.E0,0.E0,1.E0));
#84=VECTOR('',#83,2.E0);
#85=CARTESIAN_POINT('',(-1.5775E1,-1.83E1,-2.E1));
#86=LINE('820',#85,#84);
#87=CURVE_STYLE('',#23,POSITIVE_LENGTH_MEASURE(2.E-2),#11);
#88=PRESENTATION_STYLE_ASSIGNMENT((#87));
#89=STYLED_ITEM('',(#88),#86);
#90=DIRECTION('',(-1.E0,0.E0,0.E0));
#91=VECTOR('',#90,3.155E1);
#92=CARTESIAN_POINT('',(1.5775E1,-1.83E1,-2.E1));
#93=LINE('722',#92,#91);
#94=CURVE_STYLE('',#23,POSITIVE_LENGTH_MEASURE(2.E-2),#11);
#95=PRESENTATION_STYLE_ASSIGNMENT((#94));
#96=STYLED_ITEM('',(#95),#93);
#97=DIRECTION('',(0.E0,0.E0,-1.E0));
#98=VECTOR('',#97,2.E0);
#99=CARTESIAN_POINT('',(1.5775E1,-1.83E1,-1.8E1));
#100=LINE('837',#99,#98);
#101=CURVE_STYLE('',#23,POSITIVE_LENGTH_MEASURE(2.E-2),#11);
#102=PRESENTATION_STYLE_ASSIGNMENT((#101));
#103=STYLED_ITEM('',(#102),#100);
#104=DIRECTION('',(-1.E0,0.E0,0.E0));
#105=VECTOR('',#104,1.E1);
#106=CARTESIAN_POINT('',(2.5775E1,-1.83E1,-1.8E1));
#107=LINE('832',#106,#105);
#108=CURVE_STYLE('',#23,POSITIVE_LENGTH_MEASURE(2.E-2),#11);
#109=PRESENTATION_STYLE_ASSIGNMENT((#108));
#110=STYLED_ITEM('',(#109),#107);
#111=DIRECTION('',(0.E0,0.E0,1.E0));
#112=VECTOR('',#111,2.E0);
#113=CARTESIAN_POINT('',(2.5775E1,-1.83E1,-2.E1));
#114=LINE('699',#113,#112);
#115=CURVE_STYLE('',#23,POSITIVE_LENGTH_MEASURE(2.E-2),#11);
#116=PRESENTATION_STYLE_ASSIGNMENT((#115));
#117=STYLED_ITEM('',(#116),#114);
#118=DIRECTION('',(-1.E0,0.E0,0.E0));
#119=VECTOR('',#118,1.4575E1);
#120=CARTESIAN_POINT('',(4.035E1,-1.83E1,-2.E1));
#121=LINE('720',#120,#119);
#122=CURVE_STYLE('',#23,POSITIVE_LENGTH_MEASURE(2.E-2),#11);
#123=PRESENTATION_STYLE_ASSIGNMENT((#122));
#124=STYLED_ITEM('',(#123),#121);
#125=DIRECTION('',(0.E0,0.E0,-1.E0));
#126=VECTOR('',#125,1.3E1);
#127=CARTESIAN_POINT('',(4.035E1,-1.83E1,-7.E0));
#128=LINE('730',#127,#126);
#129=CURVE_STYLE('',#23,POSITIVE_LENGTH_MEASURE(2.E-2),#11);
#130=PRESENTATION_STYLE_ASSIGNMENT((#129));
#131=STYLED_ITEM('',(#130),#128);
#132=DIRECTION('',(1.E0,0.E0,0.E0));
#133=VECTOR('',#132,6.15E0);
#134=CARTESIAN_POINT('',(3.42E1,-1.83E1,-7.E0));
#135=LINE('763',#134,#133);
#136=CURVE_STYLE('',#23,POSITIVE_LENGTH_MEASURE(2.E-2),#11);
#137=PRESENTATION_STYLE_ASSIGNMENT((#136));
#138=STYLED_ITEM('',(#137),#135);
#139=DIRECTION('',(1.E0,0.E0,0.E0));
#140=VECTOR('',#139,6.84E1);
#141=CARTESIAN_POINT('',(-3.42E1,-1.83E1,-1.2E0));
#142=LINE('724',#141,#140);
#143=CURVE_STYLE('',#23,POSITIVE_LENGTH_MEASURE(2.E-2),#11);
#144=PRESENTATION_STYLE_ASSIGNMENT((#143));
#145=STYLED_ITEM('',(#144),#142);
#146=DIRECTION('',(0.E0,1.E0,0.E0));
#147=VECTOR('',#146,1.2E0);
#148=CARTESIAN_POINT('',(-5.E0,-1.95E1,-1.8E1));
#149=LINE('788',#148,#147);
#150=CURVE_STYLE('',#23,POSITIVE_LENGTH_MEASURE(2.E-2),#11);
#151=PRESENTATION_STYLE_ASSIGNMENT((#150));
#152=STYLED_ITEM('',(#151),#149);
#153=DIRECTION('',(0.E0,-1.E0,0.E0));
#154=VECTOR('',#153,1.2E0);
#155=CARTESIAN_POINT('',(-5.E0,-1.83E1,-1.5E1));
#156=LINE('789',#155,#154);
#157=CURVE_STYLE('',#23,POSITIVE_LENGTH_MEASURE(2.E-2),#11);
#158=PRESENTATION_STYLE_ASSIGNMENT((#157));
#159=STYLED_ITEM('',(#158),#156);
#160=DIRECTION('',(0.E0,1.E0,0.E0));
#161=VECTOR('',#160,1.2E0);
#162=CARTESIAN_POINT('',(5.E0,-1.95E1,-1.8E1));
#163=LINE('794',#162,#161);
#164=CURVE_STYLE('',#23,POSITIVE_LENGTH_MEASURE(2.E-2),#11);
#165=PRESENTATION_STYLE_ASSIGNMENT((#164));
#166=STYLED_ITEM('',(#165),#163);
#167=DIRECTION('',(0.E0,-1.E0,0.E0));
#168=VECTOR('',#167,1.2E0);
#169=CARTESIAN_POINT('',(-5.E0,1.95E1,-1.8E1));
#170=LINE('795',#169,#168);
#171=CURVE_STYLE('',#23,POSITIVE_LENGTH_MEASURE(2.E-2),#11);
#172=PRESENTATION_STYLE_ASSIGNMENT((#171));
#173=STYLED_ITEM('',(#172),#170);
#174=DIRECTION('',(0.E0,-1.E0,0.E0));
#175=VECTOR('',#174,1.2E0);
#176=CARTESIAN_POINT('',(5.E0,1.95E1,-1.8E1));
#177=LINE('793',#176,#175);
#178=CURVE_STYLE('',#23,POSITIVE_LENGTH_MEASURE(2.E-2),#11);
#179=PRESENTATION_STYLE_ASSIGNMENT((#178));
#180=STYLED_ITEM('',(#179),#177);
#181=DIRECTION('',(0.E0,1.E0,0.E0));
#182=VECTOR('',#181,1.2E0);
#183=CARTESIAN_POINT('',(5.E0,-1.95E1,-1.5E1));
#184=LINE('792',#183,#182);
#185=CURVE_STYLE('',#23,POSITIVE_LENGTH_MEASURE(2.E-2),#11);
#186=PRESENTATION_STYLE_ASSIGNMENT((#185));
#187=STYLED_ITEM('',(#186),#184);
#188=DIRECTION('',(-1.E0,0.E0,0.E0));
#189=VECTOR('',#188,1.E1);
#190=CARTESIAN_POINT('',(5.E0,1.83E1,-1.8E1));
#191=LINE('783',#190,#189);
#192=CURVE_STYLE('',#23,POSITIVE_LENGTH_MEASURE(2.E-2),#11);
#193=PRESENTATION_STYLE_ASSIGNMENT((#192));
#194=STYLED_ITEM('',(#193),#191);
#195=DIRECTION('',(0.E0,0.E0,-1.E0));
#196=VECTOR('',#195,3.E0);
#197=CARTESIAN_POINT('',(5.E0,1.83E1,-1.5E1));
#198=LINE('785',#197,#196);
#199=CURVE_STYLE('',#23,POSITIVE_LENGTH_MEASURE(2.E-2),#11);
#200=PRESENTATION_STYLE_ASSIGNMENT((#199));
#201=STYLED_ITEM('',(#200),#198);
#202=DIRECTION('',(1.E0,0.E0,0.E0));
#203=VECTOR('',#202,1.E1);
#204=CARTESIAN_POINT('',(-5.E0,1.83E1,-1.5E1));
#205=LINE('787',#204,#203);
#206=CURVE_STYLE('',#23,POSITIVE_LENGTH_MEASURE(2.E-2),#11);
#207=PRESENTATION_STYLE_ASSIGNMENT((#206));
#208=STYLED_ITEM('',(#207),#205);
#209=DIRECTION('',(0.E0,0.E0,1.E0));
#210=VECTOR('',#209,3.E0);
#211=CARTESIAN_POINT('',(-5.E0,1.83E1,-1.8E1));
#212=LINE('781',#211,#210);
#213=CURVE_STYLE('',#23,POSITIVE_LENGTH_MEASURE(2.E-2),#11);
#214=PRESENTATION_STYLE_ASSIGNMENT((#213));
#215=STYLED_ITEM('',(#214),#212);
#216=DIRECTION('',(-1.E0,0.E0,0.E0));
#217=VECTOR('',#216,6.15E0);
#218=CARTESIAN_POINT('',(4.035E1,1.83E1,-7.E0));
#219=LINE('753',#218,#217);
#220=CURVE_STYLE('',#23,POSITIVE_LENGTH_MEASURE(2.E-2),#11);
#221=PRESENTATION_STYLE_ASSIGNMENT((#220));
#222=STYLED_ITEM('',(#221),#219);
#223=DIRECTION('',(0.E0,0.E0,1.E0));
#224=VECTOR('',#223,1.3E1);
#225=CARTESIAN_POINT('',(4.035E1,1.83E1,-2.E1));
#226=LINE('721',#225,#224);
#227=CURVE_STYLE('',#23,POSITIVE_LENGTH_MEASURE(2.E-2),#11);
#228=PRESENTATION_STYLE_ASSIGNMENT((#227));
#229=STYLED_ITEM('',(#228),#226);
#230=DIRECTION('',(1.E0,0.E0,0.E0));
#231=VECTOR('',#230,1.4575E1);
#232=CARTESIAN_POINT('',(2.5775E1,1.83E1,-2.E1));
#233=LINE('715',#232,#231);
#234=CURVE_STYLE('',#23,POSITIVE_LENGTH_MEASURE(2.E-2),#11);
#235=PRESENTATION_STYLE_ASSIGNMENT((#234));
#236=STYLED_ITEM('',(#235),#233);
#237=DIRECTION('',(0.E0,0.E0,-1.E0));
#238=VECTOR('',#237,2.E0);
#239=CARTESIAN_POINT('',(2.5775E1,1.83E1,-1.8E1));
#240=LINE('836',#239,#238);
#241=CURVE_STYLE('',#23,POSITIVE_LENGTH_MEASURE(2.E-2),#11);
#242=PRESENTATION_STYLE_ASSIGNMENT((#241));
#243=STYLED_ITEM('',(#242),#240);
#244=DIRECTION('',(1.E0,0.E0,0.E0));
#245=VECTOR('',#244,1.E1);
#246=CARTESIAN_POINT('',(1.5775E1,1.83E1,-1.8E1));
#247=LINE('835',#246,#245);
#248=CURVE_STYLE('',#23,POSITIVE_LENGTH_MEASURE(2.E-2),#11);
#249=PRESENTATION_STYLE_ASSIGNMENT((#248));
#250=STYLED_ITEM('',(#249),#247);
#251=DIRECTION('',(0.E0,0.E0,1.E0));
#252=VECTOR('',#251,2.E0);
#253=CARTESIAN_POINT('',(1.5775E1,1.83E1,-2.E1));
#254=LINE('838',#253,#252);
#255=CURVE_STYLE('',#23,POSITIVE_LENGTH_MEASURE(2.E-2),#11);
#256=PRESENTATION_STYLE_ASSIGNMENT((#255));
#257=STYLED_ITEM('',(#256),#254);
#258=DIRECTION('',(1.E0,0.E0,0.E0));
#259=VECTOR('',#258,3.155E1);
#260=CARTESIAN_POINT('',(-1.5775E1,1.83E1,-2.E1));
#261=LINE('717',#260,#259);
#262=CURVE_STYLE('',#23,POSITIVE_LENGTH_MEASURE(2.E-2),#11);
#263=PRESENTATION_STYLE_ASSIGNMENT((#262));
#264=STYLED_ITEM('',(#263),#261);
#265=DIRECTION('',(0.E0,0.E0,-1.E0));
#266=VECTOR('',#265,2.E0);
#267=CARTESIAN_POINT('',(-1.5775E1,1.83E1,-1.8E1));
#268=LINE('821',#267,#266);
#269=CURVE_STYLE('',#23,POSITIVE_LENGTH_MEASURE(2.E-2),#11);
#270=PRESENTATION_STYLE_ASSIGNMENT((#269));
#271=STYLED_ITEM('',(#270),#268);
#272=DIRECTION('',(1.E0,0.E0,0.E0));
#273=VECTOR('',#272,1.E1);
#274=CARTESIAN_POINT('',(-2.5775E1,1.83E1,-1.8E1));
#275=LINE('817',#274,#273);
#276=CURVE_STYLE('',#23,POSITIVE_LENGTH_MEASURE(2.E-2),#11);
#277=PRESENTATION_STYLE_ASSIGNMENT((#276));
#278=STYLED_ITEM('',(#277),#275);
#279=DIRECTION('',(0.E0,0.E0,1.E0));
#280=VECTOR('',#279,2.E0);
#281=CARTESIAN_POINT('',(-2.5775E1,1.83E1,-2.E1));
#282=LINE('819',#281,#280);
#283=CURVE_STYLE('',#23,POSITIVE_LENGTH_MEASURE(2.E-2),#11);
#284=PRESENTATION_STYLE_ASSIGNMENT((#283));
#285=STYLED_ITEM('',(#284),#282);
#286=DIRECTION('',(1.E0,0.E0,0.E0));
#287=VECTOR('',#286,1.4575E1);
#288=CARTESIAN_POINT('',(-4.035E1,1.83E1,-2.E1));
#289=LINE('718',#288,#287);
#290=CURVE_STYLE('',#23,POSITIVE_LENGTH_MEASURE(2.E-2),#11);
#291=PRESENTATION_STYLE_ASSIGNMENT((#290));
#292=STYLED_ITEM('',(#291),#289);
#293=DIRECTION('',(0.E0,0.E0,-1.E0));
#294=VECTOR('',#293,1.3E1);
#295=CARTESIAN_POINT('',(-4.035E1,1.83E1,-7.E0));
#296=LINE('728',#295,#294);
#297=CURVE_STYLE('',#23,POSITIVE_LENGTH_MEASURE(2.E-2),#11);
#298=PRESENTATION_STYLE_ASSIGNMENT((#297));
#299=STYLED_ITEM('',(#298),#296);
#300=DIRECTION('',(-1.E0,0.E0,0.E0));
#301=VECTOR('',#300,6.15E0);
#302=CARTESIAN_POINT('',(-3.42E1,1.83E1,-7.E0));
#303=LINE('748',#302,#301);
#304=CURVE_STYLE('',#23,POSITIVE_LENGTH_MEASURE(2.E-2),#11);
#305=PRESENTATION_STYLE_ASSIGNMENT((#304));
#306=STYLED_ITEM('',(#305),#303);
#307=DIRECTION('',(-1.E0,0.E0,0.E0));
#308=VECTOR('',#307,6.84E1);
#309=CARTESIAN_POINT('',(3.42E1,1.83E1,-1.2E0));
#310=LINE('725',#309,#308);
#311=CURVE_STYLE('',#23,POSITIVE_LENGTH_MEASURE(2.E-2),#11);
#312=PRESENTATION_STYLE_ASSIGNMENT((#311));
#313=STYLED_ITEM('',(#312),#310);
#314=DIRECTION('',(0.E0,1.E0,0.E0));
#315=VECTOR('',#314,1.2E0);
#316=CARTESIAN_POINT('',(-5.E0,1.83E1,-1.5E1));
#317=LINE('791',#316,#315);
#318=CURVE_STYLE('',#23,POSITIVE_LENGTH_MEASURE(2.E-2),#11);
#319=PRESENTATION_STYLE_ASSIGNMENT((#318));
#320=STYLED_ITEM('',(#319),#317);
#321=DIRECTION('',(0.E0,-1.E0,0.E0));
#322=VECTOR('',#321,1.2E0);
#323=CARTESIAN_POINT('',(5.E0,1.95E1,-1.5E1));
#324=LINE('790',#323,#322);
#325=CURVE_STYLE('',#23,POSITIVE_LENGTH_MEASURE(2.E-2),#11);
#326=PRESENTATION_STYLE_ASSIGNMENT((#325));
#327=STYLED_ITEM('',(#326),#324);
#328=DIRECTION('',(0.E0,0.E0,-1.E0));
#329=VECTOR('',#328,3.E0);
#330=CARTESIAN_POINT('',(-5.E0,1.95E1,-1.5E1));
#331=LINE('800',#330,#329);
#332=CURVE_STYLE('',#23,POSITIVE_LENGTH_MEASURE(2.E-2),#11);
#333=PRESENTATION_STYLE_ASSIGNMENT((#332));
#334=STYLED_ITEM('',(#333),#331);
#335=DIRECTION('',(-1.E0,0.E0,0.E0));
#336=VECTOR('',#335,1.E1);
#337=CARTESIAN_POINT('',(5.E0,1.95E1,-1.5E1));
#338=LINE('799',#337,#336);
#339=CURVE_STYLE('',#23,POSITIVE_LENGTH_MEASURE(2.E-2),#11);
#340=PRESENTATION_STYLE_ASSIGNMENT((#339));
#341=STYLED_ITEM('',(#340),#338);
#342=DIRECTION('',(0.E0,0.E0,1.E0));
#343=VECTOR('',#342,3.E0);
#344=CARTESIAN_POINT('',(5.E0,1.95E1,-1.8E1));
#345=LINE('798',#344,#343);
#346=CURVE_STYLE('',#23,POSITIVE_LENGTH_MEASURE(2.E-2),#11);
#347=PRESENTATION_STYLE_ASSIGNMENT((#346));
#348=STYLED_ITEM('',(#347),#345);
#349=DIRECTION('',(1.E0,0.E0,0.E0));
#350=VECTOR('',#349,1.E1);
#351=CARTESIAN_POINT('',(-5.E0,1.95E1,-1.8E1));
#352=LINE('796',#351,#350);
#353=CURVE_STYLE('',#23,POSITIVE_LENGTH_MEASURE(2.E-2),#11);
#354=PRESENTATION_STYLE_ASSIGNMENT((#353));
#355=STYLED_ITEM('',(#354),#352);
#356=DIRECTION('',(-1.E0,0.E0,0.E0));
#357=VECTOR('',#356,1.5775E1);
#358=CARTESIAN_POINT('',(4.155E1,1.95E1,-2.E1));
#359=LINE('711',#358,#357);
#360=CURVE_STYLE('',#23,POSITIVE_LENGTH_MEASURE(2.E-2),#11);
#361=PRESENTATION_STYLE_ASSIGNMENT((#360));
#362=STYLED_ITEM('',(#361),#359);
#363=DIRECTION('',(0.E0,0.E0,-1.E0));
#364=VECTOR('',#363,2.E1);
#365=CARTESIAN_POINT('',(4.155E1,1.95E1,0.E0));
#366=LINE('706',#365,#364);
#367=CURVE_STYLE('',#23,POSITIVE_LENGTH_MEASURE(2.E-2),#11);
#368=PRESENTATION_STYLE_ASSIGNMENT((#367));
#369=STYLED_ITEM('',(#368),#366);
#370=DIRECTION('',(1.E0,0.E0,0.E0));
#371=VECTOR('',#370,8.31E1);
#372=CARTESIAN_POINT('',(-4.155E1,1.95E1,0.E0));
#373=LINE('883',#372,#371);
#374=CURVE_STYLE('',#23,POSITIVE_LENGTH_MEASURE(2.E-2),#11);
#375=PRESENTATION_STYLE_ASSIGNMENT((#374));
#376=STYLED_ITEM('',(#375),#373);
#377=DIRECTION('',(0.E0,0.E0,1.E0));
#378=VECTOR('',#377,2.E1);
#379=CARTESIAN_POINT('',(-4.155E1,1.95E1,-2.E1));
#380=LINE('709',#379,#378);
#381=CURVE_STYLE('',#23,POSITIVE_LENGTH_MEASURE(2.E-2),#11);
#382=PRESENTATION_STYLE_ASSIGNMENT((#381));
#383=STYLED_ITEM('',(#382),#380);
#384=DIRECTION('',(-1.E0,0.E0,0.E0));
#385=VECTOR('',#384,1.5775E1);
#386=CARTESIAN_POINT('',(-2.5775E1,1.95E1,-2.E1));
#387=LINE('713',#386,#385);
#388=CURVE_STYLE('',#23,POSITIVE_LENGTH_MEASURE(2.E-2),#11);
#389=PRESENTATION_STYLE_ASSIGNMENT((#388));
#390=STYLED_ITEM('',(#389),#387);
#391=DIRECTION('',(0.E0,0.E0,-1.E0));
#392=VECTOR('',#391,2.E0);
#393=CARTESIAN_POINT('',(-2.5775E1,1.95E1,-1.8E1));
#394=LINE('831',#393,#392);
#395=CURVE_STYLE('',#23,POSITIVE_LENGTH_MEASURE(2.E-2),#11);
#396=PRESENTATION_STYLE_ASSIGNMENT((#395));
#397=STYLED_ITEM('',(#396),#394);
#398=DIRECTION('',(-1.E0,0.E0,0.E0));
#399=VECTOR('',#398,1.E1);
#400=CARTESIAN_POINT('',(-1.5775E1,1.95E1,-1.8E1));
#401=LINE('830',#400,#399);
#402=CURVE_STYLE('',#23,POSITIVE_LENGTH_MEASURE(2.E-2),#11);
#403=PRESENTATION_STYLE_ASSIGNMENT((#402));
#404=STYLED_ITEM('',(#403),#401);
#405=DIRECTION('',(0.E0,0.E0,1.E0));
#406=VECTOR('',#405,2.E0);
#407=CARTESIAN_POINT('',(-1.5775E1,1.95E1,-2.E1));
#408=LINE('828',#407,#406);
#409=CURVE_STYLE('',#23,POSITIVE_LENGTH_MEASURE(2.E-2),#11);
#410=PRESENTATION_STYLE_ASSIGNMENT((#409));
#411=STYLED_ITEM('',(#410),#408);
#412=DIRECTION('',(-1.E0,0.E0,0.E0));
#413=VECTOR('',#412,3.155E1);
#414=CARTESIAN_POINT('',(1.5775E1,1.95E1,-2.E1));
#415=LINE('712',#414,#413);
#416=CURVE_STYLE('',#23,POSITIVE_LENGTH_MEASURE(2.E-2),#11);
#417=PRESENTATION_STYLE_ASSIGNMENT((#416));
#418=STYLED_ITEM('',(#417),#415);
#419=DIRECTION('',(0.E0,0.E0,-1.E0));
#420=VECTOR('',#419,2.E0);
#421=CARTESIAN_POINT('',(1.5775E1,1.95E1,-1.8E1));
#422=LINE('843',#421,#420);
#423=CURVE_STYLE('',#23,POSITIVE_LENGTH_MEASURE(2.E-2),#11);
#424=PRESENTATION_STYLE_ASSIGNMENT((#423));
#425=STYLED_ITEM('',(#424),#422);
#426=DIRECTION('',(-1.E0,0.E0,0.E0));
#427=VECTOR('',#426,1.E1);
#428=CARTESIAN_POINT('',(2.5775E1,1.95E1,-1.8E1));
#429=LINE('704',#428,#427);
#430=CURVE_STYLE('',#23,POSITIVE_LENGTH_MEASURE(2.E-2),#11);
#431=PRESENTATION_STYLE_ASSIGNMENT((#430));
#432=STYLED_ITEM('',(#431),#429);
#433=DIRECTION('',(0.E0,0.E0,1.E0));
#434=VECTOR('',#433,2.E0);
#435=CARTESIAN_POINT('',(2.5775E1,1.95E1,-2.E1));
#436=LINE('844',#435,#434);
#437=CURVE_STYLE('',#23,POSITIVE_LENGTH_MEASURE(2.E-2),#11);
#438=PRESENTATION_STYLE_ASSIGNMENT((#437));
#439=STYLED_ITEM('',(#438),#436);
#440=DIRECTION('',(0.E0,1.E0,0.E0));
#441=VECTOR('',#440,1.2E0);
#442=CARTESIAN_POINT('',(2.5775E1,1.83E1,-2.E1));
#443=LINE('865',#442,#441);
#444=CURVE_STYLE('',#23,POSITIVE_LENGTH_MEASURE(2.E-2),#11);
#445=PRESENTATION_STYLE_ASSIGNMENT((#444));
#446=STYLED_ITEM('',(#445),#443);
#447=DIRECTION('',(0.E0,1.E0,0.E0));
#448=VECTOR('',#447,3.66E1);
#449=CARTESIAN_POINT('',(4.035E1,-1.83E1,-2.E1));
#450=LINE('723',#449,#448);
#451=CURVE_STYLE('',#23,POSITIVE_LENGTH_MEASURE(2.E-2),#11);
#452=PRESENTATION_STYLE_ASSIGNMENT((#451));
#453=STYLED_ITEM('',(#452),#450);
#454=DIRECTION('',(0.E0,1.E0,0.E0));
#455=VECTOR('',#454,1.2E0);
#456=CARTESIAN_POINT('',(2.5775E1,-1.95E1,-2.E1));
#457=LINE('697',#456,#455);
#458=CURVE_STYLE('',#23,POSITIVE_LENGTH_MEASURE(2.E-2),#11);
#459=PRESENTATION_STYLE_ASSIGNMENT((#458));
#460=STYLED_ITEM('',(#459),#457);
#461=DIRECTION('',(0.E0,-1.E0,0.E0));
#462=VECTOR('',#461,3.9E1);
#463=CARTESIAN_POINT('',(4.155E1,1.95E1,-2.E1));
#464=LINE('705',#463,#462);
#465=CURVE_STYLE('',#23,POSITIVE_LENGTH_MEASURE(2.E-2),#11);
#466=PRESENTATION_STYLE_ASSIGNMENT((#465));
#467=STYLED_ITEM('',(#466),#464);
#468=DIRECTION('',(0.E0,-1.E0,0.E0));
#469=VECTOR('',#468,1.2E0);
#470=CARTESIAN_POINT('',(1.5775E1,-1.83E1,-2.E1));
#471=LINE('700',#470,#469);
#472=CURVE_STYLE('',#23,POSITIVE_LENGTH_MEASURE(2.E-2),#11);
#473=PRESENTATION_STYLE_ASSIGNMENT((#472));
#474=STYLED_ITEM('',(#473),#471);
#475=DIRECTION('',(0.E0,1.E0,0.E0));
#476=VECTOR('',#475,1.2E0);
#477=CARTESIAN_POINT('',(-1.5775E1,-1.95E1,-2.E1));
#478=LINE('827',#477,#476);
#479=CURVE_STYLE('',#23,POSITIVE_LENGTH_MEASURE(2.E-2),#11);
#480=PRESENTATION_STYLE_ASSIGNMENT((#479));
#481=STYLED_ITEM('',(#480),#478);
#482=DIRECTION('',(0.E0,-1.E0,0.E0));
#483=VECTOR('',#482,1.2E0);
#484=CARTESIAN_POINT('',(1.5775E1,1.95E1,-2.E1));
#485=LINE('867',#484,#483);
#486=CURVE_STYLE('',#23,POSITIVE_LENGTH_MEASURE(2.E-2),#11);
#487=PRESENTATION_STYLE_ASSIGNMENT((#486));
#488=STYLED_ITEM('',(#487),#485);
#489=DIRECTION('',(0.E0,1.E0,0.E0));
#490=VECTOR('',#489,1.2E0);
#491=CARTESIAN_POINT('',(-1.5775E1,1.83E1,-2.E1));
#492=LINE('881',#491,#490);
#493=CURVE_STYLE('',#23,POSITIVE_LENGTH_MEASURE(2.E-2),#11);
#494=PRESENTATION_STYLE_ASSIGNMENT((#493));
#495=STYLED_ITEM('',(#494),#492);
#496=DIRECTION('',(0.E0,1.E0,0.E0));
#497=VECTOR('',#496,3.9E1);
#498=CARTESIAN_POINT('',(-4.155E1,-1.95E1,-2.E1));
#499=LINE('710',#498,#497);
#500=CURVE_STYLE('',#23,POSITIVE_LENGTH_MEASURE(2.E-2),#11);
#501=PRESENTATION_STYLE_ASSIGNMENT((#500));
#502=STYLED_ITEM('',(#501),#499);
#503=DIRECTION('',(0.E0,-1.E0,0.E0));
#504=VECTOR('',#503,1.2E0);
#505=CARTESIAN_POINT('',(-2.5775E1,-1.83E1,-2.E1));
#506=LINE('822',#505,#504);
#507=CURVE_STYLE('',#23,POSITIVE_LENGTH_MEASURE(2.E-2),#11);
#508=PRESENTATION_STYLE_ASSIGNMENT((#507));
#509=STYLED_ITEM('',(#508),#506);
#510=DIRECTION('',(0.E0,-1.E0,0.E0));
#511=VECTOR('',#510,3.66E1);
#512=CARTESIAN_POINT('',(-4.035E1,1.83E1,-2.E1));
#513=LINE('716',#512,#511);
#514=CURVE_STYLE('',#23,POSITIVE_LENGTH_MEASURE(2.E-2),#11);
#515=PRESENTATION_STYLE_ASSIGNMENT((#514));
#516=STYLED_ITEM('',(#515),#513);
#517=DIRECTION('',(0.E0,-1.E0,0.E0));
#518=VECTOR('',#517,1.2E0);
#519=CARTESIAN_POINT('',(-2.5775E1,1.95E1,-2.E1));
#520=LINE('845',#519,#518);
#521=CURVE_STYLE('',#23,POSITIVE_LENGTH_MEASURE(2.E-2),#11);
#522=PRESENTATION_STYLE_ASSIGNMENT((#521));
#523=STYLED_ITEM('',(#522),#520);
#524=DIRECTION('',(0.E0,1.E0,0.E0));
#525=VECTOR('',#524,1.2E0);
#526=CARTESIAN_POINT('',(2.5775E1,-1.95E1,-1.8E1));
#527=LINE('839',#526,#525);
#528=CURVE_STYLE('',#23,POSITIVE_LENGTH_MEASURE(2.E-2),#11);
#529=PRESENTATION_STYLE_ASSIGNMENT((#528));
#530=STYLED_ITEM('',(#529),#527);
#531=DIRECTION('',(0.E0,1.E0,0.E0));
#532=VECTOR('',#531,1.2E0);
#533=CARTESIAN_POINT('',(2.5775E1,1.83E1,-1.8E1));
#534=LINE('842',#533,#532);
#535=CURVE_STYLE('',#23,POSITIVE_LENGTH_MEASURE(2.E-2),#11);
#536=PRESENTATION_STYLE_ASSIGNMENT((#535));
#537=STYLED_ITEM('',(#536),#534);
#538=DIRECTION('',(0.E0,1.E0,0.E0));
#539=VECTOR('',#538,1.2E0);
#540=CARTESIAN_POINT('',(1.5775E1,-1.95E1,-1.8E1));
#541=LINE('841',#540,#539);
#542=CURVE_STYLE('',#23,POSITIVE_LENGTH_MEASURE(2.E-2),#11);
#543=PRESENTATION_STYLE_ASSIGNMENT((#542));
#544=STYLED_ITEM('',(#543),#541);
#545=DIRECTION('',(0.E0,-1.E0,0.E0));
#546=VECTOR('',#545,1.2E0);
#547=CARTESIAN_POINT('',(1.5775E1,1.95E1,-1.8E1));
#548=LINE('840',#547,#546);
#549=CURVE_STYLE('',#23,POSITIVE_LENGTH_MEASURE(2.E-2),#11);
#550=PRESENTATION_STYLE_ASSIGNMENT((#549));
#551=STYLED_ITEM('',(#550),#548);
#552=DIRECTION('',(-1.E0,0.E0,0.E0));
#553=VECTOR('',#552,1.E1);
#554=CARTESIAN_POINT('',(5.E0,-1.95E1,-1.8E1));
#555=LINE('802',#554,#553);
#556=CURVE_STYLE('',#23,POSITIVE_LENGTH_MEASURE(2.E-2),#11);
#557=PRESENTATION_STYLE_ASSIGNMENT((#556));
#558=STYLED_ITEM('',(#557),#555);
#559=DIRECTION('',(0.E0,0.E0,-1.E0));
#560=VECTOR('',#559,3.E0);
#561=CARTESIAN_POINT('',(5.E0,-1.95E1,-1.5E1));
#562=LINE('803',#561,#560);
#563=CURVE_STYLE('',#23,POSITIVE_LENGTH_MEASURE(2.E-2),#11);
#564=PRESENTATION_STYLE_ASSIGNMENT((#563));
#565=STYLED_ITEM('',(#564),#562);
#566=DIRECTION('',(1.E0,0.E0,0.E0));
#567=VECTOR('',#566,1.E1);
#568=CARTESIAN_POINT('',(-5.E0,-1.95E1,-1.5E1));
#569=LINE('804',#568,#567);
#570=CURVE_STYLE('',#23,POSITIVE_LENGTH_MEASURE(2.E-2),#11);
#571=PRESENTATION_STYLE_ASSIGNMENT((#570));
#572=STYLED_ITEM('',(#571),#569);
#573=DIRECTION('',(0.E0,0.E0,1.E0));
#574=VECTOR('',#573,3.E0);
#575=CARTESIAN_POINT('',(-5.E0,-1.95E1,-1.8E1));
#576=LINE('797',#575,#574);
#577=CURVE_STYLE('',#23,POSITIVE_LENGTH_MEASURE(2.E-2),#11);
#578=PRESENTATION_STYLE_ASSIGNMENT((#577));
#579=STYLED_ITEM('',(#578),#576);
#580=DIRECTION('',(0.E0,0.E0,-1.E0));
#581=VECTOR('',#580,2.E0);
#582=CARTESIAN_POINT('',(2.5775E1,-1.95E1,-1.8E1));
#583=LINE('698',#582,#581);
#584=CURVE_STYLE('',#23,POSITIVE_LENGTH_MEASURE(2.E-2),#11);
#585=PRESENTATION_STYLE_ASSIGNMENT((#584));
#586=STYLED_ITEM('',(#585),#583);
#587=DIRECTION('',(1.E0,0.E0,0.E0));
#588=VECTOR('',#587,1.E1);
#589=CARTESIAN_POINT('',(1.5775E1,-1.95E1,-1.8E1));
#590=LINE('701',#589,#588);
#591=CURVE_STYLE('',#23,POSITIVE_LENGTH_MEASURE(2.E-2),#11);
#592=PRESENTATION_STYLE_ASSIGNMENT((#591));
#593=STYLED_ITEM('',(#592),#590);
#594=DIRECTION('',(0.E0,0.E0,1.E0));
#595=VECTOR('',#594,2.E0);
#596=CARTESIAN_POINT('',(1.5775E1,-1.95E1,-2.E1));
#597=LINE('703',#596,#595);
#598=CURVE_STYLE('',#23,POSITIVE_LENGTH_MEASURE(2.E-2),#11);
#599=PRESENTATION_STYLE_ASSIGNMENT((#598));
#600=STYLED_ITEM('',(#599),#597);
#601=DIRECTION('',(1.E0,0.E0,0.E0));
#602=VECTOR('',#601,3.155E1);
#603=CARTESIAN_POINT('',(-1.5775E1,-1.95E1,-2.E1));
#604=LINE('707',#603,#602);
#605=CURVE_STYLE('',#23,POSITIVE_LENGTH_MEASURE(2.E-2),#11);
#606=PRESENTATION_STYLE_ASSIGNMENT((#605));
#607=STYLED_ITEM('',(#606),#604);
#608=DIRECTION('',(0.E0,0.E0,-1.E0));
#609=VECTOR('',#608,2.E0);
#610=CARTESIAN_POINT('',(-1.5775E1,-1.95E1,-1.8E1));
#611=LINE('833',#610,#609);
#612=CURVE_STYLE('',#23,POSITIVE_LENGTH_MEASURE(2.E-2),#11);
#613=PRESENTATION_STYLE_ASSIGNMENT((#612));
#614=STYLED_ITEM('',(#613),#611);
#615=DIRECTION('',(1.E0,0.E0,0.E0));
#616=VECTOR('',#615,1.E1);
#617=CARTESIAN_POINT('',(-2.5775E1,-1.95E1,-1.8E1));
#618=LINE('834',#617,#616);
#619=CURVE_STYLE('',#23,POSITIVE_LENGTH_MEASURE(2.E-2),#11);
#620=PRESENTATION_STYLE_ASSIGNMENT((#619));
#621=STYLED_ITEM('',(#620),#618);
#622=DIRECTION('',(0.E0,0.E0,1.E0));
#623=VECTOR('',#622,2.E0);
#624=CARTESIAN_POINT('',(-2.5775E1,-1.95E1,-2.E1));
#625=LINE('829',#624,#623);
#626=CURVE_STYLE('',#23,POSITIVE_LENGTH_MEASURE(2.E-2),#11);
#627=PRESENTATION_STYLE_ASSIGNMENT((#626));
#628=STYLED_ITEM('',(#627),#625);
#629=DIRECTION('',(1.E0,0.E0,0.E0));
#630=VECTOR('',#629,1.5775E1);
#631=CARTESIAN_POINT('',(-4.155E1,-1.95E1,-2.E1));
#632=LINE('708',#631,#630);
#633=CURVE_STYLE('',#23,POSITIVE_LENGTH_MEASURE(2.E-2),#11);
#634=PRESENTATION_STYLE_ASSIGNMENT((#633));
#635=STYLED_ITEM('',(#634),#632);
#636=DIRECTION('',(0.E0,0.E0,-1.E0));
#637=VECTOR('',#636,2.E1);
#638=CARTESIAN_POINT('',(-4.155E1,-1.95E1,0.E0));
#639=LINE('885',#638,#637);
#640=CURVE_STYLE('',#23,POSITIVE_LENGTH_MEASURE(2.E-2),#11);
#641=PRESENTATION_STYLE_ASSIGNMENT((#640));
#642=STYLED_ITEM('',(#641),#639);
#643=DIRECTION('',(-1.E0,0.E0,0.E0));
#644=VECTOR('',#643,8.31E1);
#645=CARTESIAN_POINT('',(4.155E1,-1.95E1,0.E0));
#646=LINE('714',#645,#644);
#647=CURVE_STYLE('',#23,POSITIVE_LENGTH_MEASURE(2.E-2),#11);
#648=PRESENTATION_STYLE_ASSIGNMENT((#647));
#649=STYLED_ITEM('',(#648),#646);
#650=DIRECTION('',(0.E0,0.E0,1.E0));
#651=VECTOR('',#650,2.E1);
#652=CARTESIAN_POINT('',(4.155E1,-1.95E1,-2.E1));
#653=LINE('884',#652,#651);
#654=CURVE_STYLE('',#23,POSITIVE_LENGTH_MEASURE(2.E-2),#11);
#655=PRESENTATION_STYLE_ASSIGNMENT((#654));
#656=STYLED_ITEM('',(#655),#653);
#657=DIRECTION('',(1.E0,0.E0,0.E0));
#658=VECTOR('',#657,1.5775E1);
#659=CARTESIAN_POINT('',(2.5775E1,-1.95E1,-2.E1));
#660=LINE('702',#659,#658);
#661=CURVE_STYLE('',#23,POSITIVE_LENGTH_MEASURE(2.E-2),#11);
#662=PRESENTATION_STYLE_ASSIGNMENT((#661));
#663=STYLED_ITEM('',(#662),#660);
#664=DIRECTION('',(0.E0,1.E0,0.E0));
#665=VECTOR('',#664,1.2E0);
#666=CARTESIAN_POINT('',(-1.5775E1,-1.95E1,-1.8E1));
#667=LINE('826',#666,#665);
#668=CURVE_STYLE('',#23,POSITIVE_LENGTH_MEASURE(2.E-2),#11);
#669=PRESENTATION_STYLE_ASSIGNMENT((#668));
#670=STYLED_ITEM('',(#669),#667);
#671=DIRECTION('',(0.E0,1.E0,0.E0));
#672=VECTOR('',#671,1.2E0);
#673=CARTESIAN_POINT('',(-1.5775E1,1.83E1,-1.8E1));
#674=LINE('824',#673,#672);
#675=CURVE_STYLE('',#23,POSITIVE_LENGTH_MEASURE(2.E-2),#11);
#676=PRESENTATION_STYLE_ASSIGNMENT((#675));
#677=STYLED_ITEM('',(#676),#674);
#678=DIRECTION('',(0.E0,-1.E0,0.E0));
#679=VECTOR('',#678,1.2E0);
#680=CARTESIAN_POINT('',(-2.5775E1,-1.83E1,-1.8E1));
#681=LINE('823',#680,#679);
#682=CURVE_STYLE('',#23,POSITIVE_LENGTH_MEASURE(2.E-2),#11);
#683=PRESENTATION_STYLE_ASSIGNMENT((#682));
#684=STYLED_ITEM('',(#683),#681);
#685=DIRECTION('',(0.E0,-1.E0,0.E0));
#686=VECTOR('',#685,1.2E0);
#687=CARTESIAN_POINT('',(-2.5775E1,1.95E1,-1.8E1));
#688=LINE('825',#687,#686);
#689=CURVE_STYLE('',#23,POSITIVE_LENGTH_MEASURE(2.E-2),#11);
#690=PRESENTATION_STYLE_ASSIGNMENT((#689));
#691=STYLED_ITEM('',(#690),#688);
#692=DIRECTION('',(0.E0,1.E0,0.E0));
#693=VECTOR('',#692,3.9E1);
#694=CARTESIAN_POINT('',(-4.155E1,-1.95E1,0.E0));
#695=LINE('886',#694,#693);
#696=CURVE_STYLE('',#23,POSITIVE_LENGTH_MEASURE(2.E-2),#11);
#697=PRESENTATION_STYLE_ASSIGNMENT((#696));
#698=STYLED_ITEM('',(#697),#695);
#699=DIRECTION('',(0.E0,0.E0,-1.E0));
#700=VECTOR('',#699,4.E0);
#701=CARTESIAN_POINT('',(-4.155E1,1.757793155196E1,-1.4E1));
#702=LINE('976',#701,#700);
#703=CURVE_STYLE('',#23,POSITIVE_LENGTH_MEASURE(2.E-2),#11);
#704=PRESENTATION_STYLE_ASSIGNMENT((#703));
#705=STYLED_ITEM('',(#704),#702);
#706=DIRECTION('',(0.E0,0.E0,-1.E0));
#707=VECTOR('',#706,4.E0);
#708=CARTESIAN_POINT('',(-4.155E1,7.E-1,-1.4E1));
#709=LINE('814',#708,#707);
#710=CURVE_STYLE('',#23,POSITIVE_LENGTH_MEASURE(2.E-2),#11);
#711=PRESENTATION_STYLE_ASSIGNMENT((#710));
#712=STYLED_ITEM('',(#711),#709);
#713=DIRECTION('',(-1.E0,0.E0,0.E0));
#714=VECTOR('',#713,7.15E1);
#715=CARTESIAN_POINT('',(3.575E1,-1.235E1,0.E0));
#716=LINE('739',#715,#714);
#717=CURVE_STYLE('',#23,POSITIVE_LENGTH_MEASURE(2.E-2),#11);
#718=PRESENTATION_STYLE_ASSIGNMENT((#717));
#719=STYLED_ITEM('',(#718),#716);
#720=DIRECTION('',(0.E0,-1.E0,0.E0));
#721=VECTOR('',#720,2.47E1);
#722=CARTESIAN_POINT('',(3.575E1,1.235E1,0.E0));
#723=LINE('738',#722,#721);
#724=CURVE_STYLE('',#23,POSITIVE_LENGTH_MEASURE(2.E-2),#11);
#725=PRESENTATION_STYLE_ASSIGNMENT((#724));
#726=STYLED_ITEM('',(#725),#723);
#727=DIRECTION('',(1.E0,0.E0,0.E0));
#728=VECTOR('',#727,7.15E1);
#729=CARTESIAN_POINT('',(-3.575E1,1.235E1,0.E0));
#730=LINE('737',#729,#728);
#731=CURVE_STYLE('',#23,POSITIVE_LENGTH_MEASURE(2.E-2),#11);
#732=PRESENTATION_STYLE_ASSIGNMENT((#731));
#733=STYLED_ITEM('',(#732),#730);
#734=DIRECTION('',(0.E0,1.E0,0.E0));
#735=VECTOR('',#734,2.47E1);
#736=CARTESIAN_POINT('',(-3.575E1,-1.235E1,0.E0));
#737=LINE('735',#736,#735);
#738=CURVE_STYLE('',#23,POSITIVE_LENGTH_MEASURE(2.E-2),#11);
#739=PRESENTATION_STYLE_ASSIGNMENT((#738));
#740=STYLED_ITEM('',(#739),#737);
#741=DIRECTION('',(0.E0,0.E0,1.E0));
#742=VECTOR('',#741,1.2E0);
#743=CARTESIAN_POINT('',(-3.575E1,-1.235E1,-1.2E0));
#744=LINE('732',#743,#742);
#745=CURVE_STYLE('',#23,POSITIVE_LENGTH_MEASURE(2.E-2),#11);
#746=PRESENTATION_STYLE_ASSIGNMENT((#745));
#747=STYLED_ITEM('',(#746),#744);
#748=DIRECTION('',(0.E0,0.E0,-1.E0));
#749=VECTOR('',#748,1.2E0);
#750=CARTESIAN_POINT('',(3.575E1,-1.235E1,0.E0));
#751=LINE('733',#750,#749);
#752=CURVE_STYLE('',#23,POSITIVE_LENGTH_MEASURE(2.E-2),#11);
#753=PRESENTATION_STYLE_ASSIGNMENT((#752));
#754=STYLED_ITEM('',(#753),#751);
#755=DIRECTION('',(0.E0,0.E0,1.E0));
#756=VECTOR('',#755,1.2E0);
#757=CARTESIAN_POINT('',(-3.575E1,1.235E1,-1.2E0));
#758=LINE('736',#757,#756);
#759=CURVE_STYLE('',#23,POSITIVE_LENGTH_MEASURE(2.E-2),#11);
#760=PRESENTATION_STYLE_ASSIGNMENT((#759));
#761=STYLED_ITEM('',(#760),#758);
#762=DIRECTION('',(0.E0,0.E0,1.E0));
#763=VECTOR('',#762,1.2E0);
#764=CARTESIAN_POINT('',(3.575E1,1.235E1,-1.2E0));
#765=LINE('734',#764,#763);
#766=CURVE_STYLE('',#23,POSITIVE_LENGTH_MEASURE(2.E-2),#11);
#767=PRESENTATION_STYLE_ASSIGNMENT((#766));
#768=STYLED_ITEM('',(#767),#765);
#769=DIRECTION('',(0.E0,-1.E0,0.E0));
#770=VECTOR('',#769,2.47E1);
#771=CARTESIAN_POINT('',(-3.575E1,1.235E1,-1.2E0));
#772=LINE('880',#771,#770);
#773=CURVE_STYLE('',#23,POSITIVE_LENGTH_MEASURE(2.E-2),#11);
#774=PRESENTATION_STYLE_ASSIGNMENT((#773));
#775=STYLED_ITEM('',(#774),#772);
#776=DIRECTION('',(-1.E0,0.E0,0.E0));
#777=VECTOR('',#776,7.15E1);
#778=CARTESIAN_POINT('',(3.575E1,1.235E1,-1.2E0));
#779=LINE('882',#778,#777);
#780=CURVE_STYLE('',#23,POSITIVE_LENGTH_MEASURE(2.E-2),#11);
#781=PRESENTATION_STYLE_ASSIGNMENT((#780));
#782=STYLED_ITEM('',(#781),#779);
#783=DIRECTION('',(0.E0,1.E0,0.E0));
#784=VECTOR('',#783,2.47E1);
#785=CARTESIAN_POINT('',(3.575E1,-1.235E1,-1.2E0));
#786=LINE('879',#785,#784);
#787=CURVE_STYLE('',#23,POSITIVE_LENGTH_MEASURE(2.E-2),#11);
#788=PRESENTATION_STYLE_ASSIGNMENT((#787));
#789=STYLED_ITEM('',(#788),#786);
#790=DIRECTION('',(1.E0,0.E0,0.E0));
#791=VECTOR('',#790,7.15E1);
#792=CARTESIAN_POINT('',(-3.575E1,-1.235E1,-1.2E0));
#793=LINE('878',#792,#791);
#794=CURVE_STYLE('',#23,POSITIVE_LENGTH_MEASURE(2.E-2),#11);
#795=PRESENTATION_STYLE_ASSIGNMENT((#794));
#796=STYLED_ITEM('',(#795),#793);
#797=DIRECTION('',(1.E0,0.E0,0.E0));
#798=VECTOR('',#797,2.35E0);
#799=CARTESIAN_POINT('',(3.75E1,1.27E1,-1.2E0));
#800=LINE('762',#799,#798);
#801=CURVE_STYLE('',#23,POSITIVE_LENGTH_MEASURE(2.E-2),#11);
#802=PRESENTATION_STYLE_ASSIGNMENT((#801));
#803=STYLED_ITEM('',(#802),#800);
#804=CARTESIAN_POINT('',(3.75E1,1.55E1,-1.2E0));
#805=DIRECTION('',(0.E0,0.E0,1.E0));
#806=DIRECTION('',(-1.E0,2.030122102172E-14,0.E0));
#807=AXIS2_PLACEMENT_3D('',#804,#805,#806);
#809=CURVE_STYLE('',#23,POSITIVE_LENGTH_MEASURE(2.E-2),#11);
#810=PRESENTATION_STYLE_ASSIGNMENT((#809));
#811=STYLED_ITEM('',(#810),#808);
#812=DIRECTION('',(0.E0,-1.E0,0.E0));
#813=VECTOR('',#812,2.3E0);
#814=CARTESIAN_POINT('',(3.47E1,1.78E1,-1.2E0));
#815=LINE('764',#814,#813);
#816=CURVE_STYLE('',#23,POSITIVE_LENGTH_MEASURE(2.E-2),#11);
#817=PRESENTATION_STYLE_ASSIGNMENT((#816));
#818=STYLED_ITEM('',(#817),#815);
#819=CARTESIAN_POINT('',(3.42E1,1.78E1,-1.2E0));
#820=DIRECTION('',(0.E0,0.E0,-1.E0));
#821=DIRECTION('',(0.E0,1.E0,0.E0));
#822=AXIS2_PLACEMENT_3D('',#819,#820,#821);
#824=CURVE_STYLE('',#23,POSITIVE_LENGTH_MEASURE(2.E-2),#11);
#825=PRESENTATION_STYLE_ASSIGNMENT((#824));
#826=STYLED_ITEM('',(#825),#823);
#827=CARTESIAN_POINT('',(-3.42E1,1.78E1,-1.2E0));
#828=DIRECTION('',(0.E0,0.E0,-1.E0));
#829=DIRECTION('',(-1.E0,7.105427357601E-14,0.E0));
#830=AXIS2_PLACEMENT_3D('',#827,#828,#829);
#832=CURVE_STYLE('',#23,POSITIVE_LENGTH_MEASURE(2.E-2),#11);
#833=PRESENTATION_STYLE_ASSIGNMENT((#832));
#834=STYLED_ITEM('',(#833),#831);
#835=DIRECTION('',(0.E0,1.E0,0.E0));
#836=VECTOR('',#835,2.3E0);
#837=CARTESIAN_POINT('',(-3.47E1,1.55E1,-1.2E0));
#838=LINE('751',#837,#836);
#839=CURVE_STYLE('',#23,POSITIVE_LENGTH_MEASURE(2.E-2),#11);
#840=PRESENTATION_STYLE_ASSIGNMENT((#839));
#841=STYLED_ITEM('',(#840),#838);
#842=CARTESIAN_POINT('',(-3.75E1,1.55E1,-1.2E0));
#843=DIRECTION('',(0.E0,0.E0,1.E0));
#844=DIRECTION('',(1.522591576629E-14,-1.E0,0.E0));
#845=AXIS2_PLACEMENT_3D('',#842,#843,#844);
#847=CURVE_STYLE('',#23,POSITIVE_LENGTH_MEASURE(2.E-2),#11);
#848=PRESENTATION_STYLE_ASSIGNMENT((#847));
#849=STYLED_ITEM('',(#848),#846);
#850=DIRECTION('',(1.E0,0.E0,0.E0));
#851=VECTOR('',#850,2.35E0);
#852=CARTESIAN_POINT('',(-3.985E1,1.27E1,-1.2E0));
#853=LINE('757',#852,#851);
#854=CURVE_STYLE('',#23,POSITIVE_LENGTH_MEASURE(2.E-2),#11);
#855=PRESENTATION_STYLE_ASSIGNMENT((#854));
#856=STYLED_ITEM('',(#855),#853);
#857=CARTESIAN_POINT('',(-3.985E1,1.22E1,-1.2E0));
#858=DIRECTION('',(0.E0,0.E0,-1.E0));
#859=DIRECTION('',(-1.E0,0.E0,0.E0));
#860=AXIS2_PLACEMENT_3D('',#857,#858,#859);
#862=CURVE_STYLE('',#23,POSITIVE_LENGTH_MEASURE(2.E-2),#11);
#863=PRESENTATION_STYLE_ASSIGNMENT((#862));
#864=STYLED_ITEM('',(#863),#861);
#865=CARTESIAN_POINT('',(-3.985E1,-1.22E1,-1.2E0));
#866=DIRECTION('',(0.E0,0.E0,-1.E0));
#867=DIRECTION('',(0.E0,-1.E0,0.E0));
#868=AXIS2_PLACEMENT_3D('',#865,#866,#867);
#870=CURVE_STYLE('',#23,POSITIVE_LENGTH_MEASURE(2.E-2),#11);
#871=PRESENTATION_STYLE_ASSIGNMENT((#870));
#872=STYLED_ITEM('',(#871),#869);
#873=DIRECTION('',(-1.E0,0.E0,0.E0));
#874=VECTOR('',#873,2.35E0);
#875=CARTESIAN_POINT('',(-3.75E1,-1.27E1,-1.2E0));
#876=LINE('741',#875,#874);
#877=CURVE_STYLE('',#23,POSITIVE_LENGTH_MEASURE(2.E-2),#11);
#878=PRESENTATION_STYLE_ASSIGNMENT((#877));
#879=STYLED_ITEM('',(#878),#876);
#880=CARTESIAN_POINT('',(-3.75E1,-1.55E1,-1.2E0));
#881=DIRECTION('',(0.E0,0.E0,1.E0));
#882=DIRECTION('',(1.E0,-2.030122102172E-14,0.E0));
#883=AXIS2_PLACEMENT_3D('',#880,#881,#882);
#885=CURVE_STYLE('',#23,POSITIVE_LENGTH_MEASURE(2.E-2),#11);
#886=PRESENTATION_STYLE_ASSIGNMENT((#885));
#887=STYLED_ITEM('',(#886),#884);
#888=DIRECTION('',(0.E0,1.E0,0.E0));
#889=VECTOR('',#888,2.3E0);
#890=CARTESIAN_POINT('',(-3.47E1,-1.78E1,-1.2E0));
#891=LINE('742',#890,#889);
#892=CURVE_STYLE('',#23,POSITIVE_LENGTH_MEASURE(2.E-2),#11);
#893=PRESENTATION_STYLE_ASSIGNMENT((#892));
#894=STYLED_ITEM('',(#893),#891);
#895=CARTESIAN_POINT('',(-3.42E1,-1.78E1,-1.2E0));
#896=DIRECTION('',(0.E0,0.E0,-1.E0));
#897=DIRECTION('',(-2.842170943040E-14,-1.E0,0.E0));
#898=AXIS2_PLACEMENT_3D('',#895,#896,#897);
#900=CURVE_STYLE('',#23,POSITIVE_LENGTH_MEASURE(2.E-2),#11);
#901=PRESENTATION_STYLE_ASSIGNMENT((#900));
#902=STYLED_ITEM('',(#901),#899);
#903=CARTESIAN_POINT('',(3.42E1,-1.78E1,-1.2E0));
#904=DIRECTION('',(0.E0,0.E0,-1.E0));
#905=DIRECTION('',(1.E0,0.E0,0.E0));
#906=AXIS2_PLACEMENT_3D('',#903,#904,#905);
#908=CURVE_STYLE('',#23,POSITIVE_LENGTH_MEASURE(2.E-2),#11);
#909=PRESENTATION_STYLE_ASSIGNMENT((#908));
#910=STYLED_ITEM('',(#909),#907);
#911=DIRECTION('',(0.E0,-1.E0,0.E0));
#912=VECTOR('',#911,2.3E0);
#913=CARTESIAN_POINT('',(3.47E1,-1.55E1,-1.2E0));
#914=LINE('771',#913,#912);
#915=CURVE_STYLE('',#23,POSITIVE_LENGTH_MEASURE(2.E-2),#11);
#916=PRESENTATION_STYLE_ASSIGNMENT((#915));
#917=STYLED_ITEM('',(#916),#914);
#918=CARTESIAN_POINT('',(3.75E1,-1.55E1,-1.2E0));
#919=DIRECTION('',(0.E0,0.E0,1.E0));
#920=DIRECTION('',(-1.522591576629E-14,1.E0,0.E0));
#921=AXIS2_PLACEMENT_3D('',#918,#919,#920);
#923=CURVE_STYLE('',#23,POSITIVE_LENGTH_MEASURE(2.E-2),#11);
#924=PRESENTATION_STYLE_ASSIGNMENT((#923));
#925=STYLED_ITEM('',(#924),#922);
#926=DIRECTION('',(-1.E0,0.E0,0.E0));
#927=VECTOR('',#926,2.35E0);
#928=CARTESIAN_POINT('',(3.985E1,-1.27E1,-1.2E0));
#929=LINE('777',#928,#927);
#930=CURVE_STYLE('',#23,POSITIVE_LENGTH_MEASURE(2.E-2),#11);
#931=PRESENTATION_STYLE_ASSIGNMENT((#930));
#932=STYLED_ITEM('',(#931),#929);
#933=CARTESIAN_POINT('',(3.985E1,-1.22E1,-1.2E0));
#934=DIRECTION('',(0.E0,0.E0,-1.E0));
#935=DIRECTION('',(1.E0,0.E0,0.E0));
#936=AXIS2_PLACEMENT_3D('',#933,#934,#935);
#938=CURVE_STYLE('',#23,POSITIVE_LENGTH_MEASURE(2.E-2),#11);
#939=PRESENTATION_STYLE_ASSIGNMENT((#938));
#940=STYLED_ITEM('',(#939),#937);
#941=CARTESIAN_POINT('',(3.985E1,1.22E1,-1.2E0));
#942=DIRECTION('',(0.E0,0.E0,-1.E0));
#943=DIRECTION('',(-1.421085471520E-14,1.E0,0.E0));
#944=AXIS2_PLACEMENT_3D('',#941,#942,#943);
#946=CURVE_STYLE('',#23,POSITIVE_LENGTH_MEASURE(2.E-2),#11);
#947=PRESENTATION_STYLE_ASSIGNMENT((#946));
#948=STYLED_ITEM('',(#947),#945);
#949=DIRECTION('',(1.E0,0.E0,0.E0));
#950=VECTOR('',#949,2.35E0);
#951=CARTESIAN_POINT('',(3.75E1,1.27E1,-7.E0));
#952=LINE('769',#951,#950);
#953=CURVE_STYLE('',#23,POSITIVE_LENGTH_MEASURE(2.E-2),#11);
#954=PRESENTATION_STYLE_ASSIGNMENT((#953));
#955=STYLED_ITEM('',(#954),#952);
#956=CARTESIAN_POINT('',(3.42E1,1.78E1,-7.E0));
#957=DIRECTION('',(0.E0,0.E0,1.E0));
#958=DIRECTION('',(1.E0,0.E0,0.E0));
#959=AXIS2_PLACEMENT_3D('',#956,#957,#958);
#961=CURVE_STYLE('',#23,POSITIVE_LENGTH_MEASURE(2.E-2),#11);
#962=PRESENTATION_STYLE_ASSIGNMENT((#961));
#963=STYLED_ITEM('',(#962),#960);
#964=CARTESIAN_POINT('',(3.75E1,1.55E1,-7.E0));
#965=DIRECTION('',(0.E0,0.E0,-1.E0));
#966=DIRECTION('',(-1.522591576629E-14,-1.E0,0.E0));
#967=AXIS2_PLACEMENT_3D('',#964,#965,#966);
#969=CURVE_STYLE('',#23,POSITIVE_LENGTH_MEASURE(2.E-2),#11);
#970=PRESENTATION_STYLE_ASSIGNMENT((#969));
#971=STYLED_ITEM('',(#970),#968);
#972=CARTESIAN_POINT('',(3.985E1,1.22E1,-7.E0));
#973=DIRECTION('',(0.E0,0.E0,1.E0));
#974=DIRECTION('',(1.E0,-2.557953848736E-13,0.E0));
#975=AXIS2_PLACEMENT_3D('',#972,#973,#974);
#977=CURVE_STYLE('',#23,POSITIVE_LENGTH_MEASURE(2.E-2),#11);
#978=PRESENTATION_STYLE_ASSIGNMENT((#977));
#979=STYLED_ITEM('',(#978),#976);
#980=DIRECTION('',(0.E0,0.E0,1.E0));
#981=VECTOR('',#980,5.8E0);
#982=CARTESIAN_POINT('',(3.47E1,1.78E1,-7.E0));
#983=LINE('874',#982,#981);
#984=CURVE_STYLE('',#23,POSITIVE_LENGTH_MEASURE(2.E-2),#11);
#985=PRESENTATION_STYLE_ASSIGNMENT((#984));
#986=STYLED_ITEM('',(#985),#983);
#987=DIRECTION('',(0.E0,0.E0,-1.E0));
#988=VECTOR('',#987,5.8E0);
#989=CARTESIAN_POINT('',(3.42E1,1.83E1,-1.2E0));
#990=LINE('876',#989,#988);
#991=CURVE_STYLE('',#23,POSITIVE_LENGTH_MEASURE(2.E-2),#11);
#992=PRESENTATION_STYLE_ASSIGNMENT((#991));
#993=STYLED_ITEM('',(#992),#990);
#994=DIRECTION('',(0.E0,-1.E0,0.E0));
#995=VECTOR('',#994,2.3E0);
#996=CARTESIAN_POINT('',(3.47E1,1.78E1,-7.E0));
#997=LINE('766',#996,#995);
#998=CURVE_STYLE('',#23,POSITIVE_LENGTH_MEASURE(2.E-2),#11);
#999=PRESENTATION_STYLE_ASSIGNMENT((#998));
#1000=STYLED_ITEM('',(#999),#997);
#1001=DIRECTION('',(0.E0,0.E0,1.E0));
#1002=VECTOR('',#1001,5.8E0);
#1003=CARTESIAN_POINT('',(3.75E1,1.27E1,-7.E0));
#1004=LINE('767',#1003,#1002);
#1005=CURVE_STYLE('',#23,POSITIVE_LENGTH_MEASURE(2.E-2),#11);
#1006=PRESENTATION_STYLE_ASSIGNMENT((#1005));
#1007=STYLED_ITEM('',(#1006),#1004);
#1008=DIRECTION('',(0.E0,0.E0,-1.E0));
#1009=VECTOR('',#1008,5.8E0);
#1010=CARTESIAN_POINT('',(3.47E1,1.55E1,-1.2E0));
#1011=LINE('765',#1010,#1009);
#1012=CURVE_STYLE('',#23,POSITIVE_LENGTH_MEASURE(2.E-2),#11);
#1013=PRESENTATION_STYLE_ASSIGNMENT((#1012));
#1014=STYLED_ITEM('',(#1013),#1011);
#1015=DIRECTION('',(0.E0,0.E0,1.E0));
#1016=VECTOR('',#1015,5.8E0);
#1017=CARTESIAN_POINT('',(4.035E1,1.22E1,-7.E0));
#1018=LINE('864',#1017,#1016);
#1019=CURVE_STYLE('',#23,POSITIVE_LENGTH_MEASURE(2.E-2),#11);
#1020=PRESENTATION_STYLE_ASSIGNMENT((#1019));
#1021=STYLED_ITEM('',(#1020),#1018);
#1022=DIRECTION('',(0.E0,0.E0,-1.E0));
#1023=VECTOR('',#1022,5.8E0);
#1024=CARTESIAN_POINT('',(3.985E1,1.27E1,-1.2E0));
#1025=LINE('866',#1024,#1023);
#1026=CURVE_STYLE('',#23,POSITIVE_LENGTH_MEASURE(2.E-2),#11);
#1027=PRESENTATION_STYLE_ASSIGNMENT((#1026));
#1028=STYLED_ITEM('',(#1027),#1025);
#1029=DIRECTION('',(0.E0,1.E0,0.E0));
#1030=VECTOR('',#1029,2.44E1);
#1031=CARTESIAN_POINT('',(4.035E1,-1.22E1,-1.2E0));
#1032=LINE('727',#1031,#1030);
#1033=CURVE_STYLE('',#23,POSITIVE_LENGTH_MEASURE(2.E-2),#11);
#1034=PRESENTATION_STYLE_ASSIGNMENT((#1033));
#1035=STYLED_ITEM('',(#1034),#1032);
#1036=DIRECTION('',(0.E0,1.E0,0.E0));
#1037=VECTOR('',#1036,6.1E0);
#1038=CARTESIAN_POINT('',(4.035E1,-1.83E1,-7.E0));
#1039=LINE('778',#1038,#1037);
#1040=CURVE_STYLE('',#23,POSITIVE_LENGTH_MEASURE(2.E-2),#11);
#1041=PRESENTATION_STYLE_ASSIGNMENT((#1040));
#1042=STYLED_ITEM('',(#1041),#1039);
#1043=DIRECTION('',(0.E0,1.E0,0.E0));
#1044=VECTOR('',#1043,6.1E0);
#1045=CARTESIAN_POINT('',(4.035E1,1.22E1,-7.E0));
#1046=LINE('768',#1045,#1044);
#1047=CURVE_STYLE('',#23,POSITIVE_LENGTH_MEASURE(2.E-2),#11);
#1048=PRESENTATION_STYLE_ASSIGNMENT((#1047));
#1049=STYLED_ITEM('',(#1048),#1046);
#1050=DIRECTION('',(0.E0,0.E0,1.E0));
#1051=VECTOR('',#1050,5.8E0);
#1052=CARTESIAN_POINT('',(3.985E1,-1.27E1,-7.E0));
#1053=LINE('857',#1052,#1051);
#1054=CURVE_STYLE('',#23,POSITIVE_LENGTH_MEASURE(2.E-2),#11);
#1055=PRESENTATION_STYLE_ASSIGNMENT((#1054));
#1056=STYLED_ITEM('',(#1055),#1053);
#1057=DIRECTION('',(0.E0,0.E0,-1.E0));
#1058=VECTOR('',#1057,5.8E0);
#1059=CARTESIAN_POINT('',(4.035E1,-1.22E1,-1.2E0));
#1060=LINE('862',#1059,#1058);
#1061=CURVE_STYLE('',#23,POSITIVE_LENGTH_MEASURE(2.E-2),#11);
#1062=PRESENTATION_STYLE_ASSIGNMENT((#1061));
#1063=STYLED_ITEM('',(#1062),#1060);
#1064=DIRECTION('',(-1.E0,0.E0,0.E0));
#1065=VECTOR('',#1064,2.35E0);
#1066=CARTESIAN_POINT('',(3.985E1,-1.27E1,-7.E0));
#1067=LINE('779',#1066,#1065);
#1068=CURVE_STYLE('',#23,POSITIVE_LENGTH_MEASURE(2.E-2),#11);
#1069=PRESENTATION_STYLE_ASSIGNMENT((#1068));
#1070=STYLED_ITEM('',(#1069),#1067);
#1071=DIRECTION('',(0.E0,0.E0,1.E0));
#1072=VECTOR('',#1071,5.8E0);
#1073=CARTESIAN_POINT('',(3.47E1,-1.55E1,-7.E0));
#1074=LINE('776',#1073,#1072);
#1075=CURVE_STYLE('',#23,POSITIVE_LENGTH_MEASURE(2.E-2),#11);
#1076=PRESENTATION_STYLE_ASSIGNMENT((#1075));
#1077=STYLED_ITEM('',(#1076),#1074);
#1078=DIRECTION('',(0.E0,0.E0,-1.E0));
#1079=VECTOR('',#1078,5.8E0);
#1080=CARTESIAN_POINT('',(3.75E1,-1.27E1,-1.2E0));
#1081=LINE('774',#1080,#1079);
#1082=CURVE_STYLE('',#23,POSITIVE_LENGTH_MEASURE(2.E-2),#11);
#1083=PRESENTATION_STYLE_ASSIGNMENT((#1082));
#1084=STYLED_ITEM('',(#1083),#1081);
#1085=DIRECTION('',(0.E0,-1.E0,0.E0));
#1086=VECTOR('',#1085,2.3E0);
#1087=CARTESIAN_POINT('',(3.47E1,-1.55E1,-7.E0));
#1088=LINE('775',#1087,#1086);
#1089=CURVE_STYLE('',#23,POSITIVE_LENGTH_MEASURE(2.E-2),#11);
#1090=PRESENTATION_STYLE_ASSIGNMENT((#1089));
#1091=STYLED_ITEM('',(#1090),#1088);
#1092=CARTESIAN_POINT('',(3.985E1,-1.22E1,-7.E0));
#1093=DIRECTION('',(0.E0,0.E0,1.E0));
#1094=DIRECTION('',(0.E0,-1.E0,0.E0));
#1095=AXIS2_PLACEMENT_3D('',#1092,#1093,#1094);
#1097=CURVE_STYLE('',#23,POSITIVE_LENGTH_MEASURE(2.E-2),#11);
#1098=PRESENTATION_STYLE_ASSIGNMENT((#1097));
#1099=STYLED_ITEM('',(#1098),#1096);
#1100=CARTESIAN_POINT('',(3.75E1,-1.55E1,-7.E0));
#1101=DIRECTION('',(0.E0,0.E0,-1.E0));
#1102=DIRECTION('',(-1.E0,-1.903239470786E-14,0.E0));
#1103=AXIS2_PLACEMENT_3D('',#1100,#1101,#1102);
#1105=CURVE_STYLE('',#23,POSITIVE_LENGTH_MEASURE(2.E-2),#11);
#1106=PRESENTATION_STYLE_ASSIGNMENT((#1105));
#1107=STYLED_ITEM('',(#1106),#1104);
#1108=CARTESIAN_POINT('',(3.42E1,-1.78E1,-7.E0));
#1109=DIRECTION('',(0.E0,0.E0,1.E0));
#1110=DIRECTION('',(7.105427357601E-14,-1.E0,0.E0));
#1111=AXIS2_PLACEMENT_3D('',#1108,#1109,#1110);
#1113=CURVE_STYLE('',#23,POSITIVE_LENGTH_MEASURE(2.E-2),#11);
#1114=PRESENTATION_STYLE_ASSIGNMENT((#1113));
#1115=STYLED_ITEM('',(#1114),#1112);
#1116=DIRECTION('',(0.E0,0.E0,1.E0));
#1117=VECTOR('',#1116,5.8E0);
#1118=CARTESIAN_POINT('',(3.42E1,-1.83E1,-7.E0));
#1119=LINE('855',#1118,#1117);
#1120=CURVE_STYLE('',#23,POSITIVE_LENGTH_MEASURE(2.E-2),#11);
#1121=PRESENTATION_STYLE_ASSIGNMENT((#1120));
#1122=STYLED_ITEM('',(#1121),#1119);
#1123=DIRECTION('',(0.E0,0.E0,-1.E0));
#1124=VECTOR('',#1123,5.8E0);
#1125=CARTESIAN_POINT('',(3.47E1,-1.78E1,-1.2E0));
#1126=LINE('858',#1125,#1124);
#1127=CURVE_STYLE('',#23,POSITIVE_LENGTH_MEASURE(2.E-2),#11);
#1128=PRESENTATION_STYLE_ASSIGNMENT((#1127));
#1129=STYLED_ITEM('',(#1128),#1126);
#1130=DIRECTION('',(0.E0,0.E0,1.E0));
#1131=VECTOR('',#1130,5.8E0);
#1132=CARTESIAN_POINT('',(-3.42E1,1.83E1,-7.E0));
#1133=LINE('875',#1132,#1131);
#1134=CURVE_STYLE('',#23,POSITIVE_LENGTH_MEASURE(2.E-2),#11);
#1135=PRESENTATION_STYLE_ASSIGNMENT((#1134));
#1136=STYLED_ITEM('',(#1135),#1133);
#1137=DIRECTION('',(0.E0,0.E0,-1.E0));
#1138=VECTOR('',#1137,5.8E0);
#1139=CARTESIAN_POINT('',(-3.47E1,1.78E1,-1.2E0));
#1140=LINE('877',#1139,#1138);
#1141=CURVE_STYLE('',#23,POSITIVE_LENGTH_MEASURE(2.E-2),#11);
#1142=PRESENTATION_STYLE_ASSIGNMENT((#1141));
#1143=STYLED_ITEM('',(#1142),#1140);
#1144=CARTESIAN_POINT('',(-3.985E1,1.22E1,-7.E0));
#1145=DIRECTION('',(0.E0,0.E0,1.E0));
#1146=DIRECTION('',(0.E0,1.E0,0.E0));
#1147=AXIS2_PLACEMENT_3D('',#1144,#1145,#1146);
#1149=CURVE_STYLE('',#23,POSITIVE_LENGTH_MEASURE(2.E-2),#11);
#1150=PRESENTATION_STYLE_ASSIGNMENT((#1149));
#1151=STYLED_ITEM('',(#1150),#1148);
#1152=CARTESIAN_POINT('',(-3.75E1,1.55E1,-7.E0));
#1153=DIRECTION('',(0.E0,0.E0,-1.E0));
#1154=DIRECTION('',(1.E0,1.903239470786E-14,0.E0));
#1155=AXIS2_PLACEMENT_3D('',#1152,#1153,#1154);
#1157=CURVE_STYLE('',#23,POSITIVE_LENGTH_MEASURE(2.E-2),#11);
#1158=PRESENTATION_STYLE_ASSIGNMENT((#1157));
#1159=STYLED_ITEM('',(#1158),#1156);
#1160=CARTESIAN_POINT('',(-3.42E1,1.78E1,-7.E0));
#1161=DIRECTION('',(0.E0,0.E0,1.E0));
#1162=DIRECTION('',(-9.947598300641E-14,1.E0,0.E0));
#1163=AXIS2_PLACEMENT_3D('',#1160,#1161,#1162);
#1165=CURVE_STYLE('',#23,POSITIVE_LENGTH_MEASURE(2.E-2),#11);
#1166=PRESENTATION_STYLE_ASSIGNMENT((#1165));
#1167=STYLED_ITEM('',(#1166),#1164);
#1168=DIRECTION('',(0.E0,-1.E0,0.E0));
#1169=VECTOR('',#1168,6.1E0);
#1170=CARTESIAN_POINT('',(-4.035E1,1.83E1,-7.E0));
#1171=LINE('758',#1170,#1169);
#1172=CURVE_STYLE('',#23,POSITIVE_LENGTH_MEASURE(2.E-2),#11);
#1173=PRESENTATION_STYLE_ASSIGNMENT((#1172));
#1174=STYLED_ITEM('',(#1173),#1171);
#1175=DIRECTION('',(0.E0,-1.E0,0.E0));
#1176=VECTOR('',#1175,6.1E0);
#1177=CARTESIAN_POINT('',(-4.035E1,-1.22E1,-7.E0));
#1178=LINE('747',#1177,#1176);
#1179=CURVE_STYLE('',#23,POSITIVE_LENGTH_MEASURE(2.E-2),#11);
#1180=PRESENTATION_STYLE_ASSIGNMENT((#1179));
#1181=STYLED_ITEM('',(#1180),#1178);
#1182=DIRECTION('',(0.E0,-1.E0,0.E0));
#1183=VECTOR('',#1182,2.44E1);
#1184=CARTESIAN_POINT('',(-4.035E1,1.22E1,-1.2E0));
#1185=LINE('726',#1184,#1183);
#1186=CURVE_STYLE('',#23,POSITIVE_LENGTH_MEASURE(2.E-2),#11);
#1187=PRESENTATION_STYLE_ASSIGNMENT((#1186));
#1188=STYLED_ITEM('',(#1187),#1185);
#1189=DIRECTION('',(0.E0,0.E0,1.E0));
#1190=VECTOR('',#1189,4.E0);
#1191=CARTESIAN_POINT('',(-4.035E1,7.E-1,-1.8E1));
#1192=LINE('807',#1191,#1190);
#1193=CURVE_STYLE('',#23,POSITIVE_LENGTH_MEASURE(2.E-2),#11);
#1194=PRESENTATION_STYLE_ASSIGNMENT((#1193));
#1195=STYLED_ITEM('',(#1194),#1192);
#1196=DIRECTION('',(0.E0,0.E0,-1.E0));
#1197=VECTOR('',#1196,4.E0);
#1198=CARTESIAN_POINT('',(-4.035E1,1.757793155196E1,-1.4E1));
#1199=LINE('973',#1198,#1197);
#1200=CURVE_STYLE('',#23,POSITIVE_LENGTH_MEASURE(2.E-2),#11);
#1201=PRESENTATION_STYLE_ASSIGNMENT((#1200));
#1202=STYLED_ITEM('',(#1201),#1199);
#1203=CARTESIAN_POINT('',(-3.42E1,-1.78E1,-7.E0));
#1204=DIRECTION('',(0.E0,0.E0,1.E0));
#1205=DIRECTION('',(-1.E0,0.E0,0.E0));
#1206=AXIS2_PLACEMENT_3D('',#1203,#1204,#1205);
#1208=CURVE_STYLE('',#23,POSITIVE_LENGTH_MEASURE(2.E-2),#11);
#1209=PRESENTATION_STYLE_ASSIGNMENT((#1208));
#1210=STYLED_ITEM('',(#1209),#1207);
#1211=CARTESIAN_POINT('',(-3.75E1,-1.55E1,-7.E0));
#1212=DIRECTION('',(0.E0,0.E0,-1.E0));
#1213=DIRECTION('',(1.522591576629E-14,1.E0,0.E0));
#1214=AXIS2_PLACEMENT_3D('',#1211,#1212,#1213);
#1216=CURVE_STYLE('',#23,POSITIVE_LENGTH_MEASURE(2.E-2),#11);
#1217=PRESENTATION_STYLE_ASSIGNMENT((#1216));
#1218=STYLED_ITEM('',(#1217),#1215);
#1219=CARTESIAN_POINT('',(-3.985E1,-1.22E1,-7.E0));
#1220=DIRECTION('',(0.E0,0.E0,1.E0));
#1221=DIRECTION('',(-1.E0,-2.486899575160E-14,0.E0));
#1222=AXIS2_PLACEMENT_3D('',#1219,#1220,#1221);
#1224=CURVE_STYLE('',#23,POSITIVE_LENGTH_MEASURE(2.E-2),#11);
#1225=PRESENTATION_STYLE_ASSIGNMENT((#1224));
#1226=STYLED_ITEM('',(#1225),#1223);
#1227=DIRECTION('',(0.E0,0.E0,1.E0));
#1228=VECTOR('',#1227,5.8E0);
#1229=CARTESIAN_POINT('',(-3.47E1,-1.78E1,-7.E0));
#1230=LINE('853',#1229,#1228);
#1231=CURVE_STYLE('',#23,POSITIVE_LENGTH_MEASURE(2.E-2),#11);
#1232=PRESENTATION_STYLE_ASSIGNMENT((#1231));
#1233=STYLED_ITEM('',(#1232),#1230);
#1234=DIRECTION('',(0.E0,0.E0,-1.E0));
#1235=VECTOR('',#1234,5.8E0);
#1236=CARTESIAN_POINT('',(-3.42E1,-1.83E1,-1.2E0));
#1237=LINE('856',#1236,#1235);
#1238=CURVE_STYLE('',#23,POSITIVE_LENGTH_MEASURE(2.E-2),#11);
#1239=PRESENTATION_STYLE_ASSIGNMENT((#1238));
#1240=STYLED_ITEM('',(#1239),#1237);
#1241=DIRECTION('',(0.E0,1.E0,0.E0));
#1242=VECTOR('',#1241,2.3E0);
#1243=CARTESIAN_POINT('',(-3.47E1,-1.78E1,-7.E0));
#1244=LINE('745',#1243,#1242);
#1245=CURVE_STYLE('',#23,POSITIVE_LENGTH_MEASURE(2.E-2),#11);
#1246=PRESENTATION_STYLE_ASSIGNMENT((#1245));
#1247=STYLED_ITEM('',(#1246),#1244);
#1248=DIRECTION('',(0.E0,0.E0,1.E0));
#1249=VECTOR('',#1248,5.8E0);
#1250=CARTESIAN_POINT('',(-3.75E1,-1.27E1,-7.E0));
#1251=LINE('743',#1250,#1249);
#1252=CURVE_STYLE('',#23,POSITIVE_LENGTH_MEASURE(2.E-2),#11);
#1253=PRESENTATION_STYLE_ASSIGNMENT((#1252));
#1254=STYLED_ITEM('',(#1253),#1251);
#1255=DIRECTION('',(0.E0,0.E0,-1.E0));
#1256=VECTOR('',#1255,5.8E0);
#1257=CARTESIAN_POINT('',(-3.47E1,-1.55E1,-1.2E0));
#1258=LINE('744',#1257,#1256);
#1259=CURVE_STYLE('',#23,POSITIVE_LENGTH_MEASURE(2.E-2),#11);
#1260=PRESENTATION_STYLE_ASSIGNMENT((#1259));
#1261=STYLED_ITEM('',(#1260),#1258);
#1262=DIRECTION('',(-1.E0,0.E0,0.E0));
#1263=VECTOR('',#1262,2.35E0);
#1264=CARTESIAN_POINT('',(-3.75E1,-1.27E1,-7.E0));
#1265=LINE('750',#1264,#1263);
#1266=CURVE_STYLE('',#23,POSITIVE_LENGTH_MEASURE(2.E-2),#11);
#1267=PRESENTATION_STYLE_ASSIGNMENT((#1266));
#1268=STYLED_ITEM('',(#1267),#1265);
#1269=DIRECTION('',(0.E0,0.E0,1.E0));
#1270=VECTOR('',#1269,5.8E0);
#1271=CARTESIAN_POINT('',(-4.035E1,-1.22E1,-7.E0));
#1272=LINE('852',#1271,#1270);
#1273=CURVE_STYLE('',#23,POSITIVE_LENGTH_MEASURE(2.E-2),#11);
#1274=PRESENTATION_STYLE_ASSIGNMENT((#1273));
#1275=STYLED_ITEM('',(#1274),#1272);
#1276=DIRECTION('',(0.E0,0.E0,-1.E0));
#1277=VECTOR('',#1276,5.8E0);
#1278=CARTESIAN_POINT('',(-3.985E1,-1.27E1,-1.2E0));
#1279=LINE('851',#1278,#1277);
#1280=CURVE_STYLE('',#23,POSITIVE_LENGTH_MEASURE(2.E-2),#11);
#1281=PRESENTATION_STYLE_ASSIGNMENT((#1280));
#1282=STYLED_ITEM('',(#1281),#1279);
#1283=DIRECTION('',(0.E0,0.E0,1.E0));
#1284=VECTOR('',#1283,5.8E0);
#1285=CARTESIAN_POINT('',(-3.985E1,1.27E1,-7.E0));
#1286=LINE('854',#1285,#1284);
#1287=CURVE_STYLE('',#23,POSITIVE_LENGTH_MEASURE(2.E-2),#11);
#1288=PRESENTATION_STYLE_ASSIGNMENT((#1287));
#1289=STYLED_ITEM('',(#1288),#1286);
#1290=DIRECTION('',(0.E0,0.E0,-1.E0));
#1291=VECTOR('',#1290,5.8E0);
#1292=CARTESIAN_POINT('',(-4.035E1,1.22E1,-1.2E0));
#1293=LINE('849',#1292,#1291);
#1294=CURVE_STYLE('',#23,POSITIVE_LENGTH_MEASURE(2.E-2),#11);
#1295=PRESENTATION_STYLE_ASSIGNMENT((#1294));
#1296=STYLED_ITEM('',(#1295),#1293);
#1297=DIRECTION('',(1.E0,0.E0,0.E0));
#1298=VECTOR('',#1297,2.35E0);
#1299=CARTESIAN_POINT('',(-3.985E1,1.27E1,-7.E0));
#1300=LINE('759',#1299,#1298);
#1301=CURVE_STYLE('',#23,POSITIVE_LENGTH_MEASURE(2.E-2),#11);
#1302=PRESENTATION_STYLE_ASSIGNMENT((#1301));
#1303=STYLED_ITEM('',(#1302),#1300);
#1304=DIRECTION('',(0.E0,0.E0,1.E0));
#1305=VECTOR('',#1304,5.8E0);
#1306=CARTESIAN_POINT('',(-3.47E1,1.55E1,-7.E0));
#1307=LINE('756',#1306,#1305);
#1308=CURVE_STYLE('',#23,POSITIVE_LENGTH_MEASURE(2.E-2),#11);
#1309=PRESENTATION_STYLE_ASSIGNMENT((#1308));
#1310=STYLED_ITEM('',(#1309),#1307);
#1311=DIRECTION('',(0.E0,0.E0,-1.E0));
#1312=VECTOR('',#1311,5.8E0);
#1313=CARTESIAN_POINT('',(-3.75E1,1.27E1,-1.2E0));
#1314=LINE('754',#1313,#1312);
#1315=CURVE_STYLE('',#23,POSITIVE_LENGTH_MEASURE(2.E-2),#11);
#1316=PRESENTATION_STYLE_ASSIGNMENT((#1315));
#1317=STYLED_ITEM('',(#1316),#1314);
#1318=DIRECTION('',(0.E0,1.E0,0.E0));
#1319=VECTOR('',#1318,2.3E0);
#1320=CARTESIAN_POINT('',(-3.47E1,1.55E1,-7.E0));
#1321=LINE('755',#1320,#1319);
#1322=CURVE_STYLE('',#23,POSITIVE_LENGTH_MEASURE(2.E-2),#11);
#1323=PRESENTATION_STYLE_ASSIGNMENT((#1322));
#1324=STYLED_ITEM('',(#1323),#1321);
#1325=DIRECTION('',(0.E0,1.E0,0.E0));
#1326=VECTOR('',#1325,1.687793155196E1);
#1327=CARTESIAN_POINT('',(-4.035E1,7.E-1,-1.4E1));
#1328=LINE('986',#1327,#1326);
#1329=CURVE_STYLE('',#23,POSITIVE_LENGTH_MEASURE(2.E-2),#11);
#1330=PRESENTATION_STYLE_ASSIGNMENT((#1329));
#1331=STYLED_ITEM('',(#1330),#1328);
#1332=DIRECTION('',(0.E0,-1.E0,0.E0));
#1333=VECTOR('',#1332,1.687793155196E1);
#1334=CARTESIAN_POINT('',(-4.155E1,1.757793155196E1,-1.4E1));
#1335=LINE('987',#1334,#1333);
#1336=CURVE_STYLE('',#23,POSITIVE_LENGTH_MEASURE(2.E-2),#11);
#1337=PRESENTATION_STYLE_ASSIGNMENT((#1336));
#1338=STYLED_ITEM('',(#1337),#1335);
#1339=DIRECTION('',(-1.E0,0.E0,0.E0));
#1340=VECTOR('',#1339,1.2E0);
#1341=CARTESIAN_POINT('',(-4.035E1,7.E-1,-1.4E1));
#1342=LINE('810',#1341,#1340);
#1343=CURVE_STYLE('',#23,POSITIVE_LENGTH_MEASURE(2.E-2),#11);
#1344=PRESENTATION_STYLE_ASSIGNMENT((#1343));
#1345=STYLED_ITEM('',(#1344),#1342);
#1346=DIRECTION('',(1.E0,0.E0,0.E0));
#1347=VECTOR('',#1346,1.2E0);
#1348=CARTESIAN_POINT('',(-4.155E1,1.757793155196E1,-1.4E1));
#1349=LINE('984',#1348,#1347);
#1350=CURVE_STYLE('',#23,POSITIVE_LENGTH_MEASURE(2.E-2),#11);
#1351=PRESENTATION_STYLE_ASSIGNMENT((#1350));
#1352=STYLED_ITEM('',(#1351),#1349);
#1353=DIRECTION('',(0.E0,1.E0,0.E0));
#1354=VECTOR('',#1353,1.687793155196E1);
#1355=CARTESIAN_POINT('',(-4.155E1,7.E-1,-1.8E1));
#1356=LINE('988',#1355,#1354);
#1357=CURVE_STYLE('',#23,POSITIVE_LENGTH_MEASURE(2.E-2),#11);
#1358=PRESENTATION_STYLE_ASSIGNMENT((#1357));
#1359=STYLED_ITEM('',(#1358),#1356);
#1360=DIRECTION('',(1.E0,0.E0,0.E0));
#1361=VECTOR('',#1360,1.2E0);
#1362=CARTESIAN_POINT('',(-4.155E1,1.757793155196E1,-1.8E1));
#1363=LINE('985',#1362,#1361);
#1364=CURVE_STYLE('',#23,POSITIVE_LENGTH_MEASURE(2.E-2),#11);
#1365=PRESENTATION_STYLE_ASSIGNMENT((#1364));
#1366=STYLED_ITEM('',(#1365),#1363);
#1367=DIRECTION('',(0.E0,-1.E0,0.E0));
#1368=VECTOR('',#1367,1.687793155196E1);
#1369=CARTESIAN_POINT('',(-4.035E1,1.757793155196E1,-1.8E1));
#1370=LINE('989',#1369,#1368);
#1371=CURVE_STYLE('',#23,POSITIVE_LENGTH_MEASURE(2.E-2),#11);
#1372=PRESENTATION_STYLE_ASSIGNMENT((#1371));
#1373=STYLED_ITEM('',(#1372),#1370);
#1374=DIRECTION('',(1.E0,0.E0,0.E0));
#1375=VECTOR('',#1374,1.2E0);
#1376=CARTESIAN_POINT('',(-4.155E1,7.E-1,-1.8E1));
#1377=LINE('809',#1376,#1375);
#1378=CURVE_STYLE('',#23,POSITIVE_LENGTH_MEASURE(2.E-2),#11);
#1379=PRESENTATION_STYLE_ASSIGNMENT((#1378));
#1380=STYLED_ITEM('',(#1379),#1377);
#1381=DIRECTION('',(0.E0,-1.E0,0.E0));
#1382=VECTOR('',#1381,3.9E1);
#1383=CARTESIAN_POINT('',(4.155E1,1.95E1,0.E0));
#1384=LINE('731',#1383,#1382);
#1385=CURVE_STYLE('',#23,POSITIVE_LENGTH_MEASURE(2.E-2),#11);
#1386=PRESENTATION_STYLE_ASSIGNMENT((#1385));
#1387=STYLED_ITEM('',(#1386),#1384);
#1388=CARTESIAN_POINT('',(3.42E1,-1.83E1,-7.E0));
#1389=CARTESIAN_POINT('',(3.47E1,-1.78E1,-7.E0));
#1390=VERTEX_POINT('',#1388);
#1391=VERTEX_POINT('',#1389);
#1392=CARTESIAN_POINT('',(3.985E1,-1.27E1,-7.E0));
#1393=CARTESIAN_POINT('',(4.035E1,-1.22E1,-7.E0));
#1394=VERTEX_POINT('',#1392);
#1395=VERTEX_POINT('',#1393);
#1396=CARTESIAN_POINT('',(2.5775E1,-1.95E1,-2.E1));
#1397=CARTESIAN_POINT('',(2.5775E1,-1.83E1,-2.E1));
#1398=VERTEX_POINT('',#1396);
#1399=VERTEX_POINT('',#1397);
#1400=CARTESIAN_POINT('',(2.5775E1,-1.95E1,-1.8E1));
#1401=VERTEX_POINT('',#1400);
#1402=CARTESIAN_POINT('',(2.5775E1,-1.83E1,-1.8E1));
#1403=VERTEX_POINT('',#1402);
#1404=CARTESIAN_POINT('',(1.5775E1,-1.83E1,-2.E1));
#1405=CARTESIAN_POINT('',(1.5775E1,-1.95E1,-2.E1));
#1406=VERTEX_POINT('',#1404);
#1407=VERTEX_POINT('',#1405);
#1408=CARTESIAN_POINT('',(1.5775E1,-1.95E1,-1.8E1));
#1409=VERTEX_POINT('',#1408);
#1410=CARTESIAN_POINT('',(4.155E1,-1.95E1,-2.E1));
#1411=VERTEX_POINT('',#1410);
#1412=CARTESIAN_POINT('',(2.5775E1,1.95E1,-1.8E1));
#1413=CARTESIAN_POINT('',(1.5775E1,1.95E1,-1.8E1));
#1414=VERTEX_POINT('',#1412);
#1415=VERTEX_POINT('',#1413);
#1416=CARTESIAN_POINT('',(4.155E1,1.95E1,-2.E1));
#1417=VERTEX_POINT('',#1416);
#1418=CARTESIAN_POINT('',(4.155E1,1.95E1,0.E0));
#1419=VERTEX_POINT('',#1418);
#1420=CARTESIAN_POINT('',(-1.5775E1,-1.95E1,-2.E1));
#1421=VERTEX_POINT('',#1420);
#1422=CARTESIAN_POINT('',(-4.155E1,-1.95E1,-2.E1));
#1423=CARTESIAN_POINT('',(-2.5775E1,-1.95E1,-2.E1));
#1424=VERTEX_POINT('',#1422);
#1425=VERTEX_POINT('',#1423);
#1426=CARTESIAN_POINT('',(-4.155E1,1.95E1,-2.E1));
#1427=CARTESIAN_POINT('',(-4.155E1,1.95E1,0.E0));
#1428=VERTEX_POINT('',#1426);
#1429=VERTEX_POINT('',#1427);
#1430=CARTESIAN_POINT('',(2.5775E1,1.95E1,-2.E1));
#1431=VERTEX_POINT('',#1430);
#1432=CARTESIAN_POINT('',(1.5775E1,1.95E1,-2.E1));
#1433=CARTESIAN_POINT('',(-1.5775E1,1.95E1,-2.E1));
#1434=VERTEX_POINT('',#1432);
#1435=VERTEX_POINT('',#1433);
#1436=CARTESIAN_POINT('',(-2.5775E1,1.95E1,-2.E1));
#1437=VERTEX_POINT('',#1436);
#1438=CARTESIAN_POINT('',(4.155E1,-1.95E1,0.E0));
#1439=CARTESIAN_POINT('',(-4.155E1,-1.95E1,0.E0));
#1440=VERTEX_POINT('',#1438);
#1441=VERTEX_POINT('',#1439);
#1442=CARTESIAN_POINT('',(2.5775E1,1.83E1,-2.E1));
#1443=CARTESIAN_POINT('',(4.035E1,1.83E1,-2.E1));
#1444=VERTEX_POINT('',#1442);
#1445=VERTEX_POINT('',#1443);
#1446=CARTESIAN_POINT('',(-4.035E1,1.83E1,-2.E1));
#1447=CARTESIAN_POINT('',(-4.035E1,-1.83E1,-2.E1));
#1448=VERTEX_POINT('',#1446);
#1449=VERTEX_POINT('',#1447);
#1450=CARTESIAN_POINT('',(-1.5775E1,1.83E1,-2.E1));
#1451=CARTESIAN_POINT('',(1.5775E1,1.83E1,-2.E1));
#1452=VERTEX_POINT('',#1450);
#1453=VERTEX_POINT('',#1451);
#1454=CARTESIAN_POINT('',(-2.5775E1,1.83E1,-2.E1));
#1455=VERTEX_POINT('',#1454);
#1456=CARTESIAN_POINT('',(-2.5775E1,-1.83E1,-2.E1));
#1457=VERTEX_POINT('',#1456);
#1458=CARTESIAN_POINT('',(4.035E1,-1.83E1,-2.E1));
#1459=VERTEX_POINT('',#1458);
#1460=CARTESIAN_POINT('',(4.035E1,1.83E1,-7.E0));
#1461=VERTEX_POINT('',#1460);
#1462=CARTESIAN_POINT('',(-1.5775E1,-1.83E1,-2.E1));
#1463=VERTEX_POINT('',#1462);
#1464=CARTESIAN_POINT('',(-3.42E1,-1.83E1,-1.2E0));
#1465=CARTESIAN_POINT('',(3.42E1,-1.83E1,-1.2E0));
#1466=VERTEX_POINT('',#1464);
#1467=VERTEX_POINT('',#1465);
#1468=CARTESIAN_POINT('',(3.42E1,1.83E1,-1.2E0));
#1469=CARTESIAN_POINT('',(-3.42E1,1.83E1,-1.2E0));
#1470=VERTEX_POINT('',#1468);
#1471=VERTEX_POINT('',#1469);
#1472=CARTESIAN_POINT('',(-4.035E1,1.22E1,-1.2E0));
#1473=CARTESIAN_POINT('',(-4.035E1,-1.22E1,-1.2E0));
#1474=VERTEX_POINT('',#1472);
#1475=VERTEX_POINT('',#1473);
#1476=CARTESIAN_POINT('',(4.035E1,-1.22E1,-1.2E0));
#1477=CARTESIAN_POINT('',(4.035E1,1.22E1,-1.2E0));
#1478=VERTEX_POINT('',#1476);
#1479=VERTEX_POINT('',#1477);
#1480=CARTESIAN_POINT('',(-4.035E1,1.83E1,-7.E0));
#1481=VERTEX_POINT('',#1480);
#1482=CARTESIAN_POINT('',(-4.035E1,-1.83E1,-7.E0));
#1483=VERTEX_POINT('',#1482);
#1484=CARTESIAN_POINT('',(4.035E1,-1.83E1,-7.E0));
#1485=VERTEX_POINT('',#1484);
#1486=CARTESIAN_POINT('',(-3.575E1,-1.235E1,-1.2E0));
#1487=CARTESIAN_POINT('',(-3.575E1,-1.235E1,0.E0));
#1488=VERTEX_POINT('',#1486);
#1489=VERTEX_POINT('',#1487);
#1490=CARTESIAN_POINT('',(3.575E1,-1.235E1,0.E0));
#1491=CARTESIAN_POINT('',(3.575E1,-1.235E1,-1.2E0));
#1492=VERTEX_POINT('',#1490);
#1493=VERTEX_POINT('',#1491);
#1494=CARTESIAN_POINT('',(3.575E1,1.235E1,-1.2E0));
#1495=CARTESIAN_POINT('',(3.575E1,1.235E1,0.E0));
#1496=VERTEX_POINT('',#1494);
#1497=VERTEX_POINT('',#1495);
#1498=CARTESIAN_POINT('',(-3.575E1,1.235E1,0.E0));
#1499=VERTEX_POINT('',#1498);
#1500=CARTESIAN_POINT('',(-3.575E1,1.235E1,-1.2E0));
#1501=VERTEX_POINT('',#1500);
#1502=CARTESIAN_POINT('',(-3.47E1,-1.55E1,-1.2E0));
#1503=CARTESIAN_POINT('',(-3.75E1,-1.27E1,-1.2E0));
#1504=VERTEX_POINT('',#1502);
#1505=VERTEX_POINT('',#1503);
#1506=CARTESIAN_POINT('',(-3.985E1,-1.27E1,-1.2E0));
#1507=VERTEX_POINT('',#1506);
#1508=CARTESIAN_POINT('',(-3.47E1,-1.78E1,-1.2E0));
#1509=VERTEX_POINT('',#1508);
#1510=CARTESIAN_POINT('',(-3.75E1,-1.27E1,-7.E0));
#1511=VERTEX_POINT('',#1510);
#1512=CARTESIAN_POINT('',(-3.47E1,-1.55E1,-7.E0));
#1513=VERTEX_POINT('',#1512);
#1514=CARTESIAN_POINT('',(-3.47E1,-1.78E1,-7.E0));
#1515=VERTEX_POINT('',#1514);
#1516=CARTESIAN_POINT('',(-3.42E1,-1.83E1,-7.E0));
#1517=VERTEX_POINT('',#1516);
#1518=CARTESIAN_POINT('',(-4.035E1,-1.22E1,-7.E0));
#1519=VERTEX_POINT('',#1518);
#1520=CARTESIAN_POINT('',(-3.42E1,1.83E1,-7.E0));
#1521=VERTEX_POINT('',#1520);
#1522=CARTESIAN_POINT('',(-3.985E1,-1.27E1,-7.E0));
#1523=VERTEX_POINT('',#1522);
#1524=CARTESIAN_POINT('',(-3.47E1,1.55E1,-1.2E0));
#1525=CARTESIAN_POINT('',(-3.47E1,1.78E1,-1.2E0));
#1526=VERTEX_POINT('',#1524);
#1527=VERTEX_POINT('',#1525);
#1528=CARTESIAN_POINT('',(-3.75E1,1.27E1,-1.2E0));
#1529=VERTEX_POINT('',#1528);
#1530=CARTESIAN_POINT('',(3.42E1,1.83E1,-7.E0));
#1531=VERTEX_POINT('',#1530);
#1532=CARTESIAN_POINT('',(-3.75E1,1.27E1,-7.E0));
#1533=VERTEX_POINT('',#1532);
#1534=CARTESIAN_POINT('',(-3.47E1,1.55E1,-7.E0));
#1535=CARTESIAN_POINT('',(-3.47E1,1.78E1,-7.E0));
#1536=VERTEX_POINT('',#1534);
#1537=VERTEX_POINT('',#1535);
#1538=CARTESIAN_POINT('',(-3.985E1,1.27E1,-1.2E0));
#1539=VERTEX_POINT('',#1538);
#1540=CARTESIAN_POINT('',(-4.035E1,1.22E1,-7.E0));
#1541=VERTEX_POINT('',#1540);
#1542=CARTESIAN_POINT('',(-3.985E1,1.27E1,-7.E0));
#1543=VERTEX_POINT('',#1542);
#1544=CARTESIAN_POINT('',(3.47E1,1.55E1,-1.2E0));
#1545=CARTESIAN_POINT('',(3.75E1,1.27E1,-1.2E0));
#1546=VERTEX_POINT('',#1544);
#1547=VERTEX_POINT('',#1545);
#1548=CARTESIAN_POINT('',(3.985E1,1.27E1,-1.2E0));
#1549=VERTEX_POINT('',#1548);
#1550=CARTESIAN_POINT('',(3.47E1,1.78E1,-1.2E0));
#1551=VERTEX_POINT('',#1550);
#1552=CARTESIAN_POINT('',(3.47E1,1.55E1,-7.E0));
#1553=VERTEX_POINT('',#1552);
#1554=CARTESIAN_POINT('',(3.47E1,1.78E1,-7.E0));
#1555=VERTEX_POINT('',#1554);
#1556=CARTESIAN_POINT('',(3.75E1,1.27E1,-7.E0));
#1557=VERTEX_POINT('',#1556);
#1558=CARTESIAN_POINT('',(4.035E1,1.22E1,-7.E0));
#1559=VERTEX_POINT('',#1558);
#1560=CARTESIAN_POINT('',(3.985E1,1.27E1,-7.E0));
#1561=VERTEX_POINT('',#1560);
#1562=CARTESIAN_POINT('',(3.47E1,-1.55E1,-1.2E0));
#1563=CARTESIAN_POINT('',(3.47E1,-1.78E1,-1.2E0));
#1564=VERTEX_POINT('',#1562);
#1565=VERTEX_POINT('',#1563);
#1566=CARTESIAN_POINT('',(3.75E1,-1.27E1,-1.2E0));
#1567=VERTEX_POINT('',#1566);
#1568=CARTESIAN_POINT('',(-5.E0,-1.83E1,-1.5E1));
#1569=CARTESIAN_POINT('',(-5.E0,-1.83E1,-1.8E1));
#1570=VERTEX_POINT('',#1568);
#1571=VERTEX_POINT('',#1569);
#1572=CARTESIAN_POINT('',(3.75E1,-1.27E1,-7.E0));
#1573=VERTEX_POINT('',#1572);
#1574=CARTESIAN_POINT('',(3.47E1,-1.55E1,-7.E0));
#1575=VERTEX_POINT('',#1574);
#1576=CARTESIAN_POINT('',(3.985E1,-1.27E1,-1.2E0));
#1577=VERTEX_POINT('',#1576);
#1578=CARTESIAN_POINT('',(-5.E0,1.83E1,-1.8E1));
#1579=CARTESIAN_POINT('',(-5.E0,1.83E1,-1.5E1));
#1580=VERTEX_POINT('',#1578);
#1581=VERTEX_POINT('',#1579);
#1582=CARTESIAN_POINT('',(5.E0,-1.83E1,-1.8E1));
#1583=VERTEX_POINT('',#1582);
#1584=CARTESIAN_POINT('',(5.E0,1.83E1,-1.8E1));
#1585=VERTEX_POINT('',#1584);
#1586=CARTESIAN_POINT('',(5.E0,-1.83E1,-1.5E1));
#1587=VERTEX_POINT('',#1586);
#1588=CARTESIAN_POINT('',(5.E0,1.83E1,-1.5E1));
#1589=VERTEX_POINT('',#1588);
#1590=CARTESIAN_POINT('',(-5.E0,-1.95E1,-1.8E1));
#1591=VERTEX_POINT('',#1590);
#1592=CARTESIAN_POINT('',(-5.E0,-1.95E1,-1.5E1));
#1593=VERTEX_POINT('',#1592);
#1594=CARTESIAN_POINT('',(5.E0,1.95E1,-1.5E1));
#1595=VERTEX_POINT('',#1594);
#1596=CARTESIAN_POINT('',(-5.E0,1.95E1,-1.5E1));
#1597=VERTEX_POINT('',#1596);
#1598=CARTESIAN_POINT('',(5.E0,-1.95E1,-1.5E1));
#1599=VERTEX_POINT('',#1598);
#1600=CARTESIAN_POINT('',(5.E0,1.95E1,-1.8E1));
#1601=VERTEX_POINT('',#1600);
#1602=CARTESIAN_POINT('',(5.E0,-1.95E1,-1.8E1));
#1603=VERTEX_POINT('',#1602);
#1604=CARTESIAN_POINT('',(-5.E0,1.95E1,-1.8E1));
#1605=VERTEX_POINT('',#1604);
#1606=CARTESIAN_POINT('',(-4.035E1,7.E-1,-1.8E1));
#1607=CARTESIAN_POINT('',(-4.035E1,7.E-1,-1.4E1));
#1608=VERTEX_POINT('',#1606);
#1609=VERTEX_POINT('',#1607);
#1610=CARTESIAN_POINT('',(-4.155E1,7.E-1,-1.8E1));
#1611=VERTEX_POINT('',#1610);
#1612=CARTESIAN_POINT('',(-4.155E1,7.E-1,-1.4E1));
#1613=VERTEX_POINT('',#1612);
#1614=CARTESIAN_POINT('',(-1.5775E1,-1.83E1,-1.8E1));
#1615=CARTESIAN_POINT('',(-2.5775E1,-1.83E1,-1.8E1));
#1616=VERTEX_POINT('',#1614);
#1617=VERTEX_POINT('',#1615);
#1618=CARTESIAN_POINT('',(-2.5775E1,1.83E1,-1.8E1));
#1619=CARTESIAN_POINT('',(-1.5775E1,1.83E1,-1.8E1));
#1620=VERTEX_POINT('',#1618);
#1621=VERTEX_POINT('',#1619);
#1622=CARTESIAN_POINT('',(-2.5775E1,-1.95E1,-1.8E1));
#1623=VERTEX_POINT('',#1622);
#1624=CARTESIAN_POINT('',(-1.5775E1,1.95E1,-1.8E1));
#1625=VERTEX_POINT('',#1624);
#1626=CARTESIAN_POINT('',(-2.5775E1,1.95E1,-1.8E1));
#1627=VERTEX_POINT('',#1626);
#1628=CARTESIAN_POINT('',(-1.5775E1,-1.95E1,-1.8E1));
#1629=VERTEX_POINT('',#1628);
#1630=CARTESIAN_POINT('',(1.5775E1,-1.83E1,-1.8E1));
#1631=VERTEX_POINT('',#1630);
#1632=CARTESIAN_POINT('',(1.5775E1,1.83E1,-1.8E1));
#1633=CARTESIAN_POINT('',(2.5775E1,1.83E1,-1.8E1));
#1634=VERTEX_POINT('',#1632);
#1635=VERTEX_POINT('',#1633);
#1636=CARTESIAN_POINT('',(-4.035E1,1.757793155196E1,-1.4E1));
#1637=CARTESIAN_POINT('',(-4.035E1,1.757793155196E1,-1.8E1));
#1638=VERTEX_POINT('',#1636);
#1639=VERTEX_POINT('',#1637);
#1640=CARTESIAN_POINT('',(-4.155E1,1.757793155196E1,-1.4E1));
#1641=CARTESIAN_POINT('',(-4.155E1,1.757793155196E1,-1.8E1));
#1642=VERTEX_POINT('',#1640);
#1643=VERTEX_POINT('',#1641);
#1644=CARTESIAN_POINT('',(4.155E1,-1.83E1,-2.E1));
#1645=DIRECTION('',(0.E0,1.E0,0.E0));
#1646=DIRECTION('',(-1.E0,0.E0,0.E0));
#1647=AXIS2_PLACEMENT_3D('',#1644,#1645,#1646);
#1648=PLANE('887',#1647);
#1650=ORIENTED_EDGE('746',*,*,#1649,.F.);
#1652=ORIENTED_EDGE('729',*,*,#1651,.F.);
#1654=ORIENTED_EDGE('719',*,*,#1653,.F.);
#1656=ORIENTED_EDGE('818',*,*,#1655,.F.);
#1658=ORIENTED_EDGE('816',*,*,#1657,.F.);
#1660=ORIENTED_EDGE('820',*,*,#1659,.F.);
#1662=ORIENTED_EDGE('722',*,*,#1661,.F.);
#1664=ORIENTED_EDGE('837',*,*,#1663,.F.);
#1666=ORIENTED_EDGE('832',*,*,#1665,.F.);
#1668=ORIENTED_EDGE('699',*,*,#1667,.F.);
#1670=ORIENTED_EDGE('720',*,*,#1669,.F.);
#1672=ORIENTED_EDGE('730',*,*,#1671,.F.);
#1674=ORIENTED_EDGE('763',*,*,#1673,.F.);
#1676=ORIENTED_EDGE('855',*,*,#1675,.T.);
#1678=ORIENTED_EDGE('724',*,*,#1677,.F.);
#1680=ORIENTED_EDGE('856',*,*,#1679,.T.);
#1681=EDGE_LOOP('887',(#1650,#1652,#1654,#1656,#1658,#1660,#1662,#1664,#1666,
#1668,#1670,#1672,#1674,#1676,#1678,#1680));
#1682=FACE_OUTER_BOUND('887',#1681,.F.);
#1684=ORIENTED_EDGE('773',*,*,#1683,.F.);
#1686=ORIENTED_EDGE('786',*,*,#1685,.F.);
#1688=ORIENTED_EDGE('784',*,*,#1687,.F.);
#1690=ORIENTED_EDGE('782',*,*,#1689,.F.);
#1691=EDGE_LOOP('887',(#1684,#1686,#1688,#1690));
#1692=FACE_BOUND('887',#1691,.F.);
#1694=CARTESIAN_POINT('',(-5.E0,-1.95E1,-1.8E1));
#1695=DIRECTION('',(-1.E0,0.E0,0.E0));
#1696=DIRECTION('',(0.E0,-1.E0,0.E0));
#1697=AXIS2_PLACEMENT_3D('',#1694,#1695,#1696);
#1698=PLANE('937',#1697);
#1699=ORIENTED_EDGE('773',*,*,#1683,.T.);
#1701=ORIENTED_EDGE('788',*,*,#1700,.F.);
#1703=ORIENTED_EDGE('797',*,*,#1702,.T.);
#1705=ORIENTED_EDGE('789',*,*,#1704,.F.);
#1706=EDGE_LOOP('937',(#1699,#1701,#1703,#1705));
#1707=FACE_OUTER_BOUND('937',#1706,.F.);
#1709=CARTESIAN_POINT('',(-5.E0,-1.95E1,-1.8E1));
#1710=DIRECTION('',(-1.E0,0.E0,0.E0));
#1711=DIRECTION('',(0.E0,-1.E0,0.E0));
#1712=AXIS2_PLACEMENT_3D('',#1709,#1710,#1711);
#1713=PLANE('937',#1712);
#1715=ORIENTED_EDGE('795',*,*,#1714,.T.);
#1717=ORIENTED_EDGE('781',*,*,#1716,.T.);
#1719=ORIENTED_EDGE('791',*,*,#1718,.T.);
#1721=ORIENTED_EDGE('800',*,*,#1720,.T.);
#1722=EDGE_LOOP('937',(#1715,#1717,#1719,#1721));
#1723=FACE_OUTER_BOUND('937',#1722,.F.);
#1725=CARTESIAN_POINT('',(-5.E0,-1.95E1,-1.8E1));
#1726=DIRECTION('',(0.E0,0.E0,1.E0));
#1727=DIRECTION('',(1.E0,0.E0,0.E0));
#1728=AXIS2_PLACEMENT_3D('',#1725,#1726,#1727);
#1729=PLANE('936',#1728);
#1730=ORIENTED_EDGE('788',*,*,#1700,.T.);
#1731=ORIENTED_EDGE('782',*,*,#1689,.T.);
#1733=ORIENTED_EDGE('794',*,*,#1732,.F.);
#1735=ORIENTED_EDGE('802',*,*,#1734,.T.);
#1736=EDGE_LOOP('936',(#1730,#1731,#1733,#1735));
#1737=FACE_OUTER_BOUND('936',#1736,.F.);
#1739=CARTESIAN_POINT('',(-5.E0,-1.95E1,-1.8E1));
#1740=DIRECTION('',(0.E0,0.E0,1.E0));
#1741=DIRECTION('',(1.E0,0.E0,0.E0));
#1742=AXIS2_PLACEMENT_3D('',#1739,#1740,#1741);
#1743=PLANE('936',#1742);
#1745=ORIENTED_EDGE('783',*,*,#1744,.T.);
#1746=ORIENTED_EDGE('795',*,*,#1714,.F.);
#1748=ORIENTED_EDGE('796',*,*,#1747,.T.);
#1750=ORIENTED_EDGE('793',*,*,#1749,.T.);
#1751=EDGE_LOOP('936',(#1745,#1746,#1748,#1750));
#1752=FACE_OUTER_BOUND('936',#1751,.F.);
#1754=CARTESIAN_POINT('',(5.E0,-1.95E1,-1.8E1));
#1755=DIRECTION('',(-1.E0,0.E0,0.E0));
#1756=DIRECTION('',(0.E0,-1.E0,0.E0));
#1757=AXIS2_PLACEMENT_3D('',#1754,#1755,#1756);
#1758=PLANE('916',#1757);
#1760=ORIENTED_EDGE('785',*,*,#1759,.T.);
#1761=ORIENTED_EDGE('793',*,*,#1749,.F.);
#1763=ORIENTED_EDGE('798',*,*,#1762,.T.);
#1765=ORIENTED_EDGE('790',*,*,#1764,.T.);
#1766=EDGE_LOOP('916',(#1760,#1761,#1763,#1765));
#1767=FACE_OUTER_BOUND('916',#1766,.F.);
#1769=CARTESIAN_POINT('',(5.E0,-1.95E1,-1.8E1));
#1770=DIRECTION('',(-1.E0,0.E0,0.E0));
#1771=DIRECTION('',(0.E0,-1.E0,0.E0));
#1772=AXIS2_PLACEMENT_3D('',#1769,#1770,#1771);
#1773=PLANE('916',#1772);
#1774=ORIENTED_EDGE('794',*,*,#1732,.T.);
#1775=ORIENTED_EDGE('784',*,*,#1687,.T.);
#1777=ORIENTED_EDGE('792',*,*,#1776,.F.);
#1779=ORIENTED_EDGE('803',*,*,#1778,.T.);
#1780=EDGE_LOOP('916',(#1774,#1775,#1777,#1779));
#1781=FACE_OUTER_BOUND('916',#1780,.F.);
#1783=CARTESIAN_POINT('',(4.155E1,1.83E1,-2.E1));
#1784=DIRECTION('',(0.E0,1.E0,0.E0));
#1785=DIRECTION('',(-1.E0,0.E0,0.E0));
#1786=AXIS2_PLACEMENT_3D('',#1783,#1784,#1785);
#1787=PLANE('895',#1786);
#1789=ORIENTED_EDGE('753',*,*,#1788,.F.);
#1791=ORIENTED_EDGE('721',*,*,#1790,.F.);
#1793=ORIENTED_EDGE('715',*,*,#1792,.F.);
#1795=ORIENTED_EDGE('836',*,*,#1794,.F.);
#1797=ORIENTED_EDGE('835',*,*,#1796,.F.);
#1799=ORIENTED_EDGE('838',*,*,#1798,.F.);
#1801=ORIENTED_EDGE('717',*,*,#1800,.F.);
#1803=ORIENTED_EDGE('821',*,*,#1802,.F.);
#1805=ORIENTED_EDGE('817',*,*,#1804,.F.);
#1807=ORIENTED_EDGE('819',*,*,#1806,.F.);
#1809=ORIENTED_EDGE('718',*,*,#1808,.F.);
#1811=ORIENTED_EDGE('728',*,*,#1810,.F.);
#1813=ORIENTED_EDGE('748',*,*,#1812,.F.);
#1815=ORIENTED_EDGE('875',*,*,#1814,.T.);
#1817=ORIENTED_EDGE('725',*,*,#1816,.F.);
#1819=ORIENTED_EDGE('876',*,*,#1818,.T.);
#1820=EDGE_LOOP('895',(#1789,#1791,#1793,#1795,#1797,#1799,#1801,#1803,#1805,
#1807,#1809,#1811,#1813,#1815,#1817,#1819));
#1821=FACE_OUTER_BOUND('895',#1820,.F.);
#1822=ORIENTED_EDGE('783',*,*,#1744,.F.);
#1823=ORIENTED_EDGE('785',*,*,#1759,.F.);
#1825=ORIENTED_EDGE('787',*,*,#1824,.F.);
#1826=ORIENTED_EDGE('781',*,*,#1716,.F.);
#1827=EDGE_LOOP('895',(#1822,#1823,#1825,#1826));
#1828=FACE_BOUND('895',#1827,.F.);
#1830=CARTESIAN_POINT('',(-5.E0,-1.95E1,-1.5E1));
#1831=DIRECTION('',(0.E0,0.E0,1.E0));
#1832=DIRECTION('',(1.E0,0.E0,0.E0));
#1833=AXIS2_PLACEMENT_3D('',#1830,#1831,#1832);
#1834=PLANE('915',#1833);
#1835=ORIENTED_EDGE('791',*,*,#1718,.F.);
#1836=ORIENTED_EDGE('787',*,*,#1824,.T.);
#1837=ORIENTED_EDGE('790',*,*,#1764,.F.);
#1839=ORIENTED_EDGE('799',*,*,#1838,.T.);
#1840=EDGE_LOOP('915',(#1835,#1836,#1837,#1839));
#1841=FACE_OUTER_BOUND('915',#1840,.F.);
#1843=CARTESIAN_POINT('',(-5.E0,-1.95E1,-1.5E1));
#1844=DIRECTION('',(0.E0,0.E0,1.E0));
#1845=DIRECTION('',(1.E0,0.E0,0.E0));
#1846=AXIS2_PLACEMENT_3D('',#1843,#1844,#1845);
#1847=PLANE('915',#1846);
#1848=ORIENTED_EDGE('786',*,*,#1685,.T.);
#1849=ORIENTED_EDGE('789',*,*,#1704,.T.);
#1851=ORIENTED_EDGE('804',*,*,#1850,.T.);
#1852=ORIENTED_EDGE('792',*,*,#1776,.T.);
#1853=EDGE_LOOP('915',(#1848,#1849,#1851,#1852));
#1854=FACE_OUTER_BOUND('915',#1853,.F.);
#1856=CARTESIAN_POINT('',(4.155E1,1.95E1,-2.E1));
#1857=DIRECTION('',(0.E0,1.E0,0.E0));
#1858=DIRECTION('',(-1.E0,0.E0,0.E0));
#1859=AXIS2_PLACEMENT_3D('',#1856,#1857,#1858);
#1860=PLANE('920',#1859);
#1862=ORIENTED_EDGE('711',*,*,#1861,.F.);
#1864=ORIENTED_EDGE('706',*,*,#1863,.F.);
#1866=ORIENTED_EDGE('883',*,*,#1865,.F.);
#1868=ORIENTED_EDGE('709',*,*,#1867,.F.);
#1870=ORIENTED_EDGE('713',*,*,#1869,.F.);
#1872=ORIENTED_EDGE('831',*,*,#1871,.F.);
#1874=ORIENTED_EDGE('830',*,*,#1873,.F.);
#1876=ORIENTED_EDGE('828',*,*,#1875,.F.);
#1878=ORIENTED_EDGE('712',*,*,#1877,.F.);
#1880=ORIENTED_EDGE('843',*,*,#1879,.F.);
#1882=ORIENTED_EDGE('704',*,*,#1881,.F.);
#1884=ORIENTED_EDGE('844',*,*,#1883,.F.);
#1885=EDGE_LOOP('920',(#1862,#1864,#1866,#1868,#1870,#1872,#1874,#1876,#1878,
#1880,#1882,#1884));
#1886=FACE_OUTER_BOUND('920',#1885,.F.);
#1887=ORIENTED_EDGE('800',*,*,#1720,.F.);
#1888=ORIENTED_EDGE('799',*,*,#1838,.F.);
#1889=ORIENTED_EDGE('798',*,*,#1762,.F.);
#1890=ORIENTED_EDGE('796',*,*,#1747,.F.);
#1891=EDGE_LOOP('920',(#1887,#1888,#1889,#1890));
#1892=FACE_BOUND('920',#1891,.F.);
#1894=CARTESIAN_POINT('',(0.E0,0.E0,-2.E1));
#1895=DIRECTION('',(0.E0,0.E0,1.E0));
#1896=DIRECTION('',(1.E0,0.E0,0.E0));
#1897=AXIS2_PLACEMENT_3D('',#1894,#1895,#1896);
#1898=PLANE('891',#1897);
#1900=ORIENTED_EDGE('865',*,*,#1899,.F.);
#1901=ORIENTED_EDGE('715',*,*,#1792,.T.);
#1903=ORIENTED_EDGE('723',*,*,#1902,.F.);
#1904=ORIENTED_EDGE('720',*,*,#1669,.T.);
#1906=ORIENTED_EDGE('697',*,*,#1905,.F.);
#1908=ORIENTED_EDGE('702',*,*,#1907,.T.);
#1910=ORIENTED_EDGE('705',*,*,#1909,.F.);
#1911=ORIENTED_EDGE('711',*,*,#1861,.T.);
#1912=EDGE_LOOP('891',(#1900,#1901,#1903,#1904,#1906,#1908,#1910,#1911));
#1913=FACE_OUTER_BOUND('891',#1912,.F.);
#1915=CARTESIAN_POINT('',(0.E0,0.E0,-2.E1));
#1916=DIRECTION('',(0.E0,0.E0,1.E0));
#1917=DIRECTION('',(1.E0,0.E0,0.E0));
#1918=AXIS2_PLACEMENT_3D('',#1915,#1916,#1917);
#1919=PLANE('891',#1918);
#1921=ORIENTED_EDGE('700',*,*,#1920,.F.);
#1922=ORIENTED_EDGE('722',*,*,#1661,.T.);
#1924=ORIENTED_EDGE('827',*,*,#1923,.F.);
#1926=ORIENTED_EDGE('707',*,*,#1925,.T.);
#1927=EDGE_LOOP('891',(#1921,#1922,#1924,#1926));
#1928=FACE_OUTER_BOUND('891',#1927,.F.);
#1930=CARTESIAN_POINT('',(0.E0,0.E0,-2.E1));
#1931=DIRECTION('',(0.E0,0.E0,1.E0));
#1932=DIRECTION('',(1.E0,0.E0,0.E0));
#1933=AXIS2_PLACEMENT_3D('',#1930,#1931,#1932);
#1934=PLANE('891',#1933);
#1936=ORIENTED_EDGE('867',*,*,#1935,.F.);
#1937=ORIENTED_EDGE('712',*,*,#1877,.T.);
#1939=ORIENTED_EDGE('881',*,*,#1938,.F.);
#1940=ORIENTED_EDGE('717',*,*,#1800,.T.);
#1941=EDGE_LOOP('891',(#1936,#1937,#1939,#1940));
#1942=FACE_OUTER_BOUND('891',#1941,.F.);
#1944=CARTESIAN_POINT('',(0.E0,0.E0,-2.E1));
#1945=DIRECTION('',(0.E0,0.E0,1.E0));
#1946=DIRECTION('',(1.E0,0.E0,0.E0));
#1947=AXIS2_PLACEMENT_3D('',#1944,#1945,#1946);
#1948=PLANE('891',#1947);
#1949=ORIENTED_EDGE('713',*,*,#1869,.T.);
#1951=ORIENTED_EDGE('710',*,*,#1950,.F.);
#1953=ORIENTED_EDGE('708',*,*,#1952,.T.);
#1955=ORIENTED_EDGE('822',*,*,#1954,.F.);
#1956=ORIENTED_EDGE('719',*,*,#1653,.T.);
#1958=ORIENTED_EDGE('716',*,*,#1957,.F.);
#1959=ORIENTED_EDGE('718',*,*,#1808,.T.);
#1961=ORIENTED_EDGE('845',*,*,#1960,.F.);
#1962=EDGE_LOOP('891',(#1949,#1951,#1953,#1955,#1956,#1958,#1959,#1961));
#1963=FACE_OUTER_BOUND('891',#1962,.F.);
#1965=CARTESIAN_POINT('',(2.5775E1,-1.95E1,-2.E1));
#1966=DIRECTION('',(-1.E0,0.E0,0.E0));
#1967=DIRECTION('',(0.E0,-1.E0,0.E0));
#1968=AXIS2_PLACEMENT_3D('',#1965,#1966,#1967);
#1969=PLANE('889',#1968);
#1970=ORIENTED_EDGE('697',*,*,#1905,.T.);
#1971=ORIENTED_EDGE('699',*,*,#1667,.T.);
#1973=ORIENTED_EDGE('839',*,*,#1972,.F.);
#1975=ORIENTED_EDGE('698',*,*,#1974,.T.);
#1976=EDGE_LOOP('889',(#1970,#1971,#1973,#1975));
#1977=FACE_OUTER_BOUND('889',#1976,.F.);
#1979=CARTESIAN_POINT('',(2.5775E1,-1.95E1,-2.E1));
#1980=DIRECTION('',(-1.E0,0.E0,0.E0));
#1981=DIRECTION('',(0.E0,-1.E0,0.E0));
#1982=AXIS2_PLACEMENT_3D('',#1979,#1980,#1981);
#1983=PLANE('889',#1982);
#1984=ORIENTED_EDGE('836',*,*,#1794,.T.);
#1985=ORIENTED_EDGE('865',*,*,#1899,.T.);
#1986=ORIENTED_EDGE('844',*,*,#1883,.T.);
#1988=ORIENTED_EDGE('842',*,*,#1987,.F.);
#1989=EDGE_LOOP('889',(#1984,#1985,#1986,#1988));
#1990=FACE_OUTER_BOUND('889',#1989,.F.);
#1992=CARTESIAN_POINT('',(2.5775E1,-1.95E1,-1.8E1));
#1993=DIRECTION('',(0.E0,0.E0,-1.E0));
#1994=DIRECTION('',(-1.E0,0.E0,0.E0));
#1995=AXIS2_PLACEMENT_3D('',#1992,#1993,#1994);
#1996=PLANE('929',#1995);
#1997=ORIENTED_EDGE('839',*,*,#1972,.T.);
#1998=ORIENTED_EDGE('832',*,*,#1665,.T.);
#2000=ORIENTED_EDGE('841',*,*,#1999,.F.);
#2002=ORIENTED_EDGE('701',*,*,#2001,.T.);
#2003=EDGE_LOOP('929',(#1997,#1998,#2000,#2002));
#2004=FACE_OUTER_BOUND('929',#2003,.F.);
#2006=CARTESIAN_POINT('',(2.5775E1,-1.95E1,-1.8E1));
#2007=DIRECTION('',(0.E0,0.E0,-1.E0));
#2008=DIRECTION('',(-1.E0,0.E0,0.E0));
#2009=AXIS2_PLACEMENT_3D('',#2006,#2007,#2008);
#2010=PLANE('929',#2009);
#2011=ORIENTED_EDGE('835',*,*,#1796,.T.);
#2012=ORIENTED_EDGE('842',*,*,#1987,.T.);
#2013=ORIENTED_EDGE('704',*,*,#1881,.T.);
#2015=ORIENTED_EDGE('840',*,*,#2014,.T.);
#2016=EDGE_LOOP('929',(#2011,#2012,#2013,#2015));
#2017=FACE_OUTER_BOUND('929',#2016,.F.);
#2019=CARTESIAN_POINT('',(1.5775E1,-1.95E1,-2.E1));
#2020=DIRECTION('',(1.E0,0.E0,0.E0));
#2021=DIRECTION('',(0.E0,1.E0,0.E0));
#2022=AXIS2_PLACEMENT_3D('',#2019,#2020,#2021);
#2023=PLANE('892',#2022);
#2024=ORIENTED_EDGE('841',*,*,#1999,.T.);
#2025=ORIENTED_EDGE('837',*,*,#1663,.T.);
#2026=ORIENTED_EDGE('700',*,*,#1920,.T.);
#2028=ORIENTED_EDGE('703',*,*,#2027,.T.);
#2029=EDGE_LOOP('892',(#2024,#2025,#2026,#2028));
#2030=FACE_OUTER_BOUND('892',#2029,.F.);
#2032=CARTESIAN_POINT('',(1.5775E1,-1.95E1,-2.E1));
#2033=DIRECTION('',(1.E0,0.E0,0.E0));
#2034=DIRECTION('',(0.E0,1.E0,0.E0));
#2035=AXIS2_PLACEMENT_3D('',#2032,#2033,#2034);
#2036=PLANE('892',#2035);
#2037=ORIENTED_EDGE('838',*,*,#1798,.T.);
#2038=ORIENTED_EDGE('840',*,*,#2014,.F.);
#2039=ORIENTED_EDGE('843',*,*,#1879,.T.);
#2040=ORIENTED_EDGE('867',*,*,#1935,.T.);
#2041=EDGE_LOOP('892',(#2037,#2038,#2039,#2040));
#2042=FACE_OUTER_BOUND('892',#2041,.F.);
#2044=CARTESIAN_POINT('',(4.155E1,-1.95E1,-2.E1));
#2045=DIRECTION('',(0.E0,1.E0,0.E0));
#2046=DIRECTION('',(-1.E0,0.E0,0.E0));
#2047=AXIS2_PLACEMENT_3D('',#2044,#2045,#2046);
#2048=PLANE('890',#2047);
#2049=ORIENTED_EDGE('698',*,*,#1974,.F.);
#2050=ORIENTED_EDGE('701',*,*,#2001,.F.);
#2051=ORIENTED_EDGE('703',*,*,#2027,.F.);
#2052=ORIENTED_EDGE('707',*,*,#1925,.F.);
#2054=ORIENTED_EDGE('833',*,*,#2053,.F.);
#2056=ORIENTED_EDGE('834',*,*,#2055,.F.);
#2058=ORIENTED_EDGE('829',*,*,#2057,.F.);
#2059=ORIENTED_EDGE('708',*,*,#1952,.F.);
#2061=ORIENTED_EDGE('885',*,*,#2060,.F.);
#2063=ORIENTED_EDGE('714',*,*,#2062,.F.);
#2065=ORIENTED_EDGE('884',*,*,#2064,.F.);
#2066=ORIENTED_EDGE('702',*,*,#1907,.F.);
#2067=EDGE_LOOP('890',(#2049,#2050,#2051,#2052,#2054,#2056,#2058,#2059,#2061,
#2063,#2065,#2066));
#2068=FACE_OUTER_BOUND('890',#2067,.F.);
#2069=ORIENTED_EDGE('802',*,*,#1734,.F.);
#2070=ORIENTED_EDGE('803',*,*,#1778,.F.);
#2071=ORIENTED_EDGE('804',*,*,#1850,.F.);
#2072=ORIENTED_EDGE('797',*,*,#1702,.F.);
#2073=EDGE_LOOP('890',(#2069,#2070,#2071,#2072));
#2074=FACE_BOUND('890',#2073,.F.);
#2076=CARTESIAN_POINT('',(-1.5775E1,-1.95E1,-2.E1));
#2077=DIRECTION('',(1.E0,0.E0,0.E0));
#2078=DIRECTION('',(0.E0,1.E0,0.E0));
#2079=AXIS2_PLACEMENT_3D('',#2076,#2077,#2078);
#2080=PLANE('893',#2079);
#2081=ORIENTED_EDGE('820',*,*,#1659,.T.);
#2083=ORIENTED_EDGE('826',*,*,#2082,.F.);
#2084=ORIENTED_EDGE('833',*,*,#2053,.T.);
#2085=ORIENTED_EDGE('827',*,*,#1923,.T.);
#2086=EDGE_LOOP('893',(#2081,#2083,#2084,#2085));
#2087=FACE_OUTER_BOUND('893',#2086,.F.);
#2089=CARTESIAN_POINT('',(-1.5775E1,-1.95E1,-2.E1));
#2090=DIRECTION('',(1.E0,0.E0,0.E0));
#2091=DIRECTION('',(0.E0,1.E0,0.E0));
#2092=AXIS2_PLACEMENT_3D('',#2089,#2090,#2091);
#2093=PLANE('893',#2092);
#2095=ORIENTED_EDGE('824',*,*,#2094,.F.);
#2096=ORIENTED_EDGE('821',*,*,#1802,.T.);
#2097=ORIENTED_EDGE('881',*,*,#1938,.T.);
#2098=ORIENTED_EDGE('828',*,*,#1875,.T.);
#2099=EDGE_LOOP('893',(#2095,#2096,#2097,#2098));
#2100=FACE_OUTER_BOUND('893',#2099,.F.);
#2102=CARTESIAN_POINT('',(-2.5775E1,-1.95E1,-1.8E1));
#2103=DIRECTION('',(0.E0,0.E0,1.E0));
#2104=DIRECTION('',(1.E0,0.E0,0.E0));
#2105=AXIS2_PLACEMENT_3D('',#2102,#2103,#2104);
#2106=PLANE('930',#2105);
#2107=ORIENTED_EDGE('816',*,*,#1657,.T.);
#2109=ORIENTED_EDGE('823',*,*,#2108,.T.);
#2110=ORIENTED_EDGE('834',*,*,#2055,.T.);
#2111=ORIENTED_EDGE('826',*,*,#2082,.T.);
#2112=EDGE_LOOP('930',(#2107,#2109,#2110,#2111));
#2113=FACE_OUTER_BOUND('930',#2112,.F.);
#2115=CARTESIAN_POINT('',(-2.5775E1,-1.95E1,-1.8E1));
#2116=DIRECTION('',(0.E0,0.E0,1.E0));
#2117=DIRECTION('',(1.E0,0.E0,0.E0));
#2118=AXIS2_PLACEMENT_3D('',#2115,#2116,#2117);
#2119=PLANE('930',#2118);
#2121=ORIENTED_EDGE('825',*,*,#2120,.T.);
#2122=ORIENTED_EDGE('817',*,*,#1804,.T.);
#2123=ORIENTED_EDGE('824',*,*,#2094,.T.);
#2124=ORIENTED_EDGE('830',*,*,#1873,.T.);
#2125=EDGE_LOOP('930',(#2121,#2122,#2123,#2124));
#2126=FACE_OUTER_BOUND('930',#2125,.F.);
#2128=CARTESIAN_POINT('',(-2.5775E1,-1.95E1,-2.E1));
#2129=DIRECTION('',(-1.E0,0.E0,0.E0));
#2130=DIRECTION('',(0.E0,-1.E0,0.E0));
#2131=AXIS2_PLACEMENT_3D('',#2128,#2129,#2130);
#2132=PLANE('931',#2131);
#2133=ORIENTED_EDGE('818',*,*,#1655,.T.);
#2134=ORIENTED_EDGE('822',*,*,#1954,.T.);
#2135=ORIENTED_EDGE('829',*,*,#2057,.T.);
#2136=ORIENTED_EDGE('823',*,*,#2108,.F.);
#2137=EDGE_LOOP('931',(#2133,#2134,#2135,#2136));
#2138=FACE_OUTER_BOUND('931',#2137,.F.);
#2140=CARTESIAN_POINT('',(-2.5775E1,-1.95E1,-2.E1));
#2141=DIRECTION('',(-1.E0,0.E0,0.E0));
#2142=DIRECTION('',(0.E0,-1.E0,0.E0));
#2143=AXIS2_PLACEMENT_3D('',#2140,#2141,#2142);
#2144=PLANE('931',#2143);
#2145=ORIENTED_EDGE('845',*,*,#1960,.T.);
#2146=ORIENTED_EDGE('819',*,*,#1806,.T.);
#2147=ORIENTED_EDGE('825',*,*,#2120,.F.);
#2148=ORIENTED_EDGE('831',*,*,#1871,.T.);
#2149=EDGE_LOOP('931',(#2145,#2146,#2147,#2148));
#2150=FACE_OUTER_BOUND('931',#2149,.F.);
#2152=CARTESIAN_POINT('',(-4.155E1,-1.95E1,-2.E1));
#2153=DIRECTION('',(1.E0,0.E0,0.E0));
#2154=DIRECTION('',(0.E0,0.E0,-1.E0));
#2155=AXIS2_PLACEMENT_3D('',#2152,#2153,#2154);
#2156=PLANE('921',#2155);
#2158=ORIENTED_EDGE('886',*,*,#2157,.F.);
#2159=ORIENTED_EDGE('885',*,*,#2060,.T.);
#2160=ORIENTED_EDGE('710',*,*,#1950,.T.);
#2161=ORIENTED_EDGE('709',*,*,#1867,.T.);
#2162=EDGE_LOOP('921',(#2158,#2159,#2160,#2161));
#2163=FACE_OUTER_BOUND('921',#2162,.F.);
#2165=ORIENTED_EDGE('987',*,*,#2164,.F.);
#2167=ORIENTED_EDGE('976',*,*,#2166,.T.);
#2169=ORIENTED_EDGE('988',*,*,#2168,.F.);
#2171=ORIENTED_EDGE('814',*,*,#2170,.F.);
#2172=EDGE_LOOP('921',(#2165,#2167,#2169,#2171));
#2173=FACE_BOUND('921',#2172,.F.);
#2175=CARTESIAN_POINT('',(0.E0,0.E0,0.E0));
#2176=DIRECTION('',(0.E0,0.E0,1.E0));
#2177=DIRECTION('',(1.E0,0.E0,0.E0));
#2178=AXIS2_PLACEMENT_3D('',#2175,#2176,#2177);
#2179=PLANE('919',#2178);
#2181=ORIENTED_EDGE('731',*,*,#2180,.T.);
#2182=ORIENTED_EDGE('714',*,*,#2062,.T.);
#2183=ORIENTED_EDGE('886',*,*,#2157,.T.);
#2184=ORIENTED_EDGE('883',*,*,#1865,.T.);
#2185=EDGE_LOOP('919',(#2181,#2182,#2183,#2184));
#2186=FACE_OUTER_BOUND('919',#2185,.F.);
#2188=ORIENTED_EDGE('739',*,*,#2187,.F.);
#2190=ORIENTED_EDGE('738',*,*,#2189,.F.);
#2192=ORIENTED_EDGE('737',*,*,#2191,.F.);
#2194=ORIENTED_EDGE('735',*,*,#2193,.F.);
#2195=EDGE_LOOP('919',(#2188,#2190,#2192,#2194));
#2196=FACE_BOUND('919',#2195,.F.);
#2198=CARTESIAN_POINT('',(3.575E1,-1.235E1,-2.E1));
#2199=DIRECTION('',(0.E0,-1.E0,0.E0));
#2200=DIRECTION('',(1.E0,0.E0,0.E0));
#2201=AXIS2_PLACEMENT_3D('',#2198,#2199,#2200);
#2202=PLANE('918',#2201);
#2204=ORIENTED_EDGE('732',*,*,#2203,.F.);
#2206=ORIENTED_EDGE('878',*,*,#2205,.T.);
#2208=ORIENTED_EDGE('733',*,*,#2207,.F.);
#2209=ORIENTED_EDGE('739',*,*,#2187,.T.);
#2210=EDGE_LOOP('918',(#2204,#2206,#2208,#2209));
#2211=FACE_OUTER_BOUND('918',#2210,.F.);
#2213=CARTESIAN_POINT('',(-3.575E1,-1.235E1,-2.E1));
#2214=DIRECTION('',(-1.E0,0.E0,0.E0));
#2215=DIRECTION('',(0.E0,0.E0,1.E0));
#2216=AXIS2_PLACEMENT_3D('',#2213,#2214,#2215);
#2217=PLANE('939',#2216);
#2219=ORIENTED_EDGE('736',*,*,#2218,.F.);
#2221=ORIENTED_EDGE('880',*,*,#2220,.T.);
#2222=ORIENTED_EDGE('732',*,*,#2203,.T.);
#2223=ORIENTED_EDGE('735',*,*,#2193,.T.);
#2224=EDGE_LOOP('939',(#2219,#2221,#2222,#2223));
#2225=FACE_OUTER_BOUND('939',#2224,.F.);
#2227=CARTESIAN_POINT('',(3.575E1,1.235E1,-2.E1));
#2228=DIRECTION('',(0.E0,1.E0,0.E0));
#2229=DIRECTION('',(-1.E0,0.E0,0.E0));
#2230=AXIS2_PLACEMENT_3D('',#2227,#2228,#2229);
#2231=PLANE('938',#2230);
#2233=ORIENTED_EDGE('734',*,*,#2232,.F.);
#2235=ORIENTED_EDGE('882',*,*,#2234,.T.);
#2236=ORIENTED_EDGE('736',*,*,#2218,.T.);
#2237=ORIENTED_EDGE('737',*,*,#2191,.T.);
#2238=EDGE_LOOP('938',(#2233,#2235,#2236,#2237));
#2239=FACE_OUTER_BOUND('938',#2238,.F.);
#2241=CARTESIAN_POINT('',(3.575E1,-1.235E1,-2.E1));
#2242=DIRECTION('',(1.E0,0.E0,0.E0));
#2243=DIRECTION('',(0.E0,0.E0,-1.E0));
#2244=AXIS2_PLACEMENT_3D('',#2241,#2242,#2243);
#2245=PLANE('927',#2244);
#2246=ORIENTED_EDGE('733',*,*,#2207,.T.);
#2248=ORIENTED_EDGE('879',*,*,#2247,.T.);
#2249=ORIENTED_EDGE('734',*,*,#2232,.T.);
#2250=ORIENTED_EDGE('738',*,*,#2189,.T.);
#2251=EDGE_LOOP('927',(#2246,#2248,#2249,#2250));
#2252=FACE_OUTER_BOUND('927',#2251,.F.);
#2254=CARTESIAN_POINT('',(0.E0,0.E0,-1.2E0));
#2255=DIRECTION('',(0.E0,0.E0,1.E0));
#2256=DIRECTION('',(1.E0,0.E0,0.E0));
#2257=AXIS2_PLACEMENT_3D('',#2254,#2255,#2256);
#2258=PLANE('901',#2257);
#2260=ORIENTED_EDGE('762',*,*,#2259,.F.);
#2262=ORIENTED_EDGE('761',*,*,#2261,.F.);
#2264=ORIENTED_EDGE('764',*,*,#2263,.F.);
#2266=ORIENTED_EDGE('872',*,*,#2265,.F.);
#2267=ORIENTED_EDGE('725',*,*,#1816,.T.);
#2269=ORIENTED_EDGE('871',*,*,#2268,.F.);
#2271=ORIENTED_EDGE('751',*,*,#2270,.F.);
#2273=ORIENTED_EDGE('752',*,*,#2272,.F.);
#2275=ORIENTED_EDGE('757',*,*,#2274,.F.);
#2277=ORIENTED_EDGE('850',*,*,#2276,.F.);
#2279=ORIENTED_EDGE('726',*,*,#2278,.T.);
#2281=ORIENTED_EDGE('870',*,*,#2280,.F.);
#2283=ORIENTED_EDGE('741',*,*,#2282,.F.);
#2285=ORIENTED_EDGE('740',*,*,#2284,.F.);
#2287=ORIENTED_EDGE('742',*,*,#2286,.F.);
#2289=ORIENTED_EDGE('869',*,*,#2288,.F.);
#2290=ORIENTED_EDGE('724',*,*,#1677,.T.);
#2292=ORIENTED_EDGE('868',*,*,#2291,.F.);
#2294=ORIENTED_EDGE('771',*,*,#2293,.F.);
#2296=ORIENTED_EDGE('772',*,*,#2295,.F.);
#2298=ORIENTED_EDGE('777',*,*,#2297,.F.);
#2300=ORIENTED_EDGE('863',*,*,#2299,.F.);
#2302=ORIENTED_EDGE('727',*,*,#2301,.T.);
#2304=ORIENTED_EDGE('873',*,*,#2303,.F.);
#2305=EDGE_LOOP('901',(#2260,#2262,#2264,#2266,#2267,#2269,#2271,#2273,#2275,
#2277,#2279,#2281,#2283,#2285,#2287,#2289,#2290,#2292,#2294,#2296,#2298,#2300,
#2302,#2304));
#2306=FACE_OUTER_BOUND('901',#2305,.F.);
#2307=ORIENTED_EDGE('880',*,*,#2220,.F.);
#2308=ORIENTED_EDGE('882',*,*,#2234,.F.);
#2309=ORIENTED_EDGE('879',*,*,#2247,.F.);
#2310=ORIENTED_EDGE('878',*,*,#2205,.F.);
#2311=EDGE_LOOP('901',(#2307,#2308,#2309,#2310));
#2312=FACE_BOUND('901',#2311,.F.);
#2314=CARTESIAN_POINT('',(3.75E1,1.27E1,2.E-3));
#2315=DIRECTION('',(0.E0,1.E0,0.E0));
#2316=DIRECTION('',(-1.E0,0.E0,0.E0));
#2317=AXIS2_PLACEMENT_3D('',#2314,#2315,#2316);
#2318=PLANE('909',#2317);
#2320=ORIENTED_EDGE('769',*,*,#2319,.F.);
#2322=ORIENTED_EDGE('767',*,*,#2321,.T.);
#2323=ORIENTED_EDGE('762',*,*,#2259,.T.);
#2325=ORIENTED_EDGE('866',*,*,#2324,.T.);
#2326=EDGE_LOOP('909',(#2320,#2322,#2323,#2325));
#2327=FACE_OUTER_BOUND('909',#2326,.F.);
#2329=CARTESIAN_POINT('',(3.75E1,1.55E1,-7.E0));
#2330=DIRECTION('',(0.E0,0.E0,1.E0));
#2331=DIRECTION('',(-1.E0,0.E0,0.E0));
#2332=AXIS2_PLACEMENT_3D('',#2329,#2330,#2331);
#2333=PLANE('907',#2332);
#2334=ORIENTED_EDGE('753',*,*,#1788,.T.);
#2336=ORIENTED_EDGE('860',*,*,#2335,.F.);
#2338=ORIENTED_EDGE('766',*,*,#2337,.T.);
#2340=ORIENTED_EDGE('770',*,*,#2339,.F.);
#2341=ORIENTED_EDGE('769',*,*,#2319,.T.);
#2343=ORIENTED_EDGE('859',*,*,#2342,.F.);
#2345=ORIENTED_EDGE('768',*,*,#2344,.T.);
#2346=EDGE_LOOP('907',(#2334,#2336,#2338,#2340,#2341,#2343,#2345));
#2347=FACE_OUTER_BOUND('907',#2346,.F.);
#2349=CARTESIAN_POINT('',(3.42E1,1.78E1,2.E-3));
#2350=DIRECTION('',(0.E0,0.E0,-1.E0));
#2351=DIRECTION('',(-1.E0,0.E0,0.E0));
#2352=AXIS2_PLACEMENT_3D('',#2349,#2350,#2351);
#2353=CYLINDRICAL_SURFACE('905',#2352,5.E-1);
#2354=ORIENTED_EDGE('872',*,*,#2265,.T.);
#2356=ORIENTED_EDGE('874',*,*,#2355,.F.);
#2357=ORIENTED_EDGE('860',*,*,#2335,.T.);
#2358=ORIENTED_EDGE('876',*,*,#1818,.F.);
#2359=EDGE_LOOP('905',(#2354,#2356,#2357,#2358));
#2360=FACE_OUTER_BOUND('905',#2359,.F.);
#2362=CARTESIAN_POINT('',(3.47E1,1.55E1,2.E-3));
#2363=DIRECTION('',(-1.E0,0.E0,0.E0));
#2364=DIRECTION('',(0.E0,-1.E0,0.E0));
#2365=AXIS2_PLACEMENT_3D('',#2362,#2363,#2364);
#2366=PLANE('906',#2365);
#2367=ORIENTED_EDGE('764',*,*,#2263,.T.);
#2369=ORIENTED_EDGE('765',*,*,#2368,.T.);
#2370=ORIENTED_EDGE('766',*,*,#2337,.F.);
#2371=ORIENTED_EDGE('874',*,*,#2355,.T.);
#2372=EDGE_LOOP('906',(#2367,#2369,#2370,#2371));
#2373=FACE_OUTER_BOUND('906',#2372,.F.);
#2375=CARTESIAN_POINT('',(3.75E1,1.55E1,2.E-3));
#2376=DIRECTION('',(0.E0,0.E0,-1.E0));
#2377=DIRECTION('',(-1.E0,0.E0,0.E0));
#2378=AXIS2_PLACEMENT_3D('',#2375,#2376,#2377);
#2379=CYLINDRICAL_SURFACE('908',#2378,2.8E0);
#2380=ORIENTED_EDGE('761',*,*,#2261,.T.);
#2381=ORIENTED_EDGE('767',*,*,#2321,.F.);
#2382=ORIENTED_EDGE('770',*,*,#2339,.T.);
#2383=ORIENTED_EDGE('765',*,*,#2368,.F.);
#2384=EDGE_LOOP('908',(#2380,#2381,#2382,#2383));
#2385=FACE_OUTER_BOUND('908',#2384,.F.);
#2387=CARTESIAN_POINT('',(3.985E1,1.22E1,-2.E1));
#2388=DIRECTION('',(0.E0,0.E0,1.E0));
#2389=DIRECTION('',(1.E0,0.E0,0.E0));
#2390=AXIS2_PLACEMENT_3D('',#2387,#2388,#2389);
#2391=CYLINDRICAL_SURFACE('910',#2390,5.E-1);
#2392=ORIENTED_EDGE('873',*,*,#2303,.T.);
#2394=ORIENTED_EDGE('864',*,*,#2393,.F.);
#2395=ORIENTED_EDGE('859',*,*,#2342,.T.);
#2396=ORIENTED_EDGE('866',*,*,#2324,.F.);
#2397=EDGE_LOOP('910',(#2392,#2394,#2395,#2396));
#2398=FACE_OUTER_BOUND('910',#2397,.F.);
#2400=CARTESIAN_POINT('',(4.035E1,-1.95E1,-2.E1));
#2401=DIRECTION('',(1.E0,0.E0,0.E0));
#2402=DIRECTION('',(0.E0,0.E0,-1.E0));
#2403=AXIS2_PLACEMENT_3D('',#2400,#2401,#2402);
#2404=PLANE('911',#2403);
#2405=ORIENTED_EDGE('727',*,*,#2301,.F.);
#2407=ORIENTED_EDGE('862',*,*,#2406,.T.);
#2409=ORIENTED_EDGE('778',*,*,#2408,.F.);
#2410=ORIENTED_EDGE('730',*,*,#1671,.T.);
#2411=ORIENTED_EDGE('723',*,*,#1902,.T.);
#2412=ORIENTED_EDGE('721',*,*,#1790,.T.);
#2413=ORIENTED_EDGE('768',*,*,#2344,.F.);
#2414=ORIENTED_EDGE('864',*,*,#2393,.T.);
#2415=EDGE_LOOP('911',(#2405,#2407,#2409,#2410,#2411,#2412,#2413,#2414));
#2416=FACE_OUTER_BOUND('911',#2415,.F.);
#2418=CARTESIAN_POINT('',(3.985E1,-1.22E1,2.E-3));
#2419=DIRECTION('',(0.E0,0.E0,-1.E0));
#2420=DIRECTION('',(-1.E0,0.E0,0.E0));
#2421=AXIS2_PLACEMENT_3D('',#2418,#2419,#2420);
#2422=CYLINDRICAL_SURFACE('899',#2421,5.E-1);
#2423=ORIENTED_EDGE('863',*,*,#2299,.T.);
#2425=ORIENTED_EDGE('857',*,*,#2424,.F.);
#2427=ORIENTED_EDGE('696',*,*,#2426,.T.);
#2428=ORIENTED_EDGE('862',*,*,#2406,.F.);
#2429=EDGE_LOOP('899',(#2423,#2425,#2427,#2428));
#2430=FACE_OUTER_BOUND('899',#2429,.F.);
#2432=CARTESIAN_POINT('',(3.75E1,-1.27E1,2.E-3));
#2433=DIRECTION('',(0.E0,1.E0,0.E0));
#2434=DIRECTION('',(-1.E0,0.E0,0.E0));
#2435=AXIS2_PLACEMENT_3D('',#2432,#2433,#2434);
#2436=PLANE('914',#2435);
#2437=ORIENTED_EDGE('777',*,*,#2297,.T.);
#2439=ORIENTED_EDGE('774',*,*,#2438,.T.);
#2441=ORIENTED_EDGE('779',*,*,#2440,.F.);
#2442=ORIENTED_EDGE('857',*,*,#2424,.T.);
#2443=EDGE_LOOP('914',(#2437,#2439,#2441,#2442));
#2444=FACE_OUTER_BOUND('914',#2443,.F.);
#2446=CARTESIAN_POINT('',(3.75E1,-1.55E1,2.E-3));
#2447=DIRECTION('',(0.E0,0.E0,-1.E0));
#2448=DIRECTION('',(-1.E0,0.E0,0.E0));
#2449=AXIS2_PLACEMENT_3D('',#2446,#2447,#2448);
#2450=CYLINDRICAL_SURFACE('913',#2449,2.8E0);
#2452=ORIENTED_EDGE('776',*,*,#2451,.F.);
#2454=ORIENTED_EDGE('780',*,*,#2453,.T.);
#2455=ORIENTED_EDGE('774',*,*,#2438,.F.);
#2456=ORIENTED_EDGE('772',*,*,#2295,.T.);
#2457=EDGE_LOOP('913',(#2452,#2454,#2455,#2456));
#2458=FACE_OUTER_BOUND('913',#2457,.F.);
#2460=CARTESIAN_POINT('',(3.47E1,-1.55E1,2.E-3));
#2461=DIRECTION('',(1.E0,0.E0,0.E0));
#2462=DIRECTION('',(0.E0,1.E0,0.E0));
#2463=AXIS2_PLACEMENT_3D('',#2460,#2461,#2462);
#2464=PLANE('912',#2463);
#2466=ORIENTED_EDGE('775',*,*,#2465,.F.);
#2467=ORIENTED_EDGE('776',*,*,#2451,.T.);
#2468=ORIENTED_EDGE('771',*,*,#2293,.T.);
#2470=ORIENTED_EDGE('858',*,*,#2469,.T.);
#2471=EDGE_LOOP('912',(#2466,#2467,#2468,#2470));
#2472=FACE_OUTER_BOUND('912',#2471,.F.);
#2474=CARTESIAN_POINT('',(3.75E1,-1.55E1,-7.E0));
#2475=DIRECTION('',(0.E0,0.E0,1.E0));
#2476=DIRECTION('',(-1.E0,0.E0,0.E0));
#2477=AXIS2_PLACEMENT_3D('',#2474,#2475,#2476);
#2478=PLANE('898',#2477);
#2479=ORIENTED_EDGE('763',*,*,#1673,.T.);
#2480=ORIENTED_EDGE('778',*,*,#2408,.T.);
#2481=ORIENTED_EDGE('696',*,*,#2426,.F.);
#2482=ORIENTED_EDGE('779',*,*,#2440,.T.);
#2483=ORIENTED_EDGE('780',*,*,#2453,.F.);
#2484=ORIENTED_EDGE('775',*,*,#2465,.T.);
#2486=ORIENTED_EDGE('695',*,*,#2485,.F.);
#2487=EDGE_LOOP('898',(#2479,#2480,#2481,#2482,#2483,#2484,#2486));
#2488=FACE_OUTER_BOUND('898',#2487,.F.);
#2490=CARTESIAN_POINT('',(3.42E1,-1.78E1,-2.E1));
#2491=DIRECTION('',(0.E0,0.E0,-1.E0));
#2492=DIRECTION('',(-1.E0,0.E0,0.E0));
#2493=AXIS2_PLACEMENT_3D('',#2490,#2491,#2492);
#2494=CYLINDRICAL_SURFACE('888',#2493,5.E-1);
#2495=ORIENTED_EDGE('868',*,*,#2291,.T.);
#2496=ORIENTED_EDGE('855',*,*,#1675,.F.);
#2497=ORIENTED_EDGE('695',*,*,#2485,.T.);
#2498=ORIENTED_EDGE('858',*,*,#2469,.F.);
#2499=EDGE_LOOP('888',(#2495,#2496,#2497,#2498));
#2500=FACE_OUTER_BOUND('888',#2499,.F.);
#2502=CARTESIAN_POINT('',(-3.42E1,1.78E1,-2.E1));
#2503=DIRECTION('',(0.E0,0.E0,1.E0));
#2504=DIRECTION('',(1.E0,0.E0,0.E0));
#2505=AXIS2_PLACEMENT_3D('',#2502,#2503,#2504);
#2506=CYLINDRICAL_SURFACE('904',#2505,5.E-1);
#2507=ORIENTED_EDGE('871',*,*,#2268,.T.);
#2508=ORIENTED_EDGE('875',*,*,#1814,.F.);
#2510=ORIENTED_EDGE('848',*,*,#2509,.T.);
#2512=ORIENTED_EDGE('877',*,*,#2511,.F.);
#2513=EDGE_LOOP('904',(#2507,#2508,#2510,#2512));
#2514=FACE_OUTER_BOUND('904',#2513,.F.);
#2516=CARTESIAN_POINT('',(-3.75E1,1.55E1,-7.E0));
#2517=DIRECTION('',(0.E0,0.E0,1.E0));
#2518=DIRECTION('',(1.E0,0.E0,0.E0));
#2519=AXIS2_PLACEMENT_3D('',#2516,#2517,#2518);
#2520=PLANE('896',#2519);
#2521=ORIENTED_EDGE('748',*,*,#1812,.T.);
#2523=ORIENTED_EDGE('758',*,*,#2522,.T.);
#2525=ORIENTED_EDGE('846',*,*,#2524,.F.);
#2527=ORIENTED_EDGE('759',*,*,#2526,.T.);
#2529=ORIENTED_EDGE('760',*,*,#2528,.F.);
#2531=ORIENTED_EDGE('755',*,*,#2530,.T.);
#2532=ORIENTED_EDGE('848',*,*,#2509,.F.);
#2533=EDGE_LOOP('896',(#2521,#2523,#2525,#2527,#2529,#2531,#2532));
#2534=FACE_OUTER_BOUND('896',#2533,.F.);
#2536=CARTESIAN_POINT('',(-4.035E1,-1.95E1,-2.E1));
#2537=DIRECTION('',(1.E0,0.E0,0.E0));
#2538=DIRECTION('',(0.E0,0.E0,-1.E0));
#2539=AXIS2_PLACEMENT_3D('',#2536,#2537,#2538);
#2540=PLANE('894',#2539);
#2541=ORIENTED_EDGE('758',*,*,#2522,.F.);
#2542=ORIENTED_EDGE('728',*,*,#1810,.T.);
#2543=ORIENTED_EDGE('716',*,*,#1957,.T.);
#2544=ORIENTED_EDGE('729',*,*,#1651,.T.);
#2546=ORIENTED_EDGE('747',*,*,#2545,.F.);
#2548=ORIENTED_EDGE('852',*,*,#2547,.T.);
#2549=ORIENTED_EDGE('726',*,*,#2278,.F.);
#2551=ORIENTED_EDGE('849',*,*,#2550,.T.);
#2552=EDGE_LOOP('894',(#2541,#2542,#2543,#2544,#2546,#2548,#2549,#2551));
#2553=FACE_OUTER_BOUND('894',#2552,.F.);
#2555=ORIENTED_EDGE('986',*,*,#2554,.F.);
#2557=ORIENTED_EDGE('807',*,*,#2556,.F.);
#2559=ORIENTED_EDGE('989',*,*,#2558,.F.);
#2561=ORIENTED_EDGE('973',*,*,#2560,.F.);
#2562=EDGE_LOOP('894',(#2555,#2557,#2559,#2561));
#2563=FACE_BOUND('894',#2562,.F.);
#2565=CARTESIAN_POINT('',(-3.75E1,-1.55E1,-7.E0));
#2566=DIRECTION('',(0.E0,0.E0,1.E0));
#2567=DIRECTION('',(1.E0,0.E0,0.E0));
#2568=AXIS2_PLACEMENT_3D('',#2565,#2566,#2567);
#2569=PLANE('925',#2568);
#2570=ORIENTED_EDGE('746',*,*,#1649,.T.);
#2572=ORIENTED_EDGE('861',*,*,#2571,.F.);
#2574=ORIENTED_EDGE('745',*,*,#2573,.T.);
#2576=ORIENTED_EDGE('749',*,*,#2575,.F.);
#2578=ORIENTED_EDGE('750',*,*,#2577,.T.);
#2580=ORIENTED_EDGE('847',*,*,#2579,.F.);
#2581=ORIENTED_EDGE('747',*,*,#2545,.T.);
#2582=EDGE_LOOP('925',(#2570,#2572,#2574,#2576,#2578,#2580,#2581));
#2583=FACE_OUTER_BOUND('925',#2582,.F.);
#2585=CARTESIAN_POINT('',(-3.42E1,-1.78E1,2.E-3));
#2586=DIRECTION('',(0.E0,0.E0,1.E0));
#2587=DIRECTION('',(1.E0,0.E0,0.E0));
#2588=AXIS2_PLACEMENT_3D('',#2585,#2586,#2587);
#2589=CYLINDRICAL_SURFACE('923',#2588,5.E-1);
#2590=ORIENTED_EDGE('869',*,*,#2288,.T.);
#2592=ORIENTED_EDGE('853',*,*,#2591,.F.);
#2593=ORIENTED_EDGE('861',*,*,#2571,.T.);
#2594=ORIENTED_EDGE('856',*,*,#1679,.F.);
#2595=EDGE_LOOP('923',(#2590,#2592,#2593,#2594));
#2596=FACE_OUTER_BOUND('923',#2595,.F.);
#2598=CARTESIAN_POINT('',(-3.47E1,-1.55E1,2.E-3));
#2599=DIRECTION('',(1.E0,0.E0,0.E0));
#2600=DIRECTION('',(0.E0,1.E0,0.E0));
#2601=AXIS2_PLACEMENT_3D('',#2598,#2599,#2600);
#2602=PLANE('924',#2601);
#2603=ORIENTED_EDGE('742',*,*,#2286,.T.);
#2605=ORIENTED_EDGE('744',*,*,#2604,.T.);
#2606=ORIENTED_EDGE('745',*,*,#2573,.F.);
#2607=ORIENTED_EDGE('853',*,*,#2591,.T.);
#2608=EDGE_LOOP('924',(#2603,#2605,#2606,#2607));
#2609=FACE_OUTER_BOUND('924',#2608,.F.);
#2611=CARTESIAN_POINT('',(-3.75E1,-1.55E1,2.E-3));
#2612=DIRECTION('',(0.E0,0.E0,-1.E0));
#2613=DIRECTION('',(-1.E0,0.E0,0.E0));
#2614=AXIS2_PLACEMENT_3D('',#2611,#2612,#2613);
#2615=CYLINDRICAL_SURFACE('928',#2614,2.8E0);
#2616=ORIENTED_EDGE('740',*,*,#2284,.T.);
#2618=ORIENTED_EDGE('743',*,*,#2617,.F.);
#2619=ORIENTED_EDGE('749',*,*,#2575,.T.);
#2620=ORIENTED_EDGE('744',*,*,#2604,.F.);
#2621=EDGE_LOOP('928',(#2616,#2618,#2619,#2620));
#2622=FACE_OUTER_BOUND('928',#2621,.F.);
#2624=CARTESIAN_POINT('',(-3.75E1,-1.27E1,2.E-3));
#2625=DIRECTION('',(0.E0,-1.E0,0.E0));
#2626=DIRECTION('',(1.E0,0.E0,0.E0));
#2627=AXIS2_PLACEMENT_3D('',#2624,#2625,#2626);
#2628=PLANE('926',#2627);
#2629=ORIENTED_EDGE('750',*,*,#2577,.F.);
#2630=ORIENTED_EDGE('743',*,*,#2617,.T.);
#2631=ORIENTED_EDGE('741',*,*,#2282,.T.);
#2633=ORIENTED_EDGE('851',*,*,#2632,.T.);
#2634=EDGE_LOOP('926',(#2629,#2630,#2631,#2633));
#2635=FACE_OUTER_BOUND('926',#2634,.F.);
#2637=CARTESIAN_POINT('',(-3.985E1,-1.22E1,-2.E1));
#2638=DIRECTION('',(0.E0,0.E0,-1.E0));
#2639=DIRECTION('',(-1.E0,0.E0,0.E0));
#2640=AXIS2_PLACEMENT_3D('',#2637,#2638,#2639);
#2641=CYLINDRICAL_SURFACE('922',#2640,5.E-1);
#2642=ORIENTED_EDGE('870',*,*,#2280,.T.);
#2643=ORIENTED_EDGE('852',*,*,#2547,.F.);
#2644=ORIENTED_EDGE('847',*,*,#2579,.T.);
#2645=ORIENTED_EDGE('851',*,*,#2632,.F.);
#2646=EDGE_LOOP('922',(#2642,#2643,#2644,#2645));
#2647=FACE_OUTER_BOUND('922',#2646,.F.);
#2649=CARTESIAN_POINT('',(-3.985E1,1.22E1,2.E-3));
#2650=DIRECTION('',(0.E0,0.E0,1.E0));
#2651=DIRECTION('',(1.E0,0.E0,0.E0));
#2652=AXIS2_PLACEMENT_3D('',#2649,#2650,#2651);
#2653=CYLINDRICAL_SURFACE('897',#2652,5.E-1);
#2654=ORIENTED_EDGE('850',*,*,#2276,.T.);
#2656=ORIENTED_EDGE('854',*,*,#2655,.F.);
#2657=ORIENTED_EDGE('846',*,*,#2524,.T.);
#2658=ORIENTED_EDGE('849',*,*,#2550,.F.);
#2659=EDGE_LOOP('897',(#2654,#2656,#2657,#2658));
#2660=FACE_OUTER_BOUND('897',#2659,.F.);
#2662=CARTESIAN_POINT('',(-3.75E1,1.27E1,2.E-3));
#2663=DIRECTION('',(0.E0,-1.E0,0.E0));
#2664=DIRECTION('',(1.E0,0.E0,0.E0));
#2665=AXIS2_PLACEMENT_3D('',#2662,#2663,#2664);
#2666=PLANE('900',#2665);
#2667=ORIENTED_EDGE('757',*,*,#2274,.T.);
#2669=ORIENTED_EDGE('754',*,*,#2668,.T.);
#2670=ORIENTED_EDGE('759',*,*,#2526,.F.);
#2671=ORIENTED_EDGE('854',*,*,#2655,.T.);
#2672=EDGE_LOOP('900',(#2667,#2669,#2670,#2671));
#2673=FACE_OUTER_BOUND('900',#2672,.F.);
#2675=CARTESIAN_POINT('',(-3.75E1,1.55E1,2.E-3));
#2676=DIRECTION('',(0.E0,0.E0,-1.E0));
#2677=DIRECTION('',(-1.E0,0.E0,0.E0));
#2678=AXIS2_PLACEMENT_3D('',#2675,#2676,#2677);
#2679=CYLINDRICAL_SURFACE('902',#2678,2.8E0);
#2681=ORIENTED_EDGE('756',*,*,#2680,.F.);
#2682=ORIENTED_EDGE('760',*,*,#2528,.T.);
#2683=ORIENTED_EDGE('754',*,*,#2668,.F.);
#2684=ORIENTED_EDGE('752',*,*,#2272,.T.);
#2685=EDGE_LOOP('902',(#2681,#2682,#2683,#2684));
#2686=FACE_OUTER_BOUND('902',#2685,.F.);
#2688=CARTESIAN_POINT('',(-3.47E1,1.55E1,2.E-3));
#2689=DIRECTION('',(-1.E0,0.E0,0.E0));
#2690=DIRECTION('',(0.E0,-1.E0,0.E0));
#2691=AXIS2_PLACEMENT_3D('',#2688,#2689,#2690);
#2692=PLANE('903',#2691);
#2693=ORIENTED_EDGE('755',*,*,#2530,.F.);
#2694=ORIENTED_EDGE('756',*,*,#2680,.T.);
#2695=ORIENTED_EDGE('751',*,*,#2270,.T.);
#2696=ORIENTED_EDGE('877',*,*,#2511,.T.);
#2697=EDGE_LOOP('903',(#2693,#2694,#2695,#2696));
#2698=FACE_OUTER_BOUND('903',#2697,.F.);
#2700=CARTESIAN_POINT('',(-3.555E1,1.27E1,-1.4E1));
#2701=DIRECTION('',(0.E0,0.E0,1.E0));
#2702=DIRECTION('',(0.E0,-1.E0,0.E0));
#2703=AXIS2_PLACEMENT_3D('',#2700,#2701,#2702);
#2704=PLANE('933',#2703);
#2705=ORIENTED_EDGE('986',*,*,#2554,.T.);
#2707=ORIENTED_EDGE('984',*,*,#2706,.F.);
#2708=ORIENTED_EDGE('987',*,*,#2164,.T.);
#2710=ORIENTED_EDGE('810',*,*,#2709,.F.);
#2711=EDGE_LOOP('933',(#2705,#2707,#2708,#2710));
#2712=FACE_OUTER_BOUND('933',#2711,.F.);
#2714=CARTESIAN_POINT('',(-4.155E1,1.757793155196E1,-1.4E1));
#2715=DIRECTION('',(0.E0,1.E0,0.E0));
#2716=DIRECTION('',(0.E0,0.E0,-1.E0));
#2717=AXIS2_PLACEMENT_3D('',#2714,#2715,#2716);
#2718=PLANE('966',#2717);
#2719=ORIENTED_EDGE('973',*,*,#2560,.T.);
#2721=ORIENTED_EDGE('985',*,*,#2720,.F.);
#2722=ORIENTED_EDGE('976',*,*,#2166,.F.);
#2723=ORIENTED_EDGE('984',*,*,#2706,.T.);
#2724=EDGE_LOOP('966',(#2719,#2721,#2722,#2723));
#2725=FACE_OUTER_BOUND('966',#2724,.F.);
#2727=CARTESIAN_POINT('',(-3.555E1,1.27E1,-1.8E1));
#2728=DIRECTION('',(0.E0,0.E0,-1.E0));
#2729=DIRECTION('',(0.E0,1.E0,0.E0));
#2730=AXIS2_PLACEMENT_3D('',#2727,#2728,#2729);
#2731=PLANE('935',#2730);
#2732=ORIENTED_EDGE('988',*,*,#2168,.T.);
#2733=ORIENTED_EDGE('985',*,*,#2720,.T.);
#2734=ORIENTED_EDGE('989',*,*,#2558,.T.);
#2736=ORIENTED_EDGE('809',*,*,#2735,.F.);
#2737=EDGE_LOOP('935',(#2732,#2733,#2734,#2736));
#2738=FACE_OUTER_BOUND('935',#2737,.F.);
#2740=CARTESIAN_POINT('',(-3.555E1,7.E-1,-1.4E1));
#2741=DIRECTION('',(0.E0,-1.E0,0.E0));
#2742=DIRECTION('',(0.E0,0.E0,-1.E0));
#2743=AXIS2_PLACEMENT_3D('',#2740,#2741,#2742);
#2744=PLANE('932',#2743);
#2745=ORIENTED_EDGE('807',*,*,#2556,.T.);
#2746=ORIENTED_EDGE('810',*,*,#2709,.T.);
#2747=ORIENTED_EDGE('814',*,*,#2170,.T.);
#2748=ORIENTED_EDGE('809',*,*,#2735,.T.);
#2749=EDGE_LOOP('932',(#2745,#2746,#2747,#2748));
#2750=FACE_OUTER_BOUND('932',#2749,.F.);
#2752=CARTESIAN_POINT('',(4.155E1,-1.95E1,-2.E1));
#2753=DIRECTION('',(1.E0,0.E0,0.E0));
#2754=DIRECTION('',(0.E0,0.E0,-1.E0));
#2755=AXIS2_PLACEMENT_3D('',#2752,#2753,#2754);
#2756=PLANE('917',#2755);
#2757=ORIENTED_EDGE('731',*,*,#2180,.F.);
#2758=ORIENTED_EDGE('706',*,*,#1863,.T.);
#2759=ORIENTED_EDGE('705',*,*,#1909,.T.);
#2760=ORIENTED_EDGE('884',*,*,#2064,.T.);
#2761=EDGE_LOOP('917',(#2757,#2758,#2759,#2760));
#2762=FACE_OUTER_BOUND('917',#2761,.F.);
#2766=FILL_AREA_STYLE_COLOUR('',#11);
#2767=FILL_AREA_STYLE('',(#2766));
#2768=SURFACE_STYLE_FILL_AREA(#2767);
#2769=SURFACE_SIDE_STYLE('',(#2768));
#2770=SURFACE_STYLE_USAGE(.BOTH.,#2769);
#2771=PRESENTATION_STYLE_ASSIGNMENT((#2770));
#18=STYLED_ITEM('',(#2771),#2765);
#2772=CARTESIAN_POINT('',(0.E0,0.E0,0.E0));
#2773=DIRECTION('',(1.E0,0.E0,0.E0));
#2774=DIRECTION('',(0.E0,1.E0,0.E0));
#2775=AXIS2_PLACEMENT_3D('',#2772,#2773,#2774);
#2776=PLANE('RIGHT',#2775);
#2777=CARTESIAN_POINT('',(0.E0,0.E0,0.E0));
#2778=DIRECTION('',(0.E0,1.E0,0.E0));
#2779=DIRECTION('',(0.E0,0.E0,1.E0));
#2780=AXIS2_PLACEMENT_3D('',#2777,#2778,#2779);
#2781=PLANE('TOP',#2780);
#2782=CARTESIAN_POINT('',(0.E0,0.E0,0.E0));
#2783=DIRECTION('',(0.E0,0.E0,1.E0));
#2784=DIRECTION('',(1.E0,0.E0,0.E0));
#2785=AXIS2_PLACEMENT_3D('',#2782,#2783,#2784);
#2786=PLANE('FRONT',#2785);
#2787=CARTESIAN_POINT('',(0.E0,0.E0,0.E0));
#2788=DIRECTION('',(0.E0,0.E0,1.E0));
#2789=DIRECTION('',(1.E0,0.E0,0.E0));
#2790=AXIS2_PLACEMENT_3D('PRT_CSYS_DEF',#2787,#2788,#2789);
#2791=CURVE_STYLE('',#23,POSITIVE_LENGTH_MEASURE(2.E-2),#6);
#2792=PRESENTATION_STYLE_ASSIGNMENT((#2791));
#2793=STYLED_ITEM('',(#2792),#2790);
#2794=DIRECTION('',(-1.E0,0.E0,0.E0));
#2795=VECTOR('',#2794,8.31E1);
#2796=CARTESIAN_POINT('',(4.155E1,0.E0,0.E0));
#2797=LINE('',#2796,#2795);
#2799=CURVE_STYLE('',#23,POSITIVE_LENGTH_MEASURE(2.E-2),#4);
#2800=PRESENTATION_STYLE_ASSIGNMENT((#2799));
#2801=STYLED_ITEM('',(#2800),#2798);
#2802=CARTESIAN_POINT('',(0.E0,0.E0,0.E0));
#2803=DIRECTION('',(0.E0,0.E0,1.E0));
#2804=DIRECTION('',(1.E0,0.E0,0.E0));
#2805=AXIS2_PLACEMENT_3D('',#2802,#2803,#2804);
#2806=PLANE('46',#2805);
#2807=CARTESIAN_POINT('',(0.E0,0.E0,0.E0));
#2808=DIRECTION('',(0.E0,1.E0,0.E0));
#2809=DIRECTION('',(1.E0,0.E0,0.E0));
#2810=AXIS2_PLACEMENT_3D('',#2807,#2808,#2809);
#2811=PLANE('47',#2810);
#2812=CARTESIAN_POINT('',(0.E0,0.E0,0.E0));
#2813=DIRECTION('',(1.E0,0.E0,0.E0));
#2814=DIRECTION('',(0.E0,0.E0,-1.E0));
#2815=AXIS2_PLACEMENT_3D('',#2812,#2813,#2814);
#2816=PLANE('48',#2815);
#2817=CARTESIAN_POINT('',(0.E0,0.E0,-7.E0));
#2818=DIRECTION('',(0.E0,0.E0,1.E0));
#2819=DIRECTION('',(1.E0,0.E0,0.E0));
#2820=AXIS2_PLACEMENT_3D('',#2817,#2818,#2819);
#2821=PLANE('49',#2820);
#2822=DIRECTION('',(0.E0,1.E0,0.E0));
#2823=VECTOR('',#2822,7.103565646482E0);
#2824=CARTESIAN_POINT('',(-4.155E1,1.047436590548E1,-1.4E1));
#2825=LINE('',#2824,#2823);
#2827=CURVE_STYLE('',#23,POSITIVE_LENGTH_MEASURE(2.E-2),#1);
#2828=PRESENTATION_STYLE_ASSIGNMENT((#2827));
#2829=STYLED_ITEM('',(#2828),#2826);
#2831=DIRECTION('',(0.E0,0.E0,-1.E0));
#2832=VECTOR('',#2831,4.E0);
#2833=CARTESIAN_POINT('',(-4.155E1,1.757793155196E1,-1.4E1));
#2834=LINE('',#2833,#2832);
#2836=CURVE_STYLE('',#23,POSITIVE_LENGTH_MEASURE(2.E-2),#1);
#2837=PRESENTATION_STYLE_ASSIGNMENT((#2836));
#2838=STYLED_ITEM('',(#2837),#2835);
#2840=DIRECTION('',(0.E0,-1.E0,0.E0));
#2841=VECTOR('',#2840,7.103565646482E0);
#2842=CARTESIAN_POINT('',(-4.155E1,1.757793155196E1,-1.8E1));
#2843=LINE('',#2842,#2841);
#2845=CURVE_STYLE('',#23,POSITIVE_LENGTH_MEASURE(2.E-2),#1);
#2846=PRESENTATION_STYLE_ASSIGNMENT((#2845));
#2847=STYLED_ITEM('',(#2846),#2844);
#2849=DIRECTION('',(0.E0,0.E0,1.E0));
#2850=VECTOR('',#2849,4.E0);
#2851=CARTESIAN_POINT('',(-4.155E1,1.047436590548E1,-1.8E1));
#2852=LINE('',#2851,#2850);
#2854=CURVE_STYLE('',#23,POSITIVE_LENGTH_MEASURE(2.E-2),#1);
#2855=PRESENTATION_STYLE_ASSIGNMENT((#2854));
#2856=STYLED_ITEM('',(#2855),#2853);
#2860=PRESENTATION_LAYER_ASSIGNMENT('_26_BEZUGSACHSEN','',(#2798));
#2861=PRESENTATION_LAYER_ASSIGNMENT('_27_BEZUGSEBENEN','',(#2776,#2781,#2786));
#2862=PRESENTATION_LAYER_ASSIGNMENT('_29_KOORDINATENSYSTEME','',(#2790));
#2863=PRESENTATION_LAYER_ASSIGNMENT('_00_PRT_START_FEATURES','',(#2776,#2781,
#2786,#2790,#2798));
#2864=PRESENTATION_LAYER_ASSIGNMENT('SHELL','',(#18));
#2865=PRESENTATION_LAYER_ASSIGNMENT('.BLACK_HOLE','',(#2806,#2811,#2816,#2821,
#2858));
#2866=PRESENTATION_LAYER_ASSIGNMENT('_21_KURVEN','',(#2858));
#2867=INVISIBILITY((#2865));
#2870=PLANE_ANGLE_MEASURE_WITH_UNIT(PLANE_ANGLE_MEASURE(1.745329251994E-2),
#2869);
#2871=(CONVERSION_BASED_UNIT('DEGREE',#2870)NAMED_UNIT(*)PLANE_ANGLE_UNIT());
#2873=UNCERTAINTY_MEASURE_WITH_UNIT(LENGTH_MEASURE(1.E-2),#2868,'closure',
'Maximum model space distance between geometric entities at asserted connectivities');
#2859=GEOMETRIC_CURVE_SET('945',(#2858));
#2878=CARTESIAN_POINT('',(0.E0,0.E0,0.E0));
#2879=DIRECTION('',(0.E0,0.E0,1.E0));
#2880=DIRECTION('',(1.E0,0.E0,0.E0));
#2883=SHAPE_REPRESENTATION_RELATIONSHIP('','',#2882,#2875);
#2884=SHAPE_REPRESENTATION_RELATIONSHIP('','',#2882,#2876);
#2885=CONSTRUCTIVE_GEOMETRY_REPRESENTATION_RELATIONSHIP('','',#2882,#2877);
#2886=MECHANICAL_DESIGN_GEOMETRIC_PRESENTATION_REPRESENTATION('',(#26,#33,#40,
#47,#54,#61,#68,#75,#82,#89,#96,#103,#110,#117,#124,#131,#138,#145,#152,#159,
#166,#173,#180,#187,#194,#201,#208,#215,#222,#229,#236,#243,#250,#257,#264,#271,
#278,#285,#292,#299,#306,#313,#320,#327,#334,#341,#348,#355,#362,#369,#376,#383,
#390,#397,#404,#411,#418,#425,#432,#439,#446,#453,#460,#467,#474,#481,#488,#495,
#502,#509,#516,#523,#530,#537,#544,#551,#558,#565,#572,#579,#586,#593,#600,#607,
#614,#621,#628,#635,#642,#649,#656,#663,#670,#677,#684,#691,#698,#705,#712,#719,
#726,#733,#740,#747,#754,#761,#768,#775,#782,#789,#796,#803,#811,#818,#826,#834,
#841,#849,#856,#864,#872,#879,#887,#894,#902,#910,#917,#925,#932,#940,#948,#955,
#963,#971,#979,#986,#993,#1000,#1007,#1014,#1021,#1028,#1035,#1042,#1049,#1056,
#1063,#1070,#1077,#1084,#1091,#1099,#1107,#1115,#1122,#1129,#1136,#1143,#1151,
#1159,#1167,#1174,#1181,#1188,#1195,#1202,#1210,#1218,#1226,#1233,#1240,#1247,
#1254,#1261,#1268,#1275,#1282,#1289,#1296,#1303,#1310,#1317,#1324,#1331,#1338,
#1345,#1352,#1359,#1366,#1373,#1380,#1387,#18,#2793,#2801,#2829,#2838,#2847,
#2856),#2874);
#2887=APPLICATION_CONTEXT('automotive design');
#2888=APPLICATION_PROTOCOL_DEFINITION('international standard',
'config_control_design',1994,#2887);
#2889=PRODUCT_DEFINITION_CONTEXT('',#2887,'design');
#2890=PRODUCT_CONTEXT('',#2887,'mechanical');
#2891=PRODUCT('LCD_BOX_16X2_TOP','LCD_BOX_16X2_TOP','NOT SPECIFIED',(#2890));
#2892=PRODUCT_DEFINITION_FORMATION_WITH_SPECIFIED_SOURCE('1','LAST_VERSION',
#2891,.MADE.);
#2900=DERIVED_UNIT_ELEMENT(#2899,-3.E0);
#2902=DERIVED_UNIT_ELEMENT(#2901,1.E0);
#2903=DERIVED_UNIT((#2900,#2902));
#2904=MEASURE_REPRESENTATION_ITEM('density measure',POSITIVE_RATIO_MEASURE(
7.85E-6),#2903);
#2908=DESCRIPTIVE_REPRESENTATION_ITEM('STAHL_ALLGEMEIN','');
#2917=DERIVED_UNIT_ELEMENT(#2916,2.E0);
#2918=AREA_UNIT((#2917));
#2919=MEASURE_REPRESENTATION_ITEM('surface area measure',AREA_MEASURE(
1.215390498778E4),#2918);
#2924=DERIVED_UNIT_ELEMENT(#2923,3.E0);
#2925=VOLUME_UNIT((#2924));
#2926=MEASURE_REPRESENTATION_ITEM('volume measure',VOLUME_MEASURE(
7.619173921080E3),#2925);
#2930=CARTESIAN_POINT('centre point',(4.354181708201E-1,-9.717388575380E-2,
-7.463091455777E0));
#2935=DERIVED_UNIT_ELEMENT(#2934,2.E0);
#2936=AREA_UNIT((#2935));
#2937=MEASURE_REPRESENTATION_ITEM('surface area measure',AREA_MEASURE(
1.215390498778E4),#2936);
#2942=DERIVED_UNIT_ELEMENT(#2941,3.E0);
#2943=VOLUME_UNIT((#2942));
#2944=MEASURE_REPRESENTATION_ITEM('volume measure',VOLUME_MEASURE(
7.619173921080E3),#2943);
#2948=CARTESIAN_POINT('centre point',(4.354181708201E-1,-9.717388575380E-2,
-7.463091455777E0));
#2952=PRODUCT_CONTEXT('',#2887,'mechanical');
#2953=PRODUCT('STAHL_ALLGEMEIN','allgemeiner Stahl','NOT SPECIFIED',(#2952));
#2954=PRODUCT_DEFINITION_FORMATION_WITH_SPECIFIED_SOURCE('','LAST_VERSION',
#2953,.MADE.);
#2957=DIMENSIONAL_EXPONENTS(0.E0,0.E0,0.E0,0.E0,0.E0,0.E0,0.E0);
#2958=NAMED_UNIT(#2957);
#2959=MEASURE_WITH_UNIT(COUNT_MEASURE(1.E0),#2958);
#2961=DERIVED_UNIT_ELEMENT(#2960,-3.E0);
#2963=DERIVED_UNIT_ELEMENT(#2962,1.E0);
#2964=DERIVED_UNIT((#2961,#2963));
#2965=MEASURE_REPRESENTATION_ITEM('density measure',POSITIVE_RATIO_MEASURE(
7.85E-6),#2964);
#2970=DRAUGHTING_MODEL('Default',(#2984,#2986,#2988,#2999,#3000),#2874);
#2971=CARTESIAN_POINT('',(0.E0,0.E0,0.E0));
#2972=DIRECTION('',(0.E0,0.E0,1.E0));
#2973=DIRECTION('',(1.E0,0.E0,0.E0));
#2974=AXIS2_PLACEMENT_3D('',#2971,#2972,#2973);
#2975=REPRESENTATION_MAP(#2974,#2882);
#2976=MAPPED_ITEM('',#2975,#2974);
#2977=PRESENTATION_STYLE_ASSIGNMENT((.NULL.));
#2978=STYLED_ITEM('',(#2977),#2976);
#2979=DRAUGHTING_MODEL('',(#2974,#2976,#2978),#2874);
#2980=MECHANICAL_DESIGN_AND_DRAUGHTING_RELATIONSHIP('','',#2970,#2979);
#2981=CARTESIAN_POINT('',(0.E0,0.E0,0.E0));
#2982=DIRECTION('',(0.E0,0.E0,1.E0));
#2983=DIRECTION('',(1.E0,0.E0,0.E0));
#2984=AXIS2_PLACEMENT_3D('',#2981,#2982,#2983);
#2985=REPRESENTATION_MAP(#2984,#2882);
#2986=MAPPED_ITEM('',#2985,#2984);
#2987=PRESENTATION_STYLE_ASSIGNMENT((.NULL.));
#2988=STYLED_ITEM('',(#2987),#2986);
#2989=CARTESIAN_POINT('',(0.E0,0.E0,0.E0));
#2990=CARTESIAN_POINT('',(-5.674025764273E1,-4.208375789352E1,
1.850232653515E2));
#2991=DIRECTION('',(0.E0,0.E0,1.E0));
#2992=DIRECTION('',(1.E0,0.E0,0.E0));
#2993=AXIS2_PLACEMENT_3D('',#2990,#2991,#2992);
#2995=VIEW_VOLUME(.PARALLEL.,#2989,1.850232653515E2,1.850232653515E2,.T.,0.E0,
.F.,.T.,#2994);
#2996=CARTESIAN_POINT('',(1.979021517730E1,1.246412509294E2,1.526335945561E2));
#2997=DIRECTION('',(-3.894183423087E-1,-7.214918620107E-1,-5.725406952575E-1));
#2998=DIRECTION('',(-9.210609940029E-1,3.050418666329E-1,2.420663234065E-1));
#2999=AXIS2_PLACEMENT_3D('',#2996,#2997,#2998);
#3000=CAMERA_MODEL_D3('DEFAULT',#2999,#2995);
#3002=GENERAL_PROPERTY('','CAD_APPROVED_BY','user defined attribute');
#3003=GENERAL_PROPERTY_ASSOCIATION('user defined attribute','',#3002,#3001);
#3004=DESCRIPTIVE_REPRESENTATION_ITEM('CAD_APPROVED_BY','-');
#3008=GENERAL_PROPERTY('','CAD_APPROVED_ON','user defined attribute');
#3009=GENERAL_PROPERTY_ASSOCIATION('user defined attribute','',#3008,#3007);
#3010=DESCRIPTIVE_REPRESENTATION_ITEM('CAD_APPROVED_ON','jjjj-mm-dd');
#3014=GENERAL_PROPERTY('','CAD_CHANGE_NO','user defined attribute');
#3015=GENERAL_PROPERTY_ASSOCIATION('user defined attribute','',#3014,#3013);
#3016=DESCRIPTIVE_REPRESENTATION_ITEM('CAD_CHANGE_NO','-');
#3020=GENERAL_PROPERTY('','CAD_CHANGE_TEXT','user defined attribute');
#3021=GENERAL_PROPERTY_ASSOCIATION('user defined attribute','',#3020,#3019);
#3022=DESCRIPTIVE_REPRESENTATION_ITEM('CAD_CHANGE_TEXT','-');
#3026=GENERAL_PROPERTY('','CAD_CREATED_BY','user defined attribute');
#3027=GENERAL_PROPERTY_ASSOCIATION('user defined attribute','',#3026,#3025);
#3028=DESCRIPTIVE_REPRESENTATION_ITEM('CAD_CREATED_BY','-');
#3032=GENERAL_PROPERTY('','CAD_CREATED_ON','user defined attribute');
#3033=GENERAL_PROPERTY_ASSOCIATION('user defined attribute','',#3032,#3031);
#3034=DESCRIPTIVE_REPRESENTATION_ITEM('CAD_CREATED_ON','jjjj-mm-dd');
#3038=GENERAL_PROPERTY('','CAD_LIFECYCLE_STATE','user defined attribute');
#3039=GENERAL_PROPERTY_ASSOCIATION('user defined attribute','',#3038,#3037);
#3040=DESCRIPTIVE_REPRESENTATION_ITEM('CAD_LIFECYCLE_STATE','-');
#3044=GENERAL_PROPERTY('','CAD_MODIFIED_BY','user defined attribute');
#3045=GENERAL_PROPERTY_ASSOCIATION('user defined attribute','',#3044,#3043);
#3046=DESCRIPTIVE_REPRESENTATION_ITEM('CAD_MODIFIED_BY','-');
#3050=GENERAL_PROPERTY('','CAD_MODIFIED_ON','user defined attribute');
#3051=GENERAL_PROPERTY_ASSOCIATION('user defined attribute','',#3050,#3049);
#3052=DESCRIPTIVE_REPRESENTATION_ITEM('CAD_MODIFIED_ON','jjjj-mm-dd');
#3056=GENERAL_PROPERTY('','CAD_REVISION','user defined attribute');
#3057=GENERAL_PROPERTY_ASSOCIATION('user defined attribute','',#3056,#3055);
#3058=DESCRIPTIVE_REPRESENTATION_ITEM('CAD_REVISION','-');
#3062=GENERAL_PROPERTY('','DEPARTMENT','user defined attribute');
#3063=GENERAL_PROPERTY_ASSOCIATION('user defined attribute','',#3062,#3061);
#3064=DESCRIPTIVE_REPRESENTATION_ITEM('DEPARTMENT','DEV');
#3068=GENERAL_PROPERTY('','DESCRIPTION_1_DE','user defined attribute');
#3069=GENERAL_PROPERTY_ASSOCIATION('user defined attribute','',#3068,#3067);
#3070=DESCRIPTIVE_REPRESENTATION_ITEM('DESCRIPTION_1_DE','-');
#3074=GENERAL_PROPERTY('','DESCRIPTION_1_EN','user defined attribute');
#3075=GENERAL_PROPERTY_ASSOCIATION('user defined attribute','',#3074,#3073);
#3076=DESCRIPTIVE_REPRESENTATION_ITEM('DESCRIPTION_1_EN','-');
#3080=GENERAL_PROPERTY('','DESCRIPTION_2_DE','user defined attribute');
#3081=GENERAL_PROPERTY_ASSOCIATION('user defined attribute','',#3080,#3079);
#3082=DESCRIPTIVE_REPRESENTATION_ITEM('DESCRIPTION_2_DE','-');
#3086=GENERAL_PROPERTY('','DESCRIPTION_2_EN','user defined attribute');
#3087=GENERAL_PROPERTY_ASSOCIATION('user defined attribute','',#3086,#3085);
#3088=DESCRIPTIVE_REPRESENTATION_ITEM('DESCRIPTION_2_EN','-');
#3092=GENERAL_PROPERTY('','DRAWING_NO','user defined attribute');
#3093=GENERAL_PROPERTY_ASSOCIATION('user defined attribute','',#3092,#3091);
#3094=DESCRIPTIVE_REPRESENTATION_ITEM('DRAWING_NO','-');
#3098=GENERAL_PROPERTY('','MC_CHECKTYPE','user defined attribute');
#3099=GENERAL_PROPERTY_ASSOCIATION('user defined attribute','',#3098,#3097);
#3100=DESCRIPTIVE_REPRESENTATION_ITEM('MC_CHECKTYPE','SUT_INT_DE');
#3104=GENERAL_PROPERTY('','COATING','user defined attribute');
#3105=GENERAL_PROPERTY_ASSOCIATION('user defined attribute','',#3104,#3103);
#3106=DESCRIPTIVE_REPRESENTATION_ITEM('COATING','-');
#3110=GENERAL_PROPERTY('','COLORING','user defined attribute');
#3111=GENERAL_PROPERTY_ASSOCIATION('user defined attribute','',#3110,#3109);
#3112=DESCRIPTIVE_REPRESENTATION_ITEM('COLORING','-');
#3116=GENERAL_PROPERTY('','DESC_SEMIFINISHED','user defined attribute');
#3117=GENERAL_PROPERTY_ASSOCIATION('user defined attribute','',#3116,#3115);
#3118=DESCRIPTIVE_REPRESENTATION_ITEM('DESC_SEMIFINISHED','-');
#3122=GENERAL_PROPERTY('','DIMENSION','user defined attribute');
#3123=GENERAL_PROPERTY_ASSOCIATION('user defined attribute','',#3122,#3121);
#3124=DESCRIPTIVE_REPRESENTATION_ITEM('DIMENSION','-');
#3128=GENERAL_PROPERTY('','HARDNESS','user defined attribute');
#3129=GENERAL_PROPERTY_ASSOCIATION('user defined attribute','',#3128,#3127);
#3130=DESCRIPTIVE_REPRESENTATION_ITEM('HARDNESS','-');
#3134=GENERAL_PROPERTY('','MASS','user defined attribute');
#3135=GENERAL_PROPERTY_ASSOCIATION('user defined attribute','',#3134,#3133);
#3136=REAL_REPRESENTATION_ITEM('MASS',5.9E-2);
#3140=GENERAL_PROPERTY('','MATERIAL','user defined attribute');
#3141=GENERAL_PROPERTY_ASSOCIATION('user defined attribute','',#3140,#3139);
#3142=DESCRIPTIVE_REPRESENTATION_ITEM('MATERIAL','Stahl allg.');
#3146=GENERAL_PROPERTY('','PART_NO','user defined attribute');
#3147=GENERAL_PROPERTY_ASSOCIATION('user defined attribute','',#3146,#3145);
#3148=DESCRIPTIVE_REPRESENTATION_ITEM('PART_NO','-');
#3152=GENERAL_PROPERTY('','PART_NO_SEMIFINISHED','user defined attribute');
#3153=GENERAL_PROPERTY_ASSOCIATION('user defined attribute','',#3152,#3151);
#3154=DESCRIPTIVE_REPRESENTATION_ITEM('PART_NO_SEMIFINISHED','-');
#3158=GENERAL_PROPERTY('','STANDARD','user defined attribute');
#3159=GENERAL_PROPERTY_ASSOCIATION('user defined attribute','',#3158,#3157);
#3160=DESCRIPTIVE_REPRESENTATION_ITEM('STANDARD','-');
#3164=GENERAL_PROPERTY('','STANDARD_DIMENSION','user defined attribute');
#3165=GENERAL_PROPERTY_ASSOCIATION('user defined attribute','',#3164,#3163);
#3166=DESCRIPTIVE_REPRESENTATION_ITEM('STANDARD_DIMENSION','DIN EN ISO 14405');
#3170=GENERAL_PROPERTY('','STANDARD_EDGE','user defined attribute');
#3171=GENERAL_PROPERTY_ASSOCIATION('user defined attribute','',#3170,#3169);
#3172=DESCRIPTIVE_REPRESENTATION_ITEM('STANDARD_EDGE','ISO 13715');
#3176=GENERAL_PROPERTY('','STANDARD_INFO_DE','user defined attribute');
#3177=GENERAL_PROPERTY_ASSOCIATION('user defined attribute','',#3176,#3175);
#3178=DESCRIPTIVE_REPRESENTATION_ITEM('STANDARD_INFO_DE','-');
#3182=GENERAL_PROPERTY('','STANDARD_INFO_EN','user defined attribute');
#3183=GENERAL_PROPERTY_ASSOCIATION('user defined attribute','',#3182,#3181);
#3184=DESCRIPTIVE_REPRESENTATION_ITEM('STANDARD_INFO_EN','-');
#3188=GENERAL_PROPERTY('','STANDARD_SURFACE','user defined attribute');
#3189=GENERAL_PROPERTY_ASSOCIATION('user defined attribute','',#3188,#3187);
#3190=DESCRIPTIVE_REPRESENTATION_ITEM('STANDARD_SURFACE','ISO 1302');
#3194=GENERAL_PROPERTY('','STANDARD_TOL_CLASS','user defined attribute');
#3195=GENERAL_PROPERTY_ASSOCIATION('user defined attribute','',#3194,#3193);
#3196=DESCRIPTIVE_REPRESENTATION_ITEM('STANDARD_TOL_CLASS','ISO 2768-mK');
#3200=GENERAL_PROPERTY('','SUPPLIER','user defined attribute');
#3201=GENERAL_PROPERTY_ASSOCIATION('user defined attribute','',#3200,#3199);
#3202=DESCRIPTIVE_REPRESENTATION_ITEM('SUPPLIER','-');
#3206=GENERAL_PROPERTY('','CLASSIFICATION','user defined attribute');
#3207=GENERAL_PROPERTY_ASSOCIATION('user defined attribute','',#3206,#3205);
#3208=DESCRIPTIVE_REPRESENTATION_ITEM('CLASSIFICATION','FERTIGUNG');
#3212=GENERAL_PROPERTY('','CATEGORY','user defined attribute');
#3213=GENERAL_PROPERTY_ASSOCIATION('user defined attribute','',#3212,#3211);
#3214=INTEGER_REPRESENTATION_ITEM('CATEGORY',1);
#3218=GENERAL_PROPERTY('','PROJECT','user defined attribute');
#3219=GENERAL_PROPERTY_ASSOCIATION('user defined attribute','',#3218,#3217);
#3220=DESCRIPTIVE_REPRESENTATION_ITEM('PROJECT','-');
#3224=GENERAL_PROPERTY('','PROJECT_NO','user defined attribute');
#3225=GENERAL_PROPERTY_ASSOCIATION('user defined attribute','',#3224,#3223);
#3226=DESCRIPTIVE_REPRESENTATION_ITEM('PROJECT_NO','-');
#3230=GENERAL_PROPERTY('','ORDER_CODE','user defined attribute');
#3231=GENERAL_PROPERTY_ASSOCIATION('user defined attribute','',#3230,#3229);
#3232=DESCRIPTIVE_REPRESENTATION_ITEM('ORDER_CODE','-');
#3236=GENERAL_PROPERTY('','STANDARD_WELDING','user defined attribute');
#3237=GENERAL_PROPERTY_ASSOCIATION('user defined attribute','',#3236,#3235);
#3238=DESCRIPTIVE_REPRESENTATION_ITEM('STANDARD_WELDING','ISO 9692');
#3242=GENERAL_PROPERTY('','CUSTOMER','user defined attribute');
#3243=GENERAL_PROPERTY_ASSOCIATION('user defined attribute','',#3242,#3241);
#3244=DESCRIPTIVE_REPRESENTATION_ITEM('CUSTOMER','-');
#3248=GENERAL_PROPERTY('','HEAT_TREATMENT','user defined attribute');
#3249=GENERAL_PROPERTY_ASSOCIATION('user defined attribute','',#3248,#3247);
#3250=DESCRIPTIVE_REPRESENTATION_ITEM('HEAT_TREATMENT','-');
#3254=GENERAL_PROPERTY('','PTC_VAL_IMP_PART_STATUS','user defined attribute');
#3255=GENERAL_PROPERTY_ASSOCIATION('user defined attribute','',#3254,#3253);
#3256=DESCRIPTIVE_REPRESENTATION_ITEM('PTC_VAL_IMP_PART_STATUS','OK');
#3260=GENERAL_PROPERTY('','PTC_MP_VAL_IMP_VOLUME','user defined attribute');
#3261=GENERAL_PROPERTY_ASSOCIATION('user defined attribute','',#3260,#3259);
#3263=DERIVED_UNIT_ELEMENT(#3262,3.E0);
#3264=VOLUME_UNIT((#3263));
#3265=MEASURE_REPRESENTATION_ITEM('PTC_MP_VAL_IMP_VOLUME',VOLUME_MEASURE(
7.642587886483E3),#3264);
#3269=GENERAL_PROPERTY('','PTC_MP_VAL_IMP_AREA','user defined attribute');
#3270=GENERAL_PROPERTY_ASSOCIATION('user defined attribute','',#3269,#3268);
#3272=DERIVED_UNIT_ELEMENT(#3271,2.E0);
#3273=AREA_UNIT((#3272));
#3274=MEASURE_REPRESENTATION_ITEM('PTC_MP_VAL_IMP_AREA',AREA_MEASURE(
1.218122140447E4),#3273);
#3278=GENERAL_PROPERTY('','PTC_MP_VAL_IMP_COGX','user defined attribute');
#3279=GENERAL_PROPERTY_ASSOCIATION('user defined attribute','',#3278,#3277);
#3281=MEASURE_REPRESENTATION_ITEM('PTC_MP_VAL_IMP_COGX',LENGTH_MEASURE(
3.086284364096E-1),#3280);
#3285=GENERAL_PROPERTY('','PTC_MP_VAL_IMP_COGY','user defined attribute');
#3286=GENERAL_PROPERTY_ASSOCIATION('user defined attribute','',#3285,#3284);
#3288=MEASURE_REPRESENTATION_ITEM('PTC_MP_VAL_IMP_COGY',LENGTH_MEASURE(
-5.049598561260E-2),#3287);
#3292=GENERAL_PROPERTY('','PTC_MP_VAL_IMP_COGZ','user defined attribute');
#3293=GENERAL_PROPERTY_ASSOCIATION('user defined attribute','',#3292,#3291);
#3295=MEASURE_REPRESENTATION_ITEM('PTC_MP_VAL_IMP_COGZ',LENGTH_MEASURE(
-7.489245422183E0),#3294);
#3299=GENERAL_PROPERTY('','PTC_VAL_IMP_SCORE','user defined attribute');
#3300=GENERAL_PROPERTY_ASSOCIATION('user defined attribute','',#3299,#3298);
#3301=DESCRIPTIVE_REPRESENTATION_ITEM('PTC_VAL_IMP_SCORE','PASS');
#3305=GENERAL_PROPERTY('','CAD_SYSTEM','user defined attribute');
#3306=GENERAL_PROPERTY_ASSOCIATION('user defined attribute','',#3305,#3304);
#3307=DESCRIPTIVE_REPRESENTATION_ITEM('CAD_SYSTEM','SOLIDWORKS_PART');
#3311=GENERAL_PROPERTY('','DEX_MASTER','user defined attribute');
#3312=GENERAL_PROPERTY_ASSOCIATION('user defined attribute','',#3311,#3310);
#3313=DESCRIPTIVE_REPRESENTATION_ITEM('DEX_MASTER','LCD box top');
#3317=GENERAL_PROPERTY('','MODEL_VERSION','user defined attribute');
#3318=GENERAL_PROPERTY_ASSOCIATION('user defined attribute','',#3317,#3316);
#3319=DESCRIPTIVE_REPRESENTATION_ITEM('MODEL_VERSION','N/A');
#3323=GENERAL_PROPERTY('','MODEL_DATE','user defined attribute');
#3324=GENERAL_PROPERTY_ASSOCIATION('user defined attribute','',#3323,#3322);
#3325=DESCRIPTIVE_REPRESENTATION_ITEM('MODEL_DATE','05/12/2026 13:54:18');
#3329=GENERAL_PROPERTY('','TIM_STATUS','user defined attribute');
#3330=GENERAL_PROPERTY_ASSOCIATION('user defined attribute','',#3329,#3328);
#3331=DESCRIPTIVE_REPRESENTATION_ITEM('TIM_STATUS','Aktuell');
#3335=GENERAL_PROPERTY('','REF_LINK','user defined attribute');
#3336=GENERAL_PROPERTY_ASSOCIATION('user defined attribute','',#3335,#3334);
#3337=DESCRIPTIVE_REPRESENTATION_ITEM('REF_LINK','Z:\\PJ1\\LCD box top.SLDPRT');
#3341=GENERAL_PROPERTY('','NATIVE_NAME','user defined attribute');
#3342=GENERAL_PROPERTY_ASSOCIATION('user defined attribute','',#3341,#3340);
#3343=DESCRIPTIVE_REPRESENTATION_ITEM('NATIVE_NAME','LCD box top');
#3347=GENERAL_PROPERTY('','PTC_COMMON_NAME','user defined attribute');
#3348=GENERAL_PROPERTY_ASSOCIATION('user defined attribute','',#3347,#3346);
#3349=DESCRIPTIVE_REPRESENTATION_ITEM('PTC_COMMON_NAME','lcd_box_16x2_top.prt');
#3353=GENERAL_PROPERTY('','PTC_MASTER_MATERIAL','user defined attribute');
#3354=GENERAL_PROPERTY_ASSOCIATION('user defined attribute','',#3353,#3352);
#3355=DESCRIPTIVE_REPRESENTATION_ITEM('PTC_MASTER_MATERIAL','STAHL_ALLGEMEIN');
#1=COLOUR_RGB('',0.E0,7.450980392157E-1,9.215686274510E-1);
#2=DRAUGHTING_PRE_DEFINED_COLOUR('green');
#3=COLOUR_RGB('',1.1E-2,1.2E-2,1.E0);
#4=COLOUR_RGB('',2.156862745098E-1,0.E0,3.725490196078E-1);
#5=COLOUR_RGB('',4.1E-1,2.61589E-1,1.12848E-1);
#6=COLOUR_RGB('',4.705882352941E-1,3.137254901961E-1,3.333333333333E-1);
#7=COLOUR_RGB('',5.04854E-1,1.5455E-2,1.5455E-2);
#8=COLOUR_RGB('',6.35294E-1,6.86275E-1,7.4902E-1);
#9=COLOUR_RGB('',6.40777E-1,6.40777E-1,6.40777E-1);
#10=COLOUR_RGB('',6.69062E-1,6.69903E-1,6.55217E-1);
#11=COLOUR_RGB('',7.921568627451E-1,8.196078431373E-1,9.333333333333E-1);
#12=COLOUR_RGB('',9.21569E-1,7.05882E-1,4.70588E-1);
#13=DRAUGHTING_PRE_DEFINED_COLOUR('red');
#14=DRAUGHTING_PRE_DEFINED_COLOUR('yellow');
#15=COLOUR_RGB('',1.E0,1.E0,5.3E-1);
#16=COLOUR_RGB('',1.E0,1.E0,9.49E-1);
#17=DRAUGHTING_PRE_DEFINED_COLOUR('white');
#808=CIRCLE('761',#807,2.8E0);
#823=CIRCLE('872',#822,5.E-1);
#831=CIRCLE('871',#830,5.E-1);
#846=CIRCLE('752',#845,2.8E0);
#861=CIRCLE('850',#860,5.E-1);
#869=CIRCLE('870',#868,5.E-1);
#884=CIRCLE('740',#883,2.8E0);
#899=CIRCLE('869',#898,5.E-1);
#907=CIRCLE('868',#906,5.E-1);
#922=CIRCLE('772',#921,2.8E0);
#937=CIRCLE('863',#936,5.E-1);
#945=CIRCLE('873',#944,5.E-1);
#960=CIRCLE('860',#959,5.E-1);
#968=CIRCLE('770',#967,2.8E0);
#976=CIRCLE('859',#975,5.E-1);
#1096=CIRCLE('696',#1095,5.E-1);
#1104=CIRCLE('780',#1103,2.8E0);
#1112=CIRCLE('695',#1111,5.E-1);
#1148=CIRCLE('846',#1147,5.E-1);
#1156=CIRCLE('760',#1155,2.8E0);
#1164=CIRCLE('848',#1163,5.E-1);
#1207=CIRCLE('861',#1206,5.E-1);
#1215=CIRCLE('749',#1214,2.8E0);
#1223=CIRCLE('847',#1222,5.E-1);
#1649=EDGE_CURVE('746',#1483,#1517,#51,.T.);
#1651=EDGE_CURVE('729',#1449,#1483,#58,.T.);
#1653=EDGE_CURVE('719',#1457,#1449,#65,.T.);
#1655=EDGE_CURVE('818',#1617,#1457,#72,.T.);
#1657=EDGE_CURVE('816',#1616,#1617,#79,.T.);
#1659=EDGE_CURVE('820',#1463,#1616,#86,.T.);
#1661=EDGE_CURVE('722',#1406,#1463,#93,.T.);
#1663=EDGE_CURVE('837',#1631,#1406,#100,.T.);
#1665=EDGE_CURVE('832',#1403,#1631,#107,.T.);
#1667=EDGE_CURVE('699',#1399,#1403,#114,.T.);
#1669=EDGE_CURVE('720',#1459,#1399,#121,.T.);
#1671=EDGE_CURVE('730',#1485,#1459,#128,.T.);
#1673=EDGE_CURVE('763',#1390,#1485,#135,.T.);
#1675=EDGE_CURVE('855',#1390,#1467,#1119,.T.);
#1677=EDGE_CURVE('724',#1466,#1467,#142,.T.);
#1679=EDGE_CURVE('856',#1466,#1517,#1237,.T.);
#1683=EDGE_CURVE('773',#1570,#1571,#22,.T.);
#1685=EDGE_CURVE('786',#1587,#1570,#30,.T.);
#1687=EDGE_CURVE('784',#1583,#1587,#37,.T.);
#1689=EDGE_CURVE('782',#1571,#1583,#44,.T.);
#1693=ADVANCED_FACE('887',(#1682,#1692),#1648,.T.);
#1700=EDGE_CURVE('788',#1591,#1571,#149,.T.);
#1702=EDGE_CURVE('797',#1591,#1593,#576,.T.);
#1704=EDGE_CURVE('789',#1570,#1593,#156,.T.);
#1708=ADVANCED_FACE('937',(#1707),#1698,.F.);
#1714=EDGE_CURVE('795',#1605,#1580,#170,.T.);
#1716=EDGE_CURVE('781',#1580,#1581,#212,.T.);
#1718=EDGE_CURVE('791',#1581,#1597,#317,.T.);
#1720=EDGE_CURVE('800',#1597,#1605,#331,.T.);
#1724=ADVANCED_FACE('937',(#1723),#1713,.F.);
#1732=EDGE_CURVE('794',#1603,#1583,#163,.T.);
#1734=EDGE_CURVE('802',#1603,#1591,#555,.T.);
#1738=ADVANCED_FACE('936',(#1737),#1729,.T.);
#1744=EDGE_CURVE('783',#1585,#1580,#191,.T.);
#1747=EDGE_CURVE('796',#1605,#1601,#352,.T.);
#1749=EDGE_CURVE('793',#1601,#1585,#177,.T.);
#1753=ADVANCED_FACE('936',(#1752),#1743,.T.);
#1759=EDGE_CURVE('785',#1589,#1585,#198,.T.);
#1762=EDGE_CURVE('798',#1601,#1595,#345,.T.);
#1764=EDGE_CURVE('790',#1595,#1589,#324,.T.);
#1768=ADVANCED_FACE('916',(#1767),#1758,.T.);
#1776=EDGE_CURVE('792',#1599,#1587,#184,.T.);
#1778=EDGE_CURVE('803',#1599,#1603,#562,.T.);
#1782=ADVANCED_FACE('916',(#1781),#1773,.T.);
#1788=EDGE_CURVE('753',#1461,#1531,#219,.T.);
#1790=EDGE_CURVE('721',#1445,#1461,#226,.T.);
#1792=EDGE_CURVE('715',#1444,#1445,#233,.T.);
#1794=EDGE_CURVE('836',#1635,#1444,#240,.T.);
#1796=EDGE_CURVE('835',#1634,#1635,#247,.T.);
#1798=EDGE_CURVE('838',#1453,#1634,#254,.T.);
#1800=EDGE_CURVE('717',#1452,#1453,#261,.T.);
#1802=EDGE_CURVE('821',#1621,#1452,#268,.T.);
#1804=EDGE_CURVE('817',#1620,#1621,#275,.T.);
#1806=EDGE_CURVE('819',#1455,#1620,#282,.T.);
#1808=EDGE_CURVE('718',#1448,#1455,#289,.T.);
#1810=EDGE_CURVE('728',#1481,#1448,#296,.T.);
#1812=EDGE_CURVE('748',#1521,#1481,#303,.T.);
#1814=EDGE_CURVE('875',#1521,#1471,#1133,.T.);
#1816=EDGE_CURVE('725',#1470,#1471,#310,.T.);
#1818=EDGE_CURVE('876',#1470,#1531,#990,.T.);
#1824=EDGE_CURVE('787',#1581,#1589,#205,.T.);
#1829=ADVANCED_FACE('895',(#1821,#1828),#1787,.F.);
#1838=EDGE_CURVE('799',#1595,#1597,#338,.T.);
#1842=ADVANCED_FACE('915',(#1841),#1834,.F.);
#1850=EDGE_CURVE('804',#1593,#1599,#569,.T.);
#1855=ADVANCED_FACE('915',(#1854),#1847,.F.);
#1861=EDGE_CURVE('711',#1417,#1431,#359,.T.);
#1863=EDGE_CURVE('706',#1419,#1417,#366,.T.);
#1865=EDGE_CURVE('883',#1429,#1419,#373,.T.);
#1867=EDGE_CURVE('709',#1428,#1429,#380,.T.);
#1869=EDGE_CURVE('713',#1437,#1428,#387,.T.);
#1871=EDGE_CURVE('831',#1627,#1437,#394,.T.);
#1873=EDGE_CURVE('830',#1625,#1627,#401,.T.);
#1875=EDGE_CURVE('828',#1435,#1625,#408,.T.);
#1877=EDGE_CURVE('712',#1434,#1435,#415,.T.);
#1879=EDGE_CURVE('843',#1415,#1434,#422,.T.);
#1881=EDGE_CURVE('704',#1414,#1415,#429,.T.);
#1883=EDGE_CURVE('844',#1431,#1414,#436,.T.);
#1893=ADVANCED_FACE('920',(#1886,#1892),#1860,.T.);
#1899=EDGE_CURVE('865',#1444,#1431,#443,.T.);
#1902=EDGE_CURVE('723',#1459,#1445,#450,.T.);
#1905=EDGE_CURVE('697',#1398,#1399,#457,.T.);
#1907=EDGE_CURVE('702',#1398,#1411,#660,.T.);
#1909=EDGE_CURVE('705',#1417,#1411,#464,.T.);
#1914=ADVANCED_FACE('891',(#1913),#1898,.F.);
#1920=EDGE_CURVE('700',#1406,#1407,#471,.T.);
#1923=EDGE_CURVE('827',#1421,#1463,#478,.T.);
#1925=EDGE_CURVE('707',#1421,#1407,#604,.T.);
#1929=ADVANCED_FACE('891',(#1928),#1919,.F.);
#1935=EDGE_CURVE('867',#1434,#1453,#485,.T.);
#1938=EDGE_CURVE('881',#1452,#1435,#492,.T.);
#1943=ADVANCED_FACE('891',(#1942),#1934,.F.);
#1950=EDGE_CURVE('710',#1424,#1428,#499,.T.);
#1952=EDGE_CURVE('708',#1424,#1425,#632,.T.);
#1954=EDGE_CURVE('822',#1457,#1425,#506,.T.);
#1957=EDGE_CURVE('716',#1448,#1449,#513,.T.);
#1960=EDGE_CURVE('845',#1437,#1455,#520,.T.);
#1964=ADVANCED_FACE('891',(#1963),#1948,.F.);
#1972=EDGE_CURVE('839',#1401,#1403,#527,.T.);
#1974=EDGE_CURVE('698',#1401,#1398,#583,.T.);
#1978=ADVANCED_FACE('889',(#1977),#1969,.T.);
#1987=EDGE_CURVE('842',#1635,#1414,#534,.T.);
#1991=ADVANCED_FACE('889',(#1990),#1983,.T.);
#1999=EDGE_CURVE('841',#1409,#1631,#541,.T.);
#2001=EDGE_CURVE('701',#1409,#1401,#590,.T.);
#2005=ADVANCED_FACE('929',(#2004),#1996,.T.);
#2014=EDGE_CURVE('840',#1415,#1634,#548,.T.);
#2018=ADVANCED_FACE('929',(#2017),#2010,.T.);
#2027=EDGE_CURVE('703',#1407,#1409,#597,.T.);
#2031=ADVANCED_FACE('892',(#2030),#2023,.T.);
#2043=ADVANCED_FACE('892',(#2042),#2036,.T.);
#2053=EDGE_CURVE('833',#1629,#1421,#611,.T.);
#2055=EDGE_CURVE('834',#1623,#1629,#618,.T.);
#2057=EDGE_CURVE('829',#1425,#1623,#625,.T.);
#2060=EDGE_CURVE('885',#1441,#1424,#639,.T.);
#2062=EDGE_CURVE('714',#1440,#1441,#646,.T.);
#2064=EDGE_CURVE('884',#1411,#1440,#653,.T.);
#2075=ADVANCED_FACE('890',(#2068,#2074),#2048,.F.);
#2082=EDGE_CURVE('826',#1629,#1616,#667,.T.);
#2088=ADVANCED_FACE('893',(#2087),#2080,.F.);
#2094=EDGE_CURVE('824',#1621,#1625,#674,.T.);
#2101=ADVANCED_FACE('893',(#2100),#2093,.F.);
#2108=EDGE_CURVE('823',#1617,#1623,#681,.T.);
#2114=ADVANCED_FACE('930',(#2113),#2106,.F.);
#2120=EDGE_CURVE('825',#1627,#1620,#688,.T.);
#2127=ADVANCED_FACE('930',(#2126),#2119,.F.);
#2139=ADVANCED_FACE('931',(#2138),#2132,.F.);
#2151=ADVANCED_FACE('931',(#2150),#2144,.F.);
#2157=EDGE_CURVE('886',#1441,#1429,#695,.T.);
#2164=EDGE_CURVE('987',#1642,#1613,#1335,.T.);
#2166=EDGE_CURVE('976',#1642,#1643,#702,.T.);
#2168=EDGE_CURVE('988',#1611,#1643,#1356,.T.);
#2170=EDGE_CURVE('814',#1613,#1611,#709,.T.);
#2174=ADVANCED_FACE('921',(#2163,#2173),#2156,.F.);
#2180=EDGE_CURVE('731',#1419,#1440,#1384,.T.);
#2187=EDGE_CURVE('739',#1492,#1489,#716,.T.);
#2189=EDGE_CURVE('738',#1497,#1492,#723,.T.);
#2191=EDGE_CURVE('737',#1499,#1497,#730,.T.);
#2193=EDGE_CURVE('735',#1489,#1499,#737,.T.);
#2197=ADVANCED_FACE('919',(#2186,#2196),#2179,.T.);
#2203=EDGE_CURVE('732',#1488,#1489,#744,.T.);
#2205=EDGE_CURVE('878',#1488,#1493,#793,.T.);
#2207=EDGE_CURVE('733',#1492,#1493,#751,.T.);
#2212=ADVANCED_FACE('918',(#2211),#2202,.F.);
#2218=EDGE_CURVE('736',#1501,#1499,#758,.T.);
#2220=EDGE_CURVE('880',#1501,#1488,#772,.T.);
#2226=ADVANCED_FACE('939',(#2225),#2217,.F.);
#2232=EDGE_CURVE('734',#1496,#1497,#765,.T.);
#2234=EDGE_CURVE('882',#1496,#1501,#779,.T.);
#2240=ADVANCED_FACE('938',(#2239),#2231,.F.);
#2247=EDGE_CURVE('879',#1493,#1496,#786,.T.);
#2253=ADVANCED_FACE('927',(#2252),#2245,.F.);
#2259=EDGE_CURVE('762',#1547,#1549,#800,.T.);
#2261=EDGE_CURVE('761',#1546,#1547,#808,.T.);
#2263=EDGE_CURVE('764',#1551,#1546,#815,.T.);
#2265=EDGE_CURVE('872',#1470,#1551,#823,.T.);
#2268=EDGE_CURVE('871',#1527,#1471,#831,.T.);
#2270=EDGE_CURVE('751',#1526,#1527,#838,.T.);
#2272=EDGE_CURVE('752',#1529,#1526,#846,.T.);
#2274=EDGE_CURVE('757',#1539,#1529,#853,.T.);
#2276=EDGE_CURVE('850',#1474,#1539,#861,.T.);
#2278=EDGE_CURVE('726',#1474,#1475,#1185,.T.);
#2280=EDGE_CURVE('870',#1507,#1475,#869,.T.);
#2282=EDGE_CURVE('741',#1505,#1507,#876,.T.);
#2284=EDGE_CURVE('740',#1504,#1505,#884,.T.);
#2286=EDGE_CURVE('742',#1509,#1504,#891,.T.);
#2288=EDGE_CURVE('869',#1466,#1509,#899,.T.);
#2291=EDGE_CURVE('868',#1565,#1467,#907,.T.);
#2293=EDGE_CURVE('771',#1564,#1565,#914,.T.);
#2295=EDGE_CURVE('772',#1567,#1564,#922,.T.);
#2297=EDGE_CURVE('777',#1577,#1567,#929,.T.);
#2299=EDGE_CURVE('863',#1478,#1577,#937,.T.);
#2301=EDGE_CURVE('727',#1478,#1479,#1032,.T.);
#2303=EDGE_CURVE('873',#1549,#1479,#945,.T.);
#2313=ADVANCED_FACE('901',(#2306,#2312),#2258,.F.);
#2319=EDGE_CURVE('769',#1557,#1561,#952,.T.);
#2321=EDGE_CURVE('767',#1557,#1547,#1004,.T.);
#2324=EDGE_CURVE('866',#1549,#1561,#1025,.T.);
#2328=ADVANCED_FACE('909',(#2327),#2318,.F.);
#2335=EDGE_CURVE('860',#1555,#1531,#960,.T.);
#2337=EDGE_CURVE('766',#1555,#1553,#997,.T.);
#2339=EDGE_CURVE('770',#1557,#1553,#968,.T.);
#2342=EDGE_CURVE('859',#1559,#1561,#976,.T.);
#2344=EDGE_CURVE('768',#1559,#1461,#1046,.T.);
#2348=ADVANCED_FACE('907',(#2347),#2333,.F.);
#2355=EDGE_CURVE('874',#1555,#1551,#983,.T.);
#2361=ADVANCED_FACE('905',(#2360),#2353,.F.);
#2368=EDGE_CURVE('765',#1546,#1553,#1011,.T.);
#2374=ADVANCED_FACE('906',(#2373),#2366,.T.);
#2386=ADVANCED_FACE('908',(#2385),#2379,.T.);
#2393=EDGE_CURVE('864',#1559,#1479,#1018,.T.);
#2399=ADVANCED_FACE('910',(#2398),#2391,.F.);
#2406=EDGE_CURVE('862',#1478,#1395,#1060,.T.);
#2408=EDGE_CURVE('778',#1485,#1395,#1039,.T.);
#2417=ADVANCED_FACE('911',(#2416),#2404,.F.);
#2424=EDGE_CURVE('857',#1394,#1577,#1053,.T.);
#2426=EDGE_CURVE('696',#1394,#1395,#1096,.T.);
#2431=ADVANCED_FACE('899',(#2430),#2422,.F.);
#2438=EDGE_CURVE('774',#1567,#1573,#1081,.T.);
#2440=EDGE_CURVE('779',#1394,#1573,#1067,.T.);
#2445=ADVANCED_FACE('914',(#2444),#2436,.T.);
#2451=EDGE_CURVE('776',#1575,#1564,#1074,.T.);
#2453=EDGE_CURVE('780',#1575,#1573,#1104,.T.);
#2459=ADVANCED_FACE('913',(#2458),#2450,.T.);
#2465=EDGE_CURVE('775',#1575,#1391,#1088,.T.);
#2469=EDGE_CURVE('858',#1565,#1391,#1126,.T.);
#2473=ADVANCED_FACE('912',(#2472),#2464,.F.);
#2485=EDGE_CURVE('695',#1390,#1391,#1112,.T.);
#2489=ADVANCED_FACE('898',(#2488),#2478,.F.);
#2501=ADVANCED_FACE('888',(#2500),#2494,.F.);
#2509=EDGE_CURVE('848',#1521,#1537,#1164,.T.);
#2511=EDGE_CURVE('877',#1527,#1537,#1140,.T.);
#2515=ADVANCED_FACE('904',(#2514),#2506,.F.);
#2522=EDGE_CURVE('758',#1481,#1541,#1171,.T.);
#2524=EDGE_CURVE('846',#1543,#1541,#1148,.T.);
#2526=EDGE_CURVE('759',#1543,#1533,#1300,.T.);
#2528=EDGE_CURVE('760',#1536,#1533,#1156,.T.);
#2530=EDGE_CURVE('755',#1536,#1537,#1321,.T.);
#2535=ADVANCED_FACE('896',(#2534),#2520,.F.);
#2545=EDGE_CURVE('747',#1519,#1483,#1178,.T.);
#2547=EDGE_CURVE('852',#1519,#1475,#1272,.T.);
#2550=EDGE_CURVE('849',#1474,#1541,#1293,.T.);
#2554=EDGE_CURVE('986',#1609,#1638,#1328,.T.);
#2556=EDGE_CURVE('807',#1608,#1609,#1192,.T.);
#2558=EDGE_CURVE('989',#1639,#1608,#1370,.T.);
#2560=EDGE_CURVE('973',#1638,#1639,#1199,.T.);
#2564=ADVANCED_FACE('894',(#2553,#2563),#2540,.T.);
#2571=EDGE_CURVE('861',#1515,#1517,#1207,.T.);
#2573=EDGE_CURVE('745',#1515,#1513,#1244,.T.);
#2575=EDGE_CURVE('749',#1511,#1513,#1215,.T.);
#2577=EDGE_CURVE('750',#1511,#1523,#1265,.T.);
#2579=EDGE_CURVE('847',#1519,#1523,#1223,.T.);
#2584=ADVANCED_FACE('925',(#2583),#2569,.F.);
#2591=EDGE_CURVE('853',#1515,#1509,#1230,.T.);
#2597=ADVANCED_FACE('923',(#2596),#2589,.F.);
#2604=EDGE_CURVE('744',#1504,#1513,#1258,.T.);
#2610=ADVANCED_FACE('924',(#2609),#2602,.T.);
#2617=EDGE_CURVE('743',#1511,#1505,#1251,.T.);
#2623=ADVANCED_FACE('928',(#2622),#2615,.T.);
#2632=EDGE_CURVE('851',#1507,#1523,#1279,.T.);
#2636=ADVANCED_FACE('926',(#2635),#2628,.F.);
#2648=ADVANCED_FACE('922',(#2647),#2641,.F.);
#2655=EDGE_CURVE('854',#1543,#1539,#1286,.T.);
#2661=ADVANCED_FACE('897',(#2660),#2653,.F.);
#2668=EDGE_CURVE('754',#1529,#1533,#1314,.T.);
#2674=ADVANCED_FACE('900',(#2673),#2666,.T.);
#2680=EDGE_CURVE('756',#1536,#1526,#1307,.T.);
#2687=ADVANCED_FACE('902',(#2686),#2679,.T.);
#2699=ADVANCED_FACE('903',(#2698),#2692,.F.);
#2706=EDGE_CURVE('984',#1642,#1638,#1349,.T.);
#2709=EDGE_CURVE('810',#1609,#1613,#1342,.T.);
#2713=ADVANCED_FACE('933',(#2712),#2704,.F.);
#2720=EDGE_CURVE('985',#1643,#1639,#1363,.T.);
#2726=ADVANCED_FACE('966',(#2725),#2718,.F.);
#2735=EDGE_CURVE('809',#1611,#1608,#1377,.T.);
#2739=ADVANCED_FACE('935',(#2738),#2731,.F.);
#2751=ADVANCED_FACE('932',(#2750),#2744,.F.);
#2763=ADVANCED_FACE('917',(#2762),#2756,.T.);
#2764=CLOSED_SHELL('',(#1693,#1708,#1724,#1738,#1753,#1768,#1782,#1829,#1842,
#1855,#1893,#1914,#1929,#1943,#1964,#1978,#1991,#2005,#2018,#2031,#2043,#2075,
#2088,#2101,#2114,#2127,#2139,#2151,#2174,#2197,#2212,#2226,#2240,#2253,#2313,
#2328,#2348,#2361,#2374,#2386,#2399,#2417,#2431,#2445,#2459,#2473,#2489,#2501,
#2515,#2535,#2564,#2584,#2597,#2610,#2623,#2636,#2648,#2661,#2674,#2687,#2699,
#2713,#2726,#2739,#2751,#2763));
#2765=MANIFOLD_SOLID_BREP('',#2764);
#2798=TRIMMED_CURVE('A_PRT_X',#2797,(PARAMETER_VALUE(0.E0)),(PARAMETER_VALUE(
1.E0)),.T.,.UNSPECIFIED.);
#2826=TRIMMED_CURVE('946',#2825,(PARAMETER_VALUE(0.E0)),(PARAMETER_VALUE(1.E0)),
.T.,.UNSPECIFIED.);
#2830=COMPOSITE_CURVE_SEGMENT(.CONTINUOUS.,.T.,#2826);
#2835=TRIMMED_CURVE('947',#2834,(PARAMETER_VALUE(0.E0)),(PARAMETER_VALUE(1.E0)),
.T.,.UNSPECIFIED.);
#2839=COMPOSITE_CURVE_SEGMENT(.CONTINUOUS.,.T.,#2835);
#2844=TRIMMED_CURVE('948',#2843,(PARAMETER_VALUE(0.E0)),(PARAMETER_VALUE(1.E0)),
.T.,.UNSPECIFIED.);
#2848=COMPOSITE_CURVE_SEGMENT(.CONTINUOUS.,.T.,#2844);
#2853=TRIMMED_CURVE('949',#2852,(PARAMETER_VALUE(0.E0)),(PARAMETER_VALUE(1.E0)),
.T.,.UNSPECIFIED.);
#2857=COMPOSITE_CURVE_SEGMENT(.CONTINUOUS.,.T.,#2853);
#2858=COMPOSITE_CURVE('945',(#2830,#2839,#2848,#2857),.F.);
#2868=(LENGTH_UNIT()NAMED_UNIT(*)SI_UNIT(.MILLI.,.METRE.));
#2869=(NAMED_UNIT(*)PLANE_ANGLE_UNIT()SI_UNIT($,.RADIAN.));
#2872=(NAMED_UNIT(*)SI_UNIT($,.STERADIAN.)SOLID_ANGLE_UNIT());
#2874=(GEOMETRIC_REPRESENTATION_CONTEXT(3)GLOBAL_UNCERTAINTY_ASSIGNED_CONTEXT((
#2873))GLOBAL_UNIT_ASSIGNED_CONTEXT((#2868,#2871,#2872))REPRESENTATION_CONTEXT(
'ID1','3'));
#2875=ADVANCED_BREP_SHAPE_REPRESENTATION('',(#2765),#2874);
#2876=GEOMETRICALLY_BOUNDED_WIREFRAME_SHAPE_REPRESENTATION('',(#2859),#2874);
#2877=CONSTRUCTIVE_GEOMETRY_REPRESENTATION('supplemental geometry',(#2776,#2781,
#2786,#2790,#2798,#2806,#2811,#2816,#2821),#2874);
#2881=AXIS2_PLACEMENT_3D('',#2878,#2879,#2880);
#2882=SHAPE_REPRESENTATION('',(#2881),#2874);
#2893=PRODUCT_DEFINITION('design','',#2892,#2889);
#2894=PRODUCT_DEFINITION_SHAPE('','SHAPE FOR LCD_BOX_16X2_TOP.',#2893);
#2895=SHAPE_ASPECT('','solid data associated with LCD_BOX_16X2_TOP',#2894,.F.);
#2896=PROPERTY_DEFINITION('',
'shape for solid data with which properties are associated',#2895);
#2897=SHAPE_REPRESENTATION('',(#2765),#2874);
#2898=SHAPE_DEFINITION_REPRESENTATION(#2896,#2897);
#2899=(LENGTH_UNIT()NAMED_UNIT(*)SI_UNIT(.MILLI.,.METRE.));
#2901=(MASS_UNIT()NAMED_UNIT(*)SI_UNIT(.KILO.,.GRAM.));
#2905=PROPERTY_DEFINITION('material_property','density',#2895);
#2906=REPRESENTATION('density',(#2904),#2874);
#2907=PROPERTY_DEFINITION_REPRESENTATION(#2905,#2906);
#2909=PROPERTY_DEFINITION('material property','material name',#2895);
#2910=REPRESENTATION('material name',(#2908),#2874);
#2911=PROPERTY_DEFINITION_REPRESENTATION(#2909,#2910);
#2912=SHAPE_ASPECT('','solid data associated with LCD_BOX_16X2_TOP',#2894,.F.);
#2913=PROPERTY_DEFINITION('',
'shape for solid data with which properties are associated',#2912);
#2914=SHAPE_REPRESENTATION('',(#2765),#2874);
#2915=SHAPE_DEFINITION_REPRESENTATION(#2913,#2914);
#2916=(LENGTH_UNIT()NAMED_UNIT(*)SI_UNIT(.MILLI.,.METRE.));
#2920=PROPERTY_DEFINITION('geometric validation property',
'area of LCD_BOX_16X2_TOP',#2912);
#2921=REPRESENTATION('surface area',(#2919),#2874);
#2922=PROPERTY_DEFINITION_REPRESENTATION(#2920,#2921);
#2923=(LENGTH_UNIT()NAMED_UNIT(*)SI_UNIT(.MILLI.,.METRE.));
#2927=PROPERTY_DEFINITION('geometric validation property',
'volume of LCD_BOX_16X2_TOP',#2912);
#2928=REPRESENTATION('volume',(#2926),#2874);
#2929=PROPERTY_DEFINITION_REPRESENTATION(#2927,#2928);
#2931=PROPERTY_DEFINITION('geometric validation property',
'centroid of LCD_BOX_16X2_TOP',#2912);
#2932=REPRESENTATION('centroid',(#2930),#2874);
#2933=PROPERTY_DEFINITION_REPRESENTATION(#2931,#2932);
#2934=(LENGTH_UNIT()NAMED_UNIT(*)SI_UNIT(.MILLI.,.METRE.));
#2938=PROPERTY_DEFINITION('geometric validation property',
'area of LCD_BOX_16X2_TOP',#2894);
#2939=REPRESENTATION('surface area',(#2937),#2874);
#2940=PROPERTY_DEFINITION_REPRESENTATION(#2938,#2939);
#2941=(LENGTH_UNIT()NAMED_UNIT(*)SI_UNIT(.MILLI.,.METRE.));
#2945=PROPERTY_DEFINITION('geometric validation property',
'volume of LCD_BOX_16X2_TOP',#2894);
#2946=REPRESENTATION('volume',(#2944),#2874);
#2947=PROPERTY_DEFINITION_REPRESENTATION(#2945,#2946);
#2949=PROPERTY_DEFINITION('geometric validation property',
'centroid of LCD_BOX_16X2_TOP',#2894);
#2950=REPRESENTATION('centroid',(#2948),#2874);
#2951=PROPERTY_DEFINITION_REPRESENTATION(#2949,#2950);
#2955=PRODUCT_DEFINITION('design','',#2954,#2889);
#2956=MAKE_FROM_USAGE_OPTION(
'Assign material STAHL_ALLGEMEIN to LCD_BOX_16X2_TOP','make from','',#2893,
#2955,1,'',#2959);
#2960=(LENGTH_UNIT()NAMED_UNIT(*)SI_UNIT(.MILLI.,.METRE.));
#2962=(MASS_UNIT()NAMED_UNIT(*)SI_UNIT(.KILO.,.GRAM.));
#2966=PROPERTY_DEFINITION('material_property','density',#2955);
#2967=REPRESENTATION('density',(#2965),#2874);
#2968=PROPERTY_DEFINITION_REPRESENTATION(#2966,#2967);
#2969=SHAPE_DEFINITION_REPRESENTATION(#2894,#2882);
#2994=PLANAR_BOX('',1.183218417536E2,9.983405397960E1,#2993);
#3001=PROPERTY_DEFINITION('CAD_APPROVED_BY','user defined attribute',#2955);
#3005=REPRESENTATION('',(#3004),#2874);
#3006=PROPERTY_DEFINITION_REPRESENTATION(#3001,#3005);
#3007=PROPERTY_DEFINITION('CAD_APPROVED_ON','user defined attribute',#2955);
#3011=REPRESENTATION('',(#3010),#2874);
#3012=PROPERTY_DEFINITION_REPRESENTATION(#3007,#3011);
#3013=PROPERTY_DEFINITION('CAD_CHANGE_NO','user defined attribute',#2955);
#3017=REPRESENTATION('',(#3016),#2874);
#3018=PROPERTY_DEFINITION_REPRESENTATION(#3013,#3017);
#3019=PROPERTY_DEFINITION('CAD_CHANGE_TEXT','user defined attribute',#2955);
#3023=REPRESENTATION('',(#3022),#2874);
#3024=PROPERTY_DEFINITION_REPRESENTATION(#3019,#3023);
#3025=PROPERTY_DEFINITION('CAD_CREATED_BY','user defined attribute',#2955);
#3029=REPRESENTATION('',(#3028),#2874);
#3030=PROPERTY_DEFINITION_REPRESENTATION(#3025,#3029);
#3031=PROPERTY_DEFINITION('CAD_CREATED_ON','user defined attribute',#2955);
#3035=REPRESENTATION('',(#3034),#2874);
#3036=PROPERTY_DEFINITION_REPRESENTATION(#3031,#3035);
#3037=PROPERTY_DEFINITION('CAD_LIFECYCLE_STATE','user defined attribute',#2955);
#3041=REPRESENTATION('',(#3040),#2874);
#3042=PROPERTY_DEFINITION_REPRESENTATION(#3037,#3041);
#3043=PROPERTY_DEFINITION('CAD_MODIFIED_BY','user defined attribute',#2955);
#3047=REPRESENTATION('',(#3046),#2874);
#3048=PROPERTY_DEFINITION_REPRESENTATION(#3043,#3047);
#3049=PROPERTY_DEFINITION('CAD_MODIFIED_ON','user defined attribute',#2955);
#3053=REPRESENTATION('',(#3052),#2874);
#3054=PROPERTY_DEFINITION_REPRESENTATION(#3049,#3053);
#3055=PROPERTY_DEFINITION('CAD_REVISION','user defined attribute',#2955);
#3059=REPRESENTATION('',(#3058),#2874);
#3060=PROPERTY_DEFINITION_REPRESENTATION(#3055,#3059);
#3061=PROPERTY_DEFINITION('DEPARTMENT','user defined attribute',#2955);
#3065=REPRESENTATION('',(#3064),#2874);
#3066=PROPERTY_DEFINITION_REPRESENTATION(#3061,#3065);
#3067=PROPERTY_DEFINITION('DESCRIPTION_1_DE','user defined attribute',#2955);
#3071=REPRESENTATION('',(#3070),#2874);
#3072=PROPERTY_DEFINITION_REPRESENTATION(#3067,#3071);
#3073=PROPERTY_DEFINITION('DESCRIPTION_1_EN','user defined attribute',#2955);
#3077=REPRESENTATION('',(#3076),#2874);
#3078=PROPERTY_DEFINITION_REPRESENTATION(#3073,#3077);
#3079=PROPERTY_DEFINITION('DESCRIPTION_2_DE','user defined attribute',#2955);
#3083=REPRESENTATION('',(#3082),#2874);
#3084=PROPERTY_DEFINITION_REPRESENTATION(#3079,#3083);
#3085=PROPERTY_DEFINITION('DESCRIPTION_2_EN','user defined attribute',#2955);
#3089=REPRESENTATION('',(#3088),#2874);
#3090=PROPERTY_DEFINITION_REPRESENTATION(#3085,#3089);
#3091=PROPERTY_DEFINITION('DRAWING_NO','user defined attribute',#2955);
#3095=REPRESENTATION('',(#3094),#2874);
#3096=PROPERTY_DEFINITION_REPRESENTATION(#3091,#3095);
#3097=PROPERTY_DEFINITION('MC_CHECKTYPE','user defined attribute',#2955);
#3101=REPRESENTATION('',(#3100),#2874);
#3102=PROPERTY_DEFINITION_REPRESENTATION(#3097,#3101);
#3103=PROPERTY_DEFINITION('COATING','user defined attribute',#2955);
#3107=REPRESENTATION('',(#3106),#2874);
#3108=PROPERTY_DEFINITION_REPRESENTATION(#3103,#3107);
#3109=PROPERTY_DEFINITION('COLORING','user defined attribute',#2955);
#3113=REPRESENTATION('',(#3112),#2874);
#3114=PROPERTY_DEFINITION_REPRESENTATION(#3109,#3113);
#3115=PROPERTY_DEFINITION('DESC_SEMIFINISHED','user defined attribute',#2955);
#3119=REPRESENTATION('',(#3118),#2874);
#3120=PROPERTY_DEFINITION_REPRESENTATION(#3115,#3119);
#3121=PROPERTY_DEFINITION('DIMENSION','user defined attribute',#2955);
#3125=REPRESENTATION('',(#3124),#2874);
#3126=PROPERTY_DEFINITION_REPRESENTATION(#3121,#3125);
#3127=PROPERTY_DEFINITION('HARDNESS','user defined attribute',#2955);
#3131=REPRESENTATION('',(#3130),#2874);
#3132=PROPERTY_DEFINITION_REPRESENTATION(#3127,#3131);
#3133=PROPERTY_DEFINITION('MASS','user defined attribute',#2955);
#3137=REPRESENTATION('',(#3136),#2874);
#3138=PROPERTY_DEFINITION_REPRESENTATION(#3133,#3137);
#3139=PROPERTY_DEFINITION('MATERIAL','user defined attribute',#2955);
#3143=REPRESENTATION('',(#3142),#2874);
#3144=PROPERTY_DEFINITION_REPRESENTATION(#3139,#3143);
#3145=PROPERTY_DEFINITION('PART_NO','user defined attribute',#2955);
#3149=REPRESENTATION('',(#3148),#2874);
#3150=PROPERTY_DEFINITION_REPRESENTATION(#3145,#3149);
#3151=PROPERTY_DEFINITION('PART_NO_SEMIFINISHED','user defined attribute',
#2955);
#3155=REPRESENTATION('',(#3154),#2874);
#3156=PROPERTY_DEFINITION_REPRESENTATION(#3151,#3155);
#3157=PROPERTY_DEFINITION('STANDARD','user defined attribute',#2955);
#3161=REPRESENTATION('',(#3160),#2874);
#3162=PROPERTY_DEFINITION_REPRESENTATION(#3157,#3161);
#3163=PROPERTY_DEFINITION('STANDARD_DIMENSION','user defined attribute',#2955);
#3167=REPRESENTATION('',(#3166),#2874);
#3168=PROPERTY_DEFINITION_REPRESENTATION(#3163,#3167);
#3169=PROPERTY_DEFINITION('STANDARD_EDGE','user defined attribute',#2955);
#3173=REPRESENTATION('',(#3172),#2874);
#3174=PROPERTY_DEFINITION_REPRESENTATION(#3169,#3173);
#3175=PROPERTY_DEFINITION('STANDARD_INFO_DE','user defined attribute',#2955);
#3179=REPRESENTATION('',(#3178),#2874);
#3180=PROPERTY_DEFINITION_REPRESENTATION(#3175,#3179);
#3181=PROPERTY_DEFINITION('STANDARD_INFO_EN','user defined attribute',#2955);
#3185=REPRESENTATION('',(#3184),#2874);
#3186=PROPERTY_DEFINITION_REPRESENTATION(#3181,#3185);
#3187=PROPERTY_DEFINITION('STANDARD_SURFACE','user defined attribute',#2955);
#3191=REPRESENTATION('',(#3190),#2874);
#3192=PROPERTY_DEFINITION_REPRESENTATION(#3187,#3191);
#3193=PROPERTY_DEFINITION('STANDARD_TOL_CLASS','user defined attribute',#2955);
#3197=REPRESENTATION('',(#3196),#2874);
#3198=PROPERTY_DEFINITION_REPRESENTATION(#3193,#3197);
#3199=PROPERTY_DEFINITION('SUPPLIER','user defined attribute',#2955);
#3203=REPRESENTATION('',(#3202),#2874);
#3204=PROPERTY_DEFINITION_REPRESENTATION(#3199,#3203);
#3205=PROPERTY_DEFINITION('CLASSIFICATION','user defined attribute',#2955);
#3209=REPRESENTATION('',(#3208),#2874);
#3210=PROPERTY_DEFINITION_REPRESENTATION(#3205,#3209);
#3211=PROPERTY_DEFINITION('CATEGORY','user defined attribute',#2955);
#3215=REPRESENTATION('',(#3214),#2874);
#3216=PROPERTY_DEFINITION_REPRESENTATION(#3211,#3215);
#3217=PROPERTY_DEFINITION('PROJECT','user defined attribute',#2955);
#3221=REPRESENTATION('',(#3220),#2874);
#3222=PROPERTY_DEFINITION_REPRESENTATION(#3217,#3221);
#3223=PROPERTY_DEFINITION('PROJECT_NO','user defined attribute',#2955);
#3227=REPRESENTATION('',(#3226),#2874);
#3228=PROPERTY_DEFINITION_REPRESENTATION(#3223,#3227);
#3229=PROPERTY_DEFINITION('ORDER_CODE','user defined attribute',#2955);
#3233=REPRESENTATION('',(#3232),#2874);
#3234=PROPERTY_DEFINITION_REPRESENTATION(#3229,#3233);
#3235=PROPERTY_DEFINITION('STANDARD_WELDING','user defined attribute',#2955);
#3239=REPRESENTATION('',(#3238),#2874);
#3240=PROPERTY_DEFINITION_REPRESENTATION(#3235,#3239);
#3241=PROPERTY_DEFINITION('CUSTOMER','user defined attribute',#2955);
#3245=REPRESENTATION('',(#3244),#2874);
#3246=PROPERTY_DEFINITION_REPRESENTATION(#3241,#3245);
#3247=PROPERTY_DEFINITION('HEAT_TREATMENT','user defined attribute',#2955);
#3251=REPRESENTATION('',(#3250),#2874);
#3252=PROPERTY_DEFINITION_REPRESENTATION(#3247,#3251);
#3253=PROPERTY_DEFINITION('PTC_VAL_IMP_PART_STATUS','user defined attribute',
#2955);
#3257=REPRESENTATION('',(#3256),#2874);
#3258=PROPERTY_DEFINITION_REPRESENTATION(#3253,#3257);
#3259=PROPERTY_DEFINITION('PTC_MP_VAL_IMP_VOLUME','user defined attribute',
#2955);
#3262=(LENGTH_UNIT()NAMED_UNIT(*)SI_UNIT(.MILLI.,.METRE.));
#3266=REPRESENTATION('',(#3265),#2874);
#3267=PROPERTY_DEFINITION_REPRESENTATION(#3259,#3266);
#3268=PROPERTY_DEFINITION('PTC_MP_VAL_IMP_AREA','user defined attribute',#2955);
#3271=(LENGTH_UNIT()NAMED_UNIT(*)SI_UNIT(.MILLI.,.METRE.));
#3275=REPRESENTATION('',(#3274),#2874);
#3276=PROPERTY_DEFINITION_REPRESENTATION(#3268,#3275);
#3277=PROPERTY_DEFINITION('PTC_MP_VAL_IMP_COGX','user defined attribute',#2955);
#3280=(LENGTH_UNIT()NAMED_UNIT(*)SI_UNIT(.MILLI.,.METRE.));
#3282=REPRESENTATION('',(#3281),#2874);
#3283=PROPERTY_DEFINITION_REPRESENTATION(#3277,#3282);
#3284=PROPERTY_DEFINITION('PTC_MP_VAL_IMP_COGY','user defined attribute',#2955);
#3287=(LENGTH_UNIT()NAMED_UNIT(*)SI_UNIT(.MILLI.,.METRE.));
#3289=REPRESENTATION('',(#3288),#2874);
#3290=PROPERTY_DEFINITION_REPRESENTATION(#3284,#3289);
#3291=PROPERTY_DEFINITION('PTC_MP_VAL_IMP_COGZ','user defined attribute',#2955);
#3294=(LENGTH_UNIT()NAMED_UNIT(*)SI_UNIT(.MILLI.,.METRE.));
#3296=REPRESENTATION('',(#3295),#2874);
#3297=PROPERTY_DEFINITION_REPRESENTATION(#3291,#3296);
#3298=PROPERTY_DEFINITION('PTC_VAL_IMP_SCORE','user defined attribute',#2955);
#3302=REPRESENTATION('',(#3301),#2874);
#3303=PROPERTY_DEFINITION_REPRESENTATION(#3298,#3302);
#3304=PROPERTY_DEFINITION('CAD_SYSTEM','user defined attribute',#2955);
#3308=REPRESENTATION('',(#3307),#2874);
#3309=PROPERTY_DEFINITION_REPRESENTATION(#3304,#3308);
#3310=PROPERTY_DEFINITION('DEX_MASTER','user defined attribute',#2955);
#3314=REPRESENTATION('',(#3313),#2874);
#3315=PROPERTY_DEFINITION_REPRESENTATION(#3310,#3314);
#3316=PROPERTY_DEFINITION('MODEL_VERSION','user defined attribute',#2955);
#3320=REPRESENTATION('',(#3319),#2874);
#3321=PROPERTY_DEFINITION_REPRESENTATION(#3316,#3320);
#3322=PROPERTY_DEFINITION('MODEL_DATE','user defined attribute',#2955);
#3326=REPRESENTATION('',(#3325),#2874);
#3327=PROPERTY_DEFINITION_REPRESENTATION(#3322,#3326);
#3328=PROPERTY_DEFINITION('TIM_STATUS','user defined attribute',#2955);
#3332=REPRESENTATION('',(#3331),#2874);
#3333=PROPERTY_DEFINITION_REPRESENTATION(#3328,#3332);
#3334=PROPERTY_DEFINITION('REF_LINK','user defined attribute',#2955);
#3338=REPRESENTATION('',(#3337),#2874);
#3339=PROPERTY_DEFINITION_REPRESENTATION(#3334,#3338);
#3340=PROPERTY_DEFINITION('NATIVE_NAME','user defined attribute',#2955);
#3344=REPRESENTATION('',(#3343),#2874);
#3345=PROPERTY_DEFINITION_REPRESENTATION(#3340,#3344);
#3346=PROPERTY_DEFINITION('PTC_COMMON_NAME','user defined attribute',#2955);
#3350=REPRESENTATION('',(#3349),#2874);
#3351=PROPERTY_DEFINITION_REPRESENTATION(#3346,#3350);
#3352=PROPERTY_DEFINITION('PTC_MASTER_MATERIAL','user defined attribute',#2955);
#3356=REPRESENTATION('',(#3355),#2874);
#3357=PROPERTY_DEFINITION_REPRESENTATION(#3352,#3356);
ENDSEC;
END-ISO-10303-21;
