ISO-10303-21;
HEADER;
FILE_DESCRIPTION((''),'2;1');
FILE_NAME('SLOTTED_BASE_PLATE','2026-07-21T16:21:58',('morit'),(''),
'CREO PARAMETRIC BY PTC INC, 2025123','CREO PARAMETRIC BY PTC INC, 2025123','');
FILE_SCHEMA((
'AP242_MANAGED_MODEL_BASED_3D_ENGINEERING_MIM_LF { 1 0 10303 442 1 1 4 }'));
ENDSEC;
DATA;
#18=DIRECTION('',(0.E0,-1.E0,0.E0));
#19=VECTOR('',#18,1.2E1);
#20=CARTESIAN_POINT('',(-2.E0,1.2E1,0.E0));
#21=LINE('1595',#20,#19);
#22=DRAUGHTING_PRE_DEFINED_CURVE_FONT('continuous');
#23=CURVE_STYLE('',#22,POSITIVE_LENGTH_MEASURE(2.E-2),#10);
#24=PRESENTATION_STYLE_ASSIGNMENT((#23));
#25=STYLED_ITEM('',(#24),#21);
#26=DIRECTION('',(0.E0,0.E0,-1.E0));
#27=VECTOR('',#26,2.E2);
#28=CARTESIAN_POINT('',(-2.E0,1.2E1,2.E2));
#29=LINE('1594',#28,#27);
#30=CURVE_STYLE('',#22,POSITIVE_LENGTH_MEASURE(2.E-2),#10);
#31=PRESENTATION_STYLE_ASSIGNMENT((#30));
#32=STYLED_ITEM('',(#31),#29);
#33=DIRECTION('',(0.E0,0.E0,-1.E0));
#34=VECTOR('',#33,2.E2);
#35=CARTESIAN_POINT('',(-2.E0,0.E0,2.E2));
#36=LINE('1592',#35,#34);
#37=CURVE_STYLE('',#22,POSITIVE_LENGTH_MEASURE(2.E-2),#10);
#38=PRESENTATION_STYLE_ASSIGNMENT((#37));
#39=STYLED_ITEM('',(#38),#36);
#40=DIRECTION('',(-1.E0,0.E0,0.E0));
#41=VECTOR('',#40,2.E2);
#42=CARTESIAN_POINT('',(1.98E2,0.E0,2.E2));
#43=LINE('1642',#42,#41);
#44=CURVE_STYLE('',#22,POSITIVE_LENGTH_MEASURE(2.E-2),#10);
#45=PRESENTATION_STYLE_ASSIGNMENT((#44));
#46=STYLED_ITEM('',(#45),#43);
#47=DIRECTION('',(0.E0,-1.E0,0.E0));
#48=VECTOR('',#47,1.2E1);
#49=CARTESIAN_POINT('',(-2.E0,1.2E1,2.E2));
#50=LINE('1593',#49,#48);
#51=CURVE_STYLE('',#22,POSITIVE_LENGTH_MEASURE(2.E-2),#10);
#52=PRESENTATION_STYLE_ASSIGNMENT((#51));
#53=STYLED_ITEM('',(#52),#50);
#54=DIRECTION('',(-1.E0,0.E0,0.E0));
#55=VECTOR('',#54,6.625E0);
#56=CARTESIAN_POINT('',(4.625E0,1.2E1,2.E2));
#57=LINE('1596',#56,#55);
#58=CURVE_STYLE('',#22,POSITIVE_LENGTH_MEASURE(2.E-2),#10);
#59=PRESENTATION_STYLE_ASSIGNMENT((#58));
#60=STYLED_ITEM('',(#59),#57);
#61=CARTESIAN_POINT('',(4.625E0,1.12E1,2.E2));
#62=DIRECTION('',(0.E0,0.E0,1.E0));
#63=DIRECTION('',(1.E0,0.E0,0.E0));
#64=AXIS2_PLACEMENT_3D('',#61,#62,#63);
#66=CURVE_STYLE('',#22,POSITIVE_LENGTH_MEASURE(2.E-2),#10);
#67=PRESENTATION_STYLE_ASSIGNMENT((#66));
#68=STYLED_ITEM('',(#67),#65);
#69=DIRECTION('',(0.E0,1.E0,0.E0));
#70=VECTOR('',#69,7.E-1);
#71=CARTESIAN_POINT('',(5.425E0,1.05E1,2.E2));
#72=LINE('1602',#71,#70);
#73=CURVE_STYLE('',#22,POSITIVE_LENGTH_MEASURE(2.E-2),#10);
#74=PRESENTATION_STYLE_ASSIGNMENT((#73));
#75=STYLED_ITEM('',(#74),#72);
#76=CARTESIAN_POINT('',(5.125E0,1.05E1,2.E2));
#77=DIRECTION('',(0.E0,0.E0,1.E0));
#78=DIRECTION('',(0.E0,-1.E0,0.E0));
#79=AXIS2_PLACEMENT_3D('',#76,#77,#78);
#81=CURVE_STYLE('',#22,POSITIVE_LENGTH_MEASURE(2.E-2),#10);
#82=PRESENTATION_STYLE_ASSIGNMENT((#81));
#83=STYLED_ITEM('',(#82),#80);
#84=DIRECTION('',(1.E0,0.E0,0.E0));
#85=VECTOR('',#84,2.2E0);
#86=CARTESIAN_POINT('',(2.925E0,1.02E1,2.E2));
#87=LINE('1608',#86,#85);
#88=CURVE_STYLE('',#22,POSITIVE_LENGTH_MEASURE(2.E-2),#10);
#89=PRESENTATION_STYLE_ASSIGNMENT((#88));
#90=STYLED_ITEM('',(#89),#87);
#91=CARTESIAN_POINT('',(2.925E0,9.45E0,2.E2));
#92=DIRECTION('',(0.E0,0.E0,-1.E0));
#93=DIRECTION('',(-1.E0,0.E0,0.E0));
#94=AXIS2_PLACEMENT_3D('',#91,#92,#93);
#96=CURVE_STYLE('',#22,POSITIVE_LENGTH_MEASURE(2.E-2),#10);
#97=PRESENTATION_STYLE_ASSIGNMENT((#96));
#98=STYLED_ITEM('',(#97),#95);
#99=CARTESIAN_POINT('',(2.925E0,9.45E0,2.E2));
#100=DIRECTION('',(0.E0,0.E0,-1.E0));
#101=DIRECTION('',(-7.071067811857E-1,-7.071067811874E-1,0.E0));
#102=AXIS2_PLACEMENT_3D('',#99,#100,#101);
#104=CURVE_STYLE('',#22,POSITIVE_LENGTH_MEASURE(2.E-2),#10);
#105=PRESENTATION_STYLE_ASSIGNMENT((#104));
#106=STYLED_ITEM('',(#105),#103);
#107=DIRECTION('',(-7.071067811866E-1,7.071067811865E-1,0.E0));
#108=VECTOR('',#107,4.603731957466E0);
#109=CARTESIAN_POINT('',(5.65E0,5.664339828220E0,2.E2));
#110=LINE('1616',#109,#108);
#111=CURVE_STYLE('',#22,POSITIVE_LENGTH_MEASURE(2.E-2),#10);
#112=PRESENTATION_STYLE_ASSIGNMENT((#111));
#113=STYLED_ITEM('',(#112),#110);
#114=CARTESIAN_POINT('',(8.E0,8.664339828220E0,2.E2));
#115=DIRECTION('',(0.E0,0.E0,-1.E0));
#116=DIRECTION('',(6.166619752638E-1,-7.872280535294E-1,0.E0));
#117=AXIS2_PLACEMENT_3D('',#114,#115,#116);
#119=CURVE_STYLE('',#22,POSITIVE_LENGTH_MEASURE(2.E-2),#10);
#120=PRESENTATION_STYLE_ASSIGNMENT((#119));
#121=STYLED_ITEM('',(#120),#118);
#122=DIRECTION('',(-7.071067811866E-1,-7.071067811865E-1,0.E0));
#123=VECTOR('',#122,4.603731957470E0);
#124=CARTESIAN_POINT('',(1.360533008589E1,8.919669914111E0,2.E2));
#125=LINE('1622',#124,#123);
#126=CURVE_STYLE('',#22,POSITIVE_LENGTH_MEASURE(2.E-2),#10);
#127=PRESENTATION_STYLE_ASSIGNMENT((#126));
#128=STYLED_ITEM('',(#127),#125);
#129=CARTESIAN_POINT('',(1.3075E1,9.45E0,2.E2));
#130=DIRECTION('',(0.E0,0.E0,-1.E0));
#131=DIRECTION('',(0.E0,1.E0,0.E0));
#132=AXIS2_PLACEMENT_3D('',#129,#130,#131);
#134=CURVE_STYLE('',#22,POSITIVE_LENGTH_MEASURE(2.E-2),#10);
#135=PRESENTATION_STYLE_ASSIGNMENT((#134));
#136=STYLED_ITEM('',(#135),#133);
#137=DIRECTION('',(1.E0,0.E0,0.E0));
#138=VECTOR('',#137,2.2E0);
#139=CARTESIAN_POINT('',(1.0875E1,1.02E1,2.E2));
#140=LINE('1628',#139,#138);
#141=CURVE_STYLE('',#22,POSITIVE_LENGTH_MEASURE(2.E-2),#10);
#142=PRESENTATION_STYLE_ASSIGNMENT((#141));
#143=STYLED_ITEM('',(#142),#140);
#144=CARTESIAN_POINT('',(1.0875E1,1.05E1,2.E2));
#145=DIRECTION('',(0.E0,0.E0,1.E0));
#146=DIRECTION('',(-1.E0,0.E0,0.E0));
#147=AXIS2_PLACEMENT_3D('',#144,#145,#146);
#149=CURVE_STYLE('',#22,POSITIVE_LENGTH_MEASURE(2.E-2),#10);
#150=PRESENTATION_STYLE_ASSIGNMENT((#149));
#151=STYLED_ITEM('',(#150),#148);
#152=DIRECTION('',(0.E0,-1.E0,0.E0));
#153=VECTOR('',#152,7.E-1);
#154=CARTESIAN_POINT('',(1.0575E1,1.12E1,2.E2));
#155=LINE('1634',#154,#153);
#156=CURVE_STYLE('',#22,POSITIVE_LENGTH_MEASURE(2.E-2),#10);
#157=PRESENTATION_STYLE_ASSIGNMENT((#156));
#158=STYLED_ITEM('',(#157),#155);
#159=CARTESIAN_POINT('',(1.1375E1,1.12E1,2.E2));
#160=DIRECTION('',(0.E0,0.E0,1.E0));
#161=DIRECTION('',(0.E0,1.E0,0.E0));
#162=AXIS2_PLACEMENT_3D('',#159,#160,#161);
#164=CURVE_STYLE('',#22,POSITIVE_LENGTH_MEASURE(2.E-2),#10);
#165=PRESENTATION_STYLE_ASSIGNMENT((#164));
#166=STYLED_ITEM('',(#165),#163);
#167=DIRECTION('',(-1.E0,0.E0,0.E0));
#168=VECTOR('',#167,1.325E1);
#169=CARTESIAN_POINT('',(2.4625E1,1.2E1,2.E2));
#170=LINE('1690',#169,#168);
#171=CURVE_STYLE('',#22,POSITIVE_LENGTH_MEASURE(2.E-2),#10);
#172=PRESENTATION_STYLE_ASSIGNMENT((#171));
#173=STYLED_ITEM('',(#172),#170);
#174=CARTESIAN_POINT('',(2.4625E1,1.12E1,2.E2));
#175=DIRECTION('',(0.E0,0.E0,1.E0));
#176=DIRECTION('',(1.E0,0.E0,0.E0));
#177=AXIS2_PLACEMENT_3D('',#174,#175,#176);
#179=CURVE_STYLE('',#22,POSITIVE_LENGTH_MEASURE(2.E-2),#10);
#180=PRESENTATION_STYLE_ASSIGNMENT((#179));
#181=STYLED_ITEM('',(#180),#178);
#182=DIRECTION('',(0.E0,1.E0,0.E0));
#183=VECTOR('',#182,7.E-1);
#184=CARTESIAN_POINT('',(2.5425E1,1.05E1,2.E2));
#185=LINE('1696',#184,#183);
#186=CURVE_STYLE('',#22,POSITIVE_LENGTH_MEASURE(2.E-2),#10);
#187=PRESENTATION_STYLE_ASSIGNMENT((#186));
#188=STYLED_ITEM('',(#187),#185);
#189=CARTESIAN_POINT('',(2.5125E1,1.05E1,2.E2));
#190=DIRECTION('',(0.E0,0.E0,1.E0));
#191=DIRECTION('',(0.E0,-1.E0,0.E0));
#192=AXIS2_PLACEMENT_3D('',#189,#190,#191);
#194=CURVE_STYLE('',#22,POSITIVE_LENGTH_MEASURE(2.E-2),#10);
#195=PRESENTATION_STYLE_ASSIGNMENT((#194));
#196=STYLED_ITEM('',(#195),#193);
#197=DIRECTION('',(1.E0,0.E0,0.E0));
#198=VECTOR('',#197,2.2E0);
#199=CARTESIAN_POINT('',(2.2925E1,1.02E1,2.E2));
#200=LINE('1702',#199,#198);
#201=CURVE_STYLE('',#22,POSITIVE_LENGTH_MEASURE(2.E-2),#10);
#202=PRESENTATION_STYLE_ASSIGNMENT((#201));
#203=STYLED_ITEM('',(#202),#200);
#204=CARTESIAN_POINT('',(2.2925E1,9.45E0,2.E2));
#205=DIRECTION('',(0.E0,0.E0,-1.E0));
#206=DIRECTION('',(-1.E0,0.E0,0.E0));
#207=AXIS2_PLACEMENT_3D('',#204,#205,#206);
#209=CURVE_STYLE('',#22,POSITIVE_LENGTH_MEASURE(2.E-2),#10);
#210=PRESENTATION_STYLE_ASSIGNMENT((#209));
#211=STYLED_ITEM('',(#210),#208);
#212=CARTESIAN_POINT('',(2.2925E1,9.45E0,2.E2));
#213=DIRECTION('',(0.E0,0.E0,-1.E0));
#214=DIRECTION('',(-7.071067811856E-1,-7.071067811875E-1,0.E0));
#215=AXIS2_PLACEMENT_3D('',#212,#213,#214);
#217=CURVE_STYLE('',#22,POSITIVE_LENGTH_MEASURE(2.E-2),#10);
#218=PRESENTATION_STYLE_ASSIGNMENT((#217));
#219=STYLED_ITEM('',(#218),#216);
#220=DIRECTION('',(-7.071067811866E-1,7.071067811865E-1,0.E0));
#221=VECTOR('',#220,4.603731957466E0);
#222=CARTESIAN_POINT('',(2.565E1,5.664339828220E0,2.E2));
#223=LINE('1710',#222,#221);
#224=CURVE_STYLE('',#22,POSITIVE_LENGTH_MEASURE(2.E-2),#10);
#225=PRESENTATION_STYLE_ASSIGNMENT((#224));
#226=STYLED_ITEM('',(#225),#223);
#227=CARTESIAN_POINT('',(2.8E1,8.664339828220E0,2.E2));
#228=DIRECTION('',(0.E0,0.E0,-1.E0));
#229=DIRECTION('',(6.166619752638E-1,-7.872280535294E-1,0.E0));
#230=AXIS2_PLACEMENT_3D('',#227,#228,#229);
#232=CURVE_STYLE('',#22,POSITIVE_LENGTH_MEASURE(2.E-2),#10);
#233=PRESENTATION_STYLE_ASSIGNMENT((#232));
#234=STYLED_ITEM('',(#233),#231);
#235=DIRECTION('',(-7.071067811866E-1,-7.071067811865E-1,0.E0));
#236=VECTOR('',#235,4.603731957470E0);
#237=CARTESIAN_POINT('',(3.360533008589E1,8.919669914111E0,2.E2));
#238=LINE('1716',#237,#236);
#239=CURVE_STYLE('',#22,POSITIVE_LENGTH_MEASURE(2.E-2),#10);
#240=PRESENTATION_STYLE_ASSIGNMENT((#239));
#241=STYLED_ITEM('',(#240),#238);
#242=CARTESIAN_POINT('',(3.3075E1,9.45E0,2.E2));
#243=DIRECTION('',(0.E0,0.E0,-1.E0));
#244=DIRECTION('',(0.E0,1.E0,0.E0));
#245=AXIS2_PLACEMENT_3D('',#242,#243,#244);
#247=CURVE_STYLE('',#22,POSITIVE_LENGTH_MEASURE(2.E-2),#10);
#248=PRESENTATION_STYLE_ASSIGNMENT((#247));
#249=STYLED_ITEM('',(#248),#246);
#250=DIRECTION('',(1.E0,0.E0,0.E0));
#251=VECTOR('',#250,2.2E0);
#252=CARTESIAN_POINT('',(3.0875E1,1.02E1,2.E2));
#253=LINE('1722',#252,#251);
#254=CURVE_STYLE('',#22,POSITIVE_LENGTH_MEASURE(2.E-2),#10);
#255=PRESENTATION_STYLE_ASSIGNMENT((#254));
#256=STYLED_ITEM('',(#255),#253);
#257=CARTESIAN_POINT('',(3.0875E1,1.05E1,2.E2));
#258=DIRECTION('',(0.E0,0.E0,1.E0));
#259=DIRECTION('',(-1.E0,0.E0,0.E0));
#260=AXIS2_PLACEMENT_3D('',#257,#258,#259);
#262=CURVE_STYLE('',#22,POSITIVE_LENGTH_MEASURE(2.E-2),#10);
#263=PRESENTATION_STYLE_ASSIGNMENT((#262));
#264=STYLED_ITEM('',(#263),#261);
#265=DIRECTION('',(0.E0,-1.E0,0.E0));
#266=VECTOR('',#265,7.E-1);
#267=CARTESIAN_POINT('',(3.0575E1,1.12E1,2.E2));
#268=LINE('1728',#267,#266);
#269=CURVE_STYLE('',#22,POSITIVE_LENGTH_MEASURE(2.E-2),#10);
#270=PRESENTATION_STYLE_ASSIGNMENT((#269));
#271=STYLED_ITEM('',(#270),#268);
#272=CARTESIAN_POINT('',(3.1375E1,1.12E1,2.E2));
#273=DIRECTION('',(0.E0,0.E0,1.E0));
#274=DIRECTION('',(0.E0,1.E0,0.E0));
#275=AXIS2_PLACEMENT_3D('',#272,#273,#274);
#277=CURVE_STYLE('',#22,POSITIVE_LENGTH_MEASURE(2.E-2),#10);
#278=PRESENTATION_STYLE_ASSIGNMENT((#277));
#279=STYLED_ITEM('',(#278),#276);
#280=DIRECTION('',(-1.E0,0.E0,0.E0));
#281=VECTOR('',#280,1.325E1);
#282=CARTESIAN_POINT('',(4.4625E1,1.2E1,2.E2));
#283=LINE('1734',#282,#281);
#284=CURVE_STYLE('',#22,POSITIVE_LENGTH_MEASURE(2.E-2),#10);
#285=PRESENTATION_STYLE_ASSIGNMENT((#284));
#286=STYLED_ITEM('',(#285),#283);
#287=CARTESIAN_POINT('',(4.4625E1,1.12E1,2.E2));
#288=DIRECTION('',(0.E0,0.E0,1.E0));
#289=DIRECTION('',(1.E0,0.E0,0.E0));
#290=AXIS2_PLACEMENT_3D('',#287,#288,#289);
#292=CURVE_STYLE('',#22,POSITIVE_LENGTH_MEASURE(2.E-2),#10);
#293=PRESENTATION_STYLE_ASSIGNMENT((#292));
#294=STYLED_ITEM('',(#293),#291);
#295=DIRECTION('',(0.E0,1.E0,0.E0));
#296=VECTOR('',#295,7.E-1);
#297=CARTESIAN_POINT('',(4.5425E1,1.05E1,2.E2));
#298=LINE('1740',#297,#296);
#299=CURVE_STYLE('',#22,POSITIVE_LENGTH_MEASURE(2.E-2),#10);
#300=PRESENTATION_STYLE_ASSIGNMENT((#299));
#301=STYLED_ITEM('',(#300),#298);
#302=CARTESIAN_POINT('',(4.5125E1,1.05E1,2.E2));
#303=DIRECTION('',(0.E0,0.E0,1.E0));
#304=DIRECTION('',(0.E0,-1.E0,0.E0));
#305=AXIS2_PLACEMENT_3D('',#302,#303,#304);
#307=CURVE_STYLE('',#22,POSITIVE_LENGTH_MEASURE(2.E-2),#10);
#308=PRESENTATION_STYLE_ASSIGNMENT((#307));
#309=STYLED_ITEM('',(#308),#306);
#310=DIRECTION('',(1.E0,0.E0,0.E0));
#311=VECTOR('',#310,2.2E0);
#312=CARTESIAN_POINT('',(4.2925E1,1.02E1,2.E2));
#313=LINE('1746',#312,#311);
#314=CURVE_STYLE('',#22,POSITIVE_LENGTH_MEASURE(2.E-2),#10);
#315=PRESENTATION_STYLE_ASSIGNMENT((#314));
#316=STYLED_ITEM('',(#315),#313);
#317=CARTESIAN_POINT('',(4.2925E1,9.45E0,2.E2));
#318=DIRECTION('',(0.E0,0.E0,-1.E0));
#319=DIRECTION('',(-1.E0,0.E0,0.E0));
#320=AXIS2_PLACEMENT_3D('',#317,#318,#319);
#322=CURVE_STYLE('',#22,POSITIVE_LENGTH_MEASURE(2.E-2),#10);
#323=PRESENTATION_STYLE_ASSIGNMENT((#322));
#324=STYLED_ITEM('',(#323),#321);
#325=CARTESIAN_POINT('',(4.2925E1,9.45E0,2.E2));
#326=DIRECTION('',(0.E0,0.E0,-1.E0));
#327=DIRECTION('',(-7.071067811857E-1,-7.071067811874E-1,0.E0));
#328=AXIS2_PLACEMENT_3D('',#325,#326,#327);
#330=CURVE_STYLE('',#22,POSITIVE_LENGTH_MEASURE(2.E-2),#10);
#331=PRESENTATION_STYLE_ASSIGNMENT((#330));
#332=STYLED_ITEM('',(#331),#329);
#333=DIRECTION('',(-7.071067811866E-1,7.071067811865E-1,0.E0));
#334=VECTOR('',#333,4.603731957466E0);
#335=CARTESIAN_POINT('',(4.565E1,5.664339828220E0,2.E2));
#336=LINE('1754',#335,#334);
#337=CURVE_STYLE('',#22,POSITIVE_LENGTH_MEASURE(2.E-2),#10);
#338=PRESENTATION_STYLE_ASSIGNMENT((#337));
#339=STYLED_ITEM('',(#338),#336);
#340=CARTESIAN_POINT('',(4.8E1,8.664339828220E0,2.E2));
#341=DIRECTION('',(0.E0,0.E0,-1.E0));
#342=DIRECTION('',(6.166619752638E-1,-7.872280535294E-1,0.E0));
#343=AXIS2_PLACEMENT_3D('',#340,#341,#342);
#345=CURVE_STYLE('',#22,POSITIVE_LENGTH_MEASURE(2.E-2),#10);
#346=PRESENTATION_STYLE_ASSIGNMENT((#345));
#347=STYLED_ITEM('',(#346),#344);
#348=DIRECTION('',(-7.071067811866E-1,-7.071067811865E-1,0.E0));
#349=VECTOR('',#348,4.603731957470E0);
#350=CARTESIAN_POINT('',(5.360533008589E1,8.919669914111E0,2.E2));
#351=LINE('1760',#350,#349);
#352=CURVE_STYLE('',#22,POSITIVE_LENGTH_MEASURE(2.E-2),#10);
#353=PRESENTATION_STYLE_ASSIGNMENT((#352));
#354=STYLED_ITEM('',(#353),#351);
#355=CARTESIAN_POINT('',(5.3075E1,9.45E0,2.E2));
#356=DIRECTION('',(0.E0,0.E0,-1.E0));
#357=DIRECTION('',(0.E0,1.E0,0.E0));
#358=AXIS2_PLACEMENT_3D('',#355,#356,#357);
#360=CURVE_STYLE('',#22,POSITIVE_LENGTH_MEASURE(2.E-2),#10);
#361=PRESENTATION_STYLE_ASSIGNMENT((#360));
#362=STYLED_ITEM('',(#361),#359);
#363=DIRECTION('',(1.E0,0.E0,0.E0));
#364=VECTOR('',#363,2.2E0);
#365=CARTESIAN_POINT('',(5.0875E1,1.02E1,2.E2));
#366=LINE('1766',#365,#364);
#367=CURVE_STYLE('',#22,POSITIVE_LENGTH_MEASURE(2.E-2),#10);
#368=PRESENTATION_STYLE_ASSIGNMENT((#367));
#369=STYLED_ITEM('',(#368),#366);
#370=CARTESIAN_POINT('',(5.0875E1,1.05E1,2.E2));
#371=DIRECTION('',(0.E0,0.E0,1.E0));
#372=DIRECTION('',(-1.E0,0.E0,0.E0));
#373=AXIS2_PLACEMENT_3D('',#370,#371,#372);
#375=CURVE_STYLE('',#22,POSITIVE_LENGTH_MEASURE(2.E-2),#10);
#376=PRESENTATION_STYLE_ASSIGNMENT((#375));
#377=STYLED_ITEM('',(#376),#374);
#378=DIRECTION('',(0.E0,-1.E0,0.E0));
#379=VECTOR('',#378,7.E-1);
#380=CARTESIAN_POINT('',(5.0575E1,1.12E1,2.E2));
#381=LINE('1772',#380,#379);
#382=CURVE_STYLE('',#22,POSITIVE_LENGTH_MEASURE(2.E-2),#10);
#383=PRESENTATION_STYLE_ASSIGNMENT((#382));
#384=STYLED_ITEM('',(#383),#381);
#385=CARTESIAN_POINT('',(5.1375E1,1.12E1,2.E2));
#386=DIRECTION('',(0.E0,0.E0,1.E0));
#387=DIRECTION('',(0.E0,1.E0,0.E0));
#388=AXIS2_PLACEMENT_3D('',#385,#386,#387);
#390=CURVE_STYLE('',#22,POSITIVE_LENGTH_MEASURE(2.E-2),#10);
#391=PRESENTATION_STYLE_ASSIGNMENT((#390));
#392=STYLED_ITEM('',(#391),#389);
#393=DIRECTION('',(-1.E0,0.E0,0.E0));
#394=VECTOR('',#393,1.325E1);
#395=CARTESIAN_POINT('',(6.4625E1,1.2E1,2.E2));
#396=LINE('1778',#395,#394);
#397=CURVE_STYLE('',#22,POSITIVE_LENGTH_MEASURE(2.E-2),#10);
#398=PRESENTATION_STYLE_ASSIGNMENT((#397));
#399=STYLED_ITEM('',(#398),#396);
#400=CARTESIAN_POINT('',(6.4625E1,1.12E1,2.E2));
#401=DIRECTION('',(0.E0,0.E0,1.E0));
#402=DIRECTION('',(1.E0,0.E0,0.E0));
#403=AXIS2_PLACEMENT_3D('',#400,#401,#402);
#405=CURVE_STYLE('',#22,POSITIVE_LENGTH_MEASURE(2.E-2),#10);
#406=PRESENTATION_STYLE_ASSIGNMENT((#405));
#407=STYLED_ITEM('',(#406),#404);
#408=DIRECTION('',(0.E0,1.E0,0.E0));
#409=VECTOR('',#408,7.E-1);
#410=CARTESIAN_POINT('',(6.5425E1,1.05E1,2.E2));
#411=LINE('1784',#410,#409);
#412=CURVE_STYLE('',#22,POSITIVE_LENGTH_MEASURE(2.E-2),#10);
#413=PRESENTATION_STYLE_ASSIGNMENT((#412));
#414=STYLED_ITEM('',(#413),#411);
#415=CARTESIAN_POINT('',(6.5125E1,1.05E1,2.E2));
#416=DIRECTION('',(0.E0,0.E0,1.E0));
#417=DIRECTION('',(0.E0,-1.E0,0.E0));
#418=AXIS2_PLACEMENT_3D('',#415,#416,#417);
#420=CURVE_STYLE('',#22,POSITIVE_LENGTH_MEASURE(2.E-2),#10);
#421=PRESENTATION_STYLE_ASSIGNMENT((#420));
#422=STYLED_ITEM('',(#421),#419);
#423=DIRECTION('',(1.E0,0.E0,0.E0));
#424=VECTOR('',#423,2.2E0);
#425=CARTESIAN_POINT('',(6.2925E1,1.02E1,2.E2));
#426=LINE('1790',#425,#424);
#427=CURVE_STYLE('',#22,POSITIVE_LENGTH_MEASURE(2.E-2),#10);
#428=PRESENTATION_STYLE_ASSIGNMENT((#427));
#429=STYLED_ITEM('',(#428),#426);
#430=CARTESIAN_POINT('',(6.2925E1,9.45E0,2.E2));
#431=DIRECTION('',(0.E0,0.E0,-1.E0));
#432=DIRECTION('',(-1.E0,0.E0,0.E0));
#433=AXIS2_PLACEMENT_3D('',#430,#431,#432);
#435=CURVE_STYLE('',#22,POSITIVE_LENGTH_MEASURE(2.E-2),#10);
#436=PRESENTATION_STYLE_ASSIGNMENT((#435));
#437=STYLED_ITEM('',(#436),#434);
#438=CARTESIAN_POINT('',(6.2925E1,9.45E0,2.E2));
#439=DIRECTION('',(0.E0,0.E0,-1.E0));
#440=DIRECTION('',(-7.071067811857E-1,-7.071067811874E-1,0.E0));
#441=AXIS2_PLACEMENT_3D('',#438,#439,#440);
#443=CURVE_STYLE('',#22,POSITIVE_LENGTH_MEASURE(2.E-2),#10);
#444=PRESENTATION_STYLE_ASSIGNMENT((#443));
#445=STYLED_ITEM('',(#444),#442);
#446=DIRECTION('',(-7.071067811866E-1,7.071067811865E-1,0.E0));
#447=VECTOR('',#446,4.603731957466E0);
#448=CARTESIAN_POINT('',(6.565E1,5.664339828220E0,2.E2));
#449=LINE('1798',#448,#447);
#450=CURVE_STYLE('',#22,POSITIVE_LENGTH_MEASURE(2.E-2),#10);
#451=PRESENTATION_STYLE_ASSIGNMENT((#450));
#452=STYLED_ITEM('',(#451),#449);
#453=CARTESIAN_POINT('',(6.8E1,8.664339828220E0,2.E2));
#454=DIRECTION('',(0.E0,0.E0,-1.E0));
#455=DIRECTION('',(6.166619752638E-1,-7.872280535294E-1,0.E0));
#456=AXIS2_PLACEMENT_3D('',#453,#454,#455);
#458=CURVE_STYLE('',#22,POSITIVE_LENGTH_MEASURE(2.E-2),#10);
#459=PRESENTATION_STYLE_ASSIGNMENT((#458));
#460=STYLED_ITEM('',(#459),#457);
#461=DIRECTION('',(-7.071067811866E-1,-7.071067811865E-1,0.E0));
#462=VECTOR('',#461,4.603731957470E0);
#463=CARTESIAN_POINT('',(7.360533008589E1,8.919669914111E0,2.E2));
#464=LINE('1804',#463,#462);
#465=CURVE_STYLE('',#22,POSITIVE_LENGTH_MEASURE(2.E-2),#10);
#466=PRESENTATION_STYLE_ASSIGNMENT((#465));
#467=STYLED_ITEM('',(#466),#464);
#468=CARTESIAN_POINT('',(7.3075E1,9.45E0,2.E2));
#469=DIRECTION('',(0.E0,0.E0,-1.E0));
#470=DIRECTION('',(0.E0,1.E0,0.E0));
#471=AXIS2_PLACEMENT_3D('',#468,#469,#470);
#473=CURVE_STYLE('',#22,POSITIVE_LENGTH_MEASURE(2.E-2),#10);
#474=PRESENTATION_STYLE_ASSIGNMENT((#473));
#475=STYLED_ITEM('',(#474),#472);
#476=DIRECTION('',(1.E0,0.E0,0.E0));
#477=VECTOR('',#476,2.2E0);
#478=CARTESIAN_POINT('',(7.0875E1,1.02E1,2.E2));
#479=LINE('1810',#478,#477);
#480=CURVE_STYLE('',#22,POSITIVE_LENGTH_MEASURE(2.E-2),#10);
#481=PRESENTATION_STYLE_ASSIGNMENT((#480));
#482=STYLED_ITEM('',(#481),#479);
#483=CARTESIAN_POINT('',(7.0875E1,1.05E1,2.E2));
#484=DIRECTION('',(0.E0,0.E0,1.E0));
#485=DIRECTION('',(-1.E0,0.E0,0.E0));
#486=AXIS2_PLACEMENT_3D('',#483,#484,#485);
#488=CURVE_STYLE('',#22,POSITIVE_LENGTH_MEASURE(2.E-2),#10);
#489=PRESENTATION_STYLE_ASSIGNMENT((#488));
#490=STYLED_ITEM('',(#489),#487);
#491=DIRECTION('',(0.E0,-1.E0,0.E0));
#492=VECTOR('',#491,7.E-1);
#493=CARTESIAN_POINT('',(7.0575E1,1.12E1,2.E2));
#494=LINE('1816',#493,#492);
#495=CURVE_STYLE('',#22,POSITIVE_LENGTH_MEASURE(2.E-2),#10);
#496=PRESENTATION_STYLE_ASSIGNMENT((#495));
#497=STYLED_ITEM('',(#496),#494);
#498=CARTESIAN_POINT('',(7.1375E1,1.12E1,2.E2));
#499=DIRECTION('',(0.E0,0.E0,1.E0));
#500=DIRECTION('',(0.E0,1.E0,0.E0));
#501=AXIS2_PLACEMENT_3D('',#498,#499,#500);
#503=CURVE_STYLE('',#22,POSITIVE_LENGTH_MEASURE(2.E-2),#10);
#504=PRESENTATION_STYLE_ASSIGNMENT((#503));
#505=STYLED_ITEM('',(#504),#502);
#506=DIRECTION('',(-1.E0,0.E0,0.E0));
#507=VECTOR('',#506,1.325E1);
#508=CARTESIAN_POINT('',(8.4625E1,1.2E1,2.E2));
#509=LINE('1822',#508,#507);
#510=CURVE_STYLE('',#22,POSITIVE_LENGTH_MEASURE(2.E-2),#10);
#511=PRESENTATION_STYLE_ASSIGNMENT((#510));
#512=STYLED_ITEM('',(#511),#509);
#513=CARTESIAN_POINT('',(8.4625E1,1.12E1,2.E2));
#514=DIRECTION('',(0.E0,0.E0,1.E0));
#515=DIRECTION('',(1.E0,0.E0,0.E0));
#516=AXIS2_PLACEMENT_3D('',#513,#514,#515);
#518=CURVE_STYLE('',#22,POSITIVE_LENGTH_MEASURE(2.E-2),#10);
#519=PRESENTATION_STYLE_ASSIGNMENT((#518));
#520=STYLED_ITEM('',(#519),#517);
#521=DIRECTION('',(0.E0,1.E0,0.E0));
#522=VECTOR('',#521,7.E-1);
#523=CARTESIAN_POINT('',(8.5425E1,1.05E1,2.E2));
#524=LINE('1828',#523,#522);
#525=CURVE_STYLE('',#22,POSITIVE_LENGTH_MEASURE(2.E-2),#10);
#526=PRESENTATION_STYLE_ASSIGNMENT((#525));
#527=STYLED_ITEM('',(#526),#524);
#528=CARTESIAN_POINT('',(8.5125E1,1.05E1,2.E2));
#529=DIRECTION('',(0.E0,0.E0,1.E0));
#530=DIRECTION('',(0.E0,-1.E0,0.E0));
#531=AXIS2_PLACEMENT_3D('',#528,#529,#530);
#533=CURVE_STYLE('',#22,POSITIVE_LENGTH_MEASURE(2.E-2),#10);
#534=PRESENTATION_STYLE_ASSIGNMENT((#533));
#535=STYLED_ITEM('',(#534),#532);
#536=DIRECTION('',(1.E0,0.E0,0.E0));
#537=VECTOR('',#536,2.2E0);
#538=CARTESIAN_POINT('',(8.2925E1,1.02E1,2.E2));
#539=LINE('1834',#538,#537);
#540=CURVE_STYLE('',#22,POSITIVE_LENGTH_MEASURE(2.E-2),#10);
#541=PRESENTATION_STYLE_ASSIGNMENT((#540));
#542=STYLED_ITEM('',(#541),#539);
#543=CARTESIAN_POINT('',(8.2925E1,9.45E0,2.E2));
#544=DIRECTION('',(0.E0,0.E0,-1.E0));
#545=DIRECTION('',(-1.E0,0.E0,0.E0));
#546=AXIS2_PLACEMENT_3D('',#543,#544,#545);
#548=CURVE_STYLE('',#22,POSITIVE_LENGTH_MEASURE(2.E-2),#10);
#549=PRESENTATION_STYLE_ASSIGNMENT((#548));
#550=STYLED_ITEM('',(#549),#547);
#551=CARTESIAN_POINT('',(8.2925E1,9.45E0,2.E2));
#552=DIRECTION('',(0.E0,0.E0,-1.E0));
#553=DIRECTION('',(-7.071067811857E-1,-7.071067811874E-1,0.E0));
#554=AXIS2_PLACEMENT_3D('',#551,#552,#553);
#556=CURVE_STYLE('',#22,POSITIVE_LENGTH_MEASURE(2.E-2),#10);
#557=PRESENTATION_STYLE_ASSIGNMENT((#556));
#558=STYLED_ITEM('',(#557),#555);
#559=DIRECTION('',(-7.071067811866E-1,7.071067811865E-1,0.E0));
#560=VECTOR('',#559,4.603731957466E0);
#561=CARTESIAN_POINT('',(8.565E1,5.664339828220E0,2.E2));
#562=LINE('1842',#561,#560);
#563=CURVE_STYLE('',#22,POSITIVE_LENGTH_MEASURE(2.E-2),#10);
#564=PRESENTATION_STYLE_ASSIGNMENT((#563));
#565=STYLED_ITEM('',(#564),#562);
#566=CARTESIAN_POINT('',(8.8E1,8.664339828220E0,2.E2));
#567=DIRECTION('',(0.E0,0.E0,-1.E0));
#568=DIRECTION('',(6.166619752638E-1,-7.872280535294E-1,0.E0));
#569=AXIS2_PLACEMENT_3D('',#566,#567,#568);
#571=CURVE_STYLE('',#22,POSITIVE_LENGTH_MEASURE(2.E-2),#10);
#572=PRESENTATION_STYLE_ASSIGNMENT((#571));
#573=STYLED_ITEM('',(#572),#570);
#574=DIRECTION('',(-7.071067811866E-1,-7.071067811865E-1,0.E0));
#575=VECTOR('',#574,4.603731957470E0);
#576=CARTESIAN_POINT('',(9.360533008589E1,8.919669914111E0,2.E2));
#577=LINE('1848',#576,#575);
#578=CURVE_STYLE('',#22,POSITIVE_LENGTH_MEASURE(2.E-2),#10);
#579=PRESENTATION_STYLE_ASSIGNMENT((#578));
#580=STYLED_ITEM('',(#579),#577);
#581=CARTESIAN_POINT('',(9.3075E1,9.45E0,2.E2));
#582=DIRECTION('',(0.E0,0.E0,-1.E0));
#583=DIRECTION('',(0.E0,1.E0,0.E0));
#584=AXIS2_PLACEMENT_3D('',#581,#582,#583);
#586=CURVE_STYLE('',#22,POSITIVE_LENGTH_MEASURE(2.E-2),#10);
#587=PRESENTATION_STYLE_ASSIGNMENT((#586));
#588=STYLED_ITEM('',(#587),#585);
#589=DIRECTION('',(1.E0,0.E0,0.E0));
#590=VECTOR('',#589,2.2E0);
#591=CARTESIAN_POINT('',(9.0875E1,1.02E1,2.E2));
#592=LINE('1854',#591,#590);
#593=CURVE_STYLE('',#22,POSITIVE_LENGTH_MEASURE(2.E-2),#10);
#594=PRESENTATION_STYLE_ASSIGNMENT((#593));
#595=STYLED_ITEM('',(#594),#592);
#596=CARTESIAN_POINT('',(9.0875E1,1.05E1,2.E2));
#597=DIRECTION('',(0.E0,0.E0,1.E0));
#598=DIRECTION('',(-1.E0,0.E0,0.E0));
#599=AXIS2_PLACEMENT_3D('',#596,#597,#598);
#601=CURVE_STYLE('',#22,POSITIVE_LENGTH_MEASURE(2.E-2),#10);
#602=PRESENTATION_STYLE_ASSIGNMENT((#601));
#603=STYLED_ITEM('',(#602),#600);
#604=DIRECTION('',(0.E0,-1.E0,0.E0));
#605=VECTOR('',#604,7.E-1);
#606=CARTESIAN_POINT('',(9.0575E1,1.12E1,2.E2));
#607=LINE('1860',#606,#605);
#608=CURVE_STYLE('',#22,POSITIVE_LENGTH_MEASURE(2.E-2),#10);
#609=PRESENTATION_STYLE_ASSIGNMENT((#608));
#610=STYLED_ITEM('',(#609),#607);
#611=CARTESIAN_POINT('',(9.1375E1,1.12E1,2.E2));
#612=DIRECTION('',(0.E0,0.E0,1.E0));
#613=DIRECTION('',(0.E0,1.E0,0.E0));
#614=AXIS2_PLACEMENT_3D('',#611,#612,#613);
#616=CURVE_STYLE('',#22,POSITIVE_LENGTH_MEASURE(2.E-2),#10);
#617=PRESENTATION_STYLE_ASSIGNMENT((#616));
#618=STYLED_ITEM('',(#617),#615);
#619=DIRECTION('',(-1.E0,0.E0,0.E0));
#620=VECTOR('',#619,1.325E1);
#621=CARTESIAN_POINT('',(1.04625E2,1.2E1,2.E2));
#622=LINE('1866',#621,#620);
#623=CURVE_STYLE('',#22,POSITIVE_LENGTH_MEASURE(2.E-2),#10);
#624=PRESENTATION_STYLE_ASSIGNMENT((#623));
#625=STYLED_ITEM('',(#624),#622);
#626=CARTESIAN_POINT('',(1.04625E2,1.12E1,2.E2));
#627=DIRECTION('',(0.E0,0.E0,1.E0));
#628=DIRECTION('',(1.E0,0.E0,0.E0));
#629=AXIS2_PLACEMENT_3D('',#626,#627,#628);
#631=CURVE_STYLE('',#22,POSITIVE_LENGTH_MEASURE(2.E-2),#10);
#632=PRESENTATION_STYLE_ASSIGNMENT((#631));
#633=STYLED_ITEM('',(#632),#630);
#634=DIRECTION('',(0.E0,1.E0,0.E0));
#635=VECTOR('',#634,7.E-1);
#636=CARTESIAN_POINT('',(1.05425E2,1.05E1,2.E2));
#637=LINE('1872',#636,#635);
#638=CURVE_STYLE('',#22,POSITIVE_LENGTH_MEASURE(2.E-2),#10);
#639=PRESENTATION_STYLE_ASSIGNMENT((#638));
#640=STYLED_ITEM('',(#639),#637);
#641=CARTESIAN_POINT('',(1.05125E2,1.05E1,2.E2));
#642=DIRECTION('',(0.E0,0.E0,1.E0));
#643=DIRECTION('',(0.E0,-1.E0,0.E0));
#644=AXIS2_PLACEMENT_3D('',#641,#642,#643);
#646=CURVE_STYLE('',#22,POSITIVE_LENGTH_MEASURE(2.E-2),#10);
#647=PRESENTATION_STYLE_ASSIGNMENT((#646));
#648=STYLED_ITEM('',(#647),#645);
#649=DIRECTION('',(1.E0,0.E0,0.E0));
#650=VECTOR('',#649,2.2E0);
#651=CARTESIAN_POINT('',(1.02925E2,1.02E1,2.E2));
#652=LINE('1878',#651,#650);
#653=CURVE_STYLE('',#22,POSITIVE_LENGTH_MEASURE(2.E-2),#10);
#654=PRESENTATION_STYLE_ASSIGNMENT((#653));
#655=STYLED_ITEM('',(#654),#652);
#656=CARTESIAN_POINT('',(1.02925E2,9.45E0,2.E2));
#657=DIRECTION('',(0.E0,0.E0,-1.E0));
#658=DIRECTION('',(-1.E0,0.E0,0.E0));
#659=AXIS2_PLACEMENT_3D('',#656,#657,#658);
#661=CURVE_STYLE('',#22,POSITIVE_LENGTH_MEASURE(2.E-2),#10);
#662=PRESENTATION_STYLE_ASSIGNMENT((#661));
#663=STYLED_ITEM('',(#662),#660);
#664=CARTESIAN_POINT('',(1.02925E2,9.45E0,2.E2));
#665=DIRECTION('',(0.E0,0.E0,-1.E0));
#666=DIRECTION('',(-7.071067811857E-1,-7.071067811874E-1,0.E0));
#667=AXIS2_PLACEMENT_3D('',#664,#665,#666);
#669=CURVE_STYLE('',#22,POSITIVE_LENGTH_MEASURE(2.E-2),#10);
#670=PRESENTATION_STYLE_ASSIGNMENT((#669));
#671=STYLED_ITEM('',(#670),#668);
#672=DIRECTION('',(-7.071067811866E-1,7.071067811865E-1,0.E0));
#673=VECTOR('',#672,4.603731957466E0);
#674=CARTESIAN_POINT('',(1.0565E2,5.664339828220E0,2.E2));
#675=LINE('1886',#674,#673);
#676=CURVE_STYLE('',#22,POSITIVE_LENGTH_MEASURE(2.E-2),#10);
#677=PRESENTATION_STYLE_ASSIGNMENT((#676));
#678=STYLED_ITEM('',(#677),#675);
#679=CARTESIAN_POINT('',(1.08E2,8.664339828220E0,2.E2));
#680=DIRECTION('',(0.E0,0.E0,-1.E0));
#681=DIRECTION('',(6.166619752568E-1,-7.872280535349E-1,0.E0));
#682=AXIS2_PLACEMENT_3D('',#679,#680,#681);
#684=CURVE_STYLE('',#22,POSITIVE_LENGTH_MEASURE(2.E-2),#10);
#685=PRESENTATION_STYLE_ASSIGNMENT((#684));
#686=STYLED_ITEM('',(#685),#683);
#687=DIRECTION('',(-7.071067811866E-1,-7.071067811865E-1,0.E0));
#688=VECTOR('',#687,4.603731957501E0);
#689=CARTESIAN_POINT('',(1.136053300859E2,8.919669914126E0,2.E2));
#690=LINE('1892',#689,#688);
#691=CURVE_STYLE('',#22,POSITIVE_LENGTH_MEASURE(2.E-2),#10);
#692=PRESENTATION_STYLE_ASSIGNMENT((#691));
#693=STYLED_ITEM('',(#692),#690);
#694=CARTESIAN_POINT('',(1.13075E2,9.45E0,2.E2));
#695=DIRECTION('',(0.E0,0.E0,-1.E0));
#696=DIRECTION('',(0.E0,1.E0,0.E0));
#697=AXIS2_PLACEMENT_3D('',#694,#695,#696);
#699=CURVE_STYLE('',#22,POSITIVE_LENGTH_MEASURE(2.E-2),#10);
#700=PRESENTATION_STYLE_ASSIGNMENT((#699));
#701=STYLED_ITEM('',(#700),#698);
#702=DIRECTION('',(1.E0,0.E0,0.E0));
#703=VECTOR('',#702,2.2E0);
#704=CARTESIAN_POINT('',(1.10875E2,1.02E1,2.E2));
#705=LINE('1898',#704,#703);
#706=CURVE_STYLE('',#22,POSITIVE_LENGTH_MEASURE(2.E-2),#10);
#707=PRESENTATION_STYLE_ASSIGNMENT((#706));
#708=STYLED_ITEM('',(#707),#705);
#709=CARTESIAN_POINT('',(1.10875E2,1.05E1,2.E2));
#710=DIRECTION('',(0.E0,0.E0,1.E0));
#711=DIRECTION('',(-1.E0,0.E0,0.E0));
#712=AXIS2_PLACEMENT_3D('',#709,#710,#711);
#714=CURVE_STYLE('',#22,POSITIVE_LENGTH_MEASURE(2.E-2),#10);
#715=PRESENTATION_STYLE_ASSIGNMENT((#714));
#716=STYLED_ITEM('',(#715),#713);
#717=DIRECTION('',(0.E0,-1.E0,0.E0));
#718=VECTOR('',#717,7.E-1);
#719=CARTESIAN_POINT('',(1.10575E2,1.12E1,2.E2));
#720=LINE('1904',#719,#718);
#721=CURVE_STYLE('',#22,POSITIVE_LENGTH_MEASURE(2.E-2),#10);
#722=PRESENTATION_STYLE_ASSIGNMENT((#721));
#723=STYLED_ITEM('',(#722),#720);
#724=CARTESIAN_POINT('',(1.11375E2,1.12E1,2.E2));
#725=DIRECTION('',(0.E0,0.E0,1.E0));
#726=DIRECTION('',(0.E0,1.E0,0.E0));
#727=AXIS2_PLACEMENT_3D('',#724,#725,#726);
#729=CURVE_STYLE('',#22,POSITIVE_LENGTH_MEASURE(2.E-2),#10);
#730=PRESENTATION_STYLE_ASSIGNMENT((#729));
#731=STYLED_ITEM('',(#730),#728);
#732=DIRECTION('',(-1.E0,0.E0,0.E0));
#733=VECTOR('',#732,1.325E1);
#734=CARTESIAN_POINT('',(1.24625E2,1.2E1,2.E2));
#735=LINE('1910',#734,#733);
#736=CURVE_STYLE('',#22,POSITIVE_LENGTH_MEASURE(2.E-2),#10);
#737=PRESENTATION_STYLE_ASSIGNMENT((#736));
#738=STYLED_ITEM('',(#737),#735);
#739=CARTESIAN_POINT('',(1.24625E2,1.12E1,2.E2));
#740=DIRECTION('',(0.E0,0.E0,1.E0));
#741=DIRECTION('',(1.E0,0.E0,0.E0));
#742=AXIS2_PLACEMENT_3D('',#739,#740,#741);
#744=CURVE_STYLE('',#22,POSITIVE_LENGTH_MEASURE(2.E-2),#10);
#745=PRESENTATION_STYLE_ASSIGNMENT((#744));
#746=STYLED_ITEM('',(#745),#743);
#747=DIRECTION('',(0.E0,1.E0,0.E0));
#748=VECTOR('',#747,7.E-1);
#749=CARTESIAN_POINT('',(1.25425E2,1.05E1,2.E2));
#750=LINE('1916',#749,#748);
#751=CURVE_STYLE('',#22,POSITIVE_LENGTH_MEASURE(2.E-2),#10);
#752=PRESENTATION_STYLE_ASSIGNMENT((#751));
#753=STYLED_ITEM('',(#752),#750);
#754=CARTESIAN_POINT('',(1.25125E2,1.05E1,2.E2));
#755=DIRECTION('',(0.E0,0.E0,1.E0));
#756=DIRECTION('',(0.E0,-1.E0,0.E0));
#757=AXIS2_PLACEMENT_3D('',#754,#755,#756);
#759=CURVE_STYLE('',#22,POSITIVE_LENGTH_MEASURE(2.E-2),#10);
#760=PRESENTATION_STYLE_ASSIGNMENT((#759));
#761=STYLED_ITEM('',(#760),#758);
#762=DIRECTION('',(1.E0,0.E0,0.E0));
#763=VECTOR('',#762,2.2E0);
#764=CARTESIAN_POINT('',(1.22925E2,1.02E1,2.E2));
#765=LINE('1922',#764,#763);
#766=CURVE_STYLE('',#22,POSITIVE_LENGTH_MEASURE(2.E-2),#10);
#767=PRESENTATION_STYLE_ASSIGNMENT((#766));
#768=STYLED_ITEM('',(#767),#765);
#769=CARTESIAN_POINT('',(1.22925E2,9.45E0,2.E2));
#770=DIRECTION('',(0.E0,0.E0,-1.E0));
#771=DIRECTION('',(-1.E0,0.E0,0.E0));
#772=AXIS2_PLACEMENT_3D('',#769,#770,#771);
#774=CURVE_STYLE('',#22,POSITIVE_LENGTH_MEASURE(2.E-2),#10);
#775=PRESENTATION_STYLE_ASSIGNMENT((#774));
#776=STYLED_ITEM('',(#775),#773);
#777=CARTESIAN_POINT('',(1.22925E2,9.45E0,2.E2));
#778=DIRECTION('',(0.E0,0.E0,-1.E0));
#779=DIRECTION('',(-7.071067811857E-1,-7.071067811874E-1,0.E0));
#780=AXIS2_PLACEMENT_3D('',#777,#778,#779);
#782=CURVE_STYLE('',#22,POSITIVE_LENGTH_MEASURE(2.E-2),#10);
#783=PRESENTATION_STYLE_ASSIGNMENT((#782));
#784=STYLED_ITEM('',(#783),#781);
#785=DIRECTION('',(-7.071067811866E-1,7.071067811865E-1,0.E0));
#786=VECTOR('',#785,4.603731957466E0);
#787=CARTESIAN_POINT('',(1.2565E2,5.664339828220E0,2.E2));
#788=LINE('1930',#787,#786);
#789=CURVE_STYLE('',#22,POSITIVE_LENGTH_MEASURE(2.E-2),#10);
#790=PRESENTATION_STYLE_ASSIGNMENT((#789));
#791=STYLED_ITEM('',(#790),#788);
#792=CARTESIAN_POINT('',(1.28E2,8.664339828220E0,2.E2));
#793=DIRECTION('',(0.E0,0.E0,-1.E0));
#794=DIRECTION('',(6.166619752646E-1,-7.872280535288E-1,0.E0));
#795=AXIS2_PLACEMENT_3D('',#792,#793,#794);
#797=CURVE_STYLE('',#22,POSITIVE_LENGTH_MEASURE(2.E-2),#10);
#798=PRESENTATION_STYLE_ASSIGNMENT((#797));
#799=STYLED_ITEM('',(#798),#796);
#800=DIRECTION('',(-7.071067811866E-1,-7.071067811865E-1,0.E0));
#801=VECTOR('',#800,4.603731957466E0);
#802=CARTESIAN_POINT('',(1.336053300859E2,8.919669914110E0,2.E2));
#803=LINE('1936',#802,#801);
#804=CURVE_STYLE('',#22,POSITIVE_LENGTH_MEASURE(2.E-2),#10);
#805=PRESENTATION_STYLE_ASSIGNMENT((#804));
#806=STYLED_ITEM('',(#805),#803);
#807=CARTESIAN_POINT('',(1.33075E2,9.45E0,2.E2));
#808=DIRECTION('',(0.E0,0.E0,-1.E0));
#809=DIRECTION('',(0.E0,1.E0,0.E0));
#810=AXIS2_PLACEMENT_3D('',#807,#808,#809);
#812=CURVE_STYLE('',#22,POSITIVE_LENGTH_MEASURE(2.E-2),#10);
#813=PRESENTATION_STYLE_ASSIGNMENT((#812));
#814=STYLED_ITEM('',(#813),#811);
#815=DIRECTION('',(1.E0,0.E0,0.E0));
#816=VECTOR('',#815,2.2E0);
#817=CARTESIAN_POINT('',(1.30875E2,1.02E1,2.E2));
#818=LINE('1942',#817,#816);
#819=CURVE_STYLE('',#22,POSITIVE_LENGTH_MEASURE(2.E-2),#10);
#820=PRESENTATION_STYLE_ASSIGNMENT((#819));
#821=STYLED_ITEM('',(#820),#818);
#822=CARTESIAN_POINT('',(1.30875E2,1.05E1,2.E2));
#823=DIRECTION('',(0.E0,0.E0,1.E0));
#824=DIRECTION('',(-1.E0,0.E0,0.E0));
#825=AXIS2_PLACEMENT_3D('',#822,#823,#824);
#827=CURVE_STYLE('',#22,POSITIVE_LENGTH_MEASURE(2.E-2),#10);
#828=PRESENTATION_STYLE_ASSIGNMENT((#827));
#829=STYLED_ITEM('',(#828),#826);
#830=DIRECTION('',(0.E0,-1.E0,0.E0));
#831=VECTOR('',#830,7.E-1);
#832=CARTESIAN_POINT('',(1.30575E2,1.12E1,2.E2));
#833=LINE('1948',#832,#831);
#834=CURVE_STYLE('',#22,POSITIVE_LENGTH_MEASURE(2.E-2),#10);
#835=PRESENTATION_STYLE_ASSIGNMENT((#834));
#836=STYLED_ITEM('',(#835),#833);
#837=CARTESIAN_POINT('',(1.31375E2,1.12E1,2.E2));
#838=DIRECTION('',(0.E0,0.E0,1.E0));
#839=DIRECTION('',(0.E0,1.E0,0.E0));
#840=AXIS2_PLACEMENT_3D('',#837,#838,#839);
#842=CURVE_STYLE('',#22,POSITIVE_LENGTH_MEASURE(2.E-2),#10);
#843=PRESENTATION_STYLE_ASSIGNMENT((#842));
#844=STYLED_ITEM('',(#843),#841);
#845=DIRECTION('',(-1.E0,0.E0,0.E0));
#846=VECTOR('',#845,1.325E1);
#847=CARTESIAN_POINT('',(1.44625E2,1.2E1,2.E2));
#848=LINE('1954',#847,#846);
#849=CURVE_STYLE('',#22,POSITIVE_LENGTH_MEASURE(2.E-2),#10);
#850=PRESENTATION_STYLE_ASSIGNMENT((#849));
#851=STYLED_ITEM('',(#850),#848);
#852=CARTESIAN_POINT('',(1.44625E2,1.12E1,2.E2));
#853=DIRECTION('',(0.E0,0.E0,1.E0));
#854=DIRECTION('',(1.E0,0.E0,0.E0));
#855=AXIS2_PLACEMENT_3D('',#852,#853,#854);
#857=CURVE_STYLE('',#22,POSITIVE_LENGTH_MEASURE(2.E-2),#10);
#858=PRESENTATION_STYLE_ASSIGNMENT((#857));
#859=STYLED_ITEM('',(#858),#856);
#860=DIRECTION('',(0.E0,1.E0,0.E0));
#861=VECTOR('',#860,7.E-1);
#862=CARTESIAN_POINT('',(1.45425E2,1.05E1,2.E2));
#863=LINE('1960',#862,#861);
#864=CURVE_STYLE('',#22,POSITIVE_LENGTH_MEASURE(2.E-2),#10);
#865=PRESENTATION_STYLE_ASSIGNMENT((#864));
#866=STYLED_ITEM('',(#865),#863);
#867=CARTESIAN_POINT('',(1.45125E2,1.05E1,2.E2));
#868=DIRECTION('',(0.E0,0.E0,1.E0));
#869=DIRECTION('',(0.E0,-1.E0,0.E0));
#870=AXIS2_PLACEMENT_3D('',#867,#868,#869);
#872=CURVE_STYLE('',#22,POSITIVE_LENGTH_MEASURE(2.E-2),#10);
#873=PRESENTATION_STYLE_ASSIGNMENT((#872));
#874=STYLED_ITEM('',(#873),#871);
#875=DIRECTION('',(1.E0,0.E0,0.E0));
#876=VECTOR('',#875,2.2E0);
#877=CARTESIAN_POINT('',(1.42925E2,1.02E1,2.E2));
#878=LINE('1966',#877,#876);
#879=CURVE_STYLE('',#22,POSITIVE_LENGTH_MEASURE(2.E-2),#10);
#880=PRESENTATION_STYLE_ASSIGNMENT((#879));
#881=STYLED_ITEM('',(#880),#878);
#882=CARTESIAN_POINT('',(1.42925E2,9.45E0,2.E2));
#883=DIRECTION('',(0.E0,0.E0,-1.E0));
#884=DIRECTION('',(-1.E0,0.E0,0.E0));
#885=AXIS2_PLACEMENT_3D('',#882,#883,#884);
#887=CURVE_STYLE('',#22,POSITIVE_LENGTH_MEASURE(2.E-2),#10);
#888=PRESENTATION_STYLE_ASSIGNMENT((#887));
#889=STYLED_ITEM('',(#888),#886);
#890=CARTESIAN_POINT('',(1.42925E2,9.45E0,2.E2));
#891=DIRECTION('',(0.E0,0.E0,-1.E0));
#892=DIRECTION('',(-7.071067811857E-1,-7.071067811874E-1,0.E0));
#893=AXIS2_PLACEMENT_3D('',#890,#891,#892);
#895=CURVE_STYLE('',#22,POSITIVE_LENGTH_MEASURE(2.E-2),#10);
#896=PRESENTATION_STYLE_ASSIGNMENT((#895));
#897=STYLED_ITEM('',(#896),#894);
#898=DIRECTION('',(-7.071067811866E-1,7.071067811865E-1,0.E0));
#899=VECTOR('',#898,4.603731957466E0);
#900=CARTESIAN_POINT('',(1.4565E2,5.664339828220E0,2.E2));
#901=LINE('1974',#900,#899);
#902=CURVE_STYLE('',#22,POSITIVE_LENGTH_MEASURE(2.E-2),#10);
#903=PRESENTATION_STYLE_ASSIGNMENT((#902));
#904=STYLED_ITEM('',(#903),#901);
#905=CARTESIAN_POINT('',(1.48E2,8.664339828220E0,2.E2));
#906=DIRECTION('',(0.E0,0.E0,-1.E0));
#907=DIRECTION('',(6.166619752646E-1,-7.872280535288E-1,0.E0));
#908=AXIS2_PLACEMENT_3D('',#905,#906,#907);
#910=CURVE_STYLE('',#22,POSITIVE_LENGTH_MEASURE(2.E-2),#10);
#911=PRESENTATION_STYLE_ASSIGNMENT((#910));
#912=STYLED_ITEM('',(#911),#909);
#913=DIRECTION('',(-7.071067811866E-1,-7.071067811865E-1,0.E0));
#914=VECTOR('',#913,4.603731957466E0);
#915=CARTESIAN_POINT('',(1.536053300859E2,8.919669914110E0,2.E2));
#916=LINE('1980',#915,#914);
#917=CURVE_STYLE('',#22,POSITIVE_LENGTH_MEASURE(2.E-2),#10);
#918=PRESENTATION_STYLE_ASSIGNMENT((#917));
#919=STYLED_ITEM('',(#918),#916);
#920=CARTESIAN_POINT('',(1.53075E2,9.45E0,2.E2));
#921=DIRECTION('',(0.E0,0.E0,-1.E0));
#922=DIRECTION('',(0.E0,1.E0,0.E0));
#923=AXIS2_PLACEMENT_3D('',#920,#921,#922);
#925=CURVE_STYLE('',#22,POSITIVE_LENGTH_MEASURE(2.E-2),#10);
#926=PRESENTATION_STYLE_ASSIGNMENT((#925));
#927=STYLED_ITEM('',(#926),#924);
#928=DIRECTION('',(1.E0,0.E0,0.E0));
#929=VECTOR('',#928,2.2E0);
#930=CARTESIAN_POINT('',(1.50875E2,1.02E1,2.E2));
#931=LINE('1986',#930,#929);
#932=CURVE_STYLE('',#22,POSITIVE_LENGTH_MEASURE(2.E-2),#10);
#933=PRESENTATION_STYLE_ASSIGNMENT((#932));
#934=STYLED_ITEM('',(#933),#931);
#935=CARTESIAN_POINT('',(1.50875E2,1.05E1,2.E2));
#936=DIRECTION('',(0.E0,0.E0,1.E0));
#937=DIRECTION('',(-1.E0,0.E0,0.E0));
#938=AXIS2_PLACEMENT_3D('',#935,#936,#937);
#940=CURVE_STYLE('',#22,POSITIVE_LENGTH_MEASURE(2.E-2),#10);
#941=PRESENTATION_STYLE_ASSIGNMENT((#940));
#942=STYLED_ITEM('',(#941),#939);
#943=DIRECTION('',(0.E0,-1.E0,0.E0));
#944=VECTOR('',#943,7.E-1);
#945=CARTESIAN_POINT('',(1.50575E2,1.12E1,2.E2));
#946=LINE('1992',#945,#944);
#947=CURVE_STYLE('',#22,POSITIVE_LENGTH_MEASURE(2.E-2),#10);
#948=PRESENTATION_STYLE_ASSIGNMENT((#947));
#949=STYLED_ITEM('',(#948),#946);
#950=CARTESIAN_POINT('',(1.51375E2,1.12E1,2.E2));
#951=DIRECTION('',(0.E0,0.E0,1.E0));
#952=DIRECTION('',(0.E0,1.E0,0.E0));
#953=AXIS2_PLACEMENT_3D('',#950,#951,#952);
#955=CURVE_STYLE('',#22,POSITIVE_LENGTH_MEASURE(2.E-2),#10);
#956=PRESENTATION_STYLE_ASSIGNMENT((#955));
#957=STYLED_ITEM('',(#956),#954);
#958=DIRECTION('',(-1.E0,0.E0,0.E0));
#959=VECTOR('',#958,1.325E1);
#960=CARTESIAN_POINT('',(1.64625E2,1.2E1,2.E2));
#961=LINE('1998',#960,#959);
#962=CURVE_STYLE('',#22,POSITIVE_LENGTH_MEASURE(2.E-2),#10);
#963=PRESENTATION_STYLE_ASSIGNMENT((#962));
#964=STYLED_ITEM('',(#963),#961);
#965=CARTESIAN_POINT('',(1.64625E2,1.12E1,2.E2));
#966=DIRECTION('',(0.E0,0.E0,1.E0));
#967=DIRECTION('',(1.E0,0.E0,0.E0));
#968=AXIS2_PLACEMENT_3D('',#965,#966,#967);
#970=CURVE_STYLE('',#22,POSITIVE_LENGTH_MEASURE(2.E-2),#10);
#971=PRESENTATION_STYLE_ASSIGNMENT((#970));
#972=STYLED_ITEM('',(#971),#969);
#973=DIRECTION('',(0.E0,1.E0,0.E0));
#974=VECTOR('',#973,7.E-1);
#975=CARTESIAN_POINT('',(1.65425E2,1.05E1,2.E2));
#976=LINE('2004',#975,#974);
#977=CURVE_STYLE('',#22,POSITIVE_LENGTH_MEASURE(2.E-2),#10);
#978=PRESENTATION_STYLE_ASSIGNMENT((#977));
#979=STYLED_ITEM('',(#978),#976);
#980=CARTESIAN_POINT('',(1.65125E2,1.05E1,2.E2));
#981=DIRECTION('',(0.E0,0.E0,1.E0));
#982=DIRECTION('',(0.E0,-1.E0,0.E0));
#983=AXIS2_PLACEMENT_3D('',#980,#981,#982);
#985=CURVE_STYLE('',#22,POSITIVE_LENGTH_MEASURE(2.E-2),#10);
#986=PRESENTATION_STYLE_ASSIGNMENT((#985));
#987=STYLED_ITEM('',(#986),#984);
#988=DIRECTION('',(1.E0,0.E0,0.E0));
#989=VECTOR('',#988,2.2E0);
#990=CARTESIAN_POINT('',(1.62925E2,1.02E1,2.E2));
#991=LINE('2010',#990,#989);
#992=CURVE_STYLE('',#22,POSITIVE_LENGTH_MEASURE(2.E-2),#10);
#993=PRESENTATION_STYLE_ASSIGNMENT((#992));
#994=STYLED_ITEM('',(#993),#991);
#995=CARTESIAN_POINT('',(1.62925E2,9.45E0,2.E2));
#996=DIRECTION('',(0.E0,0.E0,-1.E0));
#997=DIRECTION('',(-1.E0,0.E0,0.E0));
#998=AXIS2_PLACEMENT_3D('',#995,#996,#997);
#1000=CURVE_STYLE('',#22,POSITIVE_LENGTH_MEASURE(2.E-2),#10);
#1001=PRESENTATION_STYLE_ASSIGNMENT((#1000));
#1002=STYLED_ITEM('',(#1001),#999);
#1003=CARTESIAN_POINT('',(1.62925E2,9.45E0,2.E2));
#1004=DIRECTION('',(0.E0,0.E0,-1.E0));
#1005=DIRECTION('',(-7.071067811857E-1,-7.071067811874E-1,0.E0));
#1006=AXIS2_PLACEMENT_3D('',#1003,#1004,#1005);
#1008=CURVE_STYLE('',#22,POSITIVE_LENGTH_MEASURE(2.E-2),#10);
#1009=PRESENTATION_STYLE_ASSIGNMENT((#1008));
#1010=STYLED_ITEM('',(#1009),#1007);
#1011=DIRECTION('',(-7.071067811866E-1,7.071067811865E-1,0.E0));
#1012=VECTOR('',#1011,4.603731957466E0);
#1013=CARTESIAN_POINT('',(1.6565E2,5.664339828220E0,2.E2));
#1014=LINE('2018',#1013,#1012);
#1015=CURVE_STYLE('',#22,POSITIVE_LENGTH_MEASURE(2.E-2),#10);
#1016=PRESENTATION_STYLE_ASSIGNMENT((#1015));
#1017=STYLED_ITEM('',(#1016),#1014);
#1018=CARTESIAN_POINT('',(1.68E2,8.664339828220E0,2.E2));
#1019=DIRECTION('',(0.E0,0.E0,-1.E0));
#1020=DIRECTION('',(6.166619752646E-1,-7.872280535288E-1,0.E0));
#1021=AXIS2_PLACEMENT_3D('',#1018,#1019,#1020);
#1023=CURVE_STYLE('',#22,POSITIVE_LENGTH_MEASURE(2.E-2),#10);
#1024=PRESENTATION_STYLE_ASSIGNMENT((#1023));
#1025=STYLED_ITEM('',(#1024),#1022);
#1026=DIRECTION('',(-7.071067811866E-1,-7.071067811865E-1,0.E0));
#1027=VECTOR('',#1026,4.603731957466E0);
#1028=CARTESIAN_POINT('',(1.736053300859E2,8.919669914110E0,2.E2));
#1029=LINE('2024',#1028,#1027);
#1030=CURVE_STYLE('',#22,POSITIVE_LENGTH_MEASURE(2.E-2),#10);
#1031=PRESENTATION_STYLE_ASSIGNMENT((#1030));
#1032=STYLED_ITEM('',(#1031),#1029);
#1033=CARTESIAN_POINT('',(1.73075E2,9.45E0,2.E2));
#1034=DIRECTION('',(0.E0,0.E0,-1.E0));
#1035=DIRECTION('',(0.E0,1.E0,0.E0));
#1036=AXIS2_PLACEMENT_3D('',#1033,#1034,#1035);
#1038=CURVE_STYLE('',#22,POSITIVE_LENGTH_MEASURE(2.E-2),#10);
#1039=PRESENTATION_STYLE_ASSIGNMENT((#1038));
#1040=STYLED_ITEM('',(#1039),#1037);
#1041=DIRECTION('',(1.E0,0.E0,0.E0));
#1042=VECTOR('',#1041,2.2E0);
#1043=CARTESIAN_POINT('',(1.70875E2,1.02E1,2.E2));
#1044=LINE('2030',#1043,#1042);
#1045=CURVE_STYLE('',#22,POSITIVE_LENGTH_MEASURE(2.E-2),#10);
#1046=PRESENTATION_STYLE_ASSIGNMENT((#1045));
#1047=STYLED_ITEM('',(#1046),#1044);
#1048=CARTESIAN_POINT('',(1.70875E2,1.05E1,2.E2));
#1049=DIRECTION('',(0.E0,0.E0,1.E0));
#1050=DIRECTION('',(-1.E0,0.E0,0.E0));
#1051=AXIS2_PLACEMENT_3D('',#1048,#1049,#1050);
#1053=CURVE_STYLE('',#22,POSITIVE_LENGTH_MEASURE(2.E-2),#10);
#1054=PRESENTATION_STYLE_ASSIGNMENT((#1053));
#1055=STYLED_ITEM('',(#1054),#1052);
#1056=DIRECTION('',(0.E0,-1.E0,0.E0));
#1057=VECTOR('',#1056,7.E-1);
#1058=CARTESIAN_POINT('',(1.70575E2,1.12E1,2.E2));
#1059=LINE('2036',#1058,#1057);
#1060=CURVE_STYLE('',#22,POSITIVE_LENGTH_MEASURE(2.E-2),#10);
#1061=PRESENTATION_STYLE_ASSIGNMENT((#1060));
#1062=STYLED_ITEM('',(#1061),#1059);
#1063=CARTESIAN_POINT('',(1.71375E2,1.12E1,2.E2));
#1064=DIRECTION('',(0.E0,0.E0,1.E0));
#1065=DIRECTION('',(0.E0,1.E0,0.E0));
#1066=AXIS2_PLACEMENT_3D('',#1063,#1064,#1065);
#1068=CURVE_STYLE('',#22,POSITIVE_LENGTH_MEASURE(2.E-2),#10);
#1069=PRESENTATION_STYLE_ASSIGNMENT((#1068));
#1070=STYLED_ITEM('',(#1069),#1067);
#1071=DIRECTION('',(-1.E0,0.E0,0.E0));
#1072=VECTOR('',#1071,1.325E1);
#1073=CARTESIAN_POINT('',(1.84625E2,1.2E1,2.E2));
#1074=LINE('2042',#1073,#1072);
#1075=CURVE_STYLE('',#22,POSITIVE_LENGTH_MEASURE(2.E-2),#10);
#1076=PRESENTATION_STYLE_ASSIGNMENT((#1075));
#1077=STYLED_ITEM('',(#1076),#1074);
#1078=CARTESIAN_POINT('',(1.84625E2,1.12E1,2.E2));
#1079=DIRECTION('',(0.E0,0.E0,1.E0));
#1080=DIRECTION('',(1.E0,0.E0,0.E0));
#1081=AXIS2_PLACEMENT_3D('',#1078,#1079,#1080);
#1083=CURVE_STYLE('',#22,POSITIVE_LENGTH_MEASURE(2.E-2),#10);
#1084=PRESENTATION_STYLE_ASSIGNMENT((#1083));
#1085=STYLED_ITEM('',(#1084),#1082);
#1086=DIRECTION('',(0.E0,1.E0,0.E0));
#1087=VECTOR('',#1086,7.E-1);
#1088=CARTESIAN_POINT('',(1.85425E2,1.05E1,2.E2));
#1089=LINE('1647',#1088,#1087);
#1090=CURVE_STYLE('',#22,POSITIVE_LENGTH_MEASURE(2.E-2),#10);
#1091=PRESENTATION_STYLE_ASSIGNMENT((#1090));
#1092=STYLED_ITEM('',(#1091),#1089);
#1093=CARTESIAN_POINT('',(1.85125E2,1.05E1,2.E2));
#1094=DIRECTION('',(0.E0,0.E0,1.E0));
#1095=DIRECTION('',(0.E0,-1.E0,0.E0));
#1096=AXIS2_PLACEMENT_3D('',#1093,#1094,#1095);
#1098=CURVE_STYLE('',#22,POSITIVE_LENGTH_MEASURE(2.E-2),#10);
#1099=PRESENTATION_STYLE_ASSIGNMENT((#1098));
#1100=STYLED_ITEM('',(#1099),#1097);
#1101=DIRECTION('',(1.E0,0.E0,0.E0));
#1102=VECTOR('',#1101,2.2E0);
#1103=CARTESIAN_POINT('',(1.82925E2,1.02E1,2.E2));
#1104=LINE('1653',#1103,#1102);
#1105=CURVE_STYLE('',#22,POSITIVE_LENGTH_MEASURE(2.E-2),#10);
#1106=PRESENTATION_STYLE_ASSIGNMENT((#1105));
#1107=STYLED_ITEM('',(#1106),#1104);
#1108=CARTESIAN_POINT('',(1.82925E2,9.45E0,2.E2));
#1109=DIRECTION('',(0.E0,0.E0,-1.E0));
#1110=DIRECTION('',(-1.E0,0.E0,0.E0));
#1111=AXIS2_PLACEMENT_3D('',#1108,#1109,#1110);
#1113=CURVE_STYLE('',#22,POSITIVE_LENGTH_MEASURE(2.E-2),#10);
#1114=PRESENTATION_STYLE_ASSIGNMENT((#1113));
#1115=STYLED_ITEM('',(#1114),#1112);
#1116=CARTESIAN_POINT('',(1.82925E2,9.45E0,2.E2));
#1117=DIRECTION('',(0.E0,0.E0,-1.E0));
#1118=DIRECTION('',(-7.071067811857E-1,-7.071067811874E-1,0.E0));
#1119=AXIS2_PLACEMENT_3D('',#1116,#1117,#1118);
#1121=CURVE_STYLE('',#22,POSITIVE_LENGTH_MEASURE(2.E-2),#10);
#1122=PRESENTATION_STYLE_ASSIGNMENT((#1121));
#1123=STYLED_ITEM('',(#1122),#1120);
#1124=DIRECTION('',(-7.071067811866E-1,7.071067811865E-1,0.E0));
#1125=VECTOR('',#1124,4.603731957466E0);
#1126=CARTESIAN_POINT('',(1.8565E2,5.664339828220E0,2.E2));
#1127=LINE('1661',#1126,#1125);
#1128=CURVE_STYLE('',#22,POSITIVE_LENGTH_MEASURE(2.E-2),#10);
#1129=PRESENTATION_STYLE_ASSIGNMENT((#1128));
#1130=STYLED_ITEM('',(#1129),#1127);
#1131=CARTESIAN_POINT('',(1.88E2,8.664339828220E0,2.E2));
#1132=DIRECTION('',(0.E0,0.E0,-1.E0));
#1133=DIRECTION('',(6.166619752646E-1,-7.872280535288E-1,0.E0));
#1134=AXIS2_PLACEMENT_3D('',#1131,#1132,#1133);
#1136=CURVE_STYLE('',#22,POSITIVE_LENGTH_MEASURE(2.E-2),#10);
#1137=PRESENTATION_STYLE_ASSIGNMENT((#1136));
#1138=STYLED_ITEM('',(#1137),#1135);
#1139=DIRECTION('',(-7.071067811866E-1,-7.071067811865E-1,0.E0));
#1140=VECTOR('',#1139,4.603731957466E0);
#1141=CARTESIAN_POINT('',(1.936053300859E2,8.919669914110E0,2.E2));
#1142=LINE('1667',#1141,#1140);
#1143=CURVE_STYLE('',#22,POSITIVE_LENGTH_MEASURE(2.E-2),#10);
#1144=PRESENTATION_STYLE_ASSIGNMENT((#1143));
#1145=STYLED_ITEM('',(#1144),#1142);
#1146=CARTESIAN_POINT('',(1.93075E2,9.45E0,2.E2));
#1147=DIRECTION('',(0.E0,0.E0,-1.E0));
#1148=DIRECTION('',(0.E0,1.E0,0.E0));
#1149=AXIS2_PLACEMENT_3D('',#1146,#1147,#1148);
#1151=CURVE_STYLE('',#22,POSITIVE_LENGTH_MEASURE(2.E-2),#10);
#1152=PRESENTATION_STYLE_ASSIGNMENT((#1151));
#1153=STYLED_ITEM('',(#1152),#1150);
#1154=DIRECTION('',(1.E0,0.E0,0.E0));
#1155=VECTOR('',#1154,2.2E0);
#1156=CARTESIAN_POINT('',(1.90875E2,1.02E1,2.E2));
#1157=LINE('1673',#1156,#1155);
#1158=CURVE_STYLE('',#22,POSITIVE_LENGTH_MEASURE(2.E-2),#10);
#1159=PRESENTATION_STYLE_ASSIGNMENT((#1158));
#1160=STYLED_ITEM('',(#1159),#1157);
#1161=CARTESIAN_POINT('',(1.90875E2,1.05E1,2.E2));
#1162=DIRECTION('',(0.E0,0.E0,1.E0));
#1163=DIRECTION('',(-1.E0,0.E0,0.E0));
#1164=AXIS2_PLACEMENT_3D('',#1161,#1162,#1163);
#1166=CURVE_STYLE('',#22,POSITIVE_LENGTH_MEASURE(2.E-2),#10);
#1167=PRESENTATION_STYLE_ASSIGNMENT((#1166));
#1168=STYLED_ITEM('',(#1167),#1165);
#1169=DIRECTION('',(0.E0,-1.E0,0.E0));
#1170=VECTOR('',#1169,7.E-1);
#1171=CARTESIAN_POINT('',(1.90575E2,1.12E1,2.E2));
#1172=LINE('1679',#1171,#1170);
#1173=CURVE_STYLE('',#22,POSITIVE_LENGTH_MEASURE(2.E-2),#10);
#1174=PRESENTATION_STYLE_ASSIGNMENT((#1173));
#1175=STYLED_ITEM('',(#1174),#1172);
#1176=CARTESIAN_POINT('',(1.91375E2,1.12E1,2.E2));
#1177=DIRECTION('',(0.E0,0.E0,1.E0));
#1178=DIRECTION('',(0.E0,1.E0,0.E0));
#1179=AXIS2_PLACEMENT_3D('',#1176,#1177,#1178);
#1181=CURVE_STYLE('',#22,POSITIVE_LENGTH_MEASURE(2.E-2),#10);
#1182=PRESENTATION_STYLE_ASSIGNMENT((#1181));
#1183=STYLED_ITEM('',(#1182),#1180);
#1184=DIRECTION('',(-1.E0,0.E0,0.E0));
#1185=VECTOR('',#1184,6.625E0);
#1186=CARTESIAN_POINT('',(1.98E2,1.2E1,2.E2));
#1187=LINE('1685',#1186,#1185);
#1188=CURVE_STYLE('',#22,POSITIVE_LENGTH_MEASURE(2.E-2),#10);
#1189=PRESENTATION_STYLE_ASSIGNMENT((#1188));
#1190=STYLED_ITEM('',(#1189),#1187);
#1191=DIRECTION('',(0.E0,1.E0,0.E0));
#1192=VECTOR('',#1191,1.2E1);
#1193=CARTESIAN_POINT('',(1.98E2,0.E0,2.E2));
#1194=LINE('1688',#1193,#1192);
#1195=CURVE_STYLE('',#22,POSITIVE_LENGTH_MEASURE(2.E-2),#10);
#1196=PRESENTATION_STYLE_ASSIGNMENT((#1195));
#1197=STYLED_ITEM('',(#1196),#1194);
#1198=DIRECTION('',(-1.E0,0.E0,0.E0));
#1199=VECTOR('',#1198,6.625E0);
#1200=CARTESIAN_POINT('',(4.625E0,1.2E1,0.E0));
#1201=LINE('1598',#1200,#1199);
#1202=CURVE_STYLE('',#22,POSITIVE_LENGTH_MEASURE(2.E-2),#10);
#1203=PRESENTATION_STYLE_ASSIGNMENT((#1202));
#1204=STYLED_ITEM('',(#1203),#1201);
#1205=DIRECTION('',(-1.E0,0.E0,0.E0));
#1206=VECTOR('',#1205,2.E2);
#1207=CARTESIAN_POINT('',(1.98E2,0.E0,0.E0));
#1208=LINE('1640',#1207,#1206);
#1209=CURVE_STYLE('',#22,POSITIVE_LENGTH_MEASURE(2.E-2),#10);
#1210=PRESENTATION_STYLE_ASSIGNMENT((#1209));
#1211=STYLED_ITEM('',(#1210),#1208);
#1212=CARTESIAN_POINT('',(1.91375E2,1.12E1,0.E0));
#1213=DIRECTION('',(0.E0,0.E0,-1.E0));
#1214=DIRECTION('',(-1.E0,0.E0,0.E0));
#1215=AXIS2_PLACEMENT_3D('',#1212,#1213,#1214);
#1217=CURVE_STYLE('',#22,POSITIVE_LENGTH_MEASURE(2.E-2),#10);
#1218=PRESENTATION_STYLE_ASSIGNMENT((#1217));
#1219=STYLED_ITEM('',(#1218),#1216);
#1220=CARTESIAN_POINT('',(1.90875E2,1.05E1,0.E0));
#1221=DIRECTION('',(0.E0,0.E0,-1.E0));
#1222=DIRECTION('',(0.E0,-1.E0,0.E0));
#1223=AXIS2_PLACEMENT_3D('',#1220,#1221,#1222);
#1225=CURVE_STYLE('',#22,POSITIVE_LENGTH_MEASURE(2.E-2),#10);
#1226=PRESENTATION_STYLE_ASSIGNMENT((#1225));
#1227=STYLED_ITEM('',(#1226),#1224);
#1228=CARTESIAN_POINT('',(1.93075E2,9.45E0,0.E0));
#1229=DIRECTION('',(0.E0,0.E0,1.E0));
#1230=DIRECTION('',(7.071067811856E-1,-7.071067811875E-1,0.E0));
#1231=AXIS2_PLACEMENT_3D('',#1228,#1229,#1230);
#1233=CURVE_STYLE('',#22,POSITIVE_LENGTH_MEASURE(2.E-2),#10);
#1234=PRESENTATION_STYLE_ASSIGNMENT((#1233));
#1235=STYLED_ITEM('',(#1234),#1232);
#1236=DIRECTION('',(7.071067811866E-1,7.071067811865E-1,0.E0));
#1237=VECTOR('',#1236,4.603731957466E0);
#1238=CARTESIAN_POINT('',(1.9035E2,5.664339828220E0,0.E0));
#1239=LINE('1669',#1238,#1237);
#1240=CURVE_STYLE('',#22,POSITIVE_LENGTH_MEASURE(2.E-2),#10);
#1241=PRESENTATION_STYLE_ASSIGNMENT((#1240));
#1242=STYLED_ITEM('',(#1241),#1239);
#1243=CARTESIAN_POINT('',(1.88E2,8.664339828220E0,0.E0));
#1244=DIRECTION('',(0.E0,0.E0,1.E0));
#1245=DIRECTION('',(-6.166619752646E-1,-7.872280535288E-1,0.E0));
#1246=AXIS2_PLACEMENT_3D('',#1243,#1244,#1245);
#1248=CURVE_STYLE('',#22,POSITIVE_LENGTH_MEASURE(2.E-2),#10);
#1249=PRESENTATION_STYLE_ASSIGNMENT((#1248));
#1250=STYLED_ITEM('',(#1249),#1247);
#1251=DIRECTION('',(7.071067811866E-1,-7.071067811865E-1,0.E0));
#1252=VECTOR('',#1251,4.603731957466E0);
#1253=CARTESIAN_POINT('',(1.823946699141E2,8.919669914110E0,0.E0));
#1254=LINE('1663',#1253,#1252);
#1255=CURVE_STYLE('',#22,POSITIVE_LENGTH_MEASURE(2.E-2),#10);
#1256=PRESENTATION_STYLE_ASSIGNMENT((#1255));
#1257=STYLED_ITEM('',(#1256),#1254);
#1258=CARTESIAN_POINT('',(1.82925E2,9.45E0,0.E0));
#1259=DIRECTION('',(0.E0,0.E0,1.E0));
#1260=DIRECTION('',(-1.E0,0.E0,0.E0));
#1261=AXIS2_PLACEMENT_3D('',#1258,#1259,#1260);
#1263=CURVE_STYLE('',#22,POSITIVE_LENGTH_MEASURE(2.E-2),#10);
#1264=PRESENTATION_STYLE_ASSIGNMENT((#1263));
#1265=STYLED_ITEM('',(#1264),#1262);
#1266=CARTESIAN_POINT('',(1.82925E2,9.45E0,0.E0));
#1267=DIRECTION('',(0.E0,0.E0,1.E0));
#1268=DIRECTION('',(0.E0,1.E0,0.E0));
#1269=AXIS2_PLACEMENT_3D('',#1266,#1267,#1268);
#1271=CURVE_STYLE('',#22,POSITIVE_LENGTH_MEASURE(2.E-2),#10);
#1272=PRESENTATION_STYLE_ASSIGNMENT((#1271));
#1273=STYLED_ITEM('',(#1272),#1270);
#1274=CARTESIAN_POINT('',(1.85125E2,1.05E1,0.E0));
#1275=DIRECTION('',(0.E0,0.E0,-1.E0));
#1276=DIRECTION('',(1.E0,2.960594732334E-14,0.E0));
#1277=AXIS2_PLACEMENT_3D('',#1274,#1275,#1276);
#1279=CURVE_STYLE('',#22,POSITIVE_LENGTH_MEASURE(2.E-2),#10);
#1280=PRESENTATION_STYLE_ASSIGNMENT((#1279));
#1281=STYLED_ITEM('',(#1280),#1278);
#1282=CARTESIAN_POINT('',(1.84625E2,1.12E1,0.E0));
#1283=DIRECTION('',(0.E0,0.E0,-1.E0));
#1284=DIRECTION('',(0.E0,1.E0,0.E0));
#1285=AXIS2_PLACEMENT_3D('',#1282,#1283,#1284);
#1287=CURVE_STYLE('',#22,POSITIVE_LENGTH_MEASURE(2.E-2),#10);
#1288=PRESENTATION_STYLE_ASSIGNMENT((#1287));
#1289=STYLED_ITEM('',(#1288),#1286);
#1290=CARTESIAN_POINT('',(1.71375E2,1.12E1,0.E0));
#1291=DIRECTION('',(0.E0,0.E0,-1.E0));
#1292=DIRECTION('',(-1.E0,0.E0,0.E0));
#1293=AXIS2_PLACEMENT_3D('',#1290,#1291,#1292);
#1295=CURVE_STYLE('',#22,POSITIVE_LENGTH_MEASURE(2.E-2),#10);
#1296=PRESENTATION_STYLE_ASSIGNMENT((#1295));
#1297=STYLED_ITEM('',(#1296),#1294);
#1298=CARTESIAN_POINT('',(1.70875E2,1.05E1,0.E0));
#1299=DIRECTION('',(0.E0,0.E0,-1.E0));
#1300=DIRECTION('',(0.E0,-1.E0,0.E0));
#1301=AXIS2_PLACEMENT_3D('',#1298,#1299,#1300);
#1303=CURVE_STYLE('',#22,POSITIVE_LENGTH_MEASURE(2.E-2),#10);
#1304=PRESENTATION_STYLE_ASSIGNMENT((#1303));
#1305=STYLED_ITEM('',(#1304),#1302);
#1306=CARTESIAN_POINT('',(1.73075E2,9.45E0,0.E0));
#1307=DIRECTION('',(0.E0,0.E0,1.E0));
#1308=DIRECTION('',(7.071067811856E-1,-7.071067811875E-1,0.E0));
#1309=AXIS2_PLACEMENT_3D('',#1306,#1307,#1308);
#1311=CURVE_STYLE('',#22,POSITIVE_LENGTH_MEASURE(2.E-2),#10);
#1312=PRESENTATION_STYLE_ASSIGNMENT((#1311));
#1313=STYLED_ITEM('',(#1312),#1310);
#1314=DIRECTION('',(7.071067811866E-1,7.071067811865E-1,0.E0));
#1315=VECTOR('',#1314,4.603731957466E0);
#1316=CARTESIAN_POINT('',(1.7035E2,5.664339828220E0,0.E0));
#1317=LINE('2026',#1316,#1315);
#1318=CURVE_STYLE('',#22,POSITIVE_LENGTH_MEASURE(2.E-2),#10);
#1319=PRESENTATION_STYLE_ASSIGNMENT((#1318));
#1320=STYLED_ITEM('',(#1319),#1317);
#1321=CARTESIAN_POINT('',(1.68E2,8.664339828220E0,0.E0));
#1322=DIRECTION('',(0.E0,0.E0,1.E0));
#1323=DIRECTION('',(-6.166619752646E-1,-7.872280535288E-1,0.E0));
#1324=AXIS2_PLACEMENT_3D('',#1321,#1322,#1323);
#1326=CURVE_STYLE('',#22,POSITIVE_LENGTH_MEASURE(2.E-2),#10);
#1327=PRESENTATION_STYLE_ASSIGNMENT((#1326));
#1328=STYLED_ITEM('',(#1327),#1325);
#1329=DIRECTION('',(7.071067811866E-1,-7.071067811865E-1,0.E0));
#1330=VECTOR('',#1329,4.603731957466E0);
#1331=CARTESIAN_POINT('',(1.623946699141E2,8.919669914110E0,0.E0));
#1332=LINE('2020',#1331,#1330);
#1333=CURVE_STYLE('',#22,POSITIVE_LENGTH_MEASURE(2.E-2),#10);
#1334=PRESENTATION_STYLE_ASSIGNMENT((#1333));
#1335=STYLED_ITEM('',(#1334),#1332);
#1336=CARTESIAN_POINT('',(1.62925E2,9.45E0,0.E0));
#1337=DIRECTION('',(0.E0,0.E0,1.E0));
#1338=DIRECTION('',(-1.E0,0.E0,0.E0));
#1339=AXIS2_PLACEMENT_3D('',#1336,#1337,#1338);
#1341=CURVE_STYLE('',#22,POSITIVE_LENGTH_MEASURE(2.E-2),#10);
#1342=PRESENTATION_STYLE_ASSIGNMENT((#1341));
#1343=STYLED_ITEM('',(#1342),#1340);
#1344=CARTESIAN_POINT('',(1.62925E2,9.45E0,0.E0));
#1345=DIRECTION('',(0.E0,0.E0,1.E0));
#1346=DIRECTION('',(0.E0,1.E0,0.E0));
#1347=AXIS2_PLACEMENT_3D('',#1344,#1345,#1346);
#1349=CURVE_STYLE('',#22,POSITIVE_LENGTH_MEASURE(2.E-2),#10);
#1350=PRESENTATION_STYLE_ASSIGNMENT((#1349));
#1351=STYLED_ITEM('',(#1350),#1348);
#1352=CARTESIAN_POINT('',(1.65125E2,1.05E1,0.E0));
#1353=DIRECTION('',(0.E0,0.E0,-1.E0));
#1354=DIRECTION('',(1.E0,2.960594732334E-14,0.E0));
#1355=AXIS2_PLACEMENT_3D('',#1352,#1353,#1354);
#1357=CURVE_STYLE('',#22,POSITIVE_LENGTH_MEASURE(2.E-2),#10);
#1358=PRESENTATION_STYLE_ASSIGNMENT((#1357));
#1359=STYLED_ITEM('',(#1358),#1356);
#1360=CARTESIAN_POINT('',(1.64625E2,1.12E1,0.E0));
#1361=DIRECTION('',(0.E0,0.E0,-1.E0));
#1362=DIRECTION('',(0.E0,1.E0,0.E0));
#1363=AXIS2_PLACEMENT_3D('',#1360,#1361,#1362);
#1365=CURVE_STYLE('',#22,POSITIVE_LENGTH_MEASURE(2.E-2),#10);
#1366=PRESENTATION_STYLE_ASSIGNMENT((#1365));
#1367=STYLED_ITEM('',(#1366),#1364);
#1368=CARTESIAN_POINT('',(1.51375E2,1.12E1,0.E0));
#1369=DIRECTION('',(0.E0,0.E0,-1.E0));
#1370=DIRECTION('',(-1.E0,0.E0,0.E0));
#1371=AXIS2_PLACEMENT_3D('',#1368,#1369,#1370);
#1373=CURVE_STYLE('',#22,POSITIVE_LENGTH_MEASURE(2.E-2),#10);
#1374=PRESENTATION_STYLE_ASSIGNMENT((#1373));
#1375=STYLED_ITEM('',(#1374),#1372);
#1376=CARTESIAN_POINT('',(1.50875E2,1.05E1,0.E0));
#1377=DIRECTION('',(0.E0,0.E0,-1.E0));
#1378=DIRECTION('',(0.E0,-1.E0,0.E0));
#1379=AXIS2_PLACEMENT_3D('',#1376,#1377,#1378);
#1381=CURVE_STYLE('',#22,POSITIVE_LENGTH_MEASURE(2.E-2),#10);
#1382=PRESENTATION_STYLE_ASSIGNMENT((#1381));
#1383=STYLED_ITEM('',(#1382),#1380);
#1384=CARTESIAN_POINT('',(1.53075E2,9.45E0,0.E0));
#1385=DIRECTION('',(0.E0,0.E0,1.E0));
#1386=DIRECTION('',(7.071067811856E-1,-7.071067811875E-1,0.E0));
#1387=AXIS2_PLACEMENT_3D('',#1384,#1385,#1386);
#1389=CURVE_STYLE('',#22,POSITIVE_LENGTH_MEASURE(2.E-2),#10);
#1390=PRESENTATION_STYLE_ASSIGNMENT((#1389));
#1391=STYLED_ITEM('',(#1390),#1388);
#1392=DIRECTION('',(7.071067811866E-1,7.071067811865E-1,0.E0));
#1393=VECTOR('',#1392,4.603731957466E0);
#1394=CARTESIAN_POINT('',(1.5035E2,5.664339828220E0,0.E0));
#1395=LINE('1982',#1394,#1393);
#1396=CURVE_STYLE('',#22,POSITIVE_LENGTH_MEASURE(2.E-2),#10);
#1397=PRESENTATION_STYLE_ASSIGNMENT((#1396));
#1398=STYLED_ITEM('',(#1397),#1395);
#1399=CARTESIAN_POINT('',(1.48E2,8.664339828220E0,0.E0));
#1400=DIRECTION('',(0.E0,0.E0,1.E0));
#1401=DIRECTION('',(-6.166619752646E-1,-7.872280535288E-1,0.E0));
#1402=AXIS2_PLACEMENT_3D('',#1399,#1400,#1401);
#1404=CURVE_STYLE('',#22,POSITIVE_LENGTH_MEASURE(2.E-2),#10);
#1405=PRESENTATION_STYLE_ASSIGNMENT((#1404));
#1406=STYLED_ITEM('',(#1405),#1403);
#1407=DIRECTION('',(7.071067811866E-1,-7.071067811865E-1,0.E0));
#1408=VECTOR('',#1407,4.603731957466E0);
#1409=CARTESIAN_POINT('',(1.423946699141E2,8.919669914110E0,0.E0));
#1410=LINE('1976',#1409,#1408);
#1411=CURVE_STYLE('',#22,POSITIVE_LENGTH_MEASURE(2.E-2),#10);
#1412=PRESENTATION_STYLE_ASSIGNMENT((#1411));
#1413=STYLED_ITEM('',(#1412),#1410);
#1414=CARTESIAN_POINT('',(1.42925E2,9.45E0,0.E0));
#1415=DIRECTION('',(0.E0,0.E0,1.E0));
#1416=DIRECTION('',(-1.E0,0.E0,0.E0));
#1417=AXIS2_PLACEMENT_3D('',#1414,#1415,#1416);
#1419=CURVE_STYLE('',#22,POSITIVE_LENGTH_MEASURE(2.E-2),#10);
#1420=PRESENTATION_STYLE_ASSIGNMENT((#1419));
#1421=STYLED_ITEM('',(#1420),#1418);
#1422=CARTESIAN_POINT('',(1.42925E2,9.45E0,0.E0));
#1423=DIRECTION('',(0.E0,0.E0,1.E0));
#1424=DIRECTION('',(0.E0,1.E0,0.E0));
#1425=AXIS2_PLACEMENT_3D('',#1422,#1423,#1424);
#1427=CURVE_STYLE('',#22,POSITIVE_LENGTH_MEASURE(2.E-2),#10);
#1428=PRESENTATION_STYLE_ASSIGNMENT((#1427));
#1429=STYLED_ITEM('',(#1428),#1426);
#1430=CARTESIAN_POINT('',(1.45125E2,1.05E1,0.E0));
#1431=DIRECTION('',(0.E0,0.E0,-1.E0));
#1432=DIRECTION('',(1.E0,2.960594732334E-14,0.E0));
#1433=AXIS2_PLACEMENT_3D('',#1430,#1431,#1432);
#1435=CURVE_STYLE('',#22,POSITIVE_LENGTH_MEASURE(2.E-2),#10);
#1436=PRESENTATION_STYLE_ASSIGNMENT((#1435));
#1437=STYLED_ITEM('',(#1436),#1434);
#1438=CARTESIAN_POINT('',(1.44625E2,1.12E1,0.E0));
#1439=DIRECTION('',(0.E0,0.E0,-1.E0));
#1440=DIRECTION('',(0.E0,1.E0,0.E0));
#1441=AXIS2_PLACEMENT_3D('',#1438,#1439,#1440);
#1443=CURVE_STYLE('',#22,POSITIVE_LENGTH_MEASURE(2.E-2),#10);
#1444=PRESENTATION_STYLE_ASSIGNMENT((#1443));
#1445=STYLED_ITEM('',(#1444),#1442);
#1446=CARTESIAN_POINT('',(1.31375E2,1.12E1,0.E0));
#1447=DIRECTION('',(0.E0,0.E0,-1.E0));
#1448=DIRECTION('',(-1.E0,0.E0,0.E0));
#1449=AXIS2_PLACEMENT_3D('',#1446,#1447,#1448);
#1451=CURVE_STYLE('',#22,POSITIVE_LENGTH_MEASURE(2.E-2),#10);
#1452=PRESENTATION_STYLE_ASSIGNMENT((#1451));
#1453=STYLED_ITEM('',(#1452),#1450);
#1454=CARTESIAN_POINT('',(1.30875E2,1.05E1,0.E0));
#1455=DIRECTION('',(0.E0,0.E0,-1.E0));
#1456=DIRECTION('',(0.E0,-1.E0,0.E0));
#1457=AXIS2_PLACEMENT_3D('',#1454,#1455,#1456);
#1459=CURVE_STYLE('',#22,POSITIVE_LENGTH_MEASURE(2.E-2),#10);
#1460=PRESENTATION_STYLE_ASSIGNMENT((#1459));
#1461=STYLED_ITEM('',(#1460),#1458);
#1462=CARTESIAN_POINT('',(1.33075E2,9.45E0,0.E0));
#1463=DIRECTION('',(0.E0,0.E0,1.E0));
#1464=DIRECTION('',(7.071067811856E-1,-7.071067811875E-1,0.E0));
#1465=AXIS2_PLACEMENT_3D('',#1462,#1463,#1464);
#1467=CURVE_STYLE('',#22,POSITIVE_LENGTH_MEASURE(2.E-2),#10);
#1468=PRESENTATION_STYLE_ASSIGNMENT((#1467));
#1469=STYLED_ITEM('',(#1468),#1466);
#1470=DIRECTION('',(7.071067811866E-1,7.071067811865E-1,0.E0));
#1471=VECTOR('',#1470,4.603731957466E0);
#1472=CARTESIAN_POINT('',(1.3035E2,5.664339828220E0,0.E0));
#1473=LINE('1938',#1472,#1471);
#1474=CURVE_STYLE('',#22,POSITIVE_LENGTH_MEASURE(2.E-2),#10);
#1475=PRESENTATION_STYLE_ASSIGNMENT((#1474));
#1476=STYLED_ITEM('',(#1475),#1473);
#1477=CARTESIAN_POINT('',(1.28E2,8.664339828220E0,0.E0));
#1478=DIRECTION('',(0.E0,0.E0,1.E0));
#1479=DIRECTION('',(-6.166619752646E-1,-7.872280535288E-1,0.E0));
#1480=AXIS2_PLACEMENT_3D('',#1477,#1478,#1479);
#1482=CURVE_STYLE('',#22,POSITIVE_LENGTH_MEASURE(2.E-2),#10);
#1483=PRESENTATION_STYLE_ASSIGNMENT((#1482));
#1484=STYLED_ITEM('',(#1483),#1481);
#1485=DIRECTION('',(7.071067811866E-1,-7.071067811865E-1,0.E0));
#1486=VECTOR('',#1485,4.603731957466E0);
#1487=CARTESIAN_POINT('',(1.223946699141E2,8.919669914110E0,0.E0));
#1488=LINE('1932',#1487,#1486);
#1489=CURVE_STYLE('',#22,POSITIVE_LENGTH_MEASURE(2.E-2),#10);
#1490=PRESENTATION_STYLE_ASSIGNMENT((#1489));
#1491=STYLED_ITEM('',(#1490),#1488);
#1492=CARTESIAN_POINT('',(1.22925E2,9.45E0,0.E0));
#1493=DIRECTION('',(0.E0,0.E0,1.E0));
#1494=DIRECTION('',(-1.E0,0.E0,0.E0));
#1495=AXIS2_PLACEMENT_3D('',#1492,#1493,#1494);
#1497=CURVE_STYLE('',#22,POSITIVE_LENGTH_MEASURE(2.E-2),#10);
#1498=PRESENTATION_STYLE_ASSIGNMENT((#1497));
#1499=STYLED_ITEM('',(#1498),#1496);
#1500=CARTESIAN_POINT('',(1.22925E2,9.45E0,0.E0));
#1501=DIRECTION('',(0.E0,0.E0,1.E0));
#1502=DIRECTION('',(0.E0,1.E0,0.E0));
#1503=AXIS2_PLACEMENT_3D('',#1500,#1501,#1502);
#1505=CURVE_STYLE('',#22,POSITIVE_LENGTH_MEASURE(2.E-2),#10);
#1506=PRESENTATION_STYLE_ASSIGNMENT((#1505));
#1507=STYLED_ITEM('',(#1506),#1504);
#1508=CARTESIAN_POINT('',(1.25125E2,1.05E1,0.E0));
#1509=DIRECTION('',(0.E0,0.E0,-1.E0));
#1510=DIRECTION('',(1.E0,-1.776356839400E-14,0.E0));
#1511=AXIS2_PLACEMENT_3D('',#1508,#1509,#1510);
#1513=CURVE_STYLE('',#22,POSITIVE_LENGTH_MEASURE(2.E-2),#10);
#1514=PRESENTATION_STYLE_ASSIGNMENT((#1513));
#1515=STYLED_ITEM('',(#1514),#1512);
#1516=CARTESIAN_POINT('',(1.24625E2,1.12E1,0.E0));
#1517=DIRECTION('',(0.E0,0.E0,-1.E0));
#1518=DIRECTION('',(0.E0,1.E0,0.E0));
#1519=AXIS2_PLACEMENT_3D('',#1516,#1517,#1518);
#1521=CURVE_STYLE('',#22,POSITIVE_LENGTH_MEASURE(2.E-2),#10);
#1522=PRESENTATION_STYLE_ASSIGNMENT((#1521));
#1523=STYLED_ITEM('',(#1522),#1520);
#1524=CARTESIAN_POINT('',(1.11375E2,1.12E1,0.E0));
#1525=DIRECTION('',(0.E0,0.E0,-1.E0));
#1526=DIRECTION('',(-1.E0,0.E0,0.E0));
#1527=AXIS2_PLACEMENT_3D('',#1524,#1525,#1526);
#1529=CURVE_STYLE('',#22,POSITIVE_LENGTH_MEASURE(2.E-2),#10);
#1530=PRESENTATION_STYLE_ASSIGNMENT((#1529));
#1531=STYLED_ITEM('',(#1530),#1528);
#1532=CARTESIAN_POINT('',(1.10875E2,1.05E1,0.E0));
#1533=DIRECTION('',(0.E0,0.E0,-1.E0));
#1534=DIRECTION('',(0.E0,-1.E0,0.E0));
#1535=AXIS2_PLACEMENT_3D('',#1532,#1533,#1534);
#1537=CURVE_STYLE('',#22,POSITIVE_LENGTH_MEASURE(2.E-2),#10);
#1538=PRESENTATION_STYLE_ASSIGNMENT((#1537));
#1539=STYLED_ITEM('',(#1538),#1536);
#1540=CARTESIAN_POINT('',(1.13075E2,9.45E0,0.E0));
#1541=DIRECTION('',(0.E0,0.E0,1.E0));
#1542=DIRECTION('',(7.071067812360E-1,-7.071067811371E-1,0.E0));
#1543=AXIS2_PLACEMENT_3D('',#1540,#1541,#1542);
#1545=CURVE_STYLE('',#22,POSITIVE_LENGTH_MEASURE(2.E-2),#10);
#1546=PRESENTATION_STYLE_ASSIGNMENT((#1545));
#1547=STYLED_ITEM('',(#1546),#1544);
#1548=DIRECTION('',(7.071067811866E-1,7.071067811865E-1,0.E0));
#1549=VECTOR('',#1548,4.603731957501E0);
#1550=CARTESIAN_POINT('',(1.1035E2,5.664339828212E0,0.E0));
#1551=LINE('1894',#1550,#1549);
#1552=CURVE_STYLE('',#22,POSITIVE_LENGTH_MEASURE(2.E-2),#10);
#1553=PRESENTATION_STYLE_ASSIGNMENT((#1552));
#1554=STYLED_ITEM('',(#1553),#1551);
#1555=CARTESIAN_POINT('',(1.08E2,8.664339828220E0,0.E0));
#1556=DIRECTION('',(0.E0,0.E0,1.E0));
#1557=DIRECTION('',(-6.166619752646E-1,-7.872280535288E-1,0.E0));
#1558=AXIS2_PLACEMENT_3D('',#1555,#1556,#1557);
#1560=CURVE_STYLE('',#22,POSITIVE_LENGTH_MEASURE(2.E-2),#10);
#1561=PRESENTATION_STYLE_ASSIGNMENT((#1560));
#1562=STYLED_ITEM('',(#1561),#1559);
#1563=DIRECTION('',(7.071067811866E-1,-7.071067811865E-1,0.E0));
#1564=VECTOR('',#1563,4.603731957466E0);
#1565=CARTESIAN_POINT('',(1.023946699141E2,8.919669914110E0,0.E0));
#1566=LINE('1888',#1565,#1564);
#1567=CURVE_STYLE('',#22,POSITIVE_LENGTH_MEASURE(2.E-2),#10);
#1568=PRESENTATION_STYLE_ASSIGNMENT((#1567));
#1569=STYLED_ITEM('',(#1568),#1566);
#1570=CARTESIAN_POINT('',(1.02925E2,9.45E0,0.E0));
#1571=DIRECTION('',(0.E0,0.E0,1.E0));
#1572=DIRECTION('',(-1.E0,0.E0,0.E0));
#1573=AXIS2_PLACEMENT_3D('',#1570,#1571,#1572);
#1575=CURVE_STYLE('',#22,POSITIVE_LENGTH_MEASURE(2.E-2),#10);
#1576=PRESENTATION_STYLE_ASSIGNMENT((#1575));
#1577=STYLED_ITEM('',(#1576),#1574);
#1578=CARTESIAN_POINT('',(1.02925E2,9.45E0,0.E0));
#1579=DIRECTION('',(0.E0,0.E0,1.E0));
#1580=DIRECTION('',(0.E0,1.E0,0.E0));
#1581=AXIS2_PLACEMENT_3D('',#1578,#1579,#1580);
#1583=CURVE_STYLE('',#22,POSITIVE_LENGTH_MEASURE(2.E-2),#10);
#1584=PRESENTATION_STYLE_ASSIGNMENT((#1583));
#1585=STYLED_ITEM('',(#1584),#1582);
#1586=CARTESIAN_POINT('',(1.05125E2,1.05E1,0.E0));
#1587=DIRECTION('',(0.E0,0.E0,-1.E0));
#1588=DIRECTION('',(1.E0,-1.776356839400E-14,0.E0));
#1589=AXIS2_PLACEMENT_3D('',#1586,#1587,#1588);
#1591=CURVE_STYLE('',#22,POSITIVE_LENGTH_MEASURE(2.E-2),#10);
#1592=PRESENTATION_STYLE_ASSIGNMENT((#1591));
#1593=STYLED_ITEM('',(#1592),#1590);
#1594=CARTESIAN_POINT('',(1.04625E2,1.12E1,0.E0));
#1595=DIRECTION('',(0.E0,0.E0,-1.E0));
#1596=DIRECTION('',(0.E0,1.E0,0.E0));
#1597=AXIS2_PLACEMENT_3D('',#1594,#1595,#1596);
#1599=CURVE_STYLE('',#22,POSITIVE_LENGTH_MEASURE(2.E-2),#10);
#1600=PRESENTATION_STYLE_ASSIGNMENT((#1599));
#1601=STYLED_ITEM('',(#1600),#1598);
#1602=CARTESIAN_POINT('',(9.1375E1,1.12E1,0.E0));
#1603=DIRECTION('',(0.E0,0.E0,-1.E0));
#1604=DIRECTION('',(-1.E0,0.E0,0.E0));
#1605=AXIS2_PLACEMENT_3D('',#1602,#1603,#1604);
#1607=CURVE_STYLE('',#22,POSITIVE_LENGTH_MEASURE(2.E-2),#10);
#1608=PRESENTATION_STYLE_ASSIGNMENT((#1607));
#1609=STYLED_ITEM('',(#1608),#1606);
#1610=CARTESIAN_POINT('',(9.0875E1,1.05E1,0.E0));
#1611=DIRECTION('',(0.E0,0.E0,-1.E0));
#1612=DIRECTION('',(0.E0,-1.E0,0.E0));
#1613=AXIS2_PLACEMENT_3D('',#1610,#1611,#1612);
#1615=CURVE_STYLE('',#22,POSITIVE_LENGTH_MEASURE(2.E-2),#10);
#1616=PRESENTATION_STYLE_ASSIGNMENT((#1615));
#1617=STYLED_ITEM('',(#1616),#1614);
#1618=CARTESIAN_POINT('',(9.3075E1,9.45E0,0.E0));
#1619=DIRECTION('',(0.E0,0.E0,1.E0));
#1620=DIRECTION('',(7.071067811906E-1,-7.071067811825E-1,0.E0));
#1621=AXIS2_PLACEMENT_3D('',#1618,#1619,#1620);
#1623=CURVE_STYLE('',#22,POSITIVE_LENGTH_MEASURE(2.E-2),#10);
#1624=PRESENTATION_STYLE_ASSIGNMENT((#1623));
#1625=STYLED_ITEM('',(#1624),#1622);
#1626=DIRECTION('',(7.071067811866E-1,7.071067811865E-1,0.E0));
#1627=VECTOR('',#1626,4.603731957470E0);
#1628=CARTESIAN_POINT('',(9.035E1,5.664339828219E0,0.E0));
#1629=LINE('1850',#1628,#1627);
#1630=CURVE_STYLE('',#22,POSITIVE_LENGTH_MEASURE(2.E-2),#10);
#1631=PRESENTATION_STYLE_ASSIGNMENT((#1630));
#1632=STYLED_ITEM('',(#1631),#1629);
#1633=CARTESIAN_POINT('',(8.8E1,8.664339828220E0,0.E0));
#1634=DIRECTION('',(0.E0,0.E0,1.E0));
#1635=DIRECTION('',(-6.166619752646E-1,-7.872280535288E-1,0.E0));
#1636=AXIS2_PLACEMENT_3D('',#1633,#1634,#1635);
#1638=CURVE_STYLE('',#22,POSITIVE_LENGTH_MEASURE(2.E-2),#10);
#1639=PRESENTATION_STYLE_ASSIGNMENT((#1638));
#1640=STYLED_ITEM('',(#1639),#1637);
#1641=DIRECTION('',(7.071067811866E-1,-7.071067811865E-1,0.E0));
#1642=VECTOR('',#1641,4.603731957466E0);
#1643=CARTESIAN_POINT('',(8.239466991411E1,8.919669914110E0,0.E0));
#1644=LINE('1844',#1643,#1642);
#1645=CURVE_STYLE('',#22,POSITIVE_LENGTH_MEASURE(2.E-2),#10);
#1646=PRESENTATION_STYLE_ASSIGNMENT((#1645));
#1647=STYLED_ITEM('',(#1646),#1644);
#1648=CARTESIAN_POINT('',(8.2925E1,9.45E0,0.E0));
#1649=DIRECTION('',(0.E0,0.E0,1.E0));
#1650=DIRECTION('',(-1.E0,0.E0,0.E0));
#1651=AXIS2_PLACEMENT_3D('',#1648,#1649,#1650);
#1653=CURVE_STYLE('',#22,POSITIVE_LENGTH_MEASURE(2.E-2),#10);
#1654=PRESENTATION_STYLE_ASSIGNMENT((#1653));
#1655=STYLED_ITEM('',(#1654),#1652);
#1656=CARTESIAN_POINT('',(8.2925E1,9.45E0,0.E0));
#1657=DIRECTION('',(0.E0,0.E0,1.E0));
#1658=DIRECTION('',(0.E0,1.E0,0.E0));
#1659=AXIS2_PLACEMENT_3D('',#1656,#1657,#1658);
#1661=CURVE_STYLE('',#22,POSITIVE_LENGTH_MEASURE(2.E-2),#10);
#1662=PRESENTATION_STYLE_ASSIGNMENT((#1661));
#1663=STYLED_ITEM('',(#1662),#1660);
#1664=CARTESIAN_POINT('',(8.5125E1,1.05E1,0.E0));
#1665=DIRECTION('',(0.E0,0.E0,-1.E0));
#1666=DIRECTION('',(1.E0,-1.776356839400E-14,0.E0));
#1667=AXIS2_PLACEMENT_3D('',#1664,#1665,#1666);
#1669=CURVE_STYLE('',#22,POSITIVE_LENGTH_MEASURE(2.E-2),#10);
#1670=PRESENTATION_STYLE_ASSIGNMENT((#1669));
#1671=STYLED_ITEM('',(#1670),#1668);
#1672=CARTESIAN_POINT('',(8.4625E1,1.12E1,0.E0));
#1673=DIRECTION('',(0.E0,0.E0,-1.E0));
#1674=DIRECTION('',(0.E0,1.E0,0.E0));
#1675=AXIS2_PLACEMENT_3D('',#1672,#1673,#1674);
#1677=CURVE_STYLE('',#22,POSITIVE_LENGTH_MEASURE(2.E-2),#10);
#1678=PRESENTATION_STYLE_ASSIGNMENT((#1677));
#1679=STYLED_ITEM('',(#1678),#1676);
#1680=CARTESIAN_POINT('',(7.1375E1,1.12E1,0.E0));
#1681=DIRECTION('',(0.E0,0.E0,-1.E0));
#1682=DIRECTION('',(-1.E0,0.E0,0.E0));
#1683=AXIS2_PLACEMENT_3D('',#1680,#1681,#1682);
#1685=CURVE_STYLE('',#22,POSITIVE_LENGTH_MEASURE(2.E-2),#10);
#1686=PRESENTATION_STYLE_ASSIGNMENT((#1685));
#1687=STYLED_ITEM('',(#1686),#1684);
#1688=CARTESIAN_POINT('',(7.0875E1,1.05E1,0.E0));
#1689=DIRECTION('',(0.E0,0.E0,-1.E0));
#1690=DIRECTION('',(0.E0,-1.E0,0.E0));
#1691=AXIS2_PLACEMENT_3D('',#1688,#1689,#1690);
#1693=CURVE_STYLE('',#22,POSITIVE_LENGTH_MEASURE(2.E-2),#10);
#1694=PRESENTATION_STYLE_ASSIGNMENT((#1693));
#1695=STYLED_ITEM('',(#1694),#1692);
#1696=CARTESIAN_POINT('',(7.3075E1,9.45E0,0.E0));
#1697=DIRECTION('',(0.E0,0.E0,1.E0));
#1698=DIRECTION('',(7.071067811906E-1,-7.071067811825E-1,0.E0));
#1699=AXIS2_PLACEMENT_3D('',#1696,#1697,#1698);
#1701=CURVE_STYLE('',#22,POSITIVE_LENGTH_MEASURE(2.E-2),#10);
#1702=PRESENTATION_STYLE_ASSIGNMENT((#1701));
#1703=STYLED_ITEM('',(#1702),#1700);
#1704=DIRECTION('',(7.071067811866E-1,7.071067811865E-1,0.E0));
#1705=VECTOR('',#1704,4.603731957470E0);
#1706=CARTESIAN_POINT('',(7.035E1,5.664339828219E0,0.E0));
#1707=LINE('1806',#1706,#1705);
#1708=CURVE_STYLE('',#22,POSITIVE_LENGTH_MEASURE(2.E-2),#10);
#1709=PRESENTATION_STYLE_ASSIGNMENT((#1708));
#1710=STYLED_ITEM('',(#1709),#1707);
#1711=CARTESIAN_POINT('',(6.8E1,8.664339828220E0,0.E0));
#1712=DIRECTION('',(0.E0,0.E0,1.E0));
#1713=DIRECTION('',(-6.166619752646E-1,-7.872280535288E-1,0.E0));
#1714=AXIS2_PLACEMENT_3D('',#1711,#1712,#1713);
#1716=CURVE_STYLE('',#22,POSITIVE_LENGTH_MEASURE(2.E-2),#10);
#1717=PRESENTATION_STYLE_ASSIGNMENT((#1716));
#1718=STYLED_ITEM('',(#1717),#1715);
#1719=DIRECTION('',(7.071067811866E-1,-7.071067811865E-1,0.E0));
#1720=VECTOR('',#1719,4.603731957466E0);
#1721=CARTESIAN_POINT('',(6.239466991411E1,8.919669914110E0,0.E0));
#1722=LINE('1800',#1721,#1720);
#1723=CURVE_STYLE('',#22,POSITIVE_LENGTH_MEASURE(2.E-2),#10);
#1724=PRESENTATION_STYLE_ASSIGNMENT((#1723));
#1725=STYLED_ITEM('',(#1724),#1722);
#1726=CARTESIAN_POINT('',(6.2925E1,9.45E0,0.E0));
#1727=DIRECTION('',(0.E0,0.E0,1.E0));
#1728=DIRECTION('',(-1.E0,0.E0,0.E0));
#1729=AXIS2_PLACEMENT_3D('',#1726,#1727,#1728);
#1731=CURVE_STYLE('',#22,POSITIVE_LENGTH_MEASURE(2.E-2),#10);
#1732=PRESENTATION_STYLE_ASSIGNMENT((#1731));
#1733=STYLED_ITEM('',(#1732),#1730);
#1734=CARTESIAN_POINT('',(6.2925E1,9.45E0,0.E0));
#1735=DIRECTION('',(0.E0,0.E0,1.E0));
#1736=DIRECTION('',(0.E0,1.E0,0.E0));
#1737=AXIS2_PLACEMENT_3D('',#1734,#1735,#1736);
#1739=CURVE_STYLE('',#22,POSITIVE_LENGTH_MEASURE(2.E-2),#10);
#1740=PRESENTATION_STYLE_ASSIGNMENT((#1739));
#1741=STYLED_ITEM('',(#1740),#1738);
#1742=CARTESIAN_POINT('',(6.5125E1,1.05E1,0.E0));
#1743=DIRECTION('',(0.E0,0.E0,-1.E0));
#1744=DIRECTION('',(1.E0,-1.776356839400E-14,0.E0));
#1745=AXIS2_PLACEMENT_3D('',#1742,#1743,#1744);
#1747=CURVE_STYLE('',#22,POSITIVE_LENGTH_MEASURE(2.E-2),#10);
#1748=PRESENTATION_STYLE_ASSIGNMENT((#1747));
#1749=STYLED_ITEM('',(#1748),#1746);
#1750=CARTESIAN_POINT('',(6.4625E1,1.12E1,0.E0));
#1751=DIRECTION('',(0.E0,0.E0,-1.E0));
#1752=DIRECTION('',(0.E0,1.E0,0.E0));
#1753=AXIS2_PLACEMENT_3D('',#1750,#1751,#1752);
#1755=CURVE_STYLE('',#22,POSITIVE_LENGTH_MEASURE(2.E-2),#10);
#1756=PRESENTATION_STYLE_ASSIGNMENT((#1755));
#1757=STYLED_ITEM('',(#1756),#1754);
#1758=CARTESIAN_POINT('',(5.1375E1,1.12E1,0.E0));
#1759=DIRECTION('',(0.E0,0.E0,-1.E0));
#1760=DIRECTION('',(-1.E0,0.E0,0.E0));
#1761=AXIS2_PLACEMENT_3D('',#1758,#1759,#1760);
#1763=CURVE_STYLE('',#22,POSITIVE_LENGTH_MEASURE(2.E-2),#10);
#1764=PRESENTATION_STYLE_ASSIGNMENT((#1763));
#1765=STYLED_ITEM('',(#1764),#1762);
#1766=CARTESIAN_POINT('',(5.0875E1,1.05E1,0.E0));
#1767=DIRECTION('',(0.E0,0.E0,-1.E0));
#1768=DIRECTION('',(0.E0,-1.E0,0.E0));
#1769=AXIS2_PLACEMENT_3D('',#1766,#1767,#1768);
#1771=CURVE_STYLE('',#22,POSITIVE_LENGTH_MEASURE(2.E-2),#10);
#1772=PRESENTATION_STYLE_ASSIGNMENT((#1771));
#1773=STYLED_ITEM('',(#1772),#1770);
#1774=CARTESIAN_POINT('',(5.3075E1,9.45E0,0.E0));
#1775=DIRECTION('',(0.E0,0.E0,1.E0));
#1776=DIRECTION('',(7.071067811907E-1,-7.071067811824E-1,0.E0));
#1777=AXIS2_PLACEMENT_3D('',#1774,#1775,#1776);
#1779=CURVE_STYLE('',#22,POSITIVE_LENGTH_MEASURE(2.E-2),#10);
#1780=PRESENTATION_STYLE_ASSIGNMENT((#1779));
#1781=STYLED_ITEM('',(#1780),#1778);
#1782=DIRECTION('',(7.071067811866E-1,7.071067811865E-1,0.E0));
#1783=VECTOR('',#1782,4.603731957470E0);
#1784=CARTESIAN_POINT('',(5.035E1,5.664339828219E0,0.E0));
#1785=LINE('1762',#1784,#1783);
#1786=CURVE_STYLE('',#22,POSITIVE_LENGTH_MEASURE(2.E-2),#10);
#1787=PRESENTATION_STYLE_ASSIGNMENT((#1786));
#1788=STYLED_ITEM('',(#1787),#1785);
#1789=CARTESIAN_POINT('',(4.8E1,8.664339828220E0,0.E0));
#1790=DIRECTION('',(0.E0,0.E0,1.E0));
#1791=DIRECTION('',(-6.166619752646E-1,-7.872280535288E-1,0.E0));
#1792=AXIS2_PLACEMENT_3D('',#1789,#1790,#1791);
#1794=CURVE_STYLE('',#22,POSITIVE_LENGTH_MEASURE(2.E-2),#10);
#1795=PRESENTATION_STYLE_ASSIGNMENT((#1794));
#1796=STYLED_ITEM('',(#1795),#1793);
#1797=DIRECTION('',(7.071067811866E-1,-7.071067811865E-1,0.E0));
#1798=VECTOR('',#1797,4.603731957466E0);
#1799=CARTESIAN_POINT('',(4.239466991411E1,8.919669914110E0,0.E0));
#1800=LINE('1756',#1799,#1798);
#1801=CURVE_STYLE('',#22,POSITIVE_LENGTH_MEASURE(2.E-2),#10);
#1802=PRESENTATION_STYLE_ASSIGNMENT((#1801));
#1803=STYLED_ITEM('',(#1802),#1800);
#1804=CARTESIAN_POINT('',(4.2925E1,9.45E0,0.E0));
#1805=DIRECTION('',(0.E0,0.E0,1.E0));
#1806=DIRECTION('',(-1.E0,0.E0,0.E0));
#1807=AXIS2_PLACEMENT_3D('',#1804,#1805,#1806);
#1809=CURVE_STYLE('',#22,POSITIVE_LENGTH_MEASURE(2.E-2),#10);
#1810=PRESENTATION_STYLE_ASSIGNMENT((#1809));
#1811=STYLED_ITEM('',(#1810),#1808);
#1812=CARTESIAN_POINT('',(4.2925E1,9.45E0,0.E0));
#1813=DIRECTION('',(0.E0,0.E0,1.E0));
#1814=DIRECTION('',(0.E0,1.E0,0.E0));
#1815=AXIS2_PLACEMENT_3D('',#1812,#1813,#1814);
#1817=CURVE_STYLE('',#22,POSITIVE_LENGTH_MEASURE(2.E-2),#10);
#1818=PRESENTATION_STYLE_ASSIGNMENT((#1817));
#1819=STYLED_ITEM('',(#1818),#1816);
#1820=CARTESIAN_POINT('',(4.5125E1,1.05E1,0.E0));
#1821=DIRECTION('',(0.E0,0.E0,-1.E0));
#1822=DIRECTION('',(1.E0,0.E0,0.E0));
#1823=AXIS2_PLACEMENT_3D('',#1820,#1821,#1822);
#1825=CURVE_STYLE('',#22,POSITIVE_LENGTH_MEASURE(2.E-2),#10);
#1826=PRESENTATION_STYLE_ASSIGNMENT((#1825));
#1827=STYLED_ITEM('',(#1826),#1824);
#1828=CARTESIAN_POINT('',(4.4625E1,1.12E1,0.E0));
#1829=DIRECTION('',(0.E0,0.E0,-1.E0));
#1830=DIRECTION('',(0.E0,1.E0,0.E0));
#1831=AXIS2_PLACEMENT_3D('',#1828,#1829,#1830);
#1833=CURVE_STYLE('',#22,POSITIVE_LENGTH_MEASURE(2.E-2),#10);
#1834=PRESENTATION_STYLE_ASSIGNMENT((#1833));
#1835=STYLED_ITEM('',(#1834),#1832);
#1836=CARTESIAN_POINT('',(3.1375E1,1.12E1,0.E0));
#1837=DIRECTION('',(0.E0,0.E0,-1.E0));
#1838=DIRECTION('',(-1.E0,0.E0,0.E0));
#1839=AXIS2_PLACEMENT_3D('',#1836,#1837,#1838);
#1841=CURVE_STYLE('',#22,POSITIVE_LENGTH_MEASURE(2.E-2),#10);
#1842=PRESENTATION_STYLE_ASSIGNMENT((#1841));
#1843=STYLED_ITEM('',(#1842),#1840);
#1844=CARTESIAN_POINT('',(3.0875E1,1.05E1,0.E0));
#1845=DIRECTION('',(0.E0,0.E0,-1.E0));
#1846=DIRECTION('',(0.E0,-1.E0,0.E0));
#1847=AXIS2_PLACEMENT_3D('',#1844,#1845,#1846);
#1849=CURVE_STYLE('',#22,POSITIVE_LENGTH_MEASURE(2.E-2),#10);
#1850=PRESENTATION_STYLE_ASSIGNMENT((#1849));
#1851=STYLED_ITEM('',(#1850),#1848);
#1852=CARTESIAN_POINT('',(3.3075E1,9.45E0,0.E0));
#1853=DIRECTION('',(0.E0,0.E0,1.E0));
#1854=DIRECTION('',(7.071067811907E-1,-7.071067811824E-1,0.E0));
#1855=AXIS2_PLACEMENT_3D('',#1852,#1853,#1854);
#1857=CURVE_STYLE('',#22,POSITIVE_LENGTH_MEASURE(2.E-2),#10);
#1858=PRESENTATION_STYLE_ASSIGNMENT((#1857));
#1859=STYLED_ITEM('',(#1858),#1856);
#1860=DIRECTION('',(7.071067811866E-1,7.071067811865E-1,0.E0));
#1861=VECTOR('',#1860,4.603731957470E0);
#1862=CARTESIAN_POINT('',(3.035E1,5.664339828219E0,0.E0));
#1863=LINE('1718',#1862,#1861);
#1864=CURVE_STYLE('',#22,POSITIVE_LENGTH_MEASURE(2.E-2),#10);
#1865=PRESENTATION_STYLE_ASSIGNMENT((#1864));
#1866=STYLED_ITEM('',(#1865),#1863);
#1867=CARTESIAN_POINT('',(2.8E1,8.664339828220E0,0.E0));
#1868=DIRECTION('',(0.E0,0.E0,1.E0));
#1869=DIRECTION('',(-6.166619752646E-1,-7.872280535288E-1,0.E0));
#1870=AXIS2_PLACEMENT_3D('',#1867,#1868,#1869);
#1872=CURVE_STYLE('',#22,POSITIVE_LENGTH_MEASURE(2.E-2),#10);
#1873=PRESENTATION_STYLE_ASSIGNMENT((#1872));
#1874=STYLED_ITEM('',(#1873),#1871);
#1875=DIRECTION('',(7.071067811866E-1,-7.071067811865E-1,0.E0));
#1876=VECTOR('',#1875,4.603731957466E0);
#1877=CARTESIAN_POINT('',(2.239466991411E1,8.919669914110E0,0.E0));
#1878=LINE('1712',#1877,#1876);
#1879=CURVE_STYLE('',#22,POSITIVE_LENGTH_MEASURE(2.E-2),#10);
#1880=PRESENTATION_STYLE_ASSIGNMENT((#1879));
#1881=STYLED_ITEM('',(#1880),#1878);
#1882=CARTESIAN_POINT('',(2.2925E1,9.45E0,0.E0));
#1883=DIRECTION('',(0.E0,0.E0,1.E0));
#1884=DIRECTION('',(-1.E0,0.E0,0.E0));
#1885=AXIS2_PLACEMENT_3D('',#1882,#1883,#1884);
#1887=CURVE_STYLE('',#22,POSITIVE_LENGTH_MEASURE(2.E-2),#10);
#1888=PRESENTATION_STYLE_ASSIGNMENT((#1887));
#1889=STYLED_ITEM('',(#1888),#1886);
#1890=CARTESIAN_POINT('',(2.2925E1,9.45E0,0.E0));
#1891=DIRECTION('',(0.E0,0.E0,1.E0));
#1892=DIRECTION('',(0.E0,1.E0,0.E0));
#1893=AXIS2_PLACEMENT_3D('',#1890,#1891,#1892);
#1895=CURVE_STYLE('',#22,POSITIVE_LENGTH_MEASURE(2.E-2),#10);
#1896=PRESENTATION_STYLE_ASSIGNMENT((#1895));
#1897=STYLED_ITEM('',(#1896),#1894);
#1898=CARTESIAN_POINT('',(2.5125E1,1.05E1,0.E0));
#1899=DIRECTION('',(0.E0,0.E0,-1.E0));
#1900=DIRECTION('',(1.E0,0.E0,0.E0));
#1901=AXIS2_PLACEMENT_3D('',#1898,#1899,#1900);
#1903=CURVE_STYLE('',#22,POSITIVE_LENGTH_MEASURE(2.E-2),#10);
#1904=PRESENTATION_STYLE_ASSIGNMENT((#1903));
#1905=STYLED_ITEM('',(#1904),#1902);
#1906=CARTESIAN_POINT('',(2.4625E1,1.12E1,0.E0));
#1907=DIRECTION('',(0.E0,0.E0,-1.E0));
#1908=DIRECTION('',(0.E0,1.E0,0.E0));
#1909=AXIS2_PLACEMENT_3D('',#1906,#1907,#1908);
#1911=CURVE_STYLE('',#22,POSITIVE_LENGTH_MEASURE(2.E-2),#10);
#1912=PRESENTATION_STYLE_ASSIGNMENT((#1911));
#1913=STYLED_ITEM('',(#1912),#1910);
#1914=CARTESIAN_POINT('',(1.1375E1,1.12E1,0.E0));
#1915=DIRECTION('',(0.E0,0.E0,-1.E0));
#1916=DIRECTION('',(-1.E0,0.E0,0.E0));
#1917=AXIS2_PLACEMENT_3D('',#1914,#1915,#1916);
#1919=CURVE_STYLE('',#22,POSITIVE_LENGTH_MEASURE(2.E-2),#10);
#1920=PRESENTATION_STYLE_ASSIGNMENT((#1919));
#1921=STYLED_ITEM('',(#1920),#1918);
#1922=CARTESIAN_POINT('',(1.0875E1,1.05E1,0.E0));
#1923=DIRECTION('',(0.E0,0.E0,-1.E0));
#1924=DIRECTION('',(0.E0,-1.E0,0.E0));
#1925=AXIS2_PLACEMENT_3D('',#1922,#1923,#1924);
#1927=CURVE_STYLE('',#22,POSITIVE_LENGTH_MEASURE(2.E-2),#10);
#1928=PRESENTATION_STYLE_ASSIGNMENT((#1927));
#1929=STYLED_ITEM('',(#1928),#1926);
#1930=CARTESIAN_POINT('',(1.3075E1,9.45E0,0.E0));
#1931=DIRECTION('',(0.E0,0.E0,1.E0));
#1932=DIRECTION('',(7.071067811906E-1,-7.071067811825E-1,0.E0));
#1933=AXIS2_PLACEMENT_3D('',#1930,#1931,#1932);
#1935=CURVE_STYLE('',#22,POSITIVE_LENGTH_MEASURE(2.E-2),#10);
#1936=PRESENTATION_STYLE_ASSIGNMENT((#1935));
#1937=STYLED_ITEM('',(#1936),#1934);
#1938=DIRECTION('',(7.071067811866E-1,7.071067811865E-1,0.E0));
#1939=VECTOR('',#1938,4.603731957470E0);
#1940=CARTESIAN_POINT('',(1.035E1,5.664339828219E0,0.E0));
#1941=LINE('1624',#1940,#1939);
#1942=CURVE_STYLE('',#22,POSITIVE_LENGTH_MEASURE(2.E-2),#10);
#1943=PRESENTATION_STYLE_ASSIGNMENT((#1942));
#1944=STYLED_ITEM('',(#1943),#1941);
#1945=CARTESIAN_POINT('',(8.E0,8.664339828220E0,0.E0));
#1946=DIRECTION('',(0.E0,0.E0,1.E0));
#1947=DIRECTION('',(-6.166619752646E-1,-7.872280535288E-1,0.E0));
#1948=AXIS2_PLACEMENT_3D('',#1945,#1946,#1947);
#1950=CURVE_STYLE('',#22,POSITIVE_LENGTH_MEASURE(2.E-2),#10);
#1951=PRESENTATION_STYLE_ASSIGNMENT((#1950));
#1952=STYLED_ITEM('',(#1951),#1949);
#1953=DIRECTION('',(7.071067811866E-1,-7.071067811865E-1,0.E0));
#1954=VECTOR('',#1953,4.603731957466E0);
#1955=CARTESIAN_POINT('',(2.394669914110E0,8.919669914110E0,0.E0));
#1956=LINE('1618',#1955,#1954);
#1957=CURVE_STYLE('',#22,POSITIVE_LENGTH_MEASURE(2.E-2),#10);
#1958=PRESENTATION_STYLE_ASSIGNMENT((#1957));
#1959=STYLED_ITEM('',(#1958),#1956);
#1960=CARTESIAN_POINT('',(2.925E0,9.45E0,0.E0));
#1961=DIRECTION('',(0.E0,0.E0,1.E0));
#1962=DIRECTION('',(-1.E0,0.E0,0.E0));
#1963=AXIS2_PLACEMENT_3D('',#1960,#1961,#1962);
#1965=CURVE_STYLE('',#22,POSITIVE_LENGTH_MEASURE(2.E-2),#10);
#1966=PRESENTATION_STYLE_ASSIGNMENT((#1965));
#1967=STYLED_ITEM('',(#1966),#1964);
#1968=CARTESIAN_POINT('',(2.925E0,9.45E0,0.E0));
#1969=DIRECTION('',(0.E0,0.E0,1.E0));
#1970=DIRECTION('',(0.E0,1.E0,0.E0));
#1971=AXIS2_PLACEMENT_3D('',#1968,#1969,#1970);
#1973=CURVE_STYLE('',#22,POSITIVE_LENGTH_MEASURE(2.E-2),#10);
#1974=PRESENTATION_STYLE_ASSIGNMENT((#1973));
#1975=STYLED_ITEM('',(#1974),#1972);
#1976=CARTESIAN_POINT('',(5.125E0,1.05E1,0.E0));
#1977=DIRECTION('',(0.E0,0.E0,-1.E0));
#1978=DIRECTION('',(1.E0,0.E0,0.E0));
#1979=AXIS2_PLACEMENT_3D('',#1976,#1977,#1978);
#1981=CURVE_STYLE('',#22,POSITIVE_LENGTH_MEASURE(2.E-2),#10);
#1982=PRESENTATION_STYLE_ASSIGNMENT((#1981));
#1983=STYLED_ITEM('',(#1982),#1980);
#1984=CARTESIAN_POINT('',(4.625E0,1.12E1,0.E0));
#1985=DIRECTION('',(0.E0,0.E0,-1.E0));
#1986=DIRECTION('',(0.E0,1.E0,0.E0));
#1987=AXIS2_PLACEMENT_3D('',#1984,#1985,#1986);
#1989=CURVE_STYLE('',#22,POSITIVE_LENGTH_MEASURE(2.E-2),#10);
#1990=PRESENTATION_STYLE_ASSIGNMENT((#1989));
#1991=STYLED_ITEM('',(#1990),#1988);
#1992=DIRECTION('',(0.E0,1.E0,0.E0));
#1993=VECTOR('',#1992,1.2E1);
#1994=CARTESIAN_POINT('',(1.98E2,0.E0,0.E0));
#1995=LINE('1689',#1994,#1993);
#1996=CURVE_STYLE('',#22,POSITIVE_LENGTH_MEASURE(2.E-2),#10);
#1997=PRESENTATION_STYLE_ASSIGNMENT((#1996));
#1998=STYLED_ITEM('',(#1997),#1995);
#1999=DIRECTION('',(0.E0,0.E0,-1.E0));
#2000=VECTOR('',#1999,2.E2);
#2001=CARTESIAN_POINT('',(1.98E2,0.E0,2.E2));
#2002=LINE('1641',#2001,#2000);
#2003=CURVE_STYLE('',#22,POSITIVE_LENGTH_MEASURE(2.E-2),#10);
#2004=PRESENTATION_STYLE_ASSIGNMENT((#2003));
#2005=STYLED_ITEM('',(#2004),#2002);
#2006=DIRECTION('',(-1.E0,0.E0,0.E0));
#2007=VECTOR('',#2006,6.625E0);
#2008=CARTESIAN_POINT('',(1.98E2,1.2E1,0.E0));
#2009=LINE('1687',#2008,#2007);
#2010=CURVE_STYLE('',#22,POSITIVE_LENGTH_MEASURE(2.E-2),#10);
#2011=PRESENTATION_STYLE_ASSIGNMENT((#2010));
#2012=STYLED_ITEM('',(#2011),#2009);
#2013=DIRECTION('',(0.E0,0.E0,-1.E0));
#2014=VECTOR('',#2013,2.E2);
#2015=CARTESIAN_POINT('',(1.98E2,1.2E1,2.E2));
#2016=LINE('1686',#2015,#2014);
#2017=CURVE_STYLE('',#22,POSITIVE_LENGTH_MEASURE(2.E-2),#10);
#2018=PRESENTATION_STYLE_ASSIGNMENT((#2017));
#2019=STYLED_ITEM('',(#2018),#2016);
#2020=DIRECTION('',(0.E0,0.E0,1.E0));
#2021=VECTOR('',#2020,2.E2);
#2022=CARTESIAN_POINT('',(1.91375E2,1.2E1,0.E0));
#2023=LINE('1682',#2022,#2021);
#2024=CURVE_STYLE('',#22,POSITIVE_LENGTH_MEASURE(2.E-2),#10);
#2025=PRESENTATION_STYLE_ASSIGNMENT((#2024));
#2026=STYLED_ITEM('',(#2025),#2023);
#2027=DIRECTION('',(0.E0,0.E0,-1.E0));
#2028=VECTOR('',#2027,2.E2);
#2029=CARTESIAN_POINT('',(1.90575E2,1.12E1,2.E2));
#2030=LINE('1680',#2029,#2028);
#2031=CURVE_STYLE('',#22,POSITIVE_LENGTH_MEASURE(2.E-2),#10);
#2032=PRESENTATION_STYLE_ASSIGNMENT((#2031));
#2033=STYLED_ITEM('',(#2032),#2030);
#2034=DIRECTION('',(0.E0,-1.E0,0.E0));
#2035=VECTOR('',#2034,7.E-1);
#2036=CARTESIAN_POINT('',(1.90575E2,1.12E1,0.E0));
#2037=LINE('1681',#2036,#2035);
#2038=CURVE_STYLE('',#22,POSITIVE_LENGTH_MEASURE(2.E-2),#10);
#2039=PRESENTATION_STYLE_ASSIGNMENT((#2038));
#2040=STYLED_ITEM('',(#2039),#2037);
#2041=DIRECTION('',(0.E0,0.E0,1.E0));
#2042=VECTOR('',#2041,2.E2);
#2043=CARTESIAN_POINT('',(1.90575E2,1.05E1,0.E0));
#2044=LINE('1676',#2043,#2042);
#2045=CURVE_STYLE('',#22,POSITIVE_LENGTH_MEASURE(2.E-2),#10);
#2046=PRESENTATION_STYLE_ASSIGNMENT((#2045));
#2047=STYLED_ITEM('',(#2046),#2044);
#2048=DIRECTION('',(0.E0,0.E0,-1.E0));
#2049=VECTOR('',#2048,2.E2);
#2050=CARTESIAN_POINT('',(1.90875E2,1.02E1,2.E2));
#2051=LINE('1674',#2050,#2049);
#2052=CURVE_STYLE('',#22,POSITIVE_LENGTH_MEASURE(2.E-2),#10);
#2053=PRESENTATION_STYLE_ASSIGNMENT((#2052));
#2054=STYLED_ITEM('',(#2053),#2051);
#2055=DIRECTION('',(1.E0,0.E0,0.E0));
#2056=VECTOR('',#2055,2.2E0);
#2057=CARTESIAN_POINT('',(1.90875E2,1.02E1,0.E0));
#2058=LINE('1675',#2057,#2056);
#2059=CURVE_STYLE('',#22,POSITIVE_LENGTH_MEASURE(2.E-2),#10);
#2060=PRESENTATION_STYLE_ASSIGNMENT((#2059));
#2061=STYLED_ITEM('',(#2060),#2058);
#2062=DIRECTION('',(0.E0,0.E0,1.E0));
#2063=VECTOR('',#2062,2.E2);
#2064=CARTESIAN_POINT('',(1.936053300859E2,8.919669914110E0,0.E0));
#2065=LINE('1668',#2064,#2063);
#2066=CURVE_STYLE('',#22,POSITIVE_LENGTH_MEASURE(2.E-2),#10);
#2067=PRESENTATION_STYLE_ASSIGNMENT((#2066));
#2068=STYLED_ITEM('',(#2067),#2065);
#2069=DIRECTION('',(0.E0,0.E0,-1.E0));
#2070=VECTOR('',#2069,2.E2);
#2071=CARTESIAN_POINT('',(1.93075E2,1.02E1,2.E2));
#2072=LINE('1671',#2071,#2070);
#2073=CURVE_STYLE('',#22,POSITIVE_LENGTH_MEASURE(2.E-2),#10);
#2074=PRESENTATION_STYLE_ASSIGNMENT((#2073));
#2075=STYLED_ITEM('',(#2074),#2072);
#2076=DIRECTION('',(0.E0,0.E0,1.E0));
#2077=VECTOR('',#2076,2.E2);
#2078=CARTESIAN_POINT('',(1.8565E2,5.664339828220E0,0.E0));
#2079=LINE('1662',#2078,#2077);
#2080=CURVE_STYLE('',#22,POSITIVE_LENGTH_MEASURE(2.E-2),#10);
#2081=PRESENTATION_STYLE_ASSIGNMENT((#2080));
#2082=STYLED_ITEM('',(#2081),#2079);
#2083=DIRECTION('',(0.E0,0.E0,-1.E0));
#2084=VECTOR('',#2083,2.E2);
#2085=CARTESIAN_POINT('',(1.9035E2,5.664339828220E0,2.E2));
#2086=LINE('1665',#2085,#2084);
#2087=CURVE_STYLE('',#22,POSITIVE_LENGTH_MEASURE(2.E-2),#10);
#2088=PRESENTATION_STYLE_ASSIGNMENT((#2087));
#2089=STYLED_ITEM('',(#2088),#2086);
#2090=DIRECTION('',(0.E0,0.E0,1.E0));
#2091=VECTOR('',#2090,2.E2);
#2092=CARTESIAN_POINT('',(1.82925E2,1.02E1,0.E0));
#2093=LINE('1654',#2092,#2091);
#2094=CURVE_STYLE('',#22,POSITIVE_LENGTH_MEASURE(2.E-2),#10);
#2095=PRESENTATION_STYLE_ASSIGNMENT((#2094));
#2096=STYLED_ITEM('',(#2095),#2093);
#2097=DIRECTION('',(0.E0,0.E0,-1.E0));
#2098=VECTOR('',#2097,2.E2);
#2099=CARTESIAN_POINT('',(1.823946699141E2,8.919669914110E0,2.E2));
#2100=LINE('1658',#2099,#2098);
#2101=CURVE_STYLE('',#22,POSITIVE_LENGTH_MEASURE(2.E-2),#10);
#2102=PRESENTATION_STYLE_ASSIGNMENT((#2101));
#2103=STYLED_ITEM('',(#2102),#2100);
#2104=DIRECTION('',(1.E0,0.E0,0.E0));
#2105=VECTOR('',#2104,2.2E0);
#2106=CARTESIAN_POINT('',(1.82925E2,1.02E1,0.E0));
#2107=LINE('1655',#2106,#2105);
#2108=CURVE_STYLE('',#22,POSITIVE_LENGTH_MEASURE(2.E-2),#10);
#2109=PRESENTATION_STYLE_ASSIGNMENT((#2108));
#2110=STYLED_ITEM('',(#2109),#2107);
#2111=DIRECTION('',(0.E0,0.E0,1.E0));
#2112=VECTOR('',#2111,2.E2);
#2113=CARTESIAN_POINT('',(1.85125E2,1.02E1,0.E0));
#2114=LINE('1650',#2113,#2112);
#2115=CURVE_STYLE('',#22,POSITIVE_LENGTH_MEASURE(2.E-2),#10);
#2116=PRESENTATION_STYLE_ASSIGNMENT((#2115));
#2117=STYLED_ITEM('',(#2116),#2114);
#2118=DIRECTION('',(0.E0,0.E0,-1.E0));
#2119=VECTOR('',#2118,2.E2);
#2120=CARTESIAN_POINT('',(1.85425E2,1.05E1,2.E2));
#2121=LINE('1648',#2120,#2119);
#2122=CURVE_STYLE('',#22,POSITIVE_LENGTH_MEASURE(2.E-2),#10);
#2123=PRESENTATION_STYLE_ASSIGNMENT((#2122));
#2124=STYLED_ITEM('',(#2123),#2121);
#2125=DIRECTION('',(0.E0,1.E0,0.E0));
#2126=VECTOR('',#2125,7.E-1);
#2127=CARTESIAN_POINT('',(1.85425E2,1.05E1,0.E0));
#2128=LINE('1649',#2127,#2126);
#2129=CURVE_STYLE('',#22,POSITIVE_LENGTH_MEASURE(2.E-2),#10);
#2130=PRESENTATION_STYLE_ASSIGNMENT((#2129));
#2131=STYLED_ITEM('',(#2130),#2128);
#2132=DIRECTION('',(0.E0,0.E0,1.E0));
#2133=VECTOR('',#2132,2.E2);
#2134=CARTESIAN_POINT('',(1.85425E2,1.12E1,0.E0));
#2135=LINE('1643',#2134,#2133);
#2136=CURVE_STYLE('',#22,POSITIVE_LENGTH_MEASURE(2.E-2),#10);
#2137=PRESENTATION_STYLE_ASSIGNMENT((#2136));
#2138=STYLED_ITEM('',(#2137),#2135);
#2139=DIRECTION('',(0.E0,0.E0,-1.E0));
#2140=VECTOR('',#2139,2.E2);
#2141=CARTESIAN_POINT('',(1.84625E2,1.2E1,2.E2));
#2142=LINE('1645',#2141,#2140);
#2143=CURVE_STYLE('',#22,POSITIVE_LENGTH_MEASURE(2.E-2),#10);
#2144=PRESENTATION_STYLE_ASSIGNMENT((#2143));
#2145=STYLED_ITEM('',(#2144),#2142);
#2146=DIRECTION('',(-1.E0,0.E0,0.E0));
#2147=VECTOR('',#2146,1.325E1);
#2148=CARTESIAN_POINT('',(1.84625E2,1.2E1,0.E0));
#2149=LINE('2043',#2148,#2147);
#2150=CURVE_STYLE('',#22,POSITIVE_LENGTH_MEASURE(2.E-2),#10);
#2151=PRESENTATION_STYLE_ASSIGNMENT((#2150));
#2152=STYLED_ITEM('',(#2151),#2149);
#2153=DIRECTION('',(0.E0,0.E0,1.E0));
#2154=VECTOR('',#2153,2.E2);
#2155=CARTESIAN_POINT('',(1.71375E2,1.2E1,0.E0));
#2156=LINE('2039',#2155,#2154);
#2157=CURVE_STYLE('',#22,POSITIVE_LENGTH_MEASURE(2.E-2),#10);
#2158=PRESENTATION_STYLE_ASSIGNMENT((#2157));
#2159=STYLED_ITEM('',(#2158),#2156);
#2160=DIRECTION('',(0.E0,0.E0,-1.E0));
#2161=VECTOR('',#2160,2.E2);
#2162=CARTESIAN_POINT('',(1.70575E2,1.12E1,2.E2));
#2163=LINE('2037',#2162,#2161);
#2164=CURVE_STYLE('',#22,POSITIVE_LENGTH_MEASURE(2.E-2),#10);
#2165=PRESENTATION_STYLE_ASSIGNMENT((#2164));
#2166=STYLED_ITEM('',(#2165),#2163);
#2167=DIRECTION('',(0.E0,-1.E0,0.E0));
#2168=VECTOR('',#2167,7.E-1);
#2169=CARTESIAN_POINT('',(1.70575E2,1.12E1,0.E0));
#2170=LINE('2038',#2169,#2168);
#2171=CURVE_STYLE('',#22,POSITIVE_LENGTH_MEASURE(2.E-2),#10);
#2172=PRESENTATION_STYLE_ASSIGNMENT((#2171));
#2173=STYLED_ITEM('',(#2172),#2170);
#2174=DIRECTION('',(0.E0,0.E0,1.E0));
#2175=VECTOR('',#2174,2.E2);
#2176=CARTESIAN_POINT('',(1.70575E2,1.05E1,0.E0));
#2177=LINE('2033',#2176,#2175);
#2178=CURVE_STYLE('',#22,POSITIVE_LENGTH_MEASURE(2.E-2),#10);
#2179=PRESENTATION_STYLE_ASSIGNMENT((#2178));
#2180=STYLED_ITEM('',(#2179),#2177);
#2181=DIRECTION('',(0.E0,0.E0,-1.E0));
#2182=VECTOR('',#2181,2.E2);
#2183=CARTESIAN_POINT('',(1.70875E2,1.02E1,2.E2));
#2184=LINE('2031',#2183,#2182);
#2185=CURVE_STYLE('',#22,POSITIVE_LENGTH_MEASURE(2.E-2),#10);
#2186=PRESENTATION_STYLE_ASSIGNMENT((#2185));
#2187=STYLED_ITEM('',(#2186),#2184);
#2188=DIRECTION('',(1.E0,0.E0,0.E0));
#2189=VECTOR('',#2188,2.2E0);
#2190=CARTESIAN_POINT('',(1.70875E2,1.02E1,0.E0));
#2191=LINE('2032',#2190,#2189);
#2192=CURVE_STYLE('',#22,POSITIVE_LENGTH_MEASURE(2.E-2),#10);
#2193=PRESENTATION_STYLE_ASSIGNMENT((#2192));
#2194=STYLED_ITEM('',(#2193),#2191);
#2195=DIRECTION('',(0.E0,0.E0,1.E0));
#2196=VECTOR('',#2195,2.E2);
#2197=CARTESIAN_POINT('',(1.736053300859E2,8.919669914110E0,0.E0));
#2198=LINE('2025',#2197,#2196);
#2199=CURVE_STYLE('',#22,POSITIVE_LENGTH_MEASURE(2.E-2),#10);
#2200=PRESENTATION_STYLE_ASSIGNMENT((#2199));
#2201=STYLED_ITEM('',(#2200),#2198);
#2202=DIRECTION('',(0.E0,0.E0,-1.E0));
#2203=VECTOR('',#2202,2.E2);
#2204=CARTESIAN_POINT('',(1.73075E2,1.02E1,2.E2));
#2205=LINE('2028',#2204,#2203);
#2206=CURVE_STYLE('',#22,POSITIVE_LENGTH_MEASURE(2.E-2),#10);
#2207=PRESENTATION_STYLE_ASSIGNMENT((#2206));
#2208=STYLED_ITEM('',(#2207),#2205);
#2209=DIRECTION('',(0.E0,0.E0,1.E0));
#2210=VECTOR('',#2209,2.E2);
#2211=CARTESIAN_POINT('',(1.6565E2,5.664339828220E0,0.E0));
#2212=LINE('2019',#2211,#2210);
#2213=CURVE_STYLE('',#22,POSITIVE_LENGTH_MEASURE(2.E-2),#10);
#2214=PRESENTATION_STYLE_ASSIGNMENT((#2213));
#2215=STYLED_ITEM('',(#2214),#2212);
#2216=DIRECTION('',(0.E0,0.E0,-1.E0));
#2217=VECTOR('',#2216,2.E2);
#2218=CARTESIAN_POINT('',(1.7035E2,5.664339828220E0,2.E2));
#2219=LINE('2022',#2218,#2217);
#2220=CURVE_STYLE('',#22,POSITIVE_LENGTH_MEASURE(2.E-2),#10);
#2221=PRESENTATION_STYLE_ASSIGNMENT((#2220));
#2222=STYLED_ITEM('',(#2221),#2219);
#2223=DIRECTION('',(0.E0,0.E0,1.E0));
#2224=VECTOR('',#2223,2.E2);
#2225=CARTESIAN_POINT('',(1.62925E2,1.02E1,0.E0));
#2226=LINE('2011',#2225,#2224);
#2227=CURVE_STYLE('',#22,POSITIVE_LENGTH_MEASURE(2.E-2),#10);
#2228=PRESENTATION_STYLE_ASSIGNMENT((#2227));
#2229=STYLED_ITEM('',(#2228),#2226);
#2230=DIRECTION('',(0.E0,0.E0,-1.E0));
#2231=VECTOR('',#2230,2.E2);
#2232=CARTESIAN_POINT('',(1.623946699141E2,8.919669914110E0,2.E2));
#2233=LINE('2015',#2232,#2231);
#2234=CURVE_STYLE('',#22,POSITIVE_LENGTH_MEASURE(2.E-2),#10);
#2235=PRESENTATION_STYLE_ASSIGNMENT((#2234));
#2236=STYLED_ITEM('',(#2235),#2233);
#2237=DIRECTION('',(1.E0,0.E0,0.E0));
#2238=VECTOR('',#2237,2.2E0);
#2239=CARTESIAN_POINT('',(1.62925E2,1.02E1,0.E0));
#2240=LINE('2012',#2239,#2238);
#2241=CURVE_STYLE('',#22,POSITIVE_LENGTH_MEASURE(2.E-2),#10);
#2242=PRESENTATION_STYLE_ASSIGNMENT((#2241));
#2243=STYLED_ITEM('',(#2242),#2240);
#2244=DIRECTION('',(0.E0,0.E0,1.E0));
#2245=VECTOR('',#2244,2.E2);
#2246=CARTESIAN_POINT('',(1.65125E2,1.02E1,0.E0));
#2247=LINE('2007',#2246,#2245);
#2248=CURVE_STYLE('',#22,POSITIVE_LENGTH_MEASURE(2.E-2),#10);
#2249=PRESENTATION_STYLE_ASSIGNMENT((#2248));
#2250=STYLED_ITEM('',(#2249),#2247);
#2251=DIRECTION('',(0.E0,0.E0,-1.E0));
#2252=VECTOR('',#2251,2.E2);
#2253=CARTESIAN_POINT('',(1.65425E2,1.05E1,2.E2));
#2254=LINE('2005',#2253,#2252);
#2255=CURVE_STYLE('',#22,POSITIVE_LENGTH_MEASURE(2.E-2),#10);
#2256=PRESENTATION_STYLE_ASSIGNMENT((#2255));
#2257=STYLED_ITEM('',(#2256),#2254);
#2258=DIRECTION('',(0.E0,1.E0,0.E0));
#2259=VECTOR('',#2258,7.E-1);
#2260=CARTESIAN_POINT('',(1.65425E2,1.05E1,0.E0));
#2261=LINE('2006',#2260,#2259);
#2262=CURVE_STYLE('',#22,POSITIVE_LENGTH_MEASURE(2.E-2),#10);
#2263=PRESENTATION_STYLE_ASSIGNMENT((#2262));
#2264=STYLED_ITEM('',(#2263),#2261);
#2265=DIRECTION('',(0.E0,0.E0,1.E0));
#2266=VECTOR('',#2265,2.E2);
#2267=CARTESIAN_POINT('',(1.65425E2,1.12E1,0.E0));
#2268=LINE('2001',#2267,#2266);
#2269=CURVE_STYLE('',#22,POSITIVE_LENGTH_MEASURE(2.E-2),#10);
#2270=PRESENTATION_STYLE_ASSIGNMENT((#2269));
#2271=STYLED_ITEM('',(#2270),#2268);
#2272=DIRECTION('',(0.E0,0.E0,-1.E0));
#2273=VECTOR('',#2272,2.E2);
#2274=CARTESIAN_POINT('',(1.64625E2,1.2E1,2.E2));
#2275=LINE('1999',#2274,#2273);
#2276=CURVE_STYLE('',#22,POSITIVE_LENGTH_MEASURE(2.E-2),#10);
#2277=PRESENTATION_STYLE_ASSIGNMENT((#2276));
#2278=STYLED_ITEM('',(#2277),#2275);
#2279=DIRECTION('',(-1.E0,0.E0,0.E0));
#2280=VECTOR('',#2279,1.325E1);
#2281=CARTESIAN_POINT('',(1.64625E2,1.2E1,0.E0));
#2282=LINE('2000',#2281,#2280);
#2283=CURVE_STYLE('',#22,POSITIVE_LENGTH_MEASURE(2.E-2),#10);
#2284=PRESENTATION_STYLE_ASSIGNMENT((#2283));
#2285=STYLED_ITEM('',(#2284),#2282);
#2286=DIRECTION('',(0.E0,0.E0,1.E0));
#2287=VECTOR('',#2286,2.E2);
#2288=CARTESIAN_POINT('',(1.51375E2,1.2E1,0.E0));
#2289=LINE('1995',#2288,#2287);
#2290=CURVE_STYLE('',#22,POSITIVE_LENGTH_MEASURE(2.E-2),#10);
#2291=PRESENTATION_STYLE_ASSIGNMENT((#2290));
#2292=STYLED_ITEM('',(#2291),#2289);
#2293=DIRECTION('',(0.E0,0.E0,-1.E0));
#2294=VECTOR('',#2293,2.E2);
#2295=CARTESIAN_POINT('',(1.50575E2,1.12E1,2.E2));
#2296=LINE('1993',#2295,#2294);
#2297=CURVE_STYLE('',#22,POSITIVE_LENGTH_MEASURE(2.E-2),#10);
#2298=PRESENTATION_STYLE_ASSIGNMENT((#2297));
#2299=STYLED_ITEM('',(#2298),#2296);
#2300=DIRECTION('',(0.E0,-1.E0,0.E0));
#2301=VECTOR('',#2300,7.E-1);
#2302=CARTESIAN_POINT('',(1.50575E2,1.12E1,0.E0));
#2303=LINE('1994',#2302,#2301);
#2304=CURVE_STYLE('',#22,POSITIVE_LENGTH_MEASURE(2.E-2),#10);
#2305=PRESENTATION_STYLE_ASSIGNMENT((#2304));
#2306=STYLED_ITEM('',(#2305),#2303);
#2307=DIRECTION('',(0.E0,0.E0,1.E0));
#2308=VECTOR('',#2307,2.E2);
#2309=CARTESIAN_POINT('',(1.50575E2,1.05E1,0.E0));
#2310=LINE('1989',#2309,#2308);
#2311=CURVE_STYLE('',#22,POSITIVE_LENGTH_MEASURE(2.E-2),#10);
#2312=PRESENTATION_STYLE_ASSIGNMENT((#2311));
#2313=STYLED_ITEM('',(#2312),#2310);
#2314=DIRECTION('',(0.E0,0.E0,-1.E0));
#2315=VECTOR('',#2314,2.E2);
#2316=CARTESIAN_POINT('',(1.50875E2,1.02E1,2.E2));
#2317=LINE('1987',#2316,#2315);
#2318=CURVE_STYLE('',#22,POSITIVE_LENGTH_MEASURE(2.E-2),#10);
#2319=PRESENTATION_STYLE_ASSIGNMENT((#2318));
#2320=STYLED_ITEM('',(#2319),#2317);
#2321=DIRECTION('',(1.E0,0.E0,0.E0));
#2322=VECTOR('',#2321,2.2E0);
#2323=CARTESIAN_POINT('',(1.50875E2,1.02E1,0.E0));
#2324=LINE('1988',#2323,#2322);
#2325=CURVE_STYLE('',#22,POSITIVE_LENGTH_MEASURE(2.E-2),#10);
#2326=PRESENTATION_STYLE_ASSIGNMENT((#2325));
#2327=STYLED_ITEM('',(#2326),#2324);
#2328=DIRECTION('',(0.E0,0.E0,1.E0));
#2329=VECTOR('',#2328,2.E2);
#2330=CARTESIAN_POINT('',(1.536053300859E2,8.919669914110E0,0.E0));
#2331=LINE('1981',#2330,#2329);
#2332=CURVE_STYLE('',#22,POSITIVE_LENGTH_MEASURE(2.E-2),#10);
#2333=PRESENTATION_STYLE_ASSIGNMENT((#2332));
#2334=STYLED_ITEM('',(#2333),#2331);
#2335=DIRECTION('',(0.E0,0.E0,-1.E0));
#2336=VECTOR('',#2335,2.E2);
#2337=CARTESIAN_POINT('',(1.53075E2,1.02E1,2.E2));
#2338=LINE('1984',#2337,#2336);
#2339=CURVE_STYLE('',#22,POSITIVE_LENGTH_MEASURE(2.E-2),#10);
#2340=PRESENTATION_STYLE_ASSIGNMENT((#2339));
#2341=STYLED_ITEM('',(#2340),#2338);
#2342=DIRECTION('',(0.E0,0.E0,1.E0));
#2343=VECTOR('',#2342,2.E2);
#2344=CARTESIAN_POINT('',(1.4565E2,5.664339828220E0,0.E0));
#2345=LINE('1975',#2344,#2343);
#2346=CURVE_STYLE('',#22,POSITIVE_LENGTH_MEASURE(2.E-2),#10);
#2347=PRESENTATION_STYLE_ASSIGNMENT((#2346));
#2348=STYLED_ITEM('',(#2347),#2345);
#2349=DIRECTION('',(0.E0,0.E0,-1.E0));
#2350=VECTOR('',#2349,2.E2);
#2351=CARTESIAN_POINT('',(1.5035E2,5.664339828220E0,2.E2));
#2352=LINE('1978',#2351,#2350);
#2353=CURVE_STYLE('',#22,POSITIVE_LENGTH_MEASURE(2.E-2),#10);
#2354=PRESENTATION_STYLE_ASSIGNMENT((#2353));
#2355=STYLED_ITEM('',(#2354),#2352);
#2356=DIRECTION('',(0.E0,0.E0,1.E0));
#2357=VECTOR('',#2356,2.E2);
#2358=CARTESIAN_POINT('',(1.42925E2,1.02E1,0.E0));
#2359=LINE('1967',#2358,#2357);
#2360=CURVE_STYLE('',#22,POSITIVE_LENGTH_MEASURE(2.E-2),#10);
#2361=PRESENTATION_STYLE_ASSIGNMENT((#2360));
#2362=STYLED_ITEM('',(#2361),#2359);
#2363=DIRECTION('',(0.E0,0.E0,-1.E0));
#2364=VECTOR('',#2363,2.E2);
#2365=CARTESIAN_POINT('',(1.423946699141E2,8.919669914110E0,2.E2));
#2366=LINE('1971',#2365,#2364);
#2367=CURVE_STYLE('',#22,POSITIVE_LENGTH_MEASURE(2.E-2),#10);
#2368=PRESENTATION_STYLE_ASSIGNMENT((#2367));
#2369=STYLED_ITEM('',(#2368),#2366);
#2370=DIRECTION('',(1.E0,0.E0,0.E0));
#2371=VECTOR('',#2370,2.2E0);
#2372=CARTESIAN_POINT('',(1.42925E2,1.02E1,0.E0));
#2373=LINE('1968',#2372,#2371);
#2374=CURVE_STYLE('',#22,POSITIVE_LENGTH_MEASURE(2.E-2),#10);
#2375=PRESENTATION_STYLE_ASSIGNMENT((#2374));
#2376=STYLED_ITEM('',(#2375),#2373);
#2377=DIRECTION('',(0.E0,0.E0,1.E0));
#2378=VECTOR('',#2377,2.E2);
#2379=CARTESIAN_POINT('',(1.45125E2,1.02E1,0.E0));
#2380=LINE('1963',#2379,#2378);
#2381=CURVE_STYLE('',#22,POSITIVE_LENGTH_MEASURE(2.E-2),#10);
#2382=PRESENTATION_STYLE_ASSIGNMENT((#2381));
#2383=STYLED_ITEM('',(#2382),#2380);
#2384=DIRECTION('',(0.E0,0.E0,-1.E0));
#2385=VECTOR('',#2384,2.E2);
#2386=CARTESIAN_POINT('',(1.45425E2,1.05E1,2.E2));
#2387=LINE('1961',#2386,#2385);
#2388=CURVE_STYLE('',#22,POSITIVE_LENGTH_MEASURE(2.E-2),#10);
#2389=PRESENTATION_STYLE_ASSIGNMENT((#2388));
#2390=STYLED_ITEM('',(#2389),#2387);
#2391=DIRECTION('',(0.E0,1.E0,0.E0));
#2392=VECTOR('',#2391,7.E-1);
#2393=CARTESIAN_POINT('',(1.45425E2,1.05E1,0.E0));
#2394=LINE('1962',#2393,#2392);
#2395=CURVE_STYLE('',#22,POSITIVE_LENGTH_MEASURE(2.E-2),#10);
#2396=PRESENTATION_STYLE_ASSIGNMENT((#2395));
#2397=STYLED_ITEM('',(#2396),#2394);
#2398=DIRECTION('',(0.E0,0.E0,1.E0));
#2399=VECTOR('',#2398,2.E2);
#2400=CARTESIAN_POINT('',(1.45425E2,1.12E1,0.E0));
#2401=LINE('1957',#2400,#2399);
#2402=CURVE_STYLE('',#22,POSITIVE_LENGTH_MEASURE(2.E-2),#10);
#2403=PRESENTATION_STYLE_ASSIGNMENT((#2402));
#2404=STYLED_ITEM('',(#2403),#2401);
#2405=DIRECTION('',(0.E0,0.E0,-1.E0));
#2406=VECTOR('',#2405,2.E2);
#2407=CARTESIAN_POINT('',(1.44625E2,1.2E1,2.E2));
#2408=LINE('1955',#2407,#2406);
#2409=CURVE_STYLE('',#22,POSITIVE_LENGTH_MEASURE(2.E-2),#10);
#2410=PRESENTATION_STYLE_ASSIGNMENT((#2409));
#2411=STYLED_ITEM('',(#2410),#2408);
#2412=DIRECTION('',(-1.E0,0.E0,0.E0));
#2413=VECTOR('',#2412,1.325E1);
#2414=CARTESIAN_POINT('',(1.44625E2,1.2E1,0.E0));
#2415=LINE('1956',#2414,#2413);
#2416=CURVE_STYLE('',#22,POSITIVE_LENGTH_MEASURE(2.E-2),#10);
#2417=PRESENTATION_STYLE_ASSIGNMENT((#2416));
#2418=STYLED_ITEM('',(#2417),#2415);
#2419=DIRECTION('',(0.E0,0.E0,1.E0));
#2420=VECTOR('',#2419,2.E2);
#2421=CARTESIAN_POINT('',(1.31375E2,1.2E1,0.E0));
#2422=LINE('1951',#2421,#2420);
#2423=CURVE_STYLE('',#22,POSITIVE_LENGTH_MEASURE(2.E-2),#10);
#2424=PRESENTATION_STYLE_ASSIGNMENT((#2423));
#2425=STYLED_ITEM('',(#2424),#2422);
#2426=DIRECTION('',(0.E0,0.E0,-1.E0));
#2427=VECTOR('',#2426,2.E2);
#2428=CARTESIAN_POINT('',(1.30575E2,1.12E1,2.E2));
#2429=LINE('1949',#2428,#2427);
#2430=CURVE_STYLE('',#22,POSITIVE_LENGTH_MEASURE(2.E-2),#10);
#2431=PRESENTATION_STYLE_ASSIGNMENT((#2430));
#2432=STYLED_ITEM('',(#2431),#2429);
#2433=DIRECTION('',(0.E0,-1.E0,0.E0));
#2434=VECTOR('',#2433,7.E-1);
#2435=CARTESIAN_POINT('',(1.30575E2,1.12E1,0.E0));
#2436=LINE('1950',#2435,#2434);
#2437=CURVE_STYLE('',#22,POSITIVE_LENGTH_MEASURE(2.E-2),#10);
#2438=PRESENTATION_STYLE_ASSIGNMENT((#2437));
#2439=STYLED_ITEM('',(#2438),#2436);
#2440=DIRECTION('',(0.E0,0.E0,1.E0));
#2441=VECTOR('',#2440,2.E2);
#2442=CARTESIAN_POINT('',(1.30575E2,1.05E1,0.E0));
#2443=LINE('1945',#2442,#2441);
#2444=CURVE_STYLE('',#22,POSITIVE_LENGTH_MEASURE(2.E-2),#10);
#2445=PRESENTATION_STYLE_ASSIGNMENT((#2444));
#2446=STYLED_ITEM('',(#2445),#2443);
#2447=DIRECTION('',(0.E0,0.E0,-1.E0));
#2448=VECTOR('',#2447,2.E2);
#2449=CARTESIAN_POINT('',(1.30875E2,1.02E1,2.E2));
#2450=LINE('1943',#2449,#2448);
#2451=CURVE_STYLE('',#22,POSITIVE_LENGTH_MEASURE(2.E-2),#10);
#2452=PRESENTATION_STYLE_ASSIGNMENT((#2451));
#2453=STYLED_ITEM('',(#2452),#2450);
#2454=DIRECTION('',(1.E0,0.E0,0.E0));
#2455=VECTOR('',#2454,2.2E0);
#2456=CARTESIAN_POINT('',(1.30875E2,1.02E1,0.E0));
#2457=LINE('1944',#2456,#2455);
#2458=CURVE_STYLE('',#22,POSITIVE_LENGTH_MEASURE(2.E-2),#10);
#2459=PRESENTATION_STYLE_ASSIGNMENT((#2458));
#2460=STYLED_ITEM('',(#2459),#2457);
#2461=DIRECTION('',(0.E0,0.E0,1.E0));
#2462=VECTOR('',#2461,2.E2);
#2463=CARTESIAN_POINT('',(1.336053300859E2,8.919669914110E0,0.E0));
#2464=LINE('1937',#2463,#2462);
#2465=CURVE_STYLE('',#22,POSITIVE_LENGTH_MEASURE(2.E-2),#10);
#2466=PRESENTATION_STYLE_ASSIGNMENT((#2465));
#2467=STYLED_ITEM('',(#2466),#2464);
#2468=DIRECTION('',(0.E0,0.E0,-1.E0));
#2469=VECTOR('',#2468,2.E2);
#2470=CARTESIAN_POINT('',(1.33075E2,1.02E1,2.E2));
#2471=LINE('1940',#2470,#2469);
#2472=CURVE_STYLE('',#22,POSITIVE_LENGTH_MEASURE(2.E-2),#10);
#2473=PRESENTATION_STYLE_ASSIGNMENT((#2472));
#2474=STYLED_ITEM('',(#2473),#2471);
#2475=DIRECTION('',(0.E0,0.E0,1.E0));
#2476=VECTOR('',#2475,2.E2);
#2477=CARTESIAN_POINT('',(1.2565E2,5.664339828220E0,0.E0));
#2478=LINE('1931',#2477,#2476);
#2479=CURVE_STYLE('',#22,POSITIVE_LENGTH_MEASURE(2.E-2),#10);
#2480=PRESENTATION_STYLE_ASSIGNMENT((#2479));
#2481=STYLED_ITEM('',(#2480),#2478);
#2482=DIRECTION('',(0.E0,0.E0,-1.E0));
#2483=VECTOR('',#2482,2.E2);
#2484=CARTESIAN_POINT('',(1.3035E2,5.664339828220E0,2.E2));
#2485=LINE('1934',#2484,#2483);
#2486=CURVE_STYLE('',#22,POSITIVE_LENGTH_MEASURE(2.E-2),#10);
#2487=PRESENTATION_STYLE_ASSIGNMENT((#2486));
#2488=STYLED_ITEM('',(#2487),#2485);
#2489=DIRECTION('',(0.E0,0.E0,1.E0));
#2490=VECTOR('',#2489,2.E2);
#2491=CARTESIAN_POINT('',(1.22925E2,1.02E1,0.E0));
#2492=LINE('1923',#2491,#2490);
#2493=CURVE_STYLE('',#22,POSITIVE_LENGTH_MEASURE(2.E-2),#10);
#2494=PRESENTATION_STYLE_ASSIGNMENT((#2493));
#2495=STYLED_ITEM('',(#2494),#2492);
#2496=DIRECTION('',(0.E0,0.E0,-1.E0));
#2497=VECTOR('',#2496,2.E2);
#2498=CARTESIAN_POINT('',(1.223946699141E2,8.919669914110E0,2.E2));
#2499=LINE('1927',#2498,#2497);
#2500=CURVE_STYLE('',#22,POSITIVE_LENGTH_MEASURE(2.E-2),#10);
#2501=PRESENTATION_STYLE_ASSIGNMENT((#2500));
#2502=STYLED_ITEM('',(#2501),#2499);
#2503=DIRECTION('',(1.E0,0.E0,0.E0));
#2504=VECTOR('',#2503,2.2E0);
#2505=CARTESIAN_POINT('',(1.22925E2,1.02E1,0.E0));
#2506=LINE('1924',#2505,#2504);
#2507=CURVE_STYLE('',#22,POSITIVE_LENGTH_MEASURE(2.E-2),#10);
#2508=PRESENTATION_STYLE_ASSIGNMENT((#2507));
#2509=STYLED_ITEM('',(#2508),#2506);
#2510=DIRECTION('',(0.E0,0.E0,1.E0));
#2511=VECTOR('',#2510,2.E2);
#2512=CARTESIAN_POINT('',(1.25125E2,1.02E1,0.E0));
#2513=LINE('1919',#2512,#2511);
#2514=CURVE_STYLE('',#22,POSITIVE_LENGTH_MEASURE(2.E-2),#10);
#2515=PRESENTATION_STYLE_ASSIGNMENT((#2514));
#2516=STYLED_ITEM('',(#2515),#2513);
#2517=DIRECTION('',(0.E0,0.E0,-1.E0));
#2518=VECTOR('',#2517,2.E2);
#2519=CARTESIAN_POINT('',(1.25425E2,1.05E1,2.E2));
#2520=LINE('1917',#2519,#2518);
#2521=CURVE_STYLE('',#22,POSITIVE_LENGTH_MEASURE(2.E-2),#10);
#2522=PRESENTATION_STYLE_ASSIGNMENT((#2521));
#2523=STYLED_ITEM('',(#2522),#2520);
#2524=DIRECTION('',(0.E0,1.E0,0.E0));
#2525=VECTOR('',#2524,7.E-1);
#2526=CARTESIAN_POINT('',(1.25425E2,1.05E1,0.E0));
#2527=LINE('1918',#2526,#2525);
#2528=CURVE_STYLE('',#22,POSITIVE_LENGTH_MEASURE(2.E-2),#10);
#2529=PRESENTATION_STYLE_ASSIGNMENT((#2528));
#2530=STYLED_ITEM('',(#2529),#2527);
#2531=DIRECTION('',(0.E0,0.E0,1.E0));
#2532=VECTOR('',#2531,2.E2);
#2533=CARTESIAN_POINT('',(1.25425E2,1.12E1,0.E0));
#2534=LINE('1913',#2533,#2532);
#2535=CURVE_STYLE('',#22,POSITIVE_LENGTH_MEASURE(2.E-2),#10);
#2536=PRESENTATION_STYLE_ASSIGNMENT((#2535));
#2537=STYLED_ITEM('',(#2536),#2534);
#2538=DIRECTION('',(0.E0,0.E0,-1.E0));
#2539=VECTOR('',#2538,2.E2);
#2540=CARTESIAN_POINT('',(1.24625E2,1.2E1,2.E2));
#2541=LINE('1911',#2540,#2539);
#2542=CURVE_STYLE('',#22,POSITIVE_LENGTH_MEASURE(2.E-2),#10);
#2543=PRESENTATION_STYLE_ASSIGNMENT((#2542));
#2544=STYLED_ITEM('',(#2543),#2541);
#2545=DIRECTION('',(-1.E0,0.E0,0.E0));
#2546=VECTOR('',#2545,1.325E1);
#2547=CARTESIAN_POINT('',(1.24625E2,1.2E1,0.E0));
#2548=LINE('1912',#2547,#2546);
#2549=CURVE_STYLE('',#22,POSITIVE_LENGTH_MEASURE(2.E-2),#10);
#2550=PRESENTATION_STYLE_ASSIGNMENT((#2549));
#2551=STYLED_ITEM('',(#2550),#2548);
#2552=DIRECTION('',(0.E0,0.E0,1.E0));
#2553=VECTOR('',#2552,2.E2);
#2554=CARTESIAN_POINT('',(1.11375E2,1.2E1,0.E0));
#2555=LINE('1907',#2554,#2553);
#2556=CURVE_STYLE('',#22,POSITIVE_LENGTH_MEASURE(2.E-2),#10);
#2557=PRESENTATION_STYLE_ASSIGNMENT((#2556));
#2558=STYLED_ITEM('',(#2557),#2555);
#2559=DIRECTION('',(0.E0,0.E0,-1.E0));
#2560=VECTOR('',#2559,2.E2);
#2561=CARTESIAN_POINT('',(1.10575E2,1.12E1,2.E2));
#2562=LINE('1905',#2561,#2560);
#2563=CURVE_STYLE('',#22,POSITIVE_LENGTH_MEASURE(2.E-2),#10);
#2564=PRESENTATION_STYLE_ASSIGNMENT((#2563));
#2565=STYLED_ITEM('',(#2564),#2562);
#2566=DIRECTION('',(0.E0,-1.E0,0.E0));
#2567=VECTOR('',#2566,7.E-1);
#2568=CARTESIAN_POINT('',(1.10575E2,1.12E1,0.E0));
#2569=LINE('1906',#2568,#2567);
#2570=CURVE_STYLE('',#22,POSITIVE_LENGTH_MEASURE(2.E-2),#10);
#2571=PRESENTATION_STYLE_ASSIGNMENT((#2570));
#2572=STYLED_ITEM('',(#2571),#2569);
#2573=DIRECTION('',(0.E0,0.E0,1.E0));
#2574=VECTOR('',#2573,2.E2);
#2575=CARTESIAN_POINT('',(1.10575E2,1.05E1,0.E0));
#2576=LINE('1901',#2575,#2574);
#2577=CURVE_STYLE('',#22,POSITIVE_LENGTH_MEASURE(2.E-2),#10);
#2578=PRESENTATION_STYLE_ASSIGNMENT((#2577));
#2579=STYLED_ITEM('',(#2578),#2576);
#2580=DIRECTION('',(0.E0,0.E0,-1.E0));
#2581=VECTOR('',#2580,2.E2);
#2582=CARTESIAN_POINT('',(1.10875E2,1.02E1,2.E2));
#2583=LINE('1899',#2582,#2581);
#2584=CURVE_STYLE('',#22,POSITIVE_LENGTH_MEASURE(2.E-2),#10);
#2585=PRESENTATION_STYLE_ASSIGNMENT((#2584));
#2586=STYLED_ITEM('',(#2585),#2583);
#2587=DIRECTION('',(1.E0,0.E0,0.E0));
#2588=VECTOR('',#2587,2.2E0);
#2589=CARTESIAN_POINT('',(1.10875E2,1.02E1,0.E0));
#2590=LINE('1900',#2589,#2588);
#2591=CURVE_STYLE('',#22,POSITIVE_LENGTH_MEASURE(2.E-2),#10);
#2592=PRESENTATION_STYLE_ASSIGNMENT((#2591));
#2593=STYLED_ITEM('',(#2592),#2590);
#2594=DIRECTION('',(0.E0,0.E0,1.E0));
#2595=VECTOR('',#2594,2.E2);
#2596=CARTESIAN_POINT('',(1.136053300859E2,8.919669914126E0,0.E0));
#2597=LINE('1893',#2596,#2595);
#2598=CURVE_STYLE('',#22,POSITIVE_LENGTH_MEASURE(2.E-2),#10);
#2599=PRESENTATION_STYLE_ASSIGNMENT((#2598));
#2600=STYLED_ITEM('',(#2599),#2597);
#2601=DIRECTION('',(0.E0,0.E0,-1.E0));
#2602=VECTOR('',#2601,2.E2);
#2603=CARTESIAN_POINT('',(1.13075E2,1.02E1,2.E2));
#2604=LINE('1896',#2603,#2602);
#2605=CURVE_STYLE('',#22,POSITIVE_LENGTH_MEASURE(2.E-2),#10);
#2606=PRESENTATION_STYLE_ASSIGNMENT((#2605));
#2607=STYLED_ITEM('',(#2606),#2604);
#2608=DIRECTION('',(0.E0,0.E0,1.E0));
#2609=VECTOR('',#2608,2.E2);
#2610=CARTESIAN_POINT('',(1.0565E2,5.664339828220E0,0.E0));
#2611=LINE('1887',#2610,#2609);
#2612=CURVE_STYLE('',#22,POSITIVE_LENGTH_MEASURE(2.E-2),#10);
#2613=PRESENTATION_STYLE_ASSIGNMENT((#2612));
#2614=STYLED_ITEM('',(#2613),#2611);
#2615=DIRECTION('',(0.E0,0.E0,-1.E0));
#2616=VECTOR('',#2615,2.E2);
#2617=CARTESIAN_POINT('',(1.1035E2,5.664339828212E0,2.E2));
#2618=LINE('1890',#2617,#2616);
#2619=CURVE_STYLE('',#22,POSITIVE_LENGTH_MEASURE(2.E-2),#10);
#2620=PRESENTATION_STYLE_ASSIGNMENT((#2619));
#2621=STYLED_ITEM('',(#2620),#2618);
#2622=DIRECTION('',(0.E0,0.E0,1.E0));
#2623=VECTOR('',#2622,2.E2);
#2624=CARTESIAN_POINT('',(1.02925E2,1.02E1,0.E0));
#2625=LINE('1879',#2624,#2623);
#2626=CURVE_STYLE('',#22,POSITIVE_LENGTH_MEASURE(2.E-2),#10);
#2627=PRESENTATION_STYLE_ASSIGNMENT((#2626));
#2628=STYLED_ITEM('',(#2627),#2625);
#2629=DIRECTION('',(0.E0,0.E0,-1.E0));
#2630=VECTOR('',#2629,2.E2);
#2631=CARTESIAN_POINT('',(1.023946699141E2,8.919669914110E0,2.E2));
#2632=LINE('1883',#2631,#2630);
#2633=CURVE_STYLE('',#22,POSITIVE_LENGTH_MEASURE(2.E-2),#10);
#2634=PRESENTATION_STYLE_ASSIGNMENT((#2633));
#2635=STYLED_ITEM('',(#2634),#2632);
#2636=DIRECTION('',(1.E0,0.E0,0.E0));
#2637=VECTOR('',#2636,2.2E0);
#2638=CARTESIAN_POINT('',(1.02925E2,1.02E1,0.E0));
#2639=LINE('1880',#2638,#2637);
#2640=CURVE_STYLE('',#22,POSITIVE_LENGTH_MEASURE(2.E-2),#10);
#2641=PRESENTATION_STYLE_ASSIGNMENT((#2640));
#2642=STYLED_ITEM('',(#2641),#2639);
#2643=DIRECTION('',(0.E0,0.E0,1.E0));
#2644=VECTOR('',#2643,2.E2);
#2645=CARTESIAN_POINT('',(1.05125E2,1.02E1,0.E0));
#2646=LINE('1875',#2645,#2644);
#2647=CURVE_STYLE('',#22,POSITIVE_LENGTH_MEASURE(2.E-2),#10);
#2648=PRESENTATION_STYLE_ASSIGNMENT((#2647));
#2649=STYLED_ITEM('',(#2648),#2646);
#2650=DIRECTION('',(0.E0,0.E0,-1.E0));
#2651=VECTOR('',#2650,2.E2);
#2652=CARTESIAN_POINT('',(1.05425E2,1.05E1,2.E2));
#2653=LINE('1873',#2652,#2651);
#2654=CURVE_STYLE('',#22,POSITIVE_LENGTH_MEASURE(2.E-2),#10);
#2655=PRESENTATION_STYLE_ASSIGNMENT((#2654));
#2656=STYLED_ITEM('',(#2655),#2653);
#2657=DIRECTION('',(0.E0,1.E0,0.E0));
#2658=VECTOR('',#2657,7.E-1);
#2659=CARTESIAN_POINT('',(1.05425E2,1.05E1,0.E0));
#2660=LINE('1874',#2659,#2658);
#2661=CURVE_STYLE('',#22,POSITIVE_LENGTH_MEASURE(2.E-2),#10);
#2662=PRESENTATION_STYLE_ASSIGNMENT((#2661));
#2663=STYLED_ITEM('',(#2662),#2660);
#2664=DIRECTION('',(0.E0,0.E0,1.E0));
#2665=VECTOR('',#2664,2.E2);
#2666=CARTESIAN_POINT('',(1.05425E2,1.12E1,0.E0));
#2667=LINE('1869',#2666,#2665);
#2668=CURVE_STYLE('',#22,POSITIVE_LENGTH_MEASURE(2.E-2),#10);
#2669=PRESENTATION_STYLE_ASSIGNMENT((#2668));
#2670=STYLED_ITEM('',(#2669),#2667);
#2671=DIRECTION('',(0.E0,0.E0,-1.E0));
#2672=VECTOR('',#2671,2.E2);
#2673=CARTESIAN_POINT('',(1.04625E2,1.2E1,2.E2));
#2674=LINE('1867',#2673,#2672);
#2675=CURVE_STYLE('',#22,POSITIVE_LENGTH_MEASURE(2.E-2),#10);
#2676=PRESENTATION_STYLE_ASSIGNMENT((#2675));
#2677=STYLED_ITEM('',(#2676),#2674);
#2678=DIRECTION('',(-1.E0,0.E0,0.E0));
#2679=VECTOR('',#2678,1.325E1);
#2680=CARTESIAN_POINT('',(1.04625E2,1.2E1,0.E0));
#2681=LINE('1868',#2680,#2679);
#2682=CURVE_STYLE('',#22,POSITIVE_LENGTH_MEASURE(2.E-2),#10);
#2683=PRESENTATION_STYLE_ASSIGNMENT((#2682));
#2684=STYLED_ITEM('',(#2683),#2681);
#2685=DIRECTION('',(0.E0,0.E0,1.E0));
#2686=VECTOR('',#2685,2.E2);
#2687=CARTESIAN_POINT('',(9.1375E1,1.2E1,0.E0));
#2688=LINE('1863',#2687,#2686);
#2689=CURVE_STYLE('',#22,POSITIVE_LENGTH_MEASURE(2.E-2),#10);
#2690=PRESENTATION_STYLE_ASSIGNMENT((#2689));
#2691=STYLED_ITEM('',(#2690),#2688);
#2692=DIRECTION('',(0.E0,0.E0,-1.E0));
#2693=VECTOR('',#2692,2.E2);
#2694=CARTESIAN_POINT('',(9.0575E1,1.12E1,2.E2));
#2695=LINE('1861',#2694,#2693);
#2696=CURVE_STYLE('',#22,POSITIVE_LENGTH_MEASURE(2.E-2),#10);
#2697=PRESENTATION_STYLE_ASSIGNMENT((#2696));
#2698=STYLED_ITEM('',(#2697),#2695);
#2699=DIRECTION('',(0.E0,-1.E0,0.E0));
#2700=VECTOR('',#2699,7.E-1);
#2701=CARTESIAN_POINT('',(9.0575E1,1.12E1,0.E0));
#2702=LINE('1862',#2701,#2700);
#2703=CURVE_STYLE('',#22,POSITIVE_LENGTH_MEASURE(2.E-2),#10);
#2704=PRESENTATION_STYLE_ASSIGNMENT((#2703));
#2705=STYLED_ITEM('',(#2704),#2702);
#2706=DIRECTION('',(0.E0,0.E0,1.E0));
#2707=VECTOR('',#2706,2.E2);
#2708=CARTESIAN_POINT('',(9.0575E1,1.05E1,0.E0));
#2709=LINE('1857',#2708,#2707);
#2710=CURVE_STYLE('',#22,POSITIVE_LENGTH_MEASURE(2.E-2),#10);
#2711=PRESENTATION_STYLE_ASSIGNMENT((#2710));
#2712=STYLED_ITEM('',(#2711),#2709);
#2713=DIRECTION('',(0.E0,0.E0,-1.E0));
#2714=VECTOR('',#2713,2.E2);
#2715=CARTESIAN_POINT('',(9.0875E1,1.02E1,2.E2));
#2716=LINE('1855',#2715,#2714);
#2717=CURVE_STYLE('',#22,POSITIVE_LENGTH_MEASURE(2.E-2),#10);
#2718=PRESENTATION_STYLE_ASSIGNMENT((#2717));
#2719=STYLED_ITEM('',(#2718),#2716);
#2720=DIRECTION('',(1.E0,0.E0,0.E0));
#2721=VECTOR('',#2720,2.2E0);
#2722=CARTESIAN_POINT('',(9.0875E1,1.02E1,0.E0));
#2723=LINE('1856',#2722,#2721);
#2724=CURVE_STYLE('',#22,POSITIVE_LENGTH_MEASURE(2.E-2),#10);
#2725=PRESENTATION_STYLE_ASSIGNMENT((#2724));
#2726=STYLED_ITEM('',(#2725),#2723);
#2727=DIRECTION('',(0.E0,0.E0,1.E0));
#2728=VECTOR('',#2727,2.E2);
#2729=CARTESIAN_POINT('',(9.360533008589E1,8.919669914111E0,0.E0));
#2730=LINE('1849',#2729,#2728);
#2731=CURVE_STYLE('',#22,POSITIVE_LENGTH_MEASURE(2.E-2),#10);
#2732=PRESENTATION_STYLE_ASSIGNMENT((#2731));
#2733=STYLED_ITEM('',(#2732),#2730);
#2734=DIRECTION('',(0.E0,0.E0,-1.E0));
#2735=VECTOR('',#2734,2.E2);
#2736=CARTESIAN_POINT('',(9.3075E1,1.02E1,2.E2));
#2737=LINE('1852',#2736,#2735);
#2738=CURVE_STYLE('',#22,POSITIVE_LENGTH_MEASURE(2.E-2),#10);
#2739=PRESENTATION_STYLE_ASSIGNMENT((#2738));
#2740=STYLED_ITEM('',(#2739),#2737);
#2741=DIRECTION('',(0.E0,0.E0,1.E0));
#2742=VECTOR('',#2741,2.E2);
#2743=CARTESIAN_POINT('',(8.565E1,5.664339828220E0,0.E0));
#2744=LINE('1843',#2743,#2742);
#2745=CURVE_STYLE('',#22,POSITIVE_LENGTH_MEASURE(2.E-2),#10);
#2746=PRESENTATION_STYLE_ASSIGNMENT((#2745));
#2747=STYLED_ITEM('',(#2746),#2744);
#2748=DIRECTION('',(0.E0,0.E0,-1.E0));
#2749=VECTOR('',#2748,2.E2);
#2750=CARTESIAN_POINT('',(9.035E1,5.664339828219E0,2.E2));
#2751=LINE('1846',#2750,#2749);
#2752=CURVE_STYLE('',#22,POSITIVE_LENGTH_MEASURE(2.E-2),#10);
#2753=PRESENTATION_STYLE_ASSIGNMENT((#2752));
#2754=STYLED_ITEM('',(#2753),#2751);
#2755=DIRECTION('',(0.E0,0.E0,1.E0));
#2756=VECTOR('',#2755,2.E2);
#2757=CARTESIAN_POINT('',(8.2925E1,1.02E1,0.E0));
#2758=LINE('1835',#2757,#2756);
#2759=CURVE_STYLE('',#22,POSITIVE_LENGTH_MEASURE(2.E-2),#10);
#2760=PRESENTATION_STYLE_ASSIGNMENT((#2759));
#2761=STYLED_ITEM('',(#2760),#2758);
#2762=DIRECTION('',(0.E0,0.E0,-1.E0));
#2763=VECTOR('',#2762,2.E2);
#2764=CARTESIAN_POINT('',(8.239466991411E1,8.919669914110E0,2.E2));
#2765=LINE('1839',#2764,#2763);
#2766=CURVE_STYLE('',#22,POSITIVE_LENGTH_MEASURE(2.E-2),#10);
#2767=PRESENTATION_STYLE_ASSIGNMENT((#2766));
#2768=STYLED_ITEM('',(#2767),#2765);
#2769=DIRECTION('',(1.E0,0.E0,0.E0));
#2770=VECTOR('',#2769,2.2E0);
#2771=CARTESIAN_POINT('',(8.2925E1,1.02E1,0.E0));
#2772=LINE('1836',#2771,#2770);
#2773=CURVE_STYLE('',#22,POSITIVE_LENGTH_MEASURE(2.E-2),#10);
#2774=PRESENTATION_STYLE_ASSIGNMENT((#2773));
#2775=STYLED_ITEM('',(#2774),#2772);
#2776=DIRECTION('',(0.E0,0.E0,1.E0));
#2777=VECTOR('',#2776,2.E2);
#2778=CARTESIAN_POINT('',(8.5125E1,1.02E1,0.E0));
#2779=LINE('1831',#2778,#2777);
#2780=CURVE_STYLE('',#22,POSITIVE_LENGTH_MEASURE(2.E-2),#10);
#2781=PRESENTATION_STYLE_ASSIGNMENT((#2780));
#2782=STYLED_ITEM('',(#2781),#2779);
#2783=DIRECTION('',(0.E0,0.E0,-1.E0));
#2784=VECTOR('',#2783,2.E2);
#2785=CARTESIAN_POINT('',(8.5425E1,1.05E1,2.E2));
#2786=LINE('1829',#2785,#2784);
#2787=CURVE_STYLE('',#22,POSITIVE_LENGTH_MEASURE(2.E-2),#10);
#2788=PRESENTATION_STYLE_ASSIGNMENT((#2787));
#2789=STYLED_ITEM('',(#2788),#2786);
#2790=DIRECTION('',(0.E0,1.E0,0.E0));
#2791=VECTOR('',#2790,7.E-1);
#2792=CARTESIAN_POINT('',(8.5425E1,1.05E1,0.E0));
#2793=LINE('1830',#2792,#2791);
#2794=CURVE_STYLE('',#22,POSITIVE_LENGTH_MEASURE(2.E-2),#10);
#2795=PRESENTATION_STYLE_ASSIGNMENT((#2794));
#2796=STYLED_ITEM('',(#2795),#2793);
#2797=DIRECTION('',(0.E0,0.E0,1.E0));
#2798=VECTOR('',#2797,2.E2);
#2799=CARTESIAN_POINT('',(8.5425E1,1.12E1,0.E0));
#2800=LINE('1825',#2799,#2798);
#2801=CURVE_STYLE('',#22,POSITIVE_LENGTH_MEASURE(2.E-2),#10);
#2802=PRESENTATION_STYLE_ASSIGNMENT((#2801));
#2803=STYLED_ITEM('',(#2802),#2800);
#2804=DIRECTION('',(0.E0,0.E0,-1.E0));
#2805=VECTOR('',#2804,2.E2);
#2806=CARTESIAN_POINT('',(8.4625E1,1.2E1,2.E2));
#2807=LINE('1823',#2806,#2805);
#2808=CURVE_STYLE('',#22,POSITIVE_LENGTH_MEASURE(2.E-2),#10);
#2809=PRESENTATION_STYLE_ASSIGNMENT((#2808));
#2810=STYLED_ITEM('',(#2809),#2807);
#2811=DIRECTION('',(-1.E0,0.E0,0.E0));
#2812=VECTOR('',#2811,1.325E1);
#2813=CARTESIAN_POINT('',(8.4625E1,1.2E1,0.E0));
#2814=LINE('1824',#2813,#2812);
#2815=CURVE_STYLE('',#22,POSITIVE_LENGTH_MEASURE(2.E-2),#10);
#2816=PRESENTATION_STYLE_ASSIGNMENT((#2815));
#2817=STYLED_ITEM('',(#2816),#2814);
#2818=DIRECTION('',(0.E0,0.E0,1.E0));
#2819=VECTOR('',#2818,2.E2);
#2820=CARTESIAN_POINT('',(7.1375E1,1.2E1,0.E0));
#2821=LINE('1819',#2820,#2819);
#2822=CURVE_STYLE('',#22,POSITIVE_LENGTH_MEASURE(2.E-2),#10);
#2823=PRESENTATION_STYLE_ASSIGNMENT((#2822));
#2824=STYLED_ITEM('',(#2823),#2821);
#2825=DIRECTION('',(0.E0,0.E0,-1.E0));
#2826=VECTOR('',#2825,2.E2);
#2827=CARTESIAN_POINT('',(7.0575E1,1.12E1,2.E2));
#2828=LINE('1817',#2827,#2826);
#2829=CURVE_STYLE('',#22,POSITIVE_LENGTH_MEASURE(2.E-2),#10);
#2830=PRESENTATION_STYLE_ASSIGNMENT((#2829));
#2831=STYLED_ITEM('',(#2830),#2828);
#2832=DIRECTION('',(0.E0,-1.E0,0.E0));
#2833=VECTOR('',#2832,7.E-1);
#2834=CARTESIAN_POINT('',(7.0575E1,1.12E1,0.E0));
#2835=LINE('1818',#2834,#2833);
#2836=CURVE_STYLE('',#22,POSITIVE_LENGTH_MEASURE(2.E-2),#10);
#2837=PRESENTATION_STYLE_ASSIGNMENT((#2836));
#2838=STYLED_ITEM('',(#2837),#2835);
#2839=DIRECTION('',(0.E0,0.E0,1.E0));
#2840=VECTOR('',#2839,2.E2);
#2841=CARTESIAN_POINT('',(7.0575E1,1.05E1,0.E0));
#2842=LINE('1813',#2841,#2840);
#2843=CURVE_STYLE('',#22,POSITIVE_LENGTH_MEASURE(2.E-2),#10);
#2844=PRESENTATION_STYLE_ASSIGNMENT((#2843));
#2845=STYLED_ITEM('',(#2844),#2842);
#2846=DIRECTION('',(0.E0,0.E0,-1.E0));
#2847=VECTOR('',#2846,2.E2);
#2848=CARTESIAN_POINT('',(7.0875E1,1.02E1,2.E2));
#2849=LINE('1811',#2848,#2847);
#2850=CURVE_STYLE('',#22,POSITIVE_LENGTH_MEASURE(2.E-2),#10);
#2851=PRESENTATION_STYLE_ASSIGNMENT((#2850));
#2852=STYLED_ITEM('',(#2851),#2849);
#2853=DIRECTION('',(1.E0,0.E0,0.E0));
#2854=VECTOR('',#2853,2.2E0);
#2855=CARTESIAN_POINT('',(7.0875E1,1.02E1,0.E0));
#2856=LINE('1812',#2855,#2854);
#2857=CURVE_STYLE('',#22,POSITIVE_LENGTH_MEASURE(2.E-2),#10);
#2858=PRESENTATION_STYLE_ASSIGNMENT((#2857));
#2859=STYLED_ITEM('',(#2858),#2856);
#2860=DIRECTION('',(0.E0,0.E0,1.E0));
#2861=VECTOR('',#2860,2.E2);
#2862=CARTESIAN_POINT('',(7.360533008589E1,8.919669914111E0,0.E0));
#2863=LINE('1805',#2862,#2861);
#2864=CURVE_STYLE('',#22,POSITIVE_LENGTH_MEASURE(2.E-2),#10);
#2865=PRESENTATION_STYLE_ASSIGNMENT((#2864));
#2866=STYLED_ITEM('',(#2865),#2863);
#2867=DIRECTION('',(0.E0,0.E0,-1.E0));
#2868=VECTOR('',#2867,2.E2);
#2869=CARTESIAN_POINT('',(7.3075E1,1.02E1,2.E2));
#2870=LINE('1808',#2869,#2868);
#2871=CURVE_STYLE('',#22,POSITIVE_LENGTH_MEASURE(2.E-2),#10);
#2872=PRESENTATION_STYLE_ASSIGNMENT((#2871));
#2873=STYLED_ITEM('',(#2872),#2870);
#2874=DIRECTION('',(0.E0,0.E0,1.E0));
#2875=VECTOR('',#2874,2.E2);
#2876=CARTESIAN_POINT('',(6.565E1,5.664339828220E0,0.E0));
#2877=LINE('1799',#2876,#2875);
#2878=CURVE_STYLE('',#22,POSITIVE_LENGTH_MEASURE(2.E-2),#10);
#2879=PRESENTATION_STYLE_ASSIGNMENT((#2878));
#2880=STYLED_ITEM('',(#2879),#2877);
#2881=DIRECTION('',(0.E0,0.E0,-1.E0));
#2882=VECTOR('',#2881,2.E2);
#2883=CARTESIAN_POINT('',(7.035E1,5.664339828219E0,2.E2));
#2884=LINE('1802',#2883,#2882);
#2885=CURVE_STYLE('',#22,POSITIVE_LENGTH_MEASURE(2.E-2),#10);
#2886=PRESENTATION_STYLE_ASSIGNMENT((#2885));
#2887=STYLED_ITEM('',(#2886),#2884);
#2888=DIRECTION('',(0.E0,0.E0,1.E0));
#2889=VECTOR('',#2888,2.E2);
#2890=CARTESIAN_POINT('',(6.2925E1,1.02E1,0.E0));
#2891=LINE('1791',#2890,#2889);
#2892=CURVE_STYLE('',#22,POSITIVE_LENGTH_MEASURE(2.E-2),#10);
#2893=PRESENTATION_STYLE_ASSIGNMENT((#2892));
#2894=STYLED_ITEM('',(#2893),#2891);
#2895=DIRECTION('',(0.E0,0.E0,-1.E0));
#2896=VECTOR('',#2895,2.E2);
#2897=CARTESIAN_POINT('',(6.239466991411E1,8.919669914110E0,2.E2));
#2898=LINE('1795',#2897,#2896);
#2899=CURVE_STYLE('',#22,POSITIVE_LENGTH_MEASURE(2.E-2),#10);
#2900=PRESENTATION_STYLE_ASSIGNMENT((#2899));
#2901=STYLED_ITEM('',(#2900),#2898);
#2902=DIRECTION('',(1.E0,0.E0,0.E0));
#2903=VECTOR('',#2902,2.2E0);
#2904=CARTESIAN_POINT('',(6.2925E1,1.02E1,0.E0));
#2905=LINE('1792',#2904,#2903);
#2906=CURVE_STYLE('',#22,POSITIVE_LENGTH_MEASURE(2.E-2),#10);
#2907=PRESENTATION_STYLE_ASSIGNMENT((#2906));
#2908=STYLED_ITEM('',(#2907),#2905);
#2909=DIRECTION('',(0.E0,0.E0,1.E0));
#2910=VECTOR('',#2909,2.E2);
#2911=CARTESIAN_POINT('',(6.5125E1,1.02E1,0.E0));
#2912=LINE('1787',#2911,#2910);
#2913=CURVE_STYLE('',#22,POSITIVE_LENGTH_MEASURE(2.E-2),#10);
#2914=PRESENTATION_STYLE_ASSIGNMENT((#2913));
#2915=STYLED_ITEM('',(#2914),#2912);
#2916=DIRECTION('',(0.E0,0.E0,-1.E0));
#2917=VECTOR('',#2916,2.E2);
#2918=CARTESIAN_POINT('',(6.5425E1,1.05E1,2.E2));
#2919=LINE('1785',#2918,#2917);
#2920=CURVE_STYLE('',#22,POSITIVE_LENGTH_MEASURE(2.E-2),#10);
#2921=PRESENTATION_STYLE_ASSIGNMENT((#2920));
#2922=STYLED_ITEM('',(#2921),#2919);
#2923=DIRECTION('',(0.E0,1.E0,0.E0));
#2924=VECTOR('',#2923,7.E-1);
#2925=CARTESIAN_POINT('',(6.5425E1,1.05E1,0.E0));
#2926=LINE('1786',#2925,#2924);
#2927=CURVE_STYLE('',#22,POSITIVE_LENGTH_MEASURE(2.E-2),#10);
#2928=PRESENTATION_STYLE_ASSIGNMENT((#2927));
#2929=STYLED_ITEM('',(#2928),#2926);
#2930=DIRECTION('',(0.E0,0.E0,1.E0));
#2931=VECTOR('',#2930,2.E2);
#2932=CARTESIAN_POINT('',(6.5425E1,1.12E1,0.E0));
#2933=LINE('1781',#2932,#2931);
#2934=CURVE_STYLE('',#22,POSITIVE_LENGTH_MEASURE(2.E-2),#10);
#2935=PRESENTATION_STYLE_ASSIGNMENT((#2934));
#2936=STYLED_ITEM('',(#2935),#2933);
#2937=DIRECTION('',(0.E0,0.E0,-1.E0));
#2938=VECTOR('',#2937,2.E2);
#2939=CARTESIAN_POINT('',(6.4625E1,1.2E1,2.E2));
#2940=LINE('1779',#2939,#2938);
#2941=CURVE_STYLE('',#22,POSITIVE_LENGTH_MEASURE(2.E-2),#10);
#2942=PRESENTATION_STYLE_ASSIGNMENT((#2941));
#2943=STYLED_ITEM('',(#2942),#2940);
#2944=DIRECTION('',(-1.E0,0.E0,0.E0));
#2945=VECTOR('',#2944,1.325E1);
#2946=CARTESIAN_POINT('',(6.4625E1,1.2E1,0.E0));
#2947=LINE('1780',#2946,#2945);
#2948=CURVE_STYLE('',#22,POSITIVE_LENGTH_MEASURE(2.E-2),#10);
#2949=PRESENTATION_STYLE_ASSIGNMENT((#2948));
#2950=STYLED_ITEM('',(#2949),#2947);
#2951=DIRECTION('',(0.E0,0.E0,1.E0));
#2952=VECTOR('',#2951,2.E2);
#2953=CARTESIAN_POINT('',(5.1375E1,1.2E1,0.E0));
#2954=LINE('1775',#2953,#2952);
#2955=CURVE_STYLE('',#22,POSITIVE_LENGTH_MEASURE(2.E-2),#10);
#2956=PRESENTATION_STYLE_ASSIGNMENT((#2955));
#2957=STYLED_ITEM('',(#2956),#2954);
#2958=DIRECTION('',(0.E0,0.E0,-1.E0));
#2959=VECTOR('',#2958,2.E2);
#2960=CARTESIAN_POINT('',(5.0575E1,1.12E1,2.E2));
#2961=LINE('1773',#2960,#2959);
#2962=CURVE_STYLE('',#22,POSITIVE_LENGTH_MEASURE(2.E-2),#10);
#2963=PRESENTATION_STYLE_ASSIGNMENT((#2962));
#2964=STYLED_ITEM('',(#2963),#2961);
#2965=DIRECTION('',(0.E0,-1.E0,0.E0));
#2966=VECTOR('',#2965,7.E-1);
#2967=CARTESIAN_POINT('',(5.0575E1,1.12E1,0.E0));
#2968=LINE('1774',#2967,#2966);
#2969=CURVE_STYLE('',#22,POSITIVE_LENGTH_MEASURE(2.E-2),#10);
#2970=PRESENTATION_STYLE_ASSIGNMENT((#2969));
#2971=STYLED_ITEM('',(#2970),#2968);
#2972=DIRECTION('',(0.E0,0.E0,1.E0));
#2973=VECTOR('',#2972,2.E2);
#2974=CARTESIAN_POINT('',(5.0575E1,1.05E1,0.E0));
#2975=LINE('1769',#2974,#2973);
#2976=CURVE_STYLE('',#22,POSITIVE_LENGTH_MEASURE(2.E-2),#10);
#2977=PRESENTATION_STYLE_ASSIGNMENT((#2976));
#2978=STYLED_ITEM('',(#2977),#2975);
#2979=DIRECTION('',(0.E0,0.E0,-1.E0));
#2980=VECTOR('',#2979,2.E2);
#2981=CARTESIAN_POINT('',(5.0875E1,1.02E1,2.E2));
#2982=LINE('1767',#2981,#2980);
#2983=CURVE_STYLE('',#22,POSITIVE_LENGTH_MEASURE(2.E-2),#10);
#2984=PRESENTATION_STYLE_ASSIGNMENT((#2983));
#2985=STYLED_ITEM('',(#2984),#2982);
#2986=DIRECTION('',(1.E0,0.E0,0.E0));
#2987=VECTOR('',#2986,2.2E0);
#2988=CARTESIAN_POINT('',(5.0875E1,1.02E1,0.E0));
#2989=LINE('1768',#2988,#2987);
#2990=CURVE_STYLE('',#22,POSITIVE_LENGTH_MEASURE(2.E-2),#10);
#2991=PRESENTATION_STYLE_ASSIGNMENT((#2990));
#2992=STYLED_ITEM('',(#2991),#2989);
#2993=DIRECTION('',(0.E0,0.E0,1.E0));
#2994=VECTOR('',#2993,2.E2);
#2995=CARTESIAN_POINT('',(5.360533008589E1,8.919669914111E0,0.E0));
#2996=LINE('1761',#2995,#2994);
#2997=CURVE_STYLE('',#22,POSITIVE_LENGTH_MEASURE(2.E-2),#10);
#2998=PRESENTATION_STYLE_ASSIGNMENT((#2997));
#2999=STYLED_ITEM('',(#2998),#2996);
#3000=DIRECTION('',(0.E0,0.E0,-1.E0));
#3001=VECTOR('',#3000,2.E2);
#3002=CARTESIAN_POINT('',(5.3075E1,1.02E1,2.E2));
#3003=LINE('1764',#3002,#3001);
#3004=CURVE_STYLE('',#22,POSITIVE_LENGTH_MEASURE(2.E-2),#10);
#3005=PRESENTATION_STYLE_ASSIGNMENT((#3004));
#3006=STYLED_ITEM('',(#3005),#3003);
#3007=DIRECTION('',(0.E0,0.E0,1.E0));
#3008=VECTOR('',#3007,2.E2);
#3009=CARTESIAN_POINT('',(4.565E1,5.664339828220E0,0.E0));
#3010=LINE('1755',#3009,#3008);
#3011=CURVE_STYLE('',#22,POSITIVE_LENGTH_MEASURE(2.E-2),#10);
#3012=PRESENTATION_STYLE_ASSIGNMENT((#3011));
#3013=STYLED_ITEM('',(#3012),#3010);
#3014=DIRECTION('',(0.E0,0.E0,-1.E0));
#3015=VECTOR('',#3014,2.E2);
#3016=CARTESIAN_POINT('',(5.035E1,5.664339828219E0,2.E2));
#3017=LINE('1758',#3016,#3015);
#3018=CURVE_STYLE('',#22,POSITIVE_LENGTH_MEASURE(2.E-2),#10);
#3019=PRESENTATION_STYLE_ASSIGNMENT((#3018));
#3020=STYLED_ITEM('',(#3019),#3017);
#3021=DIRECTION('',(0.E0,0.E0,1.E0));
#3022=VECTOR('',#3021,2.E2);
#3023=CARTESIAN_POINT('',(4.2925E1,1.02E1,0.E0));
#3024=LINE('1747',#3023,#3022);
#3025=CURVE_STYLE('',#22,POSITIVE_LENGTH_MEASURE(2.E-2),#10);
#3026=PRESENTATION_STYLE_ASSIGNMENT((#3025));
#3027=STYLED_ITEM('',(#3026),#3024);
#3028=DIRECTION('',(0.E0,0.E0,-1.E0));
#3029=VECTOR('',#3028,2.E2);
#3030=CARTESIAN_POINT('',(4.239466991411E1,8.919669914110E0,2.E2));
#3031=LINE('1751',#3030,#3029);
#3032=CURVE_STYLE('',#22,POSITIVE_LENGTH_MEASURE(2.E-2),#10);
#3033=PRESENTATION_STYLE_ASSIGNMENT((#3032));
#3034=STYLED_ITEM('',(#3033),#3031);
#3035=DIRECTION('',(1.E0,0.E0,0.E0));
#3036=VECTOR('',#3035,2.2E0);
#3037=CARTESIAN_POINT('',(4.2925E1,1.02E1,0.E0));
#3038=LINE('1748',#3037,#3036);
#3039=CURVE_STYLE('',#22,POSITIVE_LENGTH_MEASURE(2.E-2),#10);
#3040=PRESENTATION_STYLE_ASSIGNMENT((#3039));
#3041=STYLED_ITEM('',(#3040),#3038);
#3042=DIRECTION('',(0.E0,0.E0,1.E0));
#3043=VECTOR('',#3042,2.E2);
#3044=CARTESIAN_POINT('',(4.5125E1,1.02E1,0.E0));
#3045=LINE('1743',#3044,#3043);
#3046=CURVE_STYLE('',#22,POSITIVE_LENGTH_MEASURE(2.E-2),#10);
#3047=PRESENTATION_STYLE_ASSIGNMENT((#3046));
#3048=STYLED_ITEM('',(#3047),#3045);
#3049=DIRECTION('',(0.E0,0.E0,-1.E0));
#3050=VECTOR('',#3049,2.E2);
#3051=CARTESIAN_POINT('',(4.5425E1,1.05E1,2.E2));
#3052=LINE('1741',#3051,#3050);
#3053=CURVE_STYLE('',#22,POSITIVE_LENGTH_MEASURE(2.E-2),#10);
#3054=PRESENTATION_STYLE_ASSIGNMENT((#3053));
#3055=STYLED_ITEM('',(#3054),#3052);
#3056=DIRECTION('',(0.E0,1.E0,0.E0));
#3057=VECTOR('',#3056,7.E-1);
#3058=CARTESIAN_POINT('',(4.5425E1,1.05E1,0.E0));
#3059=LINE('1742',#3058,#3057);
#3060=CURVE_STYLE('',#22,POSITIVE_LENGTH_MEASURE(2.E-2),#10);
#3061=PRESENTATION_STYLE_ASSIGNMENT((#3060));
#3062=STYLED_ITEM('',(#3061),#3059);
#3063=DIRECTION('',(0.E0,0.E0,1.E0));
#3064=VECTOR('',#3063,2.E2);
#3065=CARTESIAN_POINT('',(4.5425E1,1.12E1,0.E0));
#3066=LINE('1737',#3065,#3064);
#3067=CURVE_STYLE('',#22,POSITIVE_LENGTH_MEASURE(2.E-2),#10);
#3068=PRESENTATION_STYLE_ASSIGNMENT((#3067));
#3069=STYLED_ITEM('',(#3068),#3066);
#3070=DIRECTION('',(0.E0,0.E0,-1.E0));
#3071=VECTOR('',#3070,2.E2);
#3072=CARTESIAN_POINT('',(4.4625E1,1.2E1,2.E2));
#3073=LINE('1735',#3072,#3071);
#3074=CURVE_STYLE('',#22,POSITIVE_LENGTH_MEASURE(2.E-2),#10);
#3075=PRESENTATION_STYLE_ASSIGNMENT((#3074));
#3076=STYLED_ITEM('',(#3075),#3073);
#3077=DIRECTION('',(-1.E0,0.E0,0.E0));
#3078=VECTOR('',#3077,1.325E1);
#3079=CARTESIAN_POINT('',(4.4625E1,1.2E1,0.E0));
#3080=LINE('1736',#3079,#3078);
#3081=CURVE_STYLE('',#22,POSITIVE_LENGTH_MEASURE(2.E-2),#10);
#3082=PRESENTATION_STYLE_ASSIGNMENT((#3081));
#3083=STYLED_ITEM('',(#3082),#3080);
#3084=DIRECTION('',(0.E0,0.E0,1.E0));
#3085=VECTOR('',#3084,2.E2);
#3086=CARTESIAN_POINT('',(3.1375E1,1.2E1,0.E0));
#3087=LINE('1731',#3086,#3085);
#3088=CURVE_STYLE('',#22,POSITIVE_LENGTH_MEASURE(2.E-2),#10);
#3089=PRESENTATION_STYLE_ASSIGNMENT((#3088));
#3090=STYLED_ITEM('',(#3089),#3087);
#3091=DIRECTION('',(0.E0,0.E0,-1.E0));
#3092=VECTOR('',#3091,2.E2);
#3093=CARTESIAN_POINT('',(3.0575E1,1.12E1,2.E2));
#3094=LINE('1729',#3093,#3092);
#3095=CURVE_STYLE('',#22,POSITIVE_LENGTH_MEASURE(2.E-2),#10);
#3096=PRESENTATION_STYLE_ASSIGNMENT((#3095));
#3097=STYLED_ITEM('',(#3096),#3094);
#3098=DIRECTION('',(0.E0,-1.E0,0.E0));
#3099=VECTOR('',#3098,7.E-1);
#3100=CARTESIAN_POINT('',(3.0575E1,1.12E1,0.E0));
#3101=LINE('1730',#3100,#3099);
#3102=CURVE_STYLE('',#22,POSITIVE_LENGTH_MEASURE(2.E-2),#10);
#3103=PRESENTATION_STYLE_ASSIGNMENT((#3102));
#3104=STYLED_ITEM('',(#3103),#3101);
#3105=DIRECTION('',(0.E0,0.E0,1.E0));
#3106=VECTOR('',#3105,2.E2);
#3107=CARTESIAN_POINT('',(3.0575E1,1.05E1,0.E0));
#3108=LINE('1725',#3107,#3106);
#3109=CURVE_STYLE('',#22,POSITIVE_LENGTH_MEASURE(2.E-2),#10);
#3110=PRESENTATION_STYLE_ASSIGNMENT((#3109));
#3111=STYLED_ITEM('',(#3110),#3108);
#3112=DIRECTION('',(0.E0,0.E0,-1.E0));
#3113=VECTOR('',#3112,2.E2);
#3114=CARTESIAN_POINT('',(3.0875E1,1.02E1,2.E2));
#3115=LINE('1723',#3114,#3113);
#3116=CURVE_STYLE('',#22,POSITIVE_LENGTH_MEASURE(2.E-2),#10);
#3117=PRESENTATION_STYLE_ASSIGNMENT((#3116));
#3118=STYLED_ITEM('',(#3117),#3115);
#3119=DIRECTION('',(1.E0,0.E0,0.E0));
#3120=VECTOR('',#3119,2.2E0);
#3121=CARTESIAN_POINT('',(3.0875E1,1.02E1,0.E0));
#3122=LINE('1724',#3121,#3120);
#3123=CURVE_STYLE('',#22,POSITIVE_LENGTH_MEASURE(2.E-2),#10);
#3124=PRESENTATION_STYLE_ASSIGNMENT((#3123));
#3125=STYLED_ITEM('',(#3124),#3122);
#3126=DIRECTION('',(0.E0,0.E0,1.E0));
#3127=VECTOR('',#3126,2.E2);
#3128=CARTESIAN_POINT('',(3.360533008589E1,8.919669914111E0,0.E0));
#3129=LINE('1717',#3128,#3127);
#3130=CURVE_STYLE('',#22,POSITIVE_LENGTH_MEASURE(2.E-2),#10);
#3131=PRESENTATION_STYLE_ASSIGNMENT((#3130));
#3132=STYLED_ITEM('',(#3131),#3129);
#3133=DIRECTION('',(0.E0,0.E0,-1.E0));
#3134=VECTOR('',#3133,2.E2);
#3135=CARTESIAN_POINT('',(3.3075E1,1.02E1,2.E2));
#3136=LINE('1720',#3135,#3134);
#3137=CURVE_STYLE('',#22,POSITIVE_LENGTH_MEASURE(2.E-2),#10);
#3138=PRESENTATION_STYLE_ASSIGNMENT((#3137));
#3139=STYLED_ITEM('',(#3138),#3136);
#3140=DIRECTION('',(0.E0,0.E0,1.E0));
#3141=VECTOR('',#3140,2.E2);
#3142=CARTESIAN_POINT('',(2.565E1,5.664339828220E0,0.E0));
#3143=LINE('1711',#3142,#3141);
#3144=CURVE_STYLE('',#22,POSITIVE_LENGTH_MEASURE(2.E-2),#10);
#3145=PRESENTATION_STYLE_ASSIGNMENT((#3144));
#3146=STYLED_ITEM('',(#3145),#3143);
#3147=DIRECTION('',(0.E0,0.E0,-1.E0));
#3148=VECTOR('',#3147,2.E2);
#3149=CARTESIAN_POINT('',(3.035E1,5.664339828219E0,2.E2));
#3150=LINE('1714',#3149,#3148);
#3151=CURVE_STYLE('',#22,POSITIVE_LENGTH_MEASURE(2.E-2),#10);
#3152=PRESENTATION_STYLE_ASSIGNMENT((#3151));
#3153=STYLED_ITEM('',(#3152),#3150);
#3154=DIRECTION('',(0.E0,0.E0,1.E0));
#3155=VECTOR('',#3154,2.E2);
#3156=CARTESIAN_POINT('',(2.2925E1,1.02E1,0.E0));
#3157=LINE('1703',#3156,#3155);
#3158=CURVE_STYLE('',#22,POSITIVE_LENGTH_MEASURE(2.E-2),#10);
#3159=PRESENTATION_STYLE_ASSIGNMENT((#3158));
#3160=STYLED_ITEM('',(#3159),#3157);
#3161=DIRECTION('',(0.E0,0.E0,-1.E0));
#3162=VECTOR('',#3161,2.E2);
#3163=CARTESIAN_POINT('',(2.239466991411E1,8.919669914110E0,2.E2));
#3164=LINE('1707',#3163,#3162);
#3165=CURVE_STYLE('',#22,POSITIVE_LENGTH_MEASURE(2.E-2),#10);
#3166=PRESENTATION_STYLE_ASSIGNMENT((#3165));
#3167=STYLED_ITEM('',(#3166),#3164);
#3168=DIRECTION('',(1.E0,0.E0,0.E0));
#3169=VECTOR('',#3168,2.2E0);
#3170=CARTESIAN_POINT('',(2.2925E1,1.02E1,0.E0));
#3171=LINE('1704',#3170,#3169);
#3172=CURVE_STYLE('',#22,POSITIVE_LENGTH_MEASURE(2.E-2),#10);
#3173=PRESENTATION_STYLE_ASSIGNMENT((#3172));
#3174=STYLED_ITEM('',(#3173),#3171);
#3175=DIRECTION('',(0.E0,0.E0,1.E0));
#3176=VECTOR('',#3175,2.E2);
#3177=CARTESIAN_POINT('',(2.5125E1,1.02E1,0.E0));
#3178=LINE('1699',#3177,#3176);
#3179=CURVE_STYLE('',#22,POSITIVE_LENGTH_MEASURE(2.E-2),#10);
#3180=PRESENTATION_STYLE_ASSIGNMENT((#3179));
#3181=STYLED_ITEM('',(#3180),#3178);
#3182=DIRECTION('',(0.E0,0.E0,-1.E0));
#3183=VECTOR('',#3182,2.E2);
#3184=CARTESIAN_POINT('',(2.5425E1,1.05E1,2.E2));
#3185=LINE('1697',#3184,#3183);
#3186=CURVE_STYLE('',#22,POSITIVE_LENGTH_MEASURE(2.E-2),#10);
#3187=PRESENTATION_STYLE_ASSIGNMENT((#3186));
#3188=STYLED_ITEM('',(#3187),#3185);
#3189=DIRECTION('',(0.E0,1.E0,0.E0));
#3190=VECTOR('',#3189,7.E-1);
#3191=CARTESIAN_POINT('',(2.5425E1,1.05E1,0.E0));
#3192=LINE('1698',#3191,#3190);
#3193=CURVE_STYLE('',#22,POSITIVE_LENGTH_MEASURE(2.E-2),#10);
#3194=PRESENTATION_STYLE_ASSIGNMENT((#3193));
#3195=STYLED_ITEM('',(#3194),#3192);
#3196=DIRECTION('',(0.E0,0.E0,1.E0));
#3197=VECTOR('',#3196,2.E2);
#3198=CARTESIAN_POINT('',(2.5425E1,1.12E1,0.E0));
#3199=LINE('1693',#3198,#3197);
#3200=CURVE_STYLE('',#22,POSITIVE_LENGTH_MEASURE(2.E-2),#10);
#3201=PRESENTATION_STYLE_ASSIGNMENT((#3200));
#3202=STYLED_ITEM('',(#3201),#3199);
#3203=DIRECTION('',(0.E0,0.E0,-1.E0));
#3204=VECTOR('',#3203,2.E2);
#3205=CARTESIAN_POINT('',(2.4625E1,1.2E1,2.E2));
#3206=LINE('1691',#3205,#3204);
#3207=CURVE_STYLE('',#22,POSITIVE_LENGTH_MEASURE(2.E-2),#10);
#3208=PRESENTATION_STYLE_ASSIGNMENT((#3207));
#3209=STYLED_ITEM('',(#3208),#3206);
#3210=DIRECTION('',(-1.E0,0.E0,0.E0));
#3211=VECTOR('',#3210,1.325E1);
#3212=CARTESIAN_POINT('',(2.4625E1,1.2E1,0.E0));
#3213=LINE('1692',#3212,#3211);
#3214=CURVE_STYLE('',#22,POSITIVE_LENGTH_MEASURE(2.E-2),#10);
#3215=PRESENTATION_STYLE_ASSIGNMENT((#3214));
#3216=STYLED_ITEM('',(#3215),#3213);
#3217=DIRECTION('',(0.E0,0.E0,1.E0));
#3218=VECTOR('',#3217,2.E2);
#3219=CARTESIAN_POINT('',(1.1375E1,1.2E1,0.E0));
#3220=LINE('1637',#3219,#3218);
#3221=CURVE_STYLE('',#22,POSITIVE_LENGTH_MEASURE(2.E-2),#10);
#3222=PRESENTATION_STYLE_ASSIGNMENT((#3221));
#3223=STYLED_ITEM('',(#3222),#3220);
#3224=DIRECTION('',(0.E0,0.E0,-1.E0));
#3225=VECTOR('',#3224,2.E2);
#3226=CARTESIAN_POINT('',(1.0575E1,1.12E1,2.E2));
#3227=LINE('1635',#3226,#3225);
#3228=CURVE_STYLE('',#22,POSITIVE_LENGTH_MEASURE(2.E-2),#10);
#3229=PRESENTATION_STYLE_ASSIGNMENT((#3228));
#3230=STYLED_ITEM('',(#3229),#3227);
#3231=DIRECTION('',(0.E0,-1.E0,0.E0));
#3232=VECTOR('',#3231,7.E-1);
#3233=CARTESIAN_POINT('',(1.0575E1,1.12E1,0.E0));
#3234=LINE('1636',#3233,#3232);
#3235=CURVE_STYLE('',#22,POSITIVE_LENGTH_MEASURE(2.E-2),#10);
#3236=PRESENTATION_STYLE_ASSIGNMENT((#3235));
#3237=STYLED_ITEM('',(#3236),#3234);
#3238=DIRECTION('',(0.E0,0.E0,1.E0));
#3239=VECTOR('',#3238,2.E2);
#3240=CARTESIAN_POINT('',(1.0575E1,1.05E1,0.E0));
#3241=LINE('1631',#3240,#3239);
#3242=CURVE_STYLE('',#22,POSITIVE_LENGTH_MEASURE(2.E-2),#10);
#3243=PRESENTATION_STYLE_ASSIGNMENT((#3242));
#3244=STYLED_ITEM('',(#3243),#3241);
#3245=DIRECTION('',(0.E0,0.E0,-1.E0));
#3246=VECTOR('',#3245,2.E2);
#3247=CARTESIAN_POINT('',(1.0875E1,1.02E1,2.E2));
#3248=LINE('1629',#3247,#3246);
#3249=CURVE_STYLE('',#22,POSITIVE_LENGTH_MEASURE(2.E-2),#10);
#3250=PRESENTATION_STYLE_ASSIGNMENT((#3249));
#3251=STYLED_ITEM('',(#3250),#3248);
#3252=DIRECTION('',(1.E0,0.E0,0.E0));
#3253=VECTOR('',#3252,2.2E0);
#3254=CARTESIAN_POINT('',(1.0875E1,1.02E1,0.E0));
#3255=LINE('1630',#3254,#3253);
#3256=CURVE_STYLE('',#22,POSITIVE_LENGTH_MEASURE(2.E-2),#10);
#3257=PRESENTATION_STYLE_ASSIGNMENT((#3256));
#3258=STYLED_ITEM('',(#3257),#3255);
#3259=DIRECTION('',(0.E0,0.E0,1.E0));
#3260=VECTOR('',#3259,2.E2);
#3261=CARTESIAN_POINT('',(1.360533008589E1,8.919669914111E0,0.E0));
#3262=LINE('1623',#3261,#3260);
#3263=CURVE_STYLE('',#22,POSITIVE_LENGTH_MEASURE(2.E-2),#10);
#3264=PRESENTATION_STYLE_ASSIGNMENT((#3263));
#3265=STYLED_ITEM('',(#3264),#3262);
#3266=DIRECTION('',(0.E0,0.E0,-1.E0));
#3267=VECTOR('',#3266,2.E2);
#3268=CARTESIAN_POINT('',(1.3075E1,1.02E1,2.E2));
#3269=LINE('1626',#3268,#3267);
#3270=CURVE_STYLE('',#22,POSITIVE_LENGTH_MEASURE(2.E-2),#10);
#3271=PRESENTATION_STYLE_ASSIGNMENT((#3270));
#3272=STYLED_ITEM('',(#3271),#3269);
#3273=DIRECTION('',(0.E0,0.E0,1.E0));
#3274=VECTOR('',#3273,2.E2);
#3275=CARTESIAN_POINT('',(5.65E0,5.664339828220E0,0.E0));
#3276=LINE('1617',#3275,#3274);
#3277=CURVE_STYLE('',#22,POSITIVE_LENGTH_MEASURE(2.E-2),#10);
#3278=PRESENTATION_STYLE_ASSIGNMENT((#3277));
#3279=STYLED_ITEM('',(#3278),#3276);
#3280=DIRECTION('',(0.E0,0.E0,-1.E0));
#3281=VECTOR('',#3280,2.E2);
#3282=CARTESIAN_POINT('',(1.035E1,5.664339828219E0,2.E2));
#3283=LINE('1620',#3282,#3281);
#3284=CURVE_STYLE('',#22,POSITIVE_LENGTH_MEASURE(2.E-2),#10);
#3285=PRESENTATION_STYLE_ASSIGNMENT((#3284));
#3286=STYLED_ITEM('',(#3285),#3283);
#3287=DIRECTION('',(0.E0,0.E0,1.E0));
#3288=VECTOR('',#3287,2.E2);
#3289=CARTESIAN_POINT('',(2.925E0,1.02E1,0.E0));
#3290=LINE('1609',#3289,#3288);
#3291=CURVE_STYLE('',#22,POSITIVE_LENGTH_MEASURE(2.E-2),#10);
#3292=PRESENTATION_STYLE_ASSIGNMENT((#3291));
#3293=STYLED_ITEM('',(#3292),#3290);
#3294=DIRECTION('',(0.E0,0.E0,-1.E0));
#3295=VECTOR('',#3294,2.E2);
#3296=CARTESIAN_POINT('',(2.394669914110E0,8.919669914110E0,2.E2));
#3297=LINE('1613',#3296,#3295);
#3298=CURVE_STYLE('',#22,POSITIVE_LENGTH_MEASURE(2.E-2),#10);
#3299=PRESENTATION_STYLE_ASSIGNMENT((#3298));
#3300=STYLED_ITEM('',(#3299),#3297);
#3301=DIRECTION('',(1.E0,0.E0,0.E0));
#3302=VECTOR('',#3301,2.2E0);
#3303=CARTESIAN_POINT('',(2.925E0,1.02E1,0.E0));
#3304=LINE('1610',#3303,#3302);
#3305=CURVE_STYLE('',#22,POSITIVE_LENGTH_MEASURE(2.E-2),#10);
#3306=PRESENTATION_STYLE_ASSIGNMENT((#3305));
#3307=STYLED_ITEM('',(#3306),#3304);
#3308=DIRECTION('',(0.E0,0.E0,1.E0));
#3309=VECTOR('',#3308,2.E2);
#3310=CARTESIAN_POINT('',(5.125E0,1.02E1,0.E0));
#3311=LINE('1605',#3310,#3309);
#3312=CURVE_STYLE('',#22,POSITIVE_LENGTH_MEASURE(2.E-2),#10);
#3313=PRESENTATION_STYLE_ASSIGNMENT((#3312));
#3314=STYLED_ITEM('',(#3313),#3311);
#3315=DIRECTION('',(0.E0,0.E0,-1.E0));
#3316=VECTOR('',#3315,2.E2);
#3317=CARTESIAN_POINT('',(5.425E0,1.05E1,2.E2));
#3318=LINE('1603',#3317,#3316);
#3319=CURVE_STYLE('',#22,POSITIVE_LENGTH_MEASURE(2.E-2),#10);
#3320=PRESENTATION_STYLE_ASSIGNMENT((#3319));
#3321=STYLED_ITEM('',(#3320),#3318);
#3322=DIRECTION('',(0.E0,1.E0,0.E0));
#3323=VECTOR('',#3322,7.E-1);
#3324=CARTESIAN_POINT('',(5.425E0,1.05E1,0.E0));
#3325=LINE('1604',#3324,#3323);
#3326=CURVE_STYLE('',#22,POSITIVE_LENGTH_MEASURE(2.E-2),#10);
#3327=PRESENTATION_STYLE_ASSIGNMENT((#3326));
#3328=STYLED_ITEM('',(#3327),#3325);
#3329=DIRECTION('',(0.E0,0.E0,1.E0));
#3330=VECTOR('',#3329,2.E2);
#3331=CARTESIAN_POINT('',(5.425E0,1.12E1,0.E0));
#3332=LINE('1599',#3331,#3330);
#3333=CURVE_STYLE('',#22,POSITIVE_LENGTH_MEASURE(2.E-2),#10);
#3334=PRESENTATION_STYLE_ASSIGNMENT((#3333));
#3335=STYLED_ITEM('',(#3334),#3332);
#3336=DIRECTION('',(0.E0,0.E0,-1.E0));
#3337=VECTOR('',#3336,2.E2);
#3338=CARTESIAN_POINT('',(4.625E0,1.2E1,2.E2));
#3339=LINE('1597',#3338,#3337);
#3340=CURVE_STYLE('',#22,POSITIVE_LENGTH_MEASURE(2.E-2),#10);
#3341=PRESENTATION_STYLE_ASSIGNMENT((#3340));
#3342=STYLED_ITEM('',(#3341),#3339);
#3343=CARTESIAN_POINT('',(-2.E0,0.E0,2.E2));
#3344=CARTESIAN_POINT('',(-2.E0,0.E0,0.E0));
#3345=VERTEX_POINT('',#3343);
#3346=VERTEX_POINT('',#3344);
#3347=CARTESIAN_POINT('',(-2.E0,1.2E1,2.E2));
#3348=VERTEX_POINT('',#3347);
#3349=CARTESIAN_POINT('',(-2.E0,1.2E1,0.E0));
#3350=VERTEX_POINT('',#3349);
#3351=CARTESIAN_POINT('',(4.625E0,1.2E1,2.E2));
#3352=VERTEX_POINT('',#3351);
#3353=CARTESIAN_POINT('',(4.625E0,1.2E1,0.E0));
#3354=VERTEX_POINT('',#3353);
#3355=CARTESIAN_POINT('',(5.425E0,1.12E1,0.E0));
#3356=CARTESIAN_POINT('',(5.425E0,1.12E1,2.E2));
#3357=VERTEX_POINT('',#3355);
#3358=VERTEX_POINT('',#3356);
#3359=CARTESIAN_POINT('',(5.425E0,1.05E1,2.E2));
#3360=VERTEX_POINT('',#3359);
#3361=CARTESIAN_POINT('',(5.425E0,1.05E1,0.E0));
#3362=VERTEX_POINT('',#3361);
#3363=CARTESIAN_POINT('',(5.125E0,1.02E1,0.E0));
#3364=CARTESIAN_POINT('',(5.125E0,1.02E1,2.E2));
#3365=VERTEX_POINT('',#3363);
#3366=VERTEX_POINT('',#3364);
#3367=CARTESIAN_POINT('',(2.925E0,1.02E1,2.E2));
#3368=VERTEX_POINT('',#3367);
#3369=CARTESIAN_POINT('',(2.925E0,1.02E1,0.E0));
#3370=VERTEX_POINT('',#3369);
#3371=CARTESIAN_POINT('',(2.175E0,9.45E0,2.E2));
#3372=VERTEX_POINT('',#3371);
#3373=CARTESIAN_POINT('',(2.394669914111E0,8.919669914109E0,2.E2));
#3374=VERTEX_POINT('',#3373);
#3375=CARTESIAN_POINT('',(2.394669914110E0,8.919669914110E0,0.E0));
#3376=VERTEX_POINT('',#3375);
#3377=CARTESIAN_POINT('',(2.175E0,9.45E0,0.E0));
#3378=VERTEX_POINT('',#3377);
#3379=CARTESIAN_POINT('',(5.65E0,5.664339828220E0,2.E2));
#3380=VERTEX_POINT('',#3379);
#3381=CARTESIAN_POINT('',(5.65E0,5.664339828220E0,0.E0));
#3382=VERTEX_POINT('',#3381);
#3383=CARTESIAN_POINT('',(1.035E1,5.664339828219E0,2.E2));
#3384=VERTEX_POINT('',#3383);
#3385=CARTESIAN_POINT('',(1.035E1,5.664339828219E0,0.E0));
#3386=VERTEX_POINT('',#3385);
#3387=CARTESIAN_POINT('',(1.360533008589E1,8.919669914111E0,2.E2));
#3388=VERTEX_POINT('',#3387);
#3389=CARTESIAN_POINT('',(1.360533008589E1,8.919669914111E0,0.E0));
#3390=VERTEX_POINT('',#3389);
#3391=CARTESIAN_POINT('',(1.3075E1,1.02E1,2.E2));
#3392=VERTEX_POINT('',#3391);
#3393=CARTESIAN_POINT('',(1.3075E1,1.02E1,0.E0));
#3394=VERTEX_POINT('',#3393);
#3395=CARTESIAN_POINT('',(1.0875E1,1.02E1,2.E2));
#3396=VERTEX_POINT('',#3395);
#3397=CARTESIAN_POINT('',(1.0875E1,1.02E1,0.E0));
#3398=VERTEX_POINT('',#3397);
#3399=CARTESIAN_POINT('',(1.0575E1,1.05E1,0.E0));
#3400=CARTESIAN_POINT('',(1.0575E1,1.05E1,2.E2));
#3401=VERTEX_POINT('',#3399);
#3402=VERTEX_POINT('',#3400);
#3403=CARTESIAN_POINT('',(1.0575E1,1.12E1,2.E2));
#3404=VERTEX_POINT('',#3403);
#3405=CARTESIAN_POINT('',(1.0575E1,1.12E1,0.E0));
#3406=VERTEX_POINT('',#3405);
#3407=CARTESIAN_POINT('',(1.1375E1,1.2E1,0.E0));
#3408=CARTESIAN_POINT('',(1.1375E1,1.2E1,2.E2));
#3409=VERTEX_POINT('',#3407);
#3410=VERTEX_POINT('',#3408);
#3411=CARTESIAN_POINT('',(1.98E2,0.E0,0.E0));
#3412=VERTEX_POINT('',#3411);
#3413=CARTESIAN_POINT('',(1.98E2,0.E0,2.E2));
#3414=VERTEX_POINT('',#3413);
#3415=CARTESIAN_POINT('',(1.85425E2,1.12E1,0.E0));
#3416=CARTESIAN_POINT('',(1.85425E2,1.12E1,2.E2));
#3417=VERTEX_POINT('',#3415);
#3418=VERTEX_POINT('',#3416);
#3419=CARTESIAN_POINT('',(1.84625E2,1.2E1,2.E2));
#3420=VERTEX_POINT('',#3419);
#3421=CARTESIAN_POINT('',(1.84625E2,1.2E1,0.E0));
#3422=VERTEX_POINT('',#3421);
#3423=CARTESIAN_POINT('',(1.85425E2,1.05E1,2.E2));
#3424=VERTEX_POINT('',#3423);
#3425=CARTESIAN_POINT('',(1.85425E2,1.05E1,0.E0));
#3426=VERTEX_POINT('',#3425);
#3427=CARTESIAN_POINT('',(1.85125E2,1.02E1,0.E0));
#3428=CARTESIAN_POINT('',(1.85125E2,1.02E1,2.E2));
#3429=VERTEX_POINT('',#3427);
#3430=VERTEX_POINT('',#3428);
#3431=CARTESIAN_POINT('',(1.82925E2,1.02E1,2.E2));
#3432=VERTEX_POINT('',#3431);
#3433=CARTESIAN_POINT('',(1.82925E2,1.02E1,0.E0));
#3434=VERTEX_POINT('',#3433);
#3435=CARTESIAN_POINT('',(1.82175E2,9.45E0,2.E2));
#3436=VERTEX_POINT('',#3435);
#3437=CARTESIAN_POINT('',(1.823946699141E2,8.919669914109E0,2.E2));
#3438=VERTEX_POINT('',#3437);
#3439=CARTESIAN_POINT('',(1.823946699141E2,8.919669914110E0,0.E0));
#3440=VERTEX_POINT('',#3439);
#3441=CARTESIAN_POINT('',(1.82175E2,9.45E0,0.E0));
#3442=VERTEX_POINT('',#3441);
#3443=CARTESIAN_POINT('',(1.8565E2,5.664339828220E0,2.E2));
#3444=VERTEX_POINT('',#3443);
#3445=CARTESIAN_POINT('',(1.8565E2,5.664339828220E0,0.E0));
#3446=VERTEX_POINT('',#3445);
#3447=CARTESIAN_POINT('',(1.9035E2,5.664339828221E0,2.E2));
#3448=VERTEX_POINT('',#3447);
#3449=CARTESIAN_POINT('',(1.9035E2,5.664339828220E0,0.E0));
#3450=VERTEX_POINT('',#3449);
#3451=CARTESIAN_POINT('',(1.936053300859E2,8.919669914110E0,2.E2));
#3452=VERTEX_POINT('',#3451);
#3453=CARTESIAN_POINT('',(1.936053300859E2,8.919669914110E0,0.E0));
#3454=VERTEX_POINT('',#3453);
#3455=CARTESIAN_POINT('',(1.93075E2,1.02E1,2.E2));
#3456=VERTEX_POINT('',#3455);
#3457=CARTESIAN_POINT('',(1.93075E2,1.02E1,0.E0));
#3458=VERTEX_POINT('',#3457);
#3459=CARTESIAN_POINT('',(1.90875E2,1.02E1,2.E2));
#3460=VERTEX_POINT('',#3459);
#3461=CARTESIAN_POINT('',(1.90875E2,1.02E1,0.E0));
#3462=VERTEX_POINT('',#3461);
#3463=CARTESIAN_POINT('',(1.90575E2,1.05E1,0.E0));
#3464=CARTESIAN_POINT('',(1.90575E2,1.05E1,2.E2));
#3465=VERTEX_POINT('',#3463);
#3466=VERTEX_POINT('',#3464);
#3467=CARTESIAN_POINT('',(1.90575E2,1.12E1,2.E2));
#3468=VERTEX_POINT('',#3467);
#3469=CARTESIAN_POINT('',(1.90575E2,1.12E1,0.E0));
#3470=VERTEX_POINT('',#3469);
#3471=CARTESIAN_POINT('',(1.91375E2,1.2E1,0.E0));
#3472=CARTESIAN_POINT('',(1.91375E2,1.2E1,2.E2));
#3473=VERTEX_POINT('',#3471);
#3474=VERTEX_POINT('',#3472);
#3475=CARTESIAN_POINT('',(1.98E2,1.2E1,2.E2));
#3476=VERTEX_POINT('',#3475);
#3477=CARTESIAN_POINT('',(1.98E2,1.2E1,0.E0));
#3478=VERTEX_POINT('',#3477);
#3479=CARTESIAN_POINT('',(2.4625E1,1.2E1,2.E2));
#3480=VERTEX_POINT('',#3479);
#3481=CARTESIAN_POINT('',(2.4625E1,1.2E1,0.E0));
#3482=VERTEX_POINT('',#3481);
#3483=CARTESIAN_POINT('',(2.5425E1,1.12E1,0.E0));
#3484=CARTESIAN_POINT('',(2.5425E1,1.12E1,2.E2));
#3485=VERTEX_POINT('',#3483);
#3486=VERTEX_POINT('',#3484);
#3487=CARTESIAN_POINT('',(2.5425E1,1.05E1,2.E2));
#3488=VERTEX_POINT('',#3487);
#3489=CARTESIAN_POINT('',(2.5425E1,1.05E1,0.E0));
#3490=VERTEX_POINT('',#3489);
#3491=CARTESIAN_POINT('',(2.5125E1,1.02E1,0.E0));
#3492=CARTESIAN_POINT('',(2.5125E1,1.02E1,2.E2));
#3493=VERTEX_POINT('',#3491);
#3494=VERTEX_POINT('',#3492);
#3495=CARTESIAN_POINT('',(2.2925E1,1.02E1,2.E2));
#3496=VERTEX_POINT('',#3495);
#3497=CARTESIAN_POINT('',(2.2925E1,1.02E1,0.E0));
#3498=VERTEX_POINT('',#3497);
#3499=CARTESIAN_POINT('',(2.2175E1,9.45E0,2.E2));
#3500=VERTEX_POINT('',#3499);
#3501=CARTESIAN_POINT('',(2.239466991411E1,8.919669914109E0,2.E2));
#3502=VERTEX_POINT('',#3501);
#3503=CARTESIAN_POINT('',(2.239466991411E1,8.919669914110E0,0.E0));
#3504=VERTEX_POINT('',#3503);
#3505=CARTESIAN_POINT('',(2.2175E1,9.45E0,0.E0));
#3506=VERTEX_POINT('',#3505);
#3507=CARTESIAN_POINT('',(2.565E1,5.664339828220E0,2.E2));
#3508=VERTEX_POINT('',#3507);
#3509=CARTESIAN_POINT('',(2.565E1,5.664339828220E0,0.E0));
#3510=VERTEX_POINT('',#3509);
#3511=CARTESIAN_POINT('',(3.035E1,5.664339828219E0,2.E2));
#3512=VERTEX_POINT('',#3511);
#3513=CARTESIAN_POINT('',(3.035E1,5.664339828219E0,0.E0));
#3514=VERTEX_POINT('',#3513);
#3515=CARTESIAN_POINT('',(3.360533008589E1,8.919669914111E0,2.E2));
#3516=VERTEX_POINT('',#3515);
#3517=CARTESIAN_POINT('',(3.360533008589E1,8.919669914111E0,0.E0));
#3518=VERTEX_POINT('',#3517);
#3519=CARTESIAN_POINT('',(3.3075E1,1.02E1,2.E2));
#3520=VERTEX_POINT('',#3519);
#3521=CARTESIAN_POINT('',(3.3075E1,1.02E1,0.E0));
#3522=VERTEX_POINT('',#3521);
#3523=CARTESIAN_POINT('',(3.0875E1,1.02E1,2.E2));
#3524=VERTEX_POINT('',#3523);
#3525=CARTESIAN_POINT('',(3.0875E1,1.02E1,0.E0));
#3526=VERTEX_POINT('',#3525);
#3527=CARTESIAN_POINT('',(3.0575E1,1.05E1,0.E0));
#3528=CARTESIAN_POINT('',(3.0575E1,1.05E1,2.E2));
#3529=VERTEX_POINT('',#3527);
#3530=VERTEX_POINT('',#3528);
#3531=CARTESIAN_POINT('',(3.0575E1,1.12E1,2.E2));
#3532=VERTEX_POINT('',#3531);
#3533=CARTESIAN_POINT('',(3.0575E1,1.12E1,0.E0));
#3534=VERTEX_POINT('',#3533);
#3535=CARTESIAN_POINT('',(3.1375E1,1.2E1,0.E0));
#3536=CARTESIAN_POINT('',(3.1375E1,1.2E1,2.E2));
#3537=VERTEX_POINT('',#3535);
#3538=VERTEX_POINT('',#3536);
#3539=CARTESIAN_POINT('',(4.4625E1,1.2E1,2.E2));
#3540=VERTEX_POINT('',#3539);
#3541=CARTESIAN_POINT('',(4.4625E1,1.2E1,0.E0));
#3542=VERTEX_POINT('',#3541);
#3543=CARTESIAN_POINT('',(4.5425E1,1.12E1,0.E0));
#3544=CARTESIAN_POINT('',(4.5425E1,1.12E1,2.E2));
#3545=VERTEX_POINT('',#3543);
#3546=VERTEX_POINT('',#3544);
#3547=CARTESIAN_POINT('',(4.5425E1,1.05E1,2.E2));
#3548=VERTEX_POINT('',#3547);
#3549=CARTESIAN_POINT('',(4.5425E1,1.05E1,0.E0));
#3550=VERTEX_POINT('',#3549);
#3551=CARTESIAN_POINT('',(4.5125E1,1.02E1,0.E0));
#3552=CARTESIAN_POINT('',(4.5125E1,1.02E1,2.E2));
#3553=VERTEX_POINT('',#3551);
#3554=VERTEX_POINT('',#3552);
#3555=CARTESIAN_POINT('',(4.2925E1,1.02E1,2.E2));
#3556=VERTEX_POINT('',#3555);
#3557=CARTESIAN_POINT('',(4.2925E1,1.02E1,0.E0));
#3558=VERTEX_POINT('',#3557);
#3559=CARTESIAN_POINT('',(4.2175E1,9.45E0,2.E2));
#3560=VERTEX_POINT('',#3559);
#3561=CARTESIAN_POINT('',(4.239466991411E1,8.919669914109E0,2.E2));
#3562=VERTEX_POINT('',#3561);
#3563=CARTESIAN_POINT('',(4.239466991411E1,8.919669914110E0,0.E0));
#3564=VERTEX_POINT('',#3563);
#3565=CARTESIAN_POINT('',(4.2175E1,9.45E0,0.E0));
#3566=VERTEX_POINT('',#3565);
#3567=CARTESIAN_POINT('',(4.565E1,5.664339828220E0,2.E2));
#3568=VERTEX_POINT('',#3567);
#3569=CARTESIAN_POINT('',(4.565E1,5.664339828220E0,0.E0));
#3570=VERTEX_POINT('',#3569);
#3571=CARTESIAN_POINT('',(5.035E1,5.664339828219E0,2.E2));
#3572=VERTEX_POINT('',#3571);
#3573=CARTESIAN_POINT('',(5.035E1,5.664339828219E0,0.E0));
#3574=VERTEX_POINT('',#3573);
#3575=CARTESIAN_POINT('',(5.360533008589E1,8.919669914111E0,2.E2));
#3576=VERTEX_POINT('',#3575);
#3577=CARTESIAN_POINT('',(5.360533008589E1,8.919669914111E0,0.E0));
#3578=VERTEX_POINT('',#3577);
#3579=CARTESIAN_POINT('',(5.3075E1,1.02E1,2.E2));
#3580=VERTEX_POINT('',#3579);
#3581=CARTESIAN_POINT('',(5.3075E1,1.02E1,0.E0));
#3582=VERTEX_POINT('',#3581);
#3583=CARTESIAN_POINT('',(5.0875E1,1.02E1,2.E2));
#3584=VERTEX_POINT('',#3583);
#3585=CARTESIAN_POINT('',(5.0875E1,1.02E1,0.E0));
#3586=VERTEX_POINT('',#3585);
#3587=CARTESIAN_POINT('',(5.0575E1,1.05E1,0.E0));
#3588=CARTESIAN_POINT('',(5.0575E1,1.05E1,2.E2));
#3589=VERTEX_POINT('',#3587);
#3590=VERTEX_POINT('',#3588);
#3591=CARTESIAN_POINT('',(5.0575E1,1.12E1,2.E2));
#3592=VERTEX_POINT('',#3591);
#3593=CARTESIAN_POINT('',(5.0575E1,1.12E1,0.E0));
#3594=VERTEX_POINT('',#3593);
#3595=CARTESIAN_POINT('',(5.1375E1,1.2E1,0.E0));
#3596=CARTESIAN_POINT('',(5.1375E1,1.2E1,2.E2));
#3597=VERTEX_POINT('',#3595);
#3598=VERTEX_POINT('',#3596);
#3599=CARTESIAN_POINT('',(6.4625E1,1.2E1,2.E2));
#3600=VERTEX_POINT('',#3599);
#3601=CARTESIAN_POINT('',(6.4625E1,1.2E1,0.E0));
#3602=VERTEX_POINT('',#3601);
#3603=CARTESIAN_POINT('',(6.5425E1,1.12E1,0.E0));
#3604=CARTESIAN_POINT('',(6.5425E1,1.12E1,2.E2));
#3605=VERTEX_POINT('',#3603);
#3606=VERTEX_POINT('',#3604);
#3607=CARTESIAN_POINT('',(6.5425E1,1.05E1,2.E2));
#3608=VERTEX_POINT('',#3607);
#3609=CARTESIAN_POINT('',(6.5425E1,1.05E1,0.E0));
#3610=VERTEX_POINT('',#3609);
#3611=CARTESIAN_POINT('',(6.5125E1,1.02E1,0.E0));
#3612=CARTESIAN_POINT('',(6.5125E1,1.02E1,2.E2));
#3613=VERTEX_POINT('',#3611);
#3614=VERTEX_POINT('',#3612);
#3615=CARTESIAN_POINT('',(6.2925E1,1.02E1,2.E2));
#3616=VERTEX_POINT('',#3615);
#3617=CARTESIAN_POINT('',(6.2925E1,1.02E1,0.E0));
#3618=VERTEX_POINT('',#3617);
#3619=CARTESIAN_POINT('',(6.2175E1,9.45E0,2.E2));
#3620=VERTEX_POINT('',#3619);
#3621=CARTESIAN_POINT('',(6.239466991411E1,8.919669914109E0,2.E2));
#3622=VERTEX_POINT('',#3621);
#3623=CARTESIAN_POINT('',(6.239466991411E1,8.919669914110E0,0.E0));
#3624=VERTEX_POINT('',#3623);
#3625=CARTESIAN_POINT('',(6.2175E1,9.45E0,0.E0));
#3626=VERTEX_POINT('',#3625);
#3627=CARTESIAN_POINT('',(6.565E1,5.664339828220E0,2.E2));
#3628=VERTEX_POINT('',#3627);
#3629=CARTESIAN_POINT('',(6.565E1,5.664339828220E0,0.E0));
#3630=VERTEX_POINT('',#3629);
#3631=CARTESIAN_POINT('',(7.035E1,5.664339828219E0,2.E2));
#3632=VERTEX_POINT('',#3631);
#3633=CARTESIAN_POINT('',(7.035E1,5.664339828219E0,0.E0));
#3634=VERTEX_POINT('',#3633);
#3635=CARTESIAN_POINT('',(7.360533008589E1,8.919669914111E0,2.E2));
#3636=VERTEX_POINT('',#3635);
#3637=CARTESIAN_POINT('',(7.360533008589E1,8.919669914111E0,0.E0));
#3638=VERTEX_POINT('',#3637);
#3639=CARTESIAN_POINT('',(7.3075E1,1.02E1,2.E2));
#3640=VERTEX_POINT('',#3639);
#3641=CARTESIAN_POINT('',(7.3075E1,1.02E1,0.E0));
#3642=VERTEX_POINT('',#3641);
#3643=CARTESIAN_POINT('',(7.0875E1,1.02E1,2.E2));
#3644=VERTEX_POINT('',#3643);
#3645=CARTESIAN_POINT('',(7.0875E1,1.02E1,0.E0));
#3646=VERTEX_POINT('',#3645);
#3647=CARTESIAN_POINT('',(7.0575E1,1.05E1,0.E0));
#3648=CARTESIAN_POINT('',(7.0575E1,1.05E1,2.E2));
#3649=VERTEX_POINT('',#3647);
#3650=VERTEX_POINT('',#3648);
#3651=CARTESIAN_POINT('',(7.0575E1,1.12E1,2.E2));
#3652=VERTEX_POINT('',#3651);
#3653=CARTESIAN_POINT('',(7.0575E1,1.12E1,0.E0));
#3654=VERTEX_POINT('',#3653);
#3655=CARTESIAN_POINT('',(7.1375E1,1.2E1,0.E0));
#3656=CARTESIAN_POINT('',(7.1375E1,1.2E1,2.E2));
#3657=VERTEX_POINT('',#3655);
#3658=VERTEX_POINT('',#3656);
#3659=CARTESIAN_POINT('',(8.4625E1,1.2E1,2.E2));
#3660=VERTEX_POINT('',#3659);
#3661=CARTESIAN_POINT('',(8.4625E1,1.2E1,0.E0));
#3662=VERTEX_POINT('',#3661);
#3663=CARTESIAN_POINT('',(8.5425E1,1.12E1,0.E0));
#3664=CARTESIAN_POINT('',(8.5425E1,1.12E1,2.E2));
#3665=VERTEX_POINT('',#3663);
#3666=VERTEX_POINT('',#3664);
#3667=CARTESIAN_POINT('',(8.5425E1,1.05E1,2.E2));
#3668=VERTEX_POINT('',#3667);
#3669=CARTESIAN_POINT('',(8.5425E1,1.05E1,0.E0));
#3670=VERTEX_POINT('',#3669);
#3671=CARTESIAN_POINT('',(8.5125E1,1.02E1,0.E0));
#3672=CARTESIAN_POINT('',(8.5125E1,1.02E1,2.E2));
#3673=VERTEX_POINT('',#3671);
#3674=VERTEX_POINT('',#3672);
#3675=CARTESIAN_POINT('',(8.2925E1,1.02E1,2.E2));
#3676=VERTEX_POINT('',#3675);
#3677=CARTESIAN_POINT('',(8.2925E1,1.02E1,0.E0));
#3678=VERTEX_POINT('',#3677);
#3679=CARTESIAN_POINT('',(8.2175E1,9.45E0,2.E2));
#3680=VERTEX_POINT('',#3679);
#3681=CARTESIAN_POINT('',(8.239466991411E1,8.919669914109E0,2.E2));
#3682=VERTEX_POINT('',#3681);
#3683=CARTESIAN_POINT('',(8.239466991411E1,8.919669914110E0,0.E0));
#3684=VERTEX_POINT('',#3683);
#3685=CARTESIAN_POINT('',(8.2175E1,9.45E0,0.E0));
#3686=VERTEX_POINT('',#3685);
#3687=CARTESIAN_POINT('',(8.565E1,5.664339828220E0,2.E2));
#3688=VERTEX_POINT('',#3687);
#3689=CARTESIAN_POINT('',(8.565E1,5.664339828220E0,0.E0));
#3690=VERTEX_POINT('',#3689);
#3691=CARTESIAN_POINT('',(9.035E1,5.664339828219E0,2.E2));
#3692=VERTEX_POINT('',#3691);
#3693=CARTESIAN_POINT('',(9.035E1,5.664339828219E0,0.E0));
#3694=VERTEX_POINT('',#3693);
#3695=CARTESIAN_POINT('',(9.360533008589E1,8.919669914111E0,2.E2));
#3696=VERTEX_POINT('',#3695);
#3697=CARTESIAN_POINT('',(9.360533008589E1,8.919669914111E0,0.E0));
#3698=VERTEX_POINT('',#3697);
#3699=CARTESIAN_POINT('',(9.3075E1,1.02E1,2.E2));
#3700=VERTEX_POINT('',#3699);
#3701=CARTESIAN_POINT('',(9.3075E1,1.02E1,0.E0));
#3702=VERTEX_POINT('',#3701);
#3703=CARTESIAN_POINT('',(9.0875E1,1.02E1,2.E2));
#3704=VERTEX_POINT('',#3703);
#3705=CARTESIAN_POINT('',(9.0875E1,1.02E1,0.E0));
#3706=VERTEX_POINT('',#3705);
#3707=CARTESIAN_POINT('',(9.0575E1,1.05E1,0.E0));
#3708=CARTESIAN_POINT('',(9.0575E1,1.05E1,2.E2));
#3709=VERTEX_POINT('',#3707);
#3710=VERTEX_POINT('',#3708);
#3711=CARTESIAN_POINT('',(9.0575E1,1.12E1,2.E2));
#3712=VERTEX_POINT('',#3711);
#3713=CARTESIAN_POINT('',(9.0575E1,1.12E1,0.E0));
#3714=VERTEX_POINT('',#3713);
#3715=CARTESIAN_POINT('',(9.1375E1,1.2E1,0.E0));
#3716=CARTESIAN_POINT('',(9.1375E1,1.2E1,2.E2));
#3717=VERTEX_POINT('',#3715);
#3718=VERTEX_POINT('',#3716);
#3719=CARTESIAN_POINT('',(1.04625E2,1.2E1,2.E2));
#3720=VERTEX_POINT('',#3719);
#3721=CARTESIAN_POINT('',(1.04625E2,1.2E1,0.E0));
#3722=VERTEX_POINT('',#3721);
#3723=CARTESIAN_POINT('',(1.05425E2,1.12E1,0.E0));
#3724=CARTESIAN_POINT('',(1.05425E2,1.12E1,2.E2));
#3725=VERTEX_POINT('',#3723);
#3726=VERTEX_POINT('',#3724);
#3727=CARTESIAN_POINT('',(1.05425E2,1.05E1,2.E2));
#3728=VERTEX_POINT('',#3727);
#3729=CARTESIAN_POINT('',(1.05425E2,1.05E1,0.E0));
#3730=VERTEX_POINT('',#3729);
#3731=CARTESIAN_POINT('',(1.05125E2,1.02E1,0.E0));
#3732=CARTESIAN_POINT('',(1.05125E2,1.02E1,2.E2));
#3733=VERTEX_POINT('',#3731);
#3734=VERTEX_POINT('',#3732);
#3735=CARTESIAN_POINT('',(1.02925E2,1.02E1,2.E2));
#3736=VERTEX_POINT('',#3735);
#3737=CARTESIAN_POINT('',(1.02925E2,1.02E1,0.E0));
#3738=VERTEX_POINT('',#3737);
#3739=CARTESIAN_POINT('',(1.02175E2,9.45E0,2.E2));
#3740=VERTEX_POINT('',#3739);
#3741=CARTESIAN_POINT('',(1.023946699141E2,8.919669914109E0,2.E2));
#3742=VERTEX_POINT('',#3741);
#3743=CARTESIAN_POINT('',(1.023946699141E2,8.919669914110E0,0.E0));
#3744=VERTEX_POINT('',#3743);
#3745=CARTESIAN_POINT('',(1.02175E2,9.45E0,0.E0));
#3746=VERTEX_POINT('',#3745);
#3747=CARTESIAN_POINT('',(1.0565E2,5.664339828220E0,2.E2));
#3748=VERTEX_POINT('',#3747);
#3749=CARTESIAN_POINT('',(1.0565E2,5.664339828220E0,0.E0));
#3750=VERTEX_POINT('',#3749);
#3751=CARTESIAN_POINT('',(1.1035E2,5.664339828198E0,2.E2));
#3752=VERTEX_POINT('',#3751);
#3753=CARTESIAN_POINT('',(1.1035E2,5.664339828212E0,0.E0));
#3754=VERTEX_POINT('',#3753);
#3755=CARTESIAN_POINT('',(1.136053300859E2,8.919669914126E0,2.E2));
#3756=VERTEX_POINT('',#3755);
#3757=CARTESIAN_POINT('',(1.136053300859E2,8.919669914126E0,0.E0));
#3758=VERTEX_POINT('',#3757);
#3759=CARTESIAN_POINT('',(1.13075E2,1.02E1,2.E2));
#3760=VERTEX_POINT('',#3759);
#3761=CARTESIAN_POINT('',(1.13075E2,1.02E1,0.E0));
#3762=VERTEX_POINT('',#3761);
#3763=CARTESIAN_POINT('',(1.10875E2,1.02E1,2.E2));
#3764=VERTEX_POINT('',#3763);
#3765=CARTESIAN_POINT('',(1.10875E2,1.02E1,0.E0));
#3766=VERTEX_POINT('',#3765);
#3767=CARTESIAN_POINT('',(1.10575E2,1.05E1,0.E0));
#3768=CARTESIAN_POINT('',(1.10575E2,1.05E1,2.E2));
#3769=VERTEX_POINT('',#3767);
#3770=VERTEX_POINT('',#3768);
#3771=CARTESIAN_POINT('',(1.10575E2,1.12E1,2.E2));
#3772=VERTEX_POINT('',#3771);
#3773=CARTESIAN_POINT('',(1.10575E2,1.12E1,0.E0));
#3774=VERTEX_POINT('',#3773);
#3775=CARTESIAN_POINT('',(1.11375E2,1.2E1,0.E0));
#3776=CARTESIAN_POINT('',(1.11375E2,1.2E1,2.E2));
#3777=VERTEX_POINT('',#3775);
#3778=VERTEX_POINT('',#3776);
#3779=CARTESIAN_POINT('',(1.24625E2,1.2E1,2.E2));
#3780=VERTEX_POINT('',#3779);
#3781=CARTESIAN_POINT('',(1.24625E2,1.2E1,0.E0));
#3782=VERTEX_POINT('',#3781);
#3783=CARTESIAN_POINT('',(1.25425E2,1.12E1,0.E0));
#3784=CARTESIAN_POINT('',(1.25425E2,1.12E1,2.E2));
#3785=VERTEX_POINT('',#3783);
#3786=VERTEX_POINT('',#3784);
#3787=CARTESIAN_POINT('',(1.25425E2,1.05E1,2.E2));
#3788=VERTEX_POINT('',#3787);
#3789=CARTESIAN_POINT('',(1.25425E2,1.05E1,0.E0));
#3790=VERTEX_POINT('',#3789);
#3791=CARTESIAN_POINT('',(1.25125E2,1.02E1,0.E0));
#3792=CARTESIAN_POINT('',(1.25125E2,1.02E1,2.E2));
#3793=VERTEX_POINT('',#3791);
#3794=VERTEX_POINT('',#3792);
#3795=CARTESIAN_POINT('',(1.22925E2,1.02E1,2.E2));
#3796=VERTEX_POINT('',#3795);
#3797=CARTESIAN_POINT('',(1.22925E2,1.02E1,0.E0));
#3798=VERTEX_POINT('',#3797);
#3799=CARTESIAN_POINT('',(1.22175E2,9.45E0,2.E2));
#3800=VERTEX_POINT('',#3799);
#3801=CARTESIAN_POINT('',(1.223946699141E2,8.919669914109E0,2.E2));
#3802=VERTEX_POINT('',#3801);
#3803=CARTESIAN_POINT('',(1.223946699141E2,8.919669914110E0,0.E0));
#3804=VERTEX_POINT('',#3803);
#3805=CARTESIAN_POINT('',(1.22175E2,9.45E0,0.E0));
#3806=VERTEX_POINT('',#3805);
#3807=CARTESIAN_POINT('',(1.2565E2,5.664339828220E0,2.E2));
#3808=VERTEX_POINT('',#3807);
#3809=CARTESIAN_POINT('',(1.2565E2,5.664339828220E0,0.E0));
#3810=VERTEX_POINT('',#3809);
#3811=CARTESIAN_POINT('',(1.3035E2,5.664339828221E0,2.E2));
#3812=VERTEX_POINT('',#3811);
#3813=CARTESIAN_POINT('',(1.3035E2,5.664339828220E0,0.E0));
#3814=VERTEX_POINT('',#3813);
#3815=CARTESIAN_POINT('',(1.336053300859E2,8.919669914110E0,2.E2));
#3816=VERTEX_POINT('',#3815);
#3817=CARTESIAN_POINT('',(1.336053300859E2,8.919669914110E0,0.E0));
#3818=VERTEX_POINT('',#3817);
#3819=CARTESIAN_POINT('',(1.33075E2,1.02E1,2.E2));
#3820=VERTEX_POINT('',#3819);
#3821=CARTESIAN_POINT('',(1.33075E2,1.02E1,0.E0));
#3822=VERTEX_POINT('',#3821);
#3823=CARTESIAN_POINT('',(1.30875E2,1.02E1,2.E2));
#3824=VERTEX_POINT('',#3823);
#3825=CARTESIAN_POINT('',(1.30875E2,1.02E1,0.E0));
#3826=VERTEX_POINT('',#3825);
#3827=CARTESIAN_POINT('',(1.30575E2,1.05E1,0.E0));
#3828=CARTESIAN_POINT('',(1.30575E2,1.05E1,2.E2));
#3829=VERTEX_POINT('',#3827);
#3830=VERTEX_POINT('',#3828);
#3831=CARTESIAN_POINT('',(1.30575E2,1.12E1,2.E2));
#3832=VERTEX_POINT('',#3831);
#3833=CARTESIAN_POINT('',(1.30575E2,1.12E1,0.E0));
#3834=VERTEX_POINT('',#3833);
#3835=CARTESIAN_POINT('',(1.31375E2,1.2E1,0.E0));
#3836=CARTESIAN_POINT('',(1.31375E2,1.2E1,2.E2));
#3837=VERTEX_POINT('',#3835);
#3838=VERTEX_POINT('',#3836);
#3839=CARTESIAN_POINT('',(1.44625E2,1.2E1,2.E2));
#3840=VERTEX_POINT('',#3839);
#3841=CARTESIAN_POINT('',(1.44625E2,1.2E1,0.E0));
#3842=VERTEX_POINT('',#3841);
#3843=CARTESIAN_POINT('',(1.45425E2,1.12E1,0.E0));
#3844=CARTESIAN_POINT('',(1.45425E2,1.12E1,2.E2));
#3845=VERTEX_POINT('',#3843);
#3846=VERTEX_POINT('',#3844);
#3847=CARTESIAN_POINT('',(1.45425E2,1.05E1,2.E2));
#3848=VERTEX_POINT('',#3847);
#3849=CARTESIAN_POINT('',(1.45425E2,1.05E1,0.E0));
#3850=VERTEX_POINT('',#3849);
#3851=CARTESIAN_POINT('',(1.45125E2,1.02E1,0.E0));
#3852=CARTESIAN_POINT('',(1.45125E2,1.02E1,2.E2));
#3853=VERTEX_POINT('',#3851);
#3854=VERTEX_POINT('',#3852);
#3855=CARTESIAN_POINT('',(1.42925E2,1.02E1,2.E2));
#3856=VERTEX_POINT('',#3855);
#3857=CARTESIAN_POINT('',(1.42925E2,1.02E1,0.E0));
#3858=VERTEX_POINT('',#3857);
#3859=CARTESIAN_POINT('',(1.42175E2,9.45E0,2.E2));
#3860=VERTEX_POINT('',#3859);
#3861=CARTESIAN_POINT('',(1.423946699141E2,8.919669914109E0,2.E2));
#3862=VERTEX_POINT('',#3861);
#3863=CARTESIAN_POINT('',(1.423946699141E2,8.919669914110E0,0.E0));
#3864=VERTEX_POINT('',#3863);
#3865=CARTESIAN_POINT('',(1.42175E2,9.45E0,0.E0));
#3866=VERTEX_POINT('',#3865);
#3867=CARTESIAN_POINT('',(1.4565E2,5.664339828220E0,2.E2));
#3868=VERTEX_POINT('',#3867);
#3869=CARTESIAN_POINT('',(1.4565E2,5.664339828220E0,0.E0));
#3870=VERTEX_POINT('',#3869);
#3871=CARTESIAN_POINT('',(1.5035E2,5.664339828221E0,2.E2));
#3872=VERTEX_POINT('',#3871);
#3873=CARTESIAN_POINT('',(1.5035E2,5.664339828220E0,0.E0));
#3874=VERTEX_POINT('',#3873);
#3875=CARTESIAN_POINT('',(1.536053300859E2,8.919669914110E0,2.E2));
#3876=VERTEX_POINT('',#3875);
#3877=CARTESIAN_POINT('',(1.536053300859E2,8.919669914110E0,0.E0));
#3878=VERTEX_POINT('',#3877);
#3879=CARTESIAN_POINT('',(1.53075E2,1.02E1,2.E2));
#3880=VERTEX_POINT('',#3879);
#3881=CARTESIAN_POINT('',(1.53075E2,1.02E1,0.E0));
#3882=VERTEX_POINT('',#3881);
#3883=CARTESIAN_POINT('',(1.50875E2,1.02E1,2.E2));
#3884=VERTEX_POINT('',#3883);
#3885=CARTESIAN_POINT('',(1.50875E2,1.02E1,0.E0));
#3886=VERTEX_POINT('',#3885);
#3887=CARTESIAN_POINT('',(1.50575E2,1.05E1,0.E0));
#3888=CARTESIAN_POINT('',(1.50575E2,1.05E1,2.E2));
#3889=VERTEX_POINT('',#3887);
#3890=VERTEX_POINT('',#3888);
#3891=CARTESIAN_POINT('',(1.50575E2,1.12E1,2.E2));
#3892=VERTEX_POINT('',#3891);
#3893=CARTESIAN_POINT('',(1.50575E2,1.12E1,0.E0));
#3894=VERTEX_POINT('',#3893);
#3895=CARTESIAN_POINT('',(1.51375E2,1.2E1,0.E0));
#3896=CARTESIAN_POINT('',(1.51375E2,1.2E1,2.E2));
#3897=VERTEX_POINT('',#3895);
#3898=VERTEX_POINT('',#3896);
#3899=CARTESIAN_POINT('',(1.64625E2,1.2E1,2.E2));
#3900=VERTEX_POINT('',#3899);
#3901=CARTESIAN_POINT('',(1.64625E2,1.2E1,0.E0));
#3902=VERTEX_POINT('',#3901);
#3903=CARTESIAN_POINT('',(1.65425E2,1.12E1,0.E0));
#3904=CARTESIAN_POINT('',(1.65425E2,1.12E1,2.E2));
#3905=VERTEX_POINT('',#3903);
#3906=VERTEX_POINT('',#3904);
#3907=CARTESIAN_POINT('',(1.65425E2,1.05E1,2.E2));
#3908=VERTEX_POINT('',#3907);
#3909=CARTESIAN_POINT('',(1.65425E2,1.05E1,0.E0));
#3910=VERTEX_POINT('',#3909);
#3911=CARTESIAN_POINT('',(1.65125E2,1.02E1,0.E0));
#3912=CARTESIAN_POINT('',(1.65125E2,1.02E1,2.E2));
#3913=VERTEX_POINT('',#3911);
#3914=VERTEX_POINT('',#3912);
#3915=CARTESIAN_POINT('',(1.62925E2,1.02E1,2.E2));
#3916=VERTEX_POINT('',#3915);
#3917=CARTESIAN_POINT('',(1.62925E2,1.02E1,0.E0));
#3918=VERTEX_POINT('',#3917);
#3919=CARTESIAN_POINT('',(1.62175E2,9.45E0,2.E2));
#3920=VERTEX_POINT('',#3919);
#3921=CARTESIAN_POINT('',(1.623946699141E2,8.919669914109E0,2.E2));
#3922=VERTEX_POINT('',#3921);
#3923=CARTESIAN_POINT('',(1.623946699141E2,8.919669914110E0,0.E0));
#3924=VERTEX_POINT('',#3923);
#3925=CARTESIAN_POINT('',(1.62175E2,9.45E0,0.E0));
#3926=VERTEX_POINT('',#3925);
#3927=CARTESIAN_POINT('',(1.6565E2,5.664339828220E0,2.E2));
#3928=VERTEX_POINT('',#3927);
#3929=CARTESIAN_POINT('',(1.6565E2,5.664339828220E0,0.E0));
#3930=VERTEX_POINT('',#3929);
#3931=CARTESIAN_POINT('',(1.7035E2,5.664339828221E0,2.E2));
#3932=VERTEX_POINT('',#3931);
#3933=CARTESIAN_POINT('',(1.7035E2,5.664339828220E0,0.E0));
#3934=VERTEX_POINT('',#3933);
#3935=CARTESIAN_POINT('',(1.736053300859E2,8.919669914110E0,2.E2));
#3936=VERTEX_POINT('',#3935);
#3937=CARTESIAN_POINT('',(1.736053300859E2,8.919669914110E0,0.E0));
#3938=VERTEX_POINT('',#3937);
#3939=CARTESIAN_POINT('',(1.73075E2,1.02E1,2.E2));
#3940=VERTEX_POINT('',#3939);
#3941=CARTESIAN_POINT('',(1.73075E2,1.02E1,0.E0));
#3942=VERTEX_POINT('',#3941);
#3943=CARTESIAN_POINT('',(1.70875E2,1.02E1,2.E2));
#3944=VERTEX_POINT('',#3943);
#3945=CARTESIAN_POINT('',(1.70875E2,1.02E1,0.E0));
#3946=VERTEX_POINT('',#3945);
#3947=CARTESIAN_POINT('',(1.70575E2,1.05E1,0.E0));
#3948=CARTESIAN_POINT('',(1.70575E2,1.05E1,2.E2));
#3949=VERTEX_POINT('',#3947);
#3950=VERTEX_POINT('',#3948);
#3951=CARTESIAN_POINT('',(1.70575E2,1.12E1,2.E2));
#3952=VERTEX_POINT('',#3951);
#3953=CARTESIAN_POINT('',(1.70575E2,1.12E1,0.E0));
#3954=VERTEX_POINT('',#3953);
#3955=CARTESIAN_POINT('',(1.71375E2,1.2E1,0.E0));
#3956=CARTESIAN_POINT('',(1.71375E2,1.2E1,2.E2));
#3957=VERTEX_POINT('',#3955);
#3958=VERTEX_POINT('',#3956);
#3959=CARTESIAN_POINT('',(-2.E0,0.E0,0.E0));
#3960=DIRECTION('',(-1.E0,0.E0,0.E0));
#3961=DIRECTION('',(0.E0,1.E0,0.E0));
#3962=AXIS2_PLACEMENT_3D('',#3959,#3960,#3961);
#3963=PLANE('2044',#3962);
#3965=ORIENTED_EDGE('1592',*,*,#3964,.T.);
#3967=ORIENTED_EDGE('1595',*,*,#3966,.F.);
#3969=ORIENTED_EDGE('1594',*,*,#3968,.F.);
#3971=ORIENTED_EDGE('1593',*,*,#3970,.T.);
#3972=EDGE_LOOP('2044',(#3965,#3967,#3969,#3971));
#3973=FACE_OUTER_BOUND('2044',#3972,.F.);
#3975=CARTESIAN_POINT('',(9.8E1,0.E0,1.E2));
#3976=DIRECTION('',(0.E0,-1.E0,0.E0));
#3977=DIRECTION('',(0.E0,0.E0,-1.E0));
#3978=AXIS2_PLACEMENT_3D('',#3975,#3976,#3977);
#3979=PLANE('2059',#3978);
#3980=ORIENTED_EDGE('1592',*,*,#3964,.F.);
#3982=ORIENTED_EDGE('1642',*,*,#3981,.F.);
#3984=ORIENTED_EDGE('1641',*,*,#3983,.T.);
#3986=ORIENTED_EDGE('1640',*,*,#3985,.T.);
#3987=EDGE_LOOP('2059',(#3980,#3982,#3984,#3986));
#3988=FACE_OUTER_BOUND('2059',#3987,.F.);
#3990=CARTESIAN_POINT('',(9.8E1,6.373661720990E0,2.E2));
#3991=DIRECTION('',(0.E0,0.E0,1.E0));
#3992=DIRECTION('',(1.E0,0.E0,0.E0));
#3993=AXIS2_PLACEMENT_3D('',#3990,#3991,#3992);
#3994=PLANE('2189',#3993);
#3995=ORIENTED_EDGE('1593',*,*,#3970,.F.);
#3997=ORIENTED_EDGE('1596',*,*,#3996,.F.);
#3999=ORIENTED_EDGE('1600',*,*,#3998,.F.);
#4001=ORIENTED_EDGE('1602',*,*,#4000,.F.);
#4003=ORIENTED_EDGE('1606',*,*,#4002,.F.);
#4005=ORIENTED_EDGE('1608',*,*,#4004,.F.);
#4007=ORIENTED_EDGE('1611',*,*,#4006,.F.);
#4009=ORIENTED_EDGE('1612',*,*,#4008,.F.);
#4011=ORIENTED_EDGE('1616',*,*,#4010,.F.);
#4013=ORIENTED_EDGE('1619',*,*,#4012,.F.);
#4015=ORIENTED_EDGE('1622',*,*,#4014,.F.);
#4017=ORIENTED_EDGE('1625',*,*,#4016,.F.);
#4019=ORIENTED_EDGE('1628',*,*,#4018,.F.);
#4021=ORIENTED_EDGE('1632',*,*,#4020,.F.);
#4023=ORIENTED_EDGE('1634',*,*,#4022,.F.);
#4025=ORIENTED_EDGE('1638',*,*,#4024,.F.);
#4027=ORIENTED_EDGE('1690',*,*,#4026,.F.);
#4029=ORIENTED_EDGE('1694',*,*,#4028,.F.);
#4031=ORIENTED_EDGE('1696',*,*,#4030,.F.);
#4033=ORIENTED_EDGE('1700',*,*,#4032,.F.);
#4035=ORIENTED_EDGE('1702',*,*,#4034,.F.);
#4037=ORIENTED_EDGE('1705',*,*,#4036,.F.);
#4039=ORIENTED_EDGE('1706',*,*,#4038,.F.);
#4041=ORIENTED_EDGE('1710',*,*,#4040,.F.);
#4043=ORIENTED_EDGE('1713',*,*,#4042,.F.);
#4045=ORIENTED_EDGE('1716',*,*,#4044,.F.);
#4047=ORIENTED_EDGE('1719',*,*,#4046,.F.);
#4049=ORIENTED_EDGE('1722',*,*,#4048,.F.);
#4051=ORIENTED_EDGE('1726',*,*,#4050,.F.);
#4053=ORIENTED_EDGE('1728',*,*,#4052,.F.);
#4055=ORIENTED_EDGE('1732',*,*,#4054,.F.);
#4057=ORIENTED_EDGE('1734',*,*,#4056,.F.);
#4059=ORIENTED_EDGE('1738',*,*,#4058,.F.);
#4061=ORIENTED_EDGE('1740',*,*,#4060,.F.);
#4063=ORIENTED_EDGE('1744',*,*,#4062,.F.);
#4065=ORIENTED_EDGE('1746',*,*,#4064,.F.);
#4067=ORIENTED_EDGE('1749',*,*,#4066,.F.);
#4069=ORIENTED_EDGE('1750',*,*,#4068,.F.);
#4071=ORIENTED_EDGE('1754',*,*,#4070,.F.);
#4073=ORIENTED_EDGE('1757',*,*,#4072,.F.);
#4075=ORIENTED_EDGE('1760',*,*,#4074,.F.);
#4077=ORIENTED_EDGE('1763',*,*,#4076,.F.);
#4079=ORIENTED_EDGE('1766',*,*,#4078,.F.);
#4081=ORIENTED_EDGE('1770',*,*,#4080,.F.);
#4083=ORIENTED_EDGE('1772',*,*,#4082,.F.);
#4085=ORIENTED_EDGE('1776',*,*,#4084,.F.);
#4087=ORIENTED_EDGE('1778',*,*,#4086,.F.);
#4089=ORIENTED_EDGE('1782',*,*,#4088,.F.);
#4091=ORIENTED_EDGE('1784',*,*,#4090,.F.);
#4093=ORIENTED_EDGE('1788',*,*,#4092,.F.);
#4095=ORIENTED_EDGE('1790',*,*,#4094,.F.);
#4097=ORIENTED_EDGE('1793',*,*,#4096,.F.);
#4099=ORIENTED_EDGE('1794',*,*,#4098,.F.);
#4101=ORIENTED_EDGE('1798',*,*,#4100,.F.);
#4103=ORIENTED_EDGE('1801',*,*,#4102,.F.);
#4105=ORIENTED_EDGE('1804',*,*,#4104,.F.);
#4107=ORIENTED_EDGE('1807',*,*,#4106,.F.);
#4109=ORIENTED_EDGE('1810',*,*,#4108,.F.);
#4111=ORIENTED_EDGE('1814',*,*,#4110,.F.);
#4113=ORIENTED_EDGE('1816',*,*,#4112,.F.);
#4115=ORIENTED_EDGE('1820',*,*,#4114,.F.);
#4117=ORIENTED_EDGE('1822',*,*,#4116,.F.);
#4119=ORIENTED_EDGE('1826',*,*,#4118,.F.);
#4121=ORIENTED_EDGE('1828',*,*,#4120,.F.);
#4123=ORIENTED_EDGE('1832',*,*,#4122,.F.);
#4125=ORIENTED_EDGE('1834',*,*,#4124,.F.);
#4127=ORIENTED_EDGE('1837',*,*,#4126,.F.);
#4129=ORIENTED_EDGE('1838',*,*,#4128,.F.);
#4131=ORIENTED_EDGE('1842',*,*,#4130,.F.);
#4133=ORIENTED_EDGE('1845',*,*,#4132,.F.);
#4135=ORIENTED_EDGE('1848',*,*,#4134,.F.);
#4137=ORIENTED_EDGE('1851',*,*,#4136,.F.);
#4139=ORIENTED_EDGE('1854',*,*,#4138,.F.);
#4141=ORIENTED_EDGE('1858',*,*,#4140,.F.);
#4143=ORIENTED_EDGE('1860',*,*,#4142,.F.);
#4145=ORIENTED_EDGE('1864',*,*,#4144,.F.);
#4147=ORIENTED_EDGE('1866',*,*,#4146,.F.);
#4149=ORIENTED_EDGE('1870',*,*,#4148,.F.);
#4151=ORIENTED_EDGE('1872',*,*,#4150,.F.);
#4153=ORIENTED_EDGE('1876',*,*,#4152,.F.);
#4155=ORIENTED_EDGE('1878',*,*,#4154,.F.);
#4157=ORIENTED_EDGE('1881',*,*,#4156,.F.);
#4159=ORIENTED_EDGE('1882',*,*,#4158,.F.);
#4161=ORIENTED_EDGE('1886',*,*,#4160,.F.);
#4163=ORIENTED_EDGE('1889',*,*,#4162,.F.);
#4165=ORIENTED_EDGE('1892',*,*,#4164,.F.);
#4167=ORIENTED_EDGE('1895',*,*,#4166,.F.);
#4169=ORIENTED_EDGE('1898',*,*,#4168,.F.);
#4171=ORIENTED_EDGE('1902',*,*,#4170,.F.);
#4173=ORIENTED_EDGE('1904',*,*,#4172,.F.);
#4175=ORIENTED_EDGE('1908',*,*,#4174,.F.);
#4177=ORIENTED_EDGE('1910',*,*,#4176,.F.);
#4179=ORIENTED_EDGE('1914',*,*,#4178,.F.);
#4181=ORIENTED_EDGE('1916',*,*,#4180,.F.);
#4183=ORIENTED_EDGE('1920',*,*,#4182,.F.);
#4185=ORIENTED_EDGE('1922',*,*,#4184,.F.);
#4187=ORIENTED_EDGE('1925',*,*,#4186,.F.);
#4189=ORIENTED_EDGE('1926',*,*,#4188,.F.);
#4191=ORIENTED_EDGE('1930',*,*,#4190,.F.);
#4193=ORIENTED_EDGE('1933',*,*,#4192,.F.);
#4195=ORIENTED_EDGE('1936',*,*,#4194,.F.);
#4197=ORIENTED_EDGE('1939',*,*,#4196,.F.);
#4199=ORIENTED_EDGE('1942',*,*,#4198,.F.);
#4201=ORIENTED_EDGE('1946',*,*,#4200,.F.);
#4203=ORIENTED_EDGE('1948',*,*,#4202,.F.);
#4205=ORIENTED_EDGE('1952',*,*,#4204,.F.);
#4207=ORIENTED_EDGE('1954',*,*,#4206,.F.);
#4209=ORIENTED_EDGE('1958',*,*,#4208,.F.);
#4211=ORIENTED_EDGE('1960',*,*,#4210,.F.);
#4213=ORIENTED_EDGE('1964',*,*,#4212,.F.);
#4215=ORIENTED_EDGE('1966',*,*,#4214,.F.);
#4217=ORIENTED_EDGE('1969',*,*,#4216,.F.);
#4219=ORIENTED_EDGE('1970',*,*,#4218,.F.);
#4221=ORIENTED_EDGE('1974',*,*,#4220,.F.);
#4223=ORIENTED_EDGE('1977',*,*,#4222,.F.);
#4225=ORIENTED_EDGE('1980',*,*,#4224,.F.);
#4227=ORIENTED_EDGE('1983',*,*,#4226,.F.);
#4229=ORIENTED_EDGE('1986',*,*,#4228,.F.);
#4231=ORIENTED_EDGE('1990',*,*,#4230,.F.);
#4233=ORIENTED_EDGE('1992',*,*,#4232,.F.);
#4235=ORIENTED_EDGE('1996',*,*,#4234,.F.);
#4237=ORIENTED_EDGE('1998',*,*,#4236,.F.);
#4239=ORIENTED_EDGE('2002',*,*,#4238,.F.);
#4241=ORIENTED_EDGE('2004',*,*,#4240,.F.);
#4243=ORIENTED_EDGE('2008',*,*,#4242,.F.);
#4245=ORIENTED_EDGE('2010',*,*,#4244,.F.);
#4247=ORIENTED_EDGE('2013',*,*,#4246,.F.);
#4249=ORIENTED_EDGE('2014',*,*,#4248,.F.);
#4251=ORIENTED_EDGE('2018',*,*,#4250,.F.);
#4253=ORIENTED_EDGE('2021',*,*,#4252,.F.);
#4255=ORIENTED_EDGE('2024',*,*,#4254,.F.);
#4257=ORIENTED_EDGE('2027',*,*,#4256,.F.);
#4259=ORIENTED_EDGE('2030',*,*,#4258,.F.);
#4261=ORIENTED_EDGE('2034',*,*,#4260,.F.);
#4263=ORIENTED_EDGE('2036',*,*,#4262,.F.);
#4265=ORIENTED_EDGE('2040',*,*,#4264,.F.);
#4267=ORIENTED_EDGE('2042',*,*,#4266,.F.);
#4269=ORIENTED_EDGE('1644',*,*,#4268,.F.);
#4271=ORIENTED_EDGE('1647',*,*,#4270,.F.);
#4273=ORIENTED_EDGE('1651',*,*,#4272,.F.);
#4275=ORIENTED_EDGE('1653',*,*,#4274,.F.);
#4277=ORIENTED_EDGE('1656',*,*,#4276,.F.);
#4279=ORIENTED_EDGE('1657',*,*,#4278,.F.);
#4281=ORIENTED_EDGE('1661',*,*,#4280,.F.);
#4283=ORIENTED_EDGE('1664',*,*,#4282,.F.);
#4285=ORIENTED_EDGE('1667',*,*,#4284,.F.);
#4287=ORIENTED_EDGE('1670',*,*,#4286,.F.);
#4289=ORIENTED_EDGE('1673',*,*,#4288,.F.);
#4291=ORIENTED_EDGE('1677',*,*,#4290,.F.);
#4293=ORIENTED_EDGE('1679',*,*,#4292,.F.);
#4295=ORIENTED_EDGE('1683',*,*,#4294,.F.);
#4297=ORIENTED_EDGE('1685',*,*,#4296,.F.);
#4299=ORIENTED_EDGE('1688',*,*,#4298,.F.);
#4300=ORIENTED_EDGE('1642',*,*,#3981,.T.);
#4301=EDGE_LOOP('2189',(#3995,#3997,#3999,#4001,#4003,#4005,#4007,#4009,#4011,
#4013,#4015,#4017,#4019,#4021,#4023,#4025,#4027,#4029,#4031,#4033,#4035,#4037,
#4039,#4041,#4043,#4045,#4047,#4049,#4051,#4053,#4055,#4057,#4059,#4061,#4063,
#4065,#4067,#4069,#4071,#4073,#4075,#4077,#4079,#4081,#4083,#4085,#4087,#4089,
#4091,#4093,#4095,#4097,#4099,#4101,#4103,#4105,#4107,#4109,#4111,#4113,#4115,
#4117,#4119,#4121,#4123,#4125,#4127,#4129,#4131,#4133,#4135,#4137,#4139,#4141,
#4143,#4145,#4147,#4149,#4151,#4153,#4155,#4157,#4159,#4161,#4163,#4165,#4167,
#4169,#4171,#4173,#4175,#4177,#4179,#4181,#4183,#4185,#4187,#4189,#4191,#4193,
#4195,#4197,#4199,#4201,#4203,#4205,#4207,#4209,#4211,#4213,#4215,#4217,#4219,
#4221,#4223,#4225,#4227,#4229,#4231,#4233,#4235,#4237,#4239,#4241,#4243,#4245,
#4247,#4249,#4251,#4253,#4255,#4257,#4259,#4261,#4263,#4265,#4267,#4269,#4271,
#4273,#4275,#4277,#4279,#4281,#4283,#4285,#4287,#4289,#4291,#4293,#4295,#4297,
#4299,#4300));
#4302=FACE_OUTER_BOUND('2189',#4301,.F.);
#4304=CARTESIAN_POINT('',(-2.E0,1.2E1,0.E0));
#4305=DIRECTION('',(0.E0,1.E0,0.E0));
#4306=DIRECTION('',(1.E0,0.E0,0.E0));
#4307=AXIS2_PLACEMENT_3D('',#4304,#4305,#4306);
#4308=PLANE('2045',#4307);
#4309=ORIENTED_EDGE('1594',*,*,#3968,.T.);
#4311=ORIENTED_EDGE('1598',*,*,#4310,.F.);
#4313=ORIENTED_EDGE('1597',*,*,#4312,.F.);
#4314=ORIENTED_EDGE('1596',*,*,#3996,.T.);
#4315=EDGE_LOOP('2045',(#4309,#4311,#4313,#4314));
#4316=FACE_OUTER_BOUND('2045',#4315,.F.);
#4318=CARTESIAN_POINT('',(9.8E1,6.373661720990E0,0.E0));
#4319=DIRECTION('',(0.E0,0.E0,-1.E0));
#4320=DIRECTION('',(-1.E0,0.E0,0.E0));
#4321=AXIS2_PLACEMENT_3D('',#4318,#4319,#4320);
#4322=PLANE('2188',#4321);
#4323=ORIENTED_EDGE('1595',*,*,#3966,.T.);
#4324=ORIENTED_EDGE('1640',*,*,#3985,.F.);
#4326=ORIENTED_EDGE('1689',*,*,#4325,.T.);
#4328=ORIENTED_EDGE('1687',*,*,#4327,.T.);
#4330=ORIENTED_EDGE('1684',*,*,#4329,.F.);
#4332=ORIENTED_EDGE('1681',*,*,#4331,.T.);
#4334=ORIENTED_EDGE('1678',*,*,#4333,.F.);
#4336=ORIENTED_EDGE('1675',*,*,#4335,.T.);
#4338=ORIENTED_EDGE('1672',*,*,#4337,.F.);
#4340=ORIENTED_EDGE('1669',*,*,#4339,.F.);
#4342=ORIENTED_EDGE('1666',*,*,#4341,.F.);
#4344=ORIENTED_EDGE('1663',*,*,#4343,.F.);
#4346=ORIENTED_EDGE('1660',*,*,#4345,.F.);
#4348=ORIENTED_EDGE('1659',*,*,#4347,.F.);
#4350=ORIENTED_EDGE('1655',*,*,#4349,.T.);
#4352=ORIENTED_EDGE('1652',*,*,#4351,.F.);
#4354=ORIENTED_EDGE('1649',*,*,#4353,.T.);
#4356=ORIENTED_EDGE('1646',*,*,#4355,.F.);
#4358=ORIENTED_EDGE('2043',*,*,#4357,.T.);
#4360=ORIENTED_EDGE('2041',*,*,#4359,.F.);
#4362=ORIENTED_EDGE('2038',*,*,#4361,.T.);
#4364=ORIENTED_EDGE('2035',*,*,#4363,.F.);
#4366=ORIENTED_EDGE('2032',*,*,#4365,.T.);
#4368=ORIENTED_EDGE('2029',*,*,#4367,.F.);
#4370=ORIENTED_EDGE('2026',*,*,#4369,.F.);
#4372=ORIENTED_EDGE('2023',*,*,#4371,.F.);
#4374=ORIENTED_EDGE('2020',*,*,#4373,.F.);
#4376=ORIENTED_EDGE('2017',*,*,#4375,.F.);
#4378=ORIENTED_EDGE('2016',*,*,#4377,.F.);
#4380=ORIENTED_EDGE('2012',*,*,#4379,.T.);
#4382=ORIENTED_EDGE('2009',*,*,#4381,.F.);
#4384=ORIENTED_EDGE('2006',*,*,#4383,.T.);
#4386=ORIENTED_EDGE('2003',*,*,#4385,.F.);
#4388=ORIENTED_EDGE('2000',*,*,#4387,.T.);
#4390=ORIENTED_EDGE('1997',*,*,#4389,.F.);
#4392=ORIENTED_EDGE('1994',*,*,#4391,.T.);
#4394=ORIENTED_EDGE('1991',*,*,#4393,.F.);
#4396=ORIENTED_EDGE('1988',*,*,#4395,.T.);
#4398=ORIENTED_EDGE('1985',*,*,#4397,.F.);
#4400=ORIENTED_EDGE('1982',*,*,#4399,.F.);
#4402=ORIENTED_EDGE('1979',*,*,#4401,.F.);
#4404=ORIENTED_EDGE('1976',*,*,#4403,.F.);
#4406=ORIENTED_EDGE('1973',*,*,#4405,.F.);
#4408=ORIENTED_EDGE('1972',*,*,#4407,.F.);
#4410=ORIENTED_EDGE('1968',*,*,#4409,.T.);
#4412=ORIENTED_EDGE('1965',*,*,#4411,.F.);
#4414=ORIENTED_EDGE('1962',*,*,#4413,.T.);
#4416=ORIENTED_EDGE('1959',*,*,#4415,.F.);
#4418=ORIENTED_EDGE('1956',*,*,#4417,.T.);
#4420=ORIENTED_EDGE('1953',*,*,#4419,.F.);
#4422=ORIENTED_EDGE('1950',*,*,#4421,.T.);
#4424=ORIENTED_EDGE('1947',*,*,#4423,.F.);
#4426=ORIENTED_EDGE('1944',*,*,#4425,.T.);
#4428=ORIENTED_EDGE('1941',*,*,#4427,.F.);
#4430=ORIENTED_EDGE('1938',*,*,#4429,.F.);
#4432=ORIENTED_EDGE('1935',*,*,#4431,.F.);
#4434=ORIENTED_EDGE('1932',*,*,#4433,.F.);
#4436=ORIENTED_EDGE('1929',*,*,#4435,.F.);
#4438=ORIENTED_EDGE('1928',*,*,#4437,.F.);
#4440=ORIENTED_EDGE('1924',*,*,#4439,.T.);
#4442=ORIENTED_EDGE('1921',*,*,#4441,.F.);
#4444=ORIENTED_EDGE('1918',*,*,#4443,.T.);
#4446=ORIENTED_EDGE('1915',*,*,#4445,.F.);
#4448=ORIENTED_EDGE('1912',*,*,#4447,.T.);
#4450=ORIENTED_EDGE('1909',*,*,#4449,.F.);
#4452=ORIENTED_EDGE('1906',*,*,#4451,.T.);
#4454=ORIENTED_EDGE('1903',*,*,#4453,.F.);
#4456=ORIENTED_EDGE('1900',*,*,#4455,.T.);
#4458=ORIENTED_EDGE('1897',*,*,#4457,.F.);
#4460=ORIENTED_EDGE('1894',*,*,#4459,.F.);
#4462=ORIENTED_EDGE('1891',*,*,#4461,.F.);
#4464=ORIENTED_EDGE('1888',*,*,#4463,.F.);
#4466=ORIENTED_EDGE('1885',*,*,#4465,.F.);
#4468=ORIENTED_EDGE('1884',*,*,#4467,.F.);
#4470=ORIENTED_EDGE('1880',*,*,#4469,.T.);
#4472=ORIENTED_EDGE('1877',*,*,#4471,.F.);
#4474=ORIENTED_EDGE('1874',*,*,#4473,.T.);
#4476=ORIENTED_EDGE('1871',*,*,#4475,.F.);
#4478=ORIENTED_EDGE('1868',*,*,#4477,.T.);
#4480=ORIENTED_EDGE('1865',*,*,#4479,.F.);
#4482=ORIENTED_EDGE('1862',*,*,#4481,.T.);
#4484=ORIENTED_EDGE('1859',*,*,#4483,.F.);
#4486=ORIENTED_EDGE('1856',*,*,#4485,.T.);
#4488=ORIENTED_EDGE('1853',*,*,#4487,.F.);
#4490=ORIENTED_EDGE('1850',*,*,#4489,.F.);
#4492=ORIENTED_EDGE('1847',*,*,#4491,.F.);
#4494=ORIENTED_EDGE('1844',*,*,#4493,.F.);
#4496=ORIENTED_EDGE('1841',*,*,#4495,.F.);
#4498=ORIENTED_EDGE('1840',*,*,#4497,.F.);
#4500=ORIENTED_EDGE('1836',*,*,#4499,.T.);
#4502=ORIENTED_EDGE('1833',*,*,#4501,.F.);
#4504=ORIENTED_EDGE('1830',*,*,#4503,.T.);
#4506=ORIENTED_EDGE('1827',*,*,#4505,.F.);
#4508=ORIENTED_EDGE('1824',*,*,#4507,.T.);
#4510=ORIENTED_EDGE('1821',*,*,#4509,.F.);
#4512=ORIENTED_EDGE('1818',*,*,#4511,.T.);
#4514=ORIENTED_EDGE('1815',*,*,#4513,.F.);
#4516=ORIENTED_EDGE('1812',*,*,#4515,.T.);
#4518=ORIENTED_EDGE('1809',*,*,#4517,.F.);
#4520=ORIENTED_EDGE('1806',*,*,#4519,.F.);
#4522=ORIENTED_EDGE('1803',*,*,#4521,.F.);
#4524=ORIENTED_EDGE('1800',*,*,#4523,.F.);
#4526=ORIENTED_EDGE('1797',*,*,#4525,.F.);
#4528=ORIENTED_EDGE('1796',*,*,#4527,.F.);
#4530=ORIENTED_EDGE('1792',*,*,#4529,.T.);
#4532=ORIENTED_EDGE('1789',*,*,#4531,.F.);
#4534=ORIENTED_EDGE('1786',*,*,#4533,.T.);
#4536=ORIENTED_EDGE('1783',*,*,#4535,.F.);
#4538=ORIENTED_EDGE('1780',*,*,#4537,.T.);
#4540=ORIENTED_EDGE('1777',*,*,#4539,.F.);
#4542=ORIENTED_EDGE('1774',*,*,#4541,.T.);
#4544=ORIENTED_EDGE('1771',*,*,#4543,.F.);
#4546=ORIENTED_EDGE('1768',*,*,#4545,.T.);
#4548=ORIENTED_EDGE('1765',*,*,#4547,.F.);
#4550=ORIENTED_EDGE('1762',*,*,#4549,.F.);
#4552=ORIENTED_EDGE('1759',*,*,#4551,.F.);
#4554=ORIENTED_EDGE('1756',*,*,#4553,.F.);
#4556=ORIENTED_EDGE('1753',*,*,#4555,.F.);
#4558=ORIENTED_EDGE('1752',*,*,#4557,.F.);
#4560=ORIENTED_EDGE('1748',*,*,#4559,.T.);
#4562=ORIENTED_EDGE('1745',*,*,#4561,.F.);
#4564=ORIENTED_EDGE('1742',*,*,#4563,.T.);
#4566=ORIENTED_EDGE('1739',*,*,#4565,.F.);
#4568=ORIENTED_EDGE('1736',*,*,#4567,.T.);
#4570=ORIENTED_EDGE('1733',*,*,#4569,.F.);
#4572=ORIENTED_EDGE('1730',*,*,#4571,.T.);
#4574=ORIENTED_EDGE('1727',*,*,#4573,.F.);
#4576=ORIENTED_EDGE('1724',*,*,#4575,.T.);
#4578=ORIENTED_EDGE('1721',*,*,#4577,.F.);
#4580=ORIENTED_EDGE('1718',*,*,#4579,.F.);
#4582=ORIENTED_EDGE('1715',*,*,#4581,.F.);
#4584=ORIENTED_EDGE('1712',*,*,#4583,.F.);
#4586=ORIENTED_EDGE('1709',*,*,#4585,.F.);
#4588=ORIENTED_EDGE('1708',*,*,#4587,.F.);
#4590=ORIENTED_EDGE('1704',*,*,#4589,.T.);
#4592=ORIENTED_EDGE('1701',*,*,#4591,.F.);
#4594=ORIENTED_EDGE('1698',*,*,#4593,.T.);
#4596=ORIENTED_EDGE('1695',*,*,#4595,.F.);
#4598=ORIENTED_EDGE('1692',*,*,#4597,.T.);
#4600=ORIENTED_EDGE('1639',*,*,#4599,.F.);
#4602=ORIENTED_EDGE('1636',*,*,#4601,.T.);
#4604=ORIENTED_EDGE('1633',*,*,#4603,.F.);
#4606=ORIENTED_EDGE('1630',*,*,#4605,.T.);
#4608=ORIENTED_EDGE('1627',*,*,#4607,.F.);
#4610=ORIENTED_EDGE('1624',*,*,#4609,.F.);
#4612=ORIENTED_EDGE('1621',*,*,#4611,.F.);
#4614=ORIENTED_EDGE('1618',*,*,#4613,.F.);
#4616=ORIENTED_EDGE('1615',*,*,#4615,.F.);
#4618=ORIENTED_EDGE('1614',*,*,#4617,.F.);
#4620=ORIENTED_EDGE('1610',*,*,#4619,.T.);
#4622=ORIENTED_EDGE('1607',*,*,#4621,.F.);
#4624=ORIENTED_EDGE('1604',*,*,#4623,.T.);
#4626=ORIENTED_EDGE('1601',*,*,#4625,.F.);
#4627=ORIENTED_EDGE('1598',*,*,#4310,.T.);
#4628=EDGE_LOOP('2188',(#4323,#4324,#4326,#4328,#4330,#4332,#4334,#4336,#4338,
#4340,#4342,#4344,#4346,#4348,#4350,#4352,#4354,#4356,#4358,#4360,#4362,#4364,
#4366,#4368,#4370,#4372,#4374,#4376,#4378,#4380,#4382,#4384,#4386,#4388,#4390,
#4392,#4394,#4396,#4398,#4400,#4402,#4404,#4406,#4408,#4410,#4412,#4414,#4416,
#4418,#4420,#4422,#4424,#4426,#4428,#4430,#4432,#4434,#4436,#4438,#4440,#4442,
#4444,#4446,#4448,#4450,#4452,#4454,#4456,#4458,#4460,#4462,#4464,#4466,#4468,
#4470,#4472,#4474,#4476,#4478,#4480,#4482,#4484,#4486,#4488,#4490,#4492,#4494,
#4496,#4498,#4500,#4502,#4504,#4506,#4508,#4510,#4512,#4514,#4516,#4518,#4520,
#4522,#4524,#4526,#4528,#4530,#4532,#4534,#4536,#4538,#4540,#4542,#4544,#4546,
#4548,#4550,#4552,#4554,#4556,#4558,#4560,#4562,#4564,#4566,#4568,#4570,#4572,
#4574,#4576,#4578,#4580,#4582,#4584,#4586,#4588,#4590,#4592,#4594,#4596,#4598,
#4600,#4602,#4604,#4606,#4608,#4610,#4612,#4614,#4616,#4618,#4620,#4622,#4624,
#4626,#4627));
#4629=FACE_OUTER_BOUND('2188',#4628,.F.);
#4631=CARTESIAN_POINT('',(1.98E2,1.2E1,0.E0));
#4632=DIRECTION('',(1.E0,0.E0,0.E0));
#4633=DIRECTION('',(0.E0,-1.E0,0.E0));
#4634=AXIS2_PLACEMENT_3D('',#4631,#4632,#4633);
#4635=PLANE('2074',#4634);
#4637=ORIENTED_EDGE('1686',*,*,#4636,.T.);
#4638=ORIENTED_EDGE('1689',*,*,#4325,.F.);
#4639=ORIENTED_EDGE('1641',*,*,#3983,.F.);
#4640=ORIENTED_EDGE('1688',*,*,#4298,.T.);
#4641=EDGE_LOOP('2074',(#4637,#4638,#4639,#4640));
#4642=FACE_OUTER_BOUND('2074',#4641,.F.);
#4644=CARTESIAN_POINT('',(1.91375E2,1.2E1,0.E0));
#4645=DIRECTION('',(0.E0,1.E0,0.E0));
#4646=DIRECTION('',(1.E0,0.E0,0.E0));
#4647=AXIS2_PLACEMENT_3D('',#4644,#4645,#4646);
#4648=PLANE('2073',#4647);
#4650=ORIENTED_EDGE('1682',*,*,#4649,.F.);
#4651=ORIENTED_EDGE('1687',*,*,#4327,.F.);
#4652=ORIENTED_EDGE('1686',*,*,#4636,.F.);
#4653=ORIENTED_EDGE('1685',*,*,#4296,.T.);
#4654=EDGE_LOOP('2073',(#4650,#4651,#4652,#4653));
#4655=FACE_OUTER_BOUND('2073',#4654,.F.);
#4657=CARTESIAN_POINT('',(1.91375E2,1.12E1,0.E0));
#4658=DIRECTION('',(0.E0,0.E0,-1.E0));
#4659=DIRECTION('',(1.E0,0.E0,0.E0));
#4660=AXIS2_PLACEMENT_3D('',#4657,#4658,#4659);
#4661=CYLINDRICAL_SURFACE('2072',#4660,8.E-1);
#4662=ORIENTED_EDGE('1682',*,*,#4649,.T.);
#4663=ORIENTED_EDGE('1683',*,*,#4294,.T.);
#4665=ORIENTED_EDGE('1680',*,*,#4664,.T.);
#4666=ORIENTED_EDGE('1684',*,*,#4329,.T.);
#4667=EDGE_LOOP('2072',(#4662,#4663,#4665,#4666));
#4668=FACE_OUTER_BOUND('2072',#4667,.F.);
#4670=CARTESIAN_POINT('',(1.90575E2,1.05E1,0.E0));
#4671=DIRECTION('',(-1.E0,0.E0,0.E0));
#4672=DIRECTION('',(0.E0,1.E0,0.E0));
#4673=AXIS2_PLACEMENT_3D('',#4670,#4671,#4672);
#4674=PLANE('2071',#4673);
#4676=ORIENTED_EDGE('1676',*,*,#4675,.F.);
#4677=ORIENTED_EDGE('1681',*,*,#4331,.F.);
#4678=ORIENTED_EDGE('1680',*,*,#4664,.F.);
#4679=ORIENTED_EDGE('1679',*,*,#4292,.T.);
#4680=EDGE_LOOP('2071',(#4676,#4677,#4678,#4679));
#4681=FACE_OUTER_BOUND('2071',#4680,.F.);
#4683=CARTESIAN_POINT('',(1.90875E2,1.05E1,0.E0));
#4684=DIRECTION('',(0.E0,0.E0,-1.E0));
#4685=DIRECTION('',(1.E0,0.E0,0.E0));
#4686=AXIS2_PLACEMENT_3D('',#4683,#4684,#4685);
#4687=CYLINDRICAL_SURFACE('2070',#4686,3.E-1);
#4688=ORIENTED_EDGE('1676',*,*,#4675,.T.);
#4689=ORIENTED_EDGE('1677',*,*,#4290,.T.);
#4691=ORIENTED_EDGE('1674',*,*,#4690,.T.);
#4692=ORIENTED_EDGE('1678',*,*,#4333,.T.);
#4693=EDGE_LOOP('2070',(#4688,#4689,#4691,#4692));
#4694=FACE_OUTER_BOUND('2070',#4693,.F.);
#4696=CARTESIAN_POINT('',(1.93075E2,1.02E1,0.E0));
#4697=DIRECTION('',(0.E0,-1.E0,0.E0));
#4698=DIRECTION('',(-1.E0,0.E0,0.E0));
#4699=AXIS2_PLACEMENT_3D('',#4696,#4697,#4698);
#4700=PLANE('2069',#4699);
#4702=ORIENTED_EDGE('1671',*,*,#4701,.T.);
#4703=ORIENTED_EDGE('1675',*,*,#4335,.F.);
#4704=ORIENTED_EDGE('1674',*,*,#4690,.F.);
#4705=ORIENTED_EDGE('1673',*,*,#4288,.T.);
#4706=EDGE_LOOP('2069',(#4702,#4703,#4704,#4705));
#4707=FACE_OUTER_BOUND('2069',#4706,.F.);
#4709=CARTESIAN_POINT('',(1.93075E2,9.45E0,0.E0));
#4710=DIRECTION('',(0.E0,0.E0,-1.E0));
#4711=DIRECTION('',(1.E0,0.E0,0.E0));
#4712=AXIS2_PLACEMENT_3D('',#4709,#4710,#4711);
#4713=CYLINDRICAL_SURFACE('2068',#4712,7.5E-1);
#4715=ORIENTED_EDGE('1668',*,*,#4714,.F.);
#4716=ORIENTED_EDGE('1672',*,*,#4337,.T.);
#4717=ORIENTED_EDGE('1671',*,*,#4701,.F.);
#4718=ORIENTED_EDGE('1670',*,*,#4286,.T.);
#4719=EDGE_LOOP('2068',(#4715,#4716,#4717,#4718));
#4720=FACE_OUTER_BOUND('2068',#4719,.F.);
#4722=CARTESIAN_POINT('',(1.9035E2,5.664339828220E0,0.E0));
#4723=DIRECTION('',(-7.071067811865E-1,7.071067811865E-1,0.E0));
#4724=DIRECTION('',(7.071067811865E-1,7.071067811865E-1,0.E0));
#4725=AXIS2_PLACEMENT_3D('',#4722,#4723,#4724);
#4726=PLANE('2067',#4725);
#4728=ORIENTED_EDGE('1665',*,*,#4727,.T.);
#4729=ORIENTED_EDGE('1669',*,*,#4339,.T.);
#4730=ORIENTED_EDGE('1668',*,*,#4714,.T.);
#4731=ORIENTED_EDGE('1667',*,*,#4284,.T.);
#4732=EDGE_LOOP('2067',(#4728,#4729,#4730,#4731));
#4733=FACE_OUTER_BOUND('2067',#4732,.F.);
#4735=CARTESIAN_POINT('',(1.88E2,8.664339828220E0,0.E0));
#4736=DIRECTION('',(0.E0,0.E0,-1.E0));
#4737=DIRECTION('',(1.E0,0.E0,0.E0));
#4738=AXIS2_PLACEMENT_3D('',#4735,#4736,#4737);
#4739=CYLINDRICAL_SURFACE('2066',#4738,3.810839802458E0);
#4741=ORIENTED_EDGE('1662',*,*,#4740,.F.);
#4742=ORIENTED_EDGE('1666',*,*,#4341,.T.);
#4743=ORIENTED_EDGE('1665',*,*,#4727,.F.);
#4744=ORIENTED_EDGE('1664',*,*,#4282,.T.);
#4745=EDGE_LOOP('2066',(#4741,#4742,#4743,#4744));
#4746=FACE_OUTER_BOUND('2066',#4745,.F.);
#4748=CARTESIAN_POINT('',(1.823946699141E2,8.919669914110E0,0.E0));
#4749=DIRECTION('',(7.071067811865E-1,7.071067811865E-1,0.E0));
#4750=DIRECTION('',(7.071067811865E-1,-7.071067811865E-1,0.E0));
#4751=AXIS2_PLACEMENT_3D('',#4748,#4749,#4750);
#4752=PLANE('2065',#4751);
#4754=ORIENTED_EDGE('1658',*,*,#4753,.T.);
#4755=ORIENTED_EDGE('1663',*,*,#4343,.T.);
#4756=ORIENTED_EDGE('1662',*,*,#4740,.T.);
#4757=ORIENTED_EDGE('1661',*,*,#4280,.T.);
#4758=EDGE_LOOP('2065',(#4754,#4755,#4756,#4757));
#4759=FACE_OUTER_BOUND('2065',#4758,.F.);
#4761=CARTESIAN_POINT('',(1.82925E2,9.45E0,0.E0));
#4762=DIRECTION('',(0.E0,0.E0,-1.E0));
#4763=DIRECTION('',(1.E0,0.E0,0.E0));
#4764=AXIS2_PLACEMENT_3D('',#4761,#4762,#4763);
#4765=CYLINDRICAL_SURFACE('2064',#4764,7.5E-1);
#4767=ORIENTED_EDGE('1654',*,*,#4766,.F.);
#4768=ORIENTED_EDGE('1659',*,*,#4347,.T.);
#4769=ORIENTED_EDGE('1660',*,*,#4345,.T.);
#4770=ORIENTED_EDGE('1658',*,*,#4753,.F.);
#4771=ORIENTED_EDGE('1657',*,*,#4278,.T.);
#4772=ORIENTED_EDGE('1656',*,*,#4276,.T.);
#4773=EDGE_LOOP('2064',(#4767,#4768,#4769,#4770,#4771,#4772));
#4774=FACE_OUTER_BOUND('2064',#4773,.F.);
#4776=CARTESIAN_POINT('',(1.85125E2,1.02E1,0.E0));
#4777=DIRECTION('',(0.E0,-1.E0,0.E0));
#4778=DIRECTION('',(-1.E0,0.E0,0.E0));
#4779=AXIS2_PLACEMENT_3D('',#4776,#4777,#4778);
#4780=PLANE('2063',#4779);
#4782=ORIENTED_EDGE('1650',*,*,#4781,.F.);
#4783=ORIENTED_EDGE('1655',*,*,#4349,.F.);
#4784=ORIENTED_EDGE('1654',*,*,#4766,.T.);
#4785=ORIENTED_EDGE('1653',*,*,#4274,.T.);
#4786=EDGE_LOOP('2063',(#4782,#4783,#4784,#4785));
#4787=FACE_OUTER_BOUND('2063',#4786,.F.);
#4789=CARTESIAN_POINT('',(1.85125E2,1.05E1,0.E0));
#4790=DIRECTION('',(0.E0,0.E0,-1.E0));
#4791=DIRECTION('',(1.E0,0.E0,0.E0));
#4792=AXIS2_PLACEMENT_3D('',#4789,#4790,#4791);
#4793=CYLINDRICAL_SURFACE('2062',#4792,3.E-1);
#4794=ORIENTED_EDGE('1650',*,*,#4781,.T.);
#4795=ORIENTED_EDGE('1651',*,*,#4272,.T.);
#4797=ORIENTED_EDGE('1648',*,*,#4796,.T.);
#4798=ORIENTED_EDGE('1652',*,*,#4351,.T.);
#4799=EDGE_LOOP('2062',(#4794,#4795,#4797,#4798));
#4800=FACE_OUTER_BOUND('2062',#4799,.F.);
#4802=CARTESIAN_POINT('',(1.85425E2,1.12E1,0.E0));
#4803=DIRECTION('',(1.E0,0.E0,0.E0));
#4804=DIRECTION('',(0.E0,-1.E0,0.E0));
#4805=AXIS2_PLACEMENT_3D('',#4802,#4803,#4804);
#4806=PLANE('2061',#4805);
#4808=ORIENTED_EDGE('1643',*,*,#4807,.F.);
#4809=ORIENTED_EDGE('1649',*,*,#4353,.F.);
#4810=ORIENTED_EDGE('1648',*,*,#4796,.F.);
#4811=ORIENTED_EDGE('1647',*,*,#4270,.T.);
#4812=EDGE_LOOP('2061',(#4808,#4809,#4810,#4811));
#4813=FACE_OUTER_BOUND('2061',#4812,.F.);
#4815=CARTESIAN_POINT('',(1.84625E2,1.12E1,0.E0));
#4816=DIRECTION('',(0.E0,0.E0,-1.E0));
#4817=DIRECTION('',(1.E0,0.E0,0.E0));
#4818=AXIS2_PLACEMENT_3D('',#4815,#4816,#4817);
#4819=CYLINDRICAL_SURFACE('2060',#4818,8.E-1);
#4820=ORIENTED_EDGE('1643',*,*,#4807,.T.);
#4821=ORIENTED_EDGE('1644',*,*,#4268,.T.);
#4823=ORIENTED_EDGE('1645',*,*,#4822,.T.);
#4824=ORIENTED_EDGE('1646',*,*,#4355,.T.);
#4825=EDGE_LOOP('2060',(#4820,#4821,#4823,#4824));
#4826=FACE_OUTER_BOUND('2060',#4825,.F.);
#4828=CARTESIAN_POINT('',(1.78E2,1.2E1,1.E2));
#4829=DIRECTION('',(0.E0,1.E0,0.E0));
#4830=DIRECTION('',(0.E0,0.E0,1.E0));
#4831=AXIS2_PLACEMENT_3D('',#4828,#4829,#4830);
#4832=PLANE('2187',#4831);
#4834=ORIENTED_EDGE('2039',*,*,#4833,.F.);
#4835=ORIENTED_EDGE('2043',*,*,#4357,.F.);
#4836=ORIENTED_EDGE('1645',*,*,#4822,.F.);
#4837=ORIENTED_EDGE('2042',*,*,#4266,.T.);
#4838=EDGE_LOOP('2187',(#4834,#4835,#4836,#4837));
#4839=FACE_OUTER_BOUND('2187',#4838,.F.);
#4841=CARTESIAN_POINT('',(1.71375E2,1.12E1,0.E0));
#4842=DIRECTION('',(0.E0,0.E0,-1.E0));
#4843=DIRECTION('',(1.E0,0.E0,0.E0));
#4844=AXIS2_PLACEMENT_3D('',#4841,#4842,#4843);
#4845=CYLINDRICAL_SURFACE('2186',#4844,8.E-1);
#4846=ORIENTED_EDGE('2039',*,*,#4833,.T.);
#4847=ORIENTED_EDGE('2040',*,*,#4264,.T.);
#4849=ORIENTED_EDGE('2037',*,*,#4848,.T.);
#4850=ORIENTED_EDGE('2041',*,*,#4359,.T.);
#4851=EDGE_LOOP('2186',(#4846,#4847,#4849,#4850));
#4852=FACE_OUTER_BOUND('2186',#4851,.F.);
#4854=CARTESIAN_POINT('',(1.70575E2,1.05E1,0.E0));
#4855=DIRECTION('',(-1.E0,0.E0,0.E0));
#4856=DIRECTION('',(0.E0,1.E0,0.E0));
#4857=AXIS2_PLACEMENT_3D('',#4854,#4855,#4856);
#4858=PLANE('2185',#4857);
#4860=ORIENTED_EDGE('2033',*,*,#4859,.F.);
#4861=ORIENTED_EDGE('2038',*,*,#4361,.F.);
#4862=ORIENTED_EDGE('2037',*,*,#4848,.F.);
#4863=ORIENTED_EDGE('2036',*,*,#4262,.T.);
#4864=EDGE_LOOP('2185',(#4860,#4861,#4862,#4863));
#4865=FACE_OUTER_BOUND('2185',#4864,.F.);
#4867=CARTESIAN_POINT('',(1.70875E2,1.05E1,0.E0));
#4868=DIRECTION('',(0.E0,0.E0,-1.E0));
#4869=DIRECTION('',(1.E0,0.E0,0.E0));
#4870=AXIS2_PLACEMENT_3D('',#4867,#4868,#4869);
#4871=CYLINDRICAL_SURFACE('2184',#4870,3.E-1);
#4872=ORIENTED_EDGE('2033',*,*,#4859,.T.);
#4873=ORIENTED_EDGE('2034',*,*,#4260,.T.);
#4875=ORIENTED_EDGE('2031',*,*,#4874,.T.);
#4876=ORIENTED_EDGE('2035',*,*,#4363,.T.);
#4877=EDGE_LOOP('2184',(#4872,#4873,#4875,#4876));
#4878=FACE_OUTER_BOUND('2184',#4877,.F.);
#4880=CARTESIAN_POINT('',(1.73075E2,1.02E1,0.E0));
#4881=DIRECTION('',(0.E0,-1.E0,0.E0));
#4882=DIRECTION('',(-1.E0,0.E0,0.E0));
#4883=AXIS2_PLACEMENT_3D('',#4880,#4881,#4882);
#4884=PLANE('2183',#4883);
#4886=ORIENTED_EDGE('2028',*,*,#4885,.T.);
#4887=ORIENTED_EDGE('2032',*,*,#4365,.F.);
#4888=ORIENTED_EDGE('2031',*,*,#4874,.F.);
#4889=ORIENTED_EDGE('2030',*,*,#4258,.T.);
#4890=EDGE_LOOP('2183',(#4886,#4887,#4888,#4889));
#4891=FACE_OUTER_BOUND('2183',#4890,.F.);
#4893=CARTESIAN_POINT('',(1.73075E2,9.45E0,0.E0));
#4894=DIRECTION('',(0.E0,0.E0,-1.E0));
#4895=DIRECTION('',(1.E0,0.E0,0.E0));
#4896=AXIS2_PLACEMENT_3D('',#4893,#4894,#4895);
#4897=CYLINDRICAL_SURFACE('2182',#4896,7.5E-1);
#4899=ORIENTED_EDGE('2025',*,*,#4898,.F.);
#4900=ORIENTED_EDGE('2029',*,*,#4367,.T.);
#4901=ORIENTED_EDGE('2028',*,*,#4885,.F.);
#4902=ORIENTED_EDGE('2027',*,*,#4256,.T.);
#4903=EDGE_LOOP('2182',(#4899,#4900,#4901,#4902));
#4904=FACE_OUTER_BOUND('2182',#4903,.F.);
#4906=CARTESIAN_POINT('',(1.7035E2,5.664339828220E0,0.E0));
#4907=DIRECTION('',(-7.071067811865E-1,7.071067811865E-1,0.E0));
#4908=DIRECTION('',(7.071067811865E-1,7.071067811865E-1,0.E0));
#4909=AXIS2_PLACEMENT_3D('',#4906,#4907,#4908);
#4910=PLANE('2181',#4909);
#4912=ORIENTED_EDGE('2022',*,*,#4911,.T.);
#4913=ORIENTED_EDGE('2026',*,*,#4369,.T.);
#4914=ORIENTED_EDGE('2025',*,*,#4898,.T.);
#4915=ORIENTED_EDGE('2024',*,*,#4254,.T.);
#4916=EDGE_LOOP('2181',(#4912,#4913,#4914,#4915));
#4917=FACE_OUTER_BOUND('2181',#4916,.F.);
#4919=CARTESIAN_POINT('',(1.68E2,8.664339828220E0,0.E0));
#4920=DIRECTION('',(0.E0,0.E0,-1.E0));
#4921=DIRECTION('',(1.E0,0.E0,0.E0));
#4922=AXIS2_PLACEMENT_3D('',#4919,#4920,#4921);
#4923=CYLINDRICAL_SURFACE('2180',#4922,3.810839802458E0);
#4925=ORIENTED_EDGE('2019',*,*,#4924,.F.);
#4926=ORIENTED_EDGE('2023',*,*,#4371,.T.);
#4927=ORIENTED_EDGE('2022',*,*,#4911,.F.);
#4928=ORIENTED_EDGE('2021',*,*,#4252,.T.);
#4929=EDGE_LOOP('2180',(#4925,#4926,#4927,#4928));
#4930=FACE_OUTER_BOUND('2180',#4929,.F.);
#4932=CARTESIAN_POINT('',(1.623946699141E2,8.919669914110E0,0.E0));
#4933=DIRECTION('',(7.071067811865E-1,7.071067811865E-1,0.E0));
#4934=DIRECTION('',(7.071067811865E-1,-7.071067811865E-1,0.E0));
#4935=AXIS2_PLACEMENT_3D('',#4932,#4933,#4934);
#4936=PLANE('2179',#4935);
#4938=ORIENTED_EDGE('2015',*,*,#4937,.T.);
#4939=ORIENTED_EDGE('2020',*,*,#4373,.T.);
#4940=ORIENTED_EDGE('2019',*,*,#4924,.T.);
#4941=ORIENTED_EDGE('2018',*,*,#4250,.T.);
#4942=EDGE_LOOP('2179',(#4938,#4939,#4940,#4941));
#4943=FACE_OUTER_BOUND('2179',#4942,.F.);
#4945=CARTESIAN_POINT('',(1.62925E2,9.45E0,0.E0));
#4946=DIRECTION('',(0.E0,0.E0,-1.E0));
#4947=DIRECTION('',(1.E0,0.E0,0.E0));
#4948=AXIS2_PLACEMENT_3D('',#4945,#4946,#4947);
#4949=CYLINDRICAL_SURFACE('2178',#4948,7.5E-1);
#4951=ORIENTED_EDGE('2011',*,*,#4950,.F.);
#4952=ORIENTED_EDGE('2016',*,*,#4377,.T.);
#4953=ORIENTED_EDGE('2017',*,*,#4375,.T.);
#4954=ORIENTED_EDGE('2015',*,*,#4937,.F.);
#4955=ORIENTED_EDGE('2014',*,*,#4248,.T.);
#4956=ORIENTED_EDGE('2013',*,*,#4246,.T.);
#4957=EDGE_LOOP('2178',(#4951,#4952,#4953,#4954,#4955,#4956));
#4958=FACE_OUTER_BOUND('2178',#4957,.F.);
#4960=CARTESIAN_POINT('',(1.65125E2,1.02E1,0.E0));
#4961=DIRECTION('',(0.E0,-1.E0,0.E0));
#4962=DIRECTION('',(-1.E0,0.E0,0.E0));
#4963=AXIS2_PLACEMENT_3D('',#4960,#4961,#4962);
#4964=PLANE('2177',#4963);
#4966=ORIENTED_EDGE('2007',*,*,#4965,.F.);
#4967=ORIENTED_EDGE('2012',*,*,#4379,.F.);
#4968=ORIENTED_EDGE('2011',*,*,#4950,.T.);
#4969=ORIENTED_EDGE('2010',*,*,#4244,.T.);
#4970=EDGE_LOOP('2177',(#4966,#4967,#4968,#4969));
#4971=FACE_OUTER_BOUND('2177',#4970,.F.);
#4973=CARTESIAN_POINT('',(1.65125E2,1.05E1,0.E0));
#4974=DIRECTION('',(0.E0,0.E0,-1.E0));
#4975=DIRECTION('',(1.E0,0.E0,0.E0));
#4976=AXIS2_PLACEMENT_3D('',#4973,#4974,#4975);
#4977=CYLINDRICAL_SURFACE('2176',#4976,3.E-1);
#4978=ORIENTED_EDGE('2007',*,*,#4965,.T.);
#4979=ORIENTED_EDGE('2008',*,*,#4242,.T.);
#4981=ORIENTED_EDGE('2005',*,*,#4980,.T.);
#4982=ORIENTED_EDGE('2009',*,*,#4381,.T.);
#4983=EDGE_LOOP('2176',(#4978,#4979,#4981,#4982));
#4984=FACE_OUTER_BOUND('2176',#4983,.F.);
#4986=CARTESIAN_POINT('',(1.65425E2,1.12E1,0.E0));
#4987=DIRECTION('',(1.E0,0.E0,0.E0));
#4988=DIRECTION('',(0.E0,-1.E0,0.E0));
#4989=AXIS2_PLACEMENT_3D('',#4986,#4987,#4988);
#4990=PLANE('2175',#4989);
#4992=ORIENTED_EDGE('2001',*,*,#4991,.F.);
#4993=ORIENTED_EDGE('2006',*,*,#4383,.F.);
#4994=ORIENTED_EDGE('2005',*,*,#4980,.F.);
#4995=ORIENTED_EDGE('2004',*,*,#4240,.T.);
#4996=EDGE_LOOP('2175',(#4992,#4993,#4994,#4995));
#4997=FACE_OUTER_BOUND('2175',#4996,.F.);
#4999=CARTESIAN_POINT('',(1.64625E2,1.12E1,0.E0));
#5000=DIRECTION('',(0.E0,0.E0,-1.E0));
#5001=DIRECTION('',(1.E0,0.E0,0.E0));
#5002=AXIS2_PLACEMENT_3D('',#4999,#5000,#5001);
#5003=CYLINDRICAL_SURFACE('2174',#5002,8.E-1);
#5004=ORIENTED_EDGE('2001',*,*,#4991,.T.);
#5005=ORIENTED_EDGE('2002',*,*,#4238,.T.);
#5007=ORIENTED_EDGE('1999',*,*,#5006,.T.);
#5008=ORIENTED_EDGE('2003',*,*,#4385,.T.);
#5009=EDGE_LOOP('2174',(#5004,#5005,#5007,#5008));
#5010=FACE_OUTER_BOUND('2174',#5009,.F.);
#5012=CARTESIAN_POINT('',(1.58E2,1.2E1,1.E2));
#5013=DIRECTION('',(0.E0,1.E0,0.E0));
#5014=DIRECTION('',(0.E0,0.E0,1.E0));
#5015=AXIS2_PLACEMENT_3D('',#5012,#5013,#5014);
#5016=PLANE('2173',#5015);
#5018=ORIENTED_EDGE('1995',*,*,#5017,.F.);
#5019=ORIENTED_EDGE('2000',*,*,#4387,.F.);
#5020=ORIENTED_EDGE('1999',*,*,#5006,.F.);
#5021=ORIENTED_EDGE('1998',*,*,#4236,.T.);
#5022=EDGE_LOOP('2173',(#5018,#5019,#5020,#5021));
#5023=FACE_OUTER_BOUND('2173',#5022,.F.);
#5025=CARTESIAN_POINT('',(1.51375E2,1.12E1,0.E0));
#5026=DIRECTION('',(0.E0,0.E0,-1.E0));
#5027=DIRECTION('',(1.E0,0.E0,0.E0));
#5028=AXIS2_PLACEMENT_3D('',#5025,#5026,#5027);
#5029=CYLINDRICAL_SURFACE('2172',#5028,8.E-1);
#5030=ORIENTED_EDGE('1995',*,*,#5017,.T.);
#5031=ORIENTED_EDGE('1996',*,*,#4234,.T.);
#5033=ORIENTED_EDGE('1993',*,*,#5032,.T.);
#5034=ORIENTED_EDGE('1997',*,*,#4389,.T.);
#5035=EDGE_LOOP('2172',(#5030,#5031,#5033,#5034));
#5036=FACE_OUTER_BOUND('2172',#5035,.F.);
#5038=CARTESIAN_POINT('',(1.50575E2,1.05E1,0.E0));
#5039=DIRECTION('',(-1.E0,0.E0,0.E0));
#5040=DIRECTION('',(0.E0,1.E0,0.E0));
#5041=AXIS2_PLACEMENT_3D('',#5038,#5039,#5040);
#5042=PLANE('2171',#5041);
#5044=ORIENTED_EDGE('1989',*,*,#5043,.F.);
#5045=ORIENTED_EDGE('1994',*,*,#4391,.F.);
#5046=ORIENTED_EDGE('1993',*,*,#5032,.F.);
#5047=ORIENTED_EDGE('1992',*,*,#4232,.T.);
#5048=EDGE_LOOP('2171',(#5044,#5045,#5046,#5047));
#5049=FACE_OUTER_BOUND('2171',#5048,.F.);
#5051=CARTESIAN_POINT('',(1.50875E2,1.05E1,0.E0));
#5052=DIRECTION('',(0.E0,0.E0,-1.E0));
#5053=DIRECTION('',(1.E0,0.E0,0.E0));
#5054=AXIS2_PLACEMENT_3D('',#5051,#5052,#5053);
#5055=CYLINDRICAL_SURFACE('2170',#5054,3.E-1);
#5056=ORIENTED_EDGE('1989',*,*,#5043,.T.);
#5057=ORIENTED_EDGE('1990',*,*,#4230,.T.);
#5059=ORIENTED_EDGE('1987',*,*,#5058,.T.);
#5060=ORIENTED_EDGE('1991',*,*,#4393,.T.);
#5061=EDGE_LOOP('2170',(#5056,#5057,#5059,#5060));
#5062=FACE_OUTER_BOUND('2170',#5061,.F.);
#5064=CARTESIAN_POINT('',(1.53075E2,1.02E1,0.E0));
#5065=DIRECTION('',(0.E0,-1.E0,0.E0));
#5066=DIRECTION('',(-1.E0,0.E0,0.E0));
#5067=AXIS2_PLACEMENT_3D('',#5064,#5065,#5066);
#5068=PLANE('2169',#5067);
#5070=ORIENTED_EDGE('1984',*,*,#5069,.T.);
#5071=ORIENTED_EDGE('1988',*,*,#4395,.F.);
#5072=ORIENTED_EDGE('1987',*,*,#5058,.F.);
#5073=ORIENTED_EDGE('1986',*,*,#4228,.T.);
#5074=EDGE_LOOP('2169',(#5070,#5071,#5072,#5073));
#5075=FACE_OUTER_BOUND('2169',#5074,.F.);
#5077=CARTESIAN_POINT('',(1.53075E2,9.45E0,0.E0));
#5078=DIRECTION('',(0.E0,0.E0,-1.E0));
#5079=DIRECTION('',(1.E0,0.E0,0.E0));
#5080=AXIS2_PLACEMENT_3D('',#5077,#5078,#5079);
#5081=CYLINDRICAL_SURFACE('2168',#5080,7.5E-1);
#5083=ORIENTED_EDGE('1981',*,*,#5082,.F.);
#5084=ORIENTED_EDGE('1985',*,*,#4397,.T.);
#5085=ORIENTED_EDGE('1984',*,*,#5069,.F.);
#5086=ORIENTED_EDGE('1983',*,*,#4226,.T.);
#5087=EDGE_LOOP('2168',(#5083,#5084,#5085,#5086));
#5088=FACE_OUTER_BOUND('2168',#5087,.F.);
#5090=CARTESIAN_POINT('',(1.5035E2,5.664339828220E0,0.E0));
#5091=DIRECTION('',(-7.071067811865E-1,7.071067811865E-1,0.E0));
#5092=DIRECTION('',(7.071067811865E-1,7.071067811865E-1,0.E0));
#5093=AXIS2_PLACEMENT_3D('',#5090,#5091,#5092);
#5094=PLANE('2167',#5093);
#5096=ORIENTED_EDGE('1978',*,*,#5095,.T.);
#5097=ORIENTED_EDGE('1982',*,*,#4399,.T.);
#5098=ORIENTED_EDGE('1981',*,*,#5082,.T.);
#5099=ORIENTED_EDGE('1980',*,*,#4224,.T.);
#5100=EDGE_LOOP('2167',(#5096,#5097,#5098,#5099));
#5101=FACE_OUTER_BOUND('2167',#5100,.F.);
#5103=CARTESIAN_POINT('',(1.48E2,8.664339828220E0,0.E0));
#5104=DIRECTION('',(0.E0,0.E0,-1.E0));
#5105=DIRECTION('',(1.E0,0.E0,0.E0));
#5106=AXIS2_PLACEMENT_3D('',#5103,#5104,#5105);
#5107=CYLINDRICAL_SURFACE('2166',#5106,3.810839802458E0);
#5109=ORIENTED_EDGE('1975',*,*,#5108,.F.);
#5110=ORIENTED_EDGE('1979',*,*,#4401,.T.);
#5111=ORIENTED_EDGE('1978',*,*,#5095,.F.);
#5112=ORIENTED_EDGE('1977',*,*,#4222,.T.);
#5113=EDGE_LOOP('2166',(#5109,#5110,#5111,#5112));
#5114=FACE_OUTER_BOUND('2166',#5113,.F.);
#5116=CARTESIAN_POINT('',(1.423946699141E2,8.919669914110E0,0.E0));
#5117=DIRECTION('',(7.071067811865E-1,7.071067811865E-1,0.E0));
#5118=DIRECTION('',(7.071067811865E-1,-7.071067811865E-1,0.E0));
#5119=AXIS2_PLACEMENT_3D('',#5116,#5117,#5118);
#5120=PLANE('2165',#5119);
#5122=ORIENTED_EDGE('1971',*,*,#5121,.T.);
#5123=ORIENTED_EDGE('1976',*,*,#4403,.T.);
#5124=ORIENTED_EDGE('1975',*,*,#5108,.T.);
#5125=ORIENTED_EDGE('1974',*,*,#4220,.T.);
#5126=EDGE_LOOP('2165',(#5122,#5123,#5124,#5125));
#5127=FACE_OUTER_BOUND('2165',#5126,.F.);
#5129=CARTESIAN_POINT('',(1.42925E2,9.45E0,0.E0));
#5130=DIRECTION('',(0.E0,0.E0,-1.E0));
#5131=DIRECTION('',(1.E0,0.E0,0.E0));
#5132=AXIS2_PLACEMENT_3D('',#5129,#5130,#5131);
#5133=CYLINDRICAL_SURFACE('2164',#5132,7.5E-1);
#5135=ORIENTED_EDGE('1967',*,*,#5134,.F.);
#5136=ORIENTED_EDGE('1972',*,*,#4407,.T.);
#5137=ORIENTED_EDGE('1973',*,*,#4405,.T.);
#5138=ORIENTED_EDGE('1971',*,*,#5121,.F.);
#5139=ORIENTED_EDGE('1970',*,*,#4218,.T.);
#5140=ORIENTED_EDGE('1969',*,*,#4216,.T.);
#5141=EDGE_LOOP('2164',(#5135,#5136,#5137,#5138,#5139,#5140));
#5142=FACE_OUTER_BOUND('2164',#5141,.F.);
#5144=CARTESIAN_POINT('',(1.45125E2,1.02E1,0.E0));
#5145=DIRECTION('',(0.E0,-1.E0,0.E0));
#5146=DIRECTION('',(-1.E0,0.E0,0.E0));
#5147=AXIS2_PLACEMENT_3D('',#5144,#5145,#5146);
#5148=PLANE('2163',#5147);
#5150=ORIENTED_EDGE('1963',*,*,#5149,.F.);
#5151=ORIENTED_EDGE('1968',*,*,#4409,.F.);
#5152=ORIENTED_EDGE('1967',*,*,#5134,.T.);
#5153=ORIENTED_EDGE('1966',*,*,#4214,.T.);
#5154=EDGE_LOOP('2163',(#5150,#5151,#5152,#5153));
#5155=FACE_OUTER_BOUND('2163',#5154,.F.);
#5157=CARTESIAN_POINT('',(1.45125E2,1.05E1,0.E0));
#5158=DIRECTION('',(0.E0,0.E0,-1.E0));
#5159=DIRECTION('',(1.E0,0.E0,0.E0));
#5160=AXIS2_PLACEMENT_3D('',#5157,#5158,#5159);
#5161=CYLINDRICAL_SURFACE('2162',#5160,3.E-1);
#5162=ORIENTED_EDGE('1963',*,*,#5149,.T.);
#5163=ORIENTED_EDGE('1964',*,*,#4212,.T.);
#5165=ORIENTED_EDGE('1961',*,*,#5164,.T.);
#5166=ORIENTED_EDGE('1965',*,*,#4411,.T.);
#5167=EDGE_LOOP('2162',(#5162,#5163,#5165,#5166));
#5168=FACE_OUTER_BOUND('2162',#5167,.F.);
#5170=CARTESIAN_POINT('',(1.45425E2,1.12E1,0.E0));
#5171=DIRECTION('',(1.E0,0.E0,0.E0));
#5172=DIRECTION('',(0.E0,-1.E0,0.E0));
#5173=AXIS2_PLACEMENT_3D('',#5170,#5171,#5172);
#5174=PLANE('2161',#5173);
#5176=ORIENTED_EDGE('1957',*,*,#5175,.F.);
#5177=ORIENTED_EDGE('1962',*,*,#4413,.F.);
#5178=ORIENTED_EDGE('1961',*,*,#5164,.F.);
#5179=ORIENTED_EDGE('1960',*,*,#4210,.T.);
#5180=EDGE_LOOP('2161',(#5176,#5177,#5178,#5179));
#5181=FACE_OUTER_BOUND('2161',#5180,.F.);
#5183=CARTESIAN_POINT('',(1.44625E2,1.12E1,0.E0));
#5184=DIRECTION('',(0.E0,0.E0,-1.E0));
#5185=DIRECTION('',(1.E0,0.E0,0.E0));
#5186=AXIS2_PLACEMENT_3D('',#5183,#5184,#5185);
#5187=CYLINDRICAL_SURFACE('2160',#5186,8.E-1);
#5188=ORIENTED_EDGE('1957',*,*,#5175,.T.);
#5189=ORIENTED_EDGE('1958',*,*,#4208,.T.);
#5191=ORIENTED_EDGE('1955',*,*,#5190,.T.);
#5192=ORIENTED_EDGE('1959',*,*,#4415,.T.);
#5193=EDGE_LOOP('2160',(#5188,#5189,#5191,#5192));
#5194=FACE_OUTER_BOUND('2160',#5193,.F.);
#5196=CARTESIAN_POINT('',(1.38E2,1.2E1,1.E2));
#5197=DIRECTION('',(0.E0,1.E0,0.E0));
#5198=DIRECTION('',(0.E0,0.E0,1.E0));
#5199=AXIS2_PLACEMENT_3D('',#5196,#5197,#5198);
#5200=PLANE('2159',#5199);
#5202=ORIENTED_EDGE('1951',*,*,#5201,.F.);
#5203=ORIENTED_EDGE('1956',*,*,#4417,.F.);
#5204=ORIENTED_EDGE('1955',*,*,#5190,.F.);
#5205=ORIENTED_EDGE('1954',*,*,#4206,.T.);
#5206=EDGE_LOOP('2159',(#5202,#5203,#5204,#5205));
#5207=FACE_OUTER_BOUND('2159',#5206,.F.);
#5209=CARTESIAN_POINT('',(1.31375E2,1.12E1,0.E0));
#5210=DIRECTION('',(0.E0,0.E0,-1.E0));
#5211=DIRECTION('',(1.E0,0.E0,0.E0));
#5212=AXIS2_PLACEMENT_3D('',#5209,#5210,#5211);
#5213=CYLINDRICAL_SURFACE('2158',#5212,8.E-1);
#5214=ORIENTED_EDGE('1951',*,*,#5201,.T.);
#5215=ORIENTED_EDGE('1952',*,*,#4204,.T.);
#5217=ORIENTED_EDGE('1949',*,*,#5216,.T.);
#5218=ORIENTED_EDGE('1953',*,*,#4419,.T.);
#5219=EDGE_LOOP('2158',(#5214,#5215,#5217,#5218));
#5220=FACE_OUTER_BOUND('2158',#5219,.F.);
#5222=CARTESIAN_POINT('',(1.30575E2,1.05E1,0.E0));
#5223=DIRECTION('',(-1.E0,0.E0,0.E0));
#5224=DIRECTION('',(0.E0,1.E0,0.E0));
#5225=AXIS2_PLACEMENT_3D('',#5222,#5223,#5224);
#5226=PLANE('2157',#5225);
#5228=ORIENTED_EDGE('1945',*,*,#5227,.F.);
#5229=ORIENTED_EDGE('1950',*,*,#4421,.F.);
#5230=ORIENTED_EDGE('1949',*,*,#5216,.F.);
#5231=ORIENTED_EDGE('1948',*,*,#4202,.T.);
#5232=EDGE_LOOP('2157',(#5228,#5229,#5230,#5231));
#5233=FACE_OUTER_BOUND('2157',#5232,.F.);
#5235=CARTESIAN_POINT('',(1.30875E2,1.05E1,0.E0));
#5236=DIRECTION('',(0.E0,0.E0,-1.E0));
#5237=DIRECTION('',(1.E0,0.E0,0.E0));
#5238=AXIS2_PLACEMENT_3D('',#5235,#5236,#5237);
#5239=CYLINDRICAL_SURFACE('2156',#5238,3.E-1);
#5240=ORIENTED_EDGE('1945',*,*,#5227,.T.);
#5241=ORIENTED_EDGE('1946',*,*,#4200,.T.);
#5243=ORIENTED_EDGE('1943',*,*,#5242,.T.);
#5244=ORIENTED_EDGE('1947',*,*,#4423,.T.);
#5245=EDGE_LOOP('2156',(#5240,#5241,#5243,#5244));
#5246=FACE_OUTER_BOUND('2156',#5245,.F.);
#5248=CARTESIAN_POINT('',(1.33075E2,1.02E1,0.E0));
#5249=DIRECTION('',(0.E0,-1.E0,0.E0));
#5250=DIRECTION('',(-1.E0,0.E0,0.E0));
#5251=AXIS2_PLACEMENT_3D('',#5248,#5249,#5250);
#5252=PLANE('2155',#5251);
#5254=ORIENTED_EDGE('1940',*,*,#5253,.T.);
#5255=ORIENTED_EDGE('1944',*,*,#4425,.F.);
#5256=ORIENTED_EDGE('1943',*,*,#5242,.F.);
#5257=ORIENTED_EDGE('1942',*,*,#4198,.T.);
#5258=EDGE_LOOP('2155',(#5254,#5255,#5256,#5257));
#5259=FACE_OUTER_BOUND('2155',#5258,.F.);
#5261=CARTESIAN_POINT('',(1.33075E2,9.45E0,0.E0));
#5262=DIRECTION('',(0.E0,0.E0,-1.E0));
#5263=DIRECTION('',(1.E0,0.E0,0.E0));
#5264=AXIS2_PLACEMENT_3D('',#5261,#5262,#5263);
#5265=CYLINDRICAL_SURFACE('2154',#5264,7.5E-1);
#5267=ORIENTED_EDGE('1937',*,*,#5266,.F.);
#5268=ORIENTED_EDGE('1941',*,*,#4427,.T.);
#5269=ORIENTED_EDGE('1940',*,*,#5253,.F.);
#5270=ORIENTED_EDGE('1939',*,*,#4196,.T.);
#5271=EDGE_LOOP('2154',(#5267,#5268,#5269,#5270));
#5272=FACE_OUTER_BOUND('2154',#5271,.F.);
#5274=CARTESIAN_POINT('',(1.3035E2,5.664339828220E0,0.E0));
#5275=DIRECTION('',(-7.071067811865E-1,7.071067811865E-1,0.E0));
#5276=DIRECTION('',(7.071067811865E-1,7.071067811865E-1,0.E0));
#5277=AXIS2_PLACEMENT_3D('',#5274,#5275,#5276);
#5278=PLANE('2153',#5277);
#5280=ORIENTED_EDGE('1934',*,*,#5279,.T.);
#5281=ORIENTED_EDGE('1938',*,*,#4429,.T.);
#5282=ORIENTED_EDGE('1937',*,*,#5266,.T.);
#5283=ORIENTED_EDGE('1936',*,*,#4194,.T.);
#5284=EDGE_LOOP('2153',(#5280,#5281,#5282,#5283));
#5285=FACE_OUTER_BOUND('2153',#5284,.F.);
#5287=CARTESIAN_POINT('',(1.28E2,8.664339828220E0,0.E0));
#5288=DIRECTION('',(0.E0,0.E0,-1.E0));
#5289=DIRECTION('',(1.E0,0.E0,0.E0));
#5290=AXIS2_PLACEMENT_3D('',#5287,#5288,#5289);
#5291=CYLINDRICAL_SURFACE('2152',#5290,3.810839802458E0);
#5293=ORIENTED_EDGE('1931',*,*,#5292,.F.);
#5294=ORIENTED_EDGE('1935',*,*,#4431,.T.);
#5295=ORIENTED_EDGE('1934',*,*,#5279,.F.);
#5296=ORIENTED_EDGE('1933',*,*,#4192,.T.);
#5297=EDGE_LOOP('2152',(#5293,#5294,#5295,#5296));
#5298=FACE_OUTER_BOUND('2152',#5297,.F.);
#5300=CARTESIAN_POINT('',(1.223946699141E2,8.919669914110E0,0.E0));
#5301=DIRECTION('',(7.071067811865E-1,7.071067811865E-1,0.E0));
#5302=DIRECTION('',(7.071067811865E-1,-7.071067811865E-1,0.E0));
#5303=AXIS2_PLACEMENT_3D('',#5300,#5301,#5302);
#5304=PLANE('2151',#5303);
#5306=ORIENTED_EDGE('1927',*,*,#5305,.T.);
#5307=ORIENTED_EDGE('1932',*,*,#4433,.T.);
#5308=ORIENTED_EDGE('1931',*,*,#5292,.T.);
#5309=ORIENTED_EDGE('1930',*,*,#4190,.T.);
#5310=EDGE_LOOP('2151',(#5306,#5307,#5308,#5309));
#5311=FACE_OUTER_BOUND('2151',#5310,.F.);
#5313=CARTESIAN_POINT('',(1.22925E2,9.45E0,0.E0));
#5314=DIRECTION('',(0.E0,0.E0,-1.E0));
#5315=DIRECTION('',(1.E0,0.E0,0.E0));
#5316=AXIS2_PLACEMENT_3D('',#5313,#5314,#5315);
#5317=CYLINDRICAL_SURFACE('2150',#5316,7.5E-1);
#5319=ORIENTED_EDGE('1923',*,*,#5318,.F.);
#5320=ORIENTED_EDGE('1928',*,*,#4437,.T.);
#5321=ORIENTED_EDGE('1929',*,*,#4435,.T.);
#5322=ORIENTED_EDGE('1927',*,*,#5305,.F.);
#5323=ORIENTED_EDGE('1926',*,*,#4188,.T.);
#5324=ORIENTED_EDGE('1925',*,*,#4186,.T.);
#5325=EDGE_LOOP('2150',(#5319,#5320,#5321,#5322,#5323,#5324));
#5326=FACE_OUTER_BOUND('2150',#5325,.F.);
#5328=CARTESIAN_POINT('',(1.25125E2,1.02E1,0.E0));
#5329=DIRECTION('',(0.E0,-1.E0,0.E0));
#5330=DIRECTION('',(-1.E0,0.E0,0.E0));
#5331=AXIS2_PLACEMENT_3D('',#5328,#5329,#5330);
#5332=PLANE('2149',#5331);
#5334=ORIENTED_EDGE('1919',*,*,#5333,.F.);
#5335=ORIENTED_EDGE('1924',*,*,#4439,.F.);
#5336=ORIENTED_EDGE('1923',*,*,#5318,.T.);
#5337=ORIENTED_EDGE('1922',*,*,#4184,.T.);
#5338=EDGE_LOOP('2149',(#5334,#5335,#5336,#5337));
#5339=FACE_OUTER_BOUND('2149',#5338,.F.);
#5341=CARTESIAN_POINT('',(1.25125E2,1.05E1,0.E0));
#5342=DIRECTION('',(0.E0,0.E0,-1.E0));
#5343=DIRECTION('',(1.E0,0.E0,0.E0));
#5344=AXIS2_PLACEMENT_3D('',#5341,#5342,#5343);
#5345=CYLINDRICAL_SURFACE('2148',#5344,3.E-1);
#5346=ORIENTED_EDGE('1919',*,*,#5333,.T.);
#5347=ORIENTED_EDGE('1920',*,*,#4182,.T.);
#5349=ORIENTED_EDGE('1917',*,*,#5348,.T.);
#5350=ORIENTED_EDGE('1921',*,*,#4441,.T.);
#5351=EDGE_LOOP('2148',(#5346,#5347,#5349,#5350));
#5352=FACE_OUTER_BOUND('2148',#5351,.F.);
#5354=CARTESIAN_POINT('',(1.25425E2,1.12E1,0.E0));
#5355=DIRECTION('',(1.E0,0.E0,0.E0));
#5356=DIRECTION('',(0.E0,-1.E0,0.E0));
#5357=AXIS2_PLACEMENT_3D('',#5354,#5355,#5356);
#5358=PLANE('2147',#5357);
#5360=ORIENTED_EDGE('1913',*,*,#5359,.F.);
#5361=ORIENTED_EDGE('1918',*,*,#4443,.F.);
#5362=ORIENTED_EDGE('1917',*,*,#5348,.F.);
#5363=ORIENTED_EDGE('1916',*,*,#4180,.T.);
#5364=EDGE_LOOP('2147',(#5360,#5361,#5362,#5363));
#5365=FACE_OUTER_BOUND('2147',#5364,.F.);
#5367=CARTESIAN_POINT('',(1.24625E2,1.12E1,0.E0));
#5368=DIRECTION('',(0.E0,0.E0,-1.E0));
#5369=DIRECTION('',(1.E0,0.E0,0.E0));
#5370=AXIS2_PLACEMENT_3D('',#5367,#5368,#5369);
#5371=CYLINDRICAL_SURFACE('2146',#5370,8.E-1);
#5372=ORIENTED_EDGE('1913',*,*,#5359,.T.);
#5373=ORIENTED_EDGE('1914',*,*,#4178,.T.);
#5375=ORIENTED_EDGE('1911',*,*,#5374,.T.);
#5376=ORIENTED_EDGE('1915',*,*,#4445,.T.);
#5377=EDGE_LOOP('2146',(#5372,#5373,#5375,#5376));
#5378=FACE_OUTER_BOUND('2146',#5377,.F.);
#5380=CARTESIAN_POINT('',(1.18E2,1.2E1,1.E2));
#5381=DIRECTION('',(0.E0,1.E0,0.E0));
#5382=DIRECTION('',(0.E0,0.E0,1.E0));
#5383=AXIS2_PLACEMENT_3D('',#5380,#5381,#5382);
#5384=PLANE('2145',#5383);
#5386=ORIENTED_EDGE('1907',*,*,#5385,.F.);
#5387=ORIENTED_EDGE('1912',*,*,#4447,.F.);
#5388=ORIENTED_EDGE('1911',*,*,#5374,.F.);
#5389=ORIENTED_EDGE('1910',*,*,#4176,.T.);
#5390=EDGE_LOOP('2145',(#5386,#5387,#5388,#5389));
#5391=FACE_OUTER_BOUND('2145',#5390,.F.);
#5393=CARTESIAN_POINT('',(1.11375E2,1.12E1,0.E0));
#5394=DIRECTION('',(0.E0,0.E0,-1.E0));
#5395=DIRECTION('',(1.E0,0.E0,0.E0));
#5396=AXIS2_PLACEMENT_3D('',#5393,#5394,#5395);
#5397=CYLINDRICAL_SURFACE('2144',#5396,8.E-1);
#5398=ORIENTED_EDGE('1907',*,*,#5385,.T.);
#5399=ORIENTED_EDGE('1908',*,*,#4174,.T.);
#5401=ORIENTED_EDGE('1905',*,*,#5400,.T.);
#5402=ORIENTED_EDGE('1909',*,*,#4449,.T.);
#5403=EDGE_LOOP('2144',(#5398,#5399,#5401,#5402));
#5404=FACE_OUTER_BOUND('2144',#5403,.F.);
#5406=CARTESIAN_POINT('',(1.10575E2,1.05E1,0.E0));
#5407=DIRECTION('',(-1.E0,0.E0,0.E0));
#5408=DIRECTION('',(0.E0,1.E0,0.E0));
#5409=AXIS2_PLACEMENT_3D('',#5406,#5407,#5408);
#5410=PLANE('2143',#5409);
#5412=ORIENTED_EDGE('1901',*,*,#5411,.F.);
#5413=ORIENTED_EDGE('1906',*,*,#4451,.F.);
#5414=ORIENTED_EDGE('1905',*,*,#5400,.F.);
#5415=ORIENTED_EDGE('1904',*,*,#4172,.T.);
#5416=EDGE_LOOP('2143',(#5412,#5413,#5414,#5415));
#5417=FACE_OUTER_BOUND('2143',#5416,.F.);
#5419=CARTESIAN_POINT('',(1.10875E2,1.05E1,0.E0));
#5420=DIRECTION('',(0.E0,0.E0,-1.E0));
#5421=DIRECTION('',(1.E0,0.E0,0.E0));
#5422=AXIS2_PLACEMENT_3D('',#5419,#5420,#5421);
#5423=CYLINDRICAL_SURFACE('2142',#5422,3.E-1);
#5424=ORIENTED_EDGE('1901',*,*,#5411,.T.);
#5425=ORIENTED_EDGE('1902',*,*,#4170,.T.);
#5427=ORIENTED_EDGE('1899',*,*,#5426,.T.);
#5428=ORIENTED_EDGE('1903',*,*,#4453,.T.);
#5429=EDGE_LOOP('2142',(#5424,#5425,#5427,#5428));
#5430=FACE_OUTER_BOUND('2142',#5429,.F.);
#5432=CARTESIAN_POINT('',(1.13075E2,1.02E1,0.E0));
#5433=DIRECTION('',(0.E0,-1.E0,0.E0));
#5434=DIRECTION('',(-1.E0,0.E0,0.E0));
#5435=AXIS2_PLACEMENT_3D('',#5432,#5433,#5434);
#5436=PLANE('2141',#5435);
#5438=ORIENTED_EDGE('1896',*,*,#5437,.T.);
#5439=ORIENTED_EDGE('1900',*,*,#4455,.F.);
#5440=ORIENTED_EDGE('1899',*,*,#5426,.F.);
#5441=ORIENTED_EDGE('1898',*,*,#4168,.T.);
#5442=EDGE_LOOP('2141',(#5438,#5439,#5440,#5441));
#5443=FACE_OUTER_BOUND('2141',#5442,.F.);
#5445=CARTESIAN_POINT('',(1.13075E2,9.45E0,0.E0));
#5446=DIRECTION('',(0.E0,0.E0,-1.E0));
#5447=DIRECTION('',(1.E0,0.E0,0.E0));
#5448=AXIS2_PLACEMENT_3D('',#5445,#5446,#5447);
#5449=CYLINDRICAL_SURFACE('2140',#5448,7.5E-1);
#5451=ORIENTED_EDGE('1893',*,*,#5450,.F.);
#5452=ORIENTED_EDGE('1897',*,*,#4457,.T.);
#5453=ORIENTED_EDGE('1896',*,*,#5437,.F.);
#5454=ORIENTED_EDGE('1895',*,*,#4166,.T.);
#5455=EDGE_LOOP('2140',(#5451,#5452,#5453,#5454));
#5456=FACE_OUTER_BOUND('2140',#5455,.F.);
#5458=CARTESIAN_POINT('',(1.1035E2,5.664339828220E0,0.E0));
#5459=DIRECTION('',(-7.071067811865E-1,7.071067811865E-1,0.E0));
#5460=DIRECTION('',(7.071067811865E-1,7.071067811865E-1,0.E0));
#5461=AXIS2_PLACEMENT_3D('',#5458,#5459,#5460);
#5462=PLANE('2139',#5461);
#5464=ORIENTED_EDGE('1890',*,*,#5463,.T.);
#5465=ORIENTED_EDGE('1894',*,*,#4459,.T.);
#5466=ORIENTED_EDGE('1893',*,*,#5450,.T.);
#5467=ORIENTED_EDGE('1892',*,*,#4164,.T.);
#5468=EDGE_LOOP('2139',(#5464,#5465,#5466,#5467));
#5469=FACE_OUTER_BOUND('2139',#5468,.F.);
#5471=CARTESIAN_POINT('',(1.08E2,8.664339828220E0,0.E0));
#5472=DIRECTION('',(0.E0,0.E0,-1.E0));
#5473=DIRECTION('',(1.E0,0.E0,0.E0));
#5474=AXIS2_PLACEMENT_3D('',#5471,#5472,#5473);
#5475=CYLINDRICAL_SURFACE('2138',#5474,3.810839802458E0);
#5477=ORIENTED_EDGE('1887',*,*,#5476,.F.);
#5478=ORIENTED_EDGE('1891',*,*,#4461,.T.);
#5479=ORIENTED_EDGE('1890',*,*,#5463,.F.);
#5480=ORIENTED_EDGE('1889',*,*,#4162,.T.);
#5481=EDGE_LOOP('2138',(#5477,#5478,#5479,#5480));
#5482=FACE_OUTER_BOUND('2138',#5481,.F.);
#5484=CARTESIAN_POINT('',(1.023946699141E2,8.919669914110E0,0.E0));
#5485=DIRECTION('',(7.071067811865E-1,7.071067811865E-1,0.E0));
#5486=DIRECTION('',(7.071067811865E-1,-7.071067811865E-1,0.E0));
#5487=AXIS2_PLACEMENT_3D('',#5484,#5485,#5486);
#5488=PLANE('2137',#5487);
#5490=ORIENTED_EDGE('1883',*,*,#5489,.T.);
#5491=ORIENTED_EDGE('1888',*,*,#4463,.T.);
#5492=ORIENTED_EDGE('1887',*,*,#5476,.T.);
#5493=ORIENTED_EDGE('1886',*,*,#4160,.T.);
#5494=EDGE_LOOP('2137',(#5490,#5491,#5492,#5493));
#5495=FACE_OUTER_BOUND('2137',#5494,.F.);
#5497=CARTESIAN_POINT('',(1.02925E2,9.45E0,0.E0));
#5498=DIRECTION('',(0.E0,0.E0,-1.E0));
#5499=DIRECTION('',(1.E0,0.E0,0.E0));
#5500=AXIS2_PLACEMENT_3D('',#5497,#5498,#5499);
#5501=CYLINDRICAL_SURFACE('2136',#5500,7.5E-1);
#5503=ORIENTED_EDGE('1879',*,*,#5502,.F.);
#5504=ORIENTED_EDGE('1884',*,*,#4467,.T.);
#5505=ORIENTED_EDGE('1885',*,*,#4465,.T.);
#5506=ORIENTED_EDGE('1883',*,*,#5489,.F.);
#5507=ORIENTED_EDGE('1882',*,*,#4158,.T.);
#5508=ORIENTED_EDGE('1881',*,*,#4156,.T.);
#5509=EDGE_LOOP('2136',(#5503,#5504,#5505,#5506,#5507,#5508));
#5510=FACE_OUTER_BOUND('2136',#5509,.F.);
#5512=CARTESIAN_POINT('',(1.05125E2,1.02E1,0.E0));
#5513=DIRECTION('',(0.E0,-1.E0,0.E0));
#5514=DIRECTION('',(-1.E0,0.E0,0.E0));
#5515=AXIS2_PLACEMENT_3D('',#5512,#5513,#5514);
#5516=PLANE('2135',#5515);
#5518=ORIENTED_EDGE('1875',*,*,#5517,.F.);
#5519=ORIENTED_EDGE('1880',*,*,#4469,.F.);
#5520=ORIENTED_EDGE('1879',*,*,#5502,.T.);
#5521=ORIENTED_EDGE('1878',*,*,#4154,.T.);
#5522=EDGE_LOOP('2135',(#5518,#5519,#5520,#5521));
#5523=FACE_OUTER_BOUND('2135',#5522,.F.);
#5525=CARTESIAN_POINT('',(1.05125E2,1.05E1,0.E0));
#5526=DIRECTION('',(0.E0,0.E0,-1.E0));
#5527=DIRECTION('',(1.E0,0.E0,0.E0));
#5528=AXIS2_PLACEMENT_3D('',#5525,#5526,#5527);
#5529=CYLINDRICAL_SURFACE('2134',#5528,3.E-1);
#5530=ORIENTED_EDGE('1875',*,*,#5517,.T.);
#5531=ORIENTED_EDGE('1876',*,*,#4152,.T.);
#5533=ORIENTED_EDGE('1873',*,*,#5532,.T.);
#5534=ORIENTED_EDGE('1877',*,*,#4471,.T.);
#5535=EDGE_LOOP('2134',(#5530,#5531,#5533,#5534));
#5536=FACE_OUTER_BOUND('2134',#5535,.F.);
#5538=CARTESIAN_POINT('',(1.05425E2,1.12E1,0.E0));
#5539=DIRECTION('',(1.E0,0.E0,0.E0));
#5540=DIRECTION('',(0.E0,-1.E0,0.E0));
#5541=AXIS2_PLACEMENT_3D('',#5538,#5539,#5540);
#5542=PLANE('2133',#5541);
#5544=ORIENTED_EDGE('1869',*,*,#5543,.F.);
#5545=ORIENTED_EDGE('1874',*,*,#4473,.F.);
#5546=ORIENTED_EDGE('1873',*,*,#5532,.F.);
#5547=ORIENTED_EDGE('1872',*,*,#4150,.T.);
#5548=EDGE_LOOP('2133',(#5544,#5545,#5546,#5547));
#5549=FACE_OUTER_BOUND('2133',#5548,.F.);
#5551=CARTESIAN_POINT('',(1.04625E2,1.12E1,0.E0));
#5552=DIRECTION('',(0.E0,0.E0,-1.E0));
#5553=DIRECTION('',(1.E0,0.E0,0.E0));
#5554=AXIS2_PLACEMENT_3D('',#5551,#5552,#5553);
#5555=CYLINDRICAL_SURFACE('2132',#5554,8.E-1);
#5556=ORIENTED_EDGE('1869',*,*,#5543,.T.);
#5557=ORIENTED_EDGE('1870',*,*,#4148,.T.);
#5559=ORIENTED_EDGE('1867',*,*,#5558,.T.);
#5560=ORIENTED_EDGE('1871',*,*,#4475,.T.);
#5561=EDGE_LOOP('2132',(#5556,#5557,#5559,#5560));
#5562=FACE_OUTER_BOUND('2132',#5561,.F.);
#5564=CARTESIAN_POINT('',(9.8E1,1.2E1,1.E2));
#5565=DIRECTION('',(0.E0,1.E0,0.E0));
#5566=DIRECTION('',(0.E0,0.E0,1.E0));
#5567=AXIS2_PLACEMENT_3D('',#5564,#5565,#5566);
#5568=PLANE('2131',#5567);
#5570=ORIENTED_EDGE('1863',*,*,#5569,.F.);
#5571=ORIENTED_EDGE('1868',*,*,#4477,.F.);
#5572=ORIENTED_EDGE('1867',*,*,#5558,.F.);
#5573=ORIENTED_EDGE('1866',*,*,#4146,.T.);
#5574=EDGE_LOOP('2131',(#5570,#5571,#5572,#5573));
#5575=FACE_OUTER_BOUND('2131',#5574,.F.);
#5577=CARTESIAN_POINT('',(9.1375E1,1.12E1,0.E0));
#5578=DIRECTION('',(0.E0,0.E0,-1.E0));
#5579=DIRECTION('',(1.E0,0.E0,0.E0));
#5580=AXIS2_PLACEMENT_3D('',#5577,#5578,#5579);
#5581=CYLINDRICAL_SURFACE('2130',#5580,8.E-1);
#5582=ORIENTED_EDGE('1863',*,*,#5569,.T.);
#5583=ORIENTED_EDGE('1864',*,*,#4144,.T.);
#5585=ORIENTED_EDGE('1861',*,*,#5584,.T.);
#5586=ORIENTED_EDGE('1865',*,*,#4479,.T.);
#5587=EDGE_LOOP('2130',(#5582,#5583,#5585,#5586));
#5588=FACE_OUTER_BOUND('2130',#5587,.F.);
#5590=CARTESIAN_POINT('',(9.0575E1,1.05E1,0.E0));
#5591=DIRECTION('',(-1.E0,0.E0,0.E0));
#5592=DIRECTION('',(0.E0,1.E0,0.E0));
#5593=AXIS2_PLACEMENT_3D('',#5590,#5591,#5592);
#5594=PLANE('2129',#5593);
#5596=ORIENTED_EDGE('1857',*,*,#5595,.F.);
#5597=ORIENTED_EDGE('1862',*,*,#4481,.F.);
#5598=ORIENTED_EDGE('1861',*,*,#5584,.F.);
#5599=ORIENTED_EDGE('1860',*,*,#4142,.T.);
#5600=EDGE_LOOP('2129',(#5596,#5597,#5598,#5599));
#5601=FACE_OUTER_BOUND('2129',#5600,.F.);
#5603=CARTESIAN_POINT('',(9.0875E1,1.05E1,0.E0));
#5604=DIRECTION('',(0.E0,0.E0,-1.E0));
#5605=DIRECTION('',(1.E0,0.E0,0.E0));
#5606=AXIS2_PLACEMENT_3D('',#5603,#5604,#5605);
#5607=CYLINDRICAL_SURFACE('2128',#5606,3.E-1);
#5608=ORIENTED_EDGE('1857',*,*,#5595,.T.);
#5609=ORIENTED_EDGE('1858',*,*,#4140,.T.);
#5611=ORIENTED_EDGE('1855',*,*,#5610,.T.);
#5612=ORIENTED_EDGE('1859',*,*,#4483,.T.);
#5613=EDGE_LOOP('2128',(#5608,#5609,#5611,#5612));
#5614=FACE_OUTER_BOUND('2128',#5613,.F.);
#5616=CARTESIAN_POINT('',(9.3075E1,1.02E1,0.E0));
#5617=DIRECTION('',(0.E0,-1.E0,0.E0));
#5618=DIRECTION('',(-1.E0,0.E0,0.E0));
#5619=AXIS2_PLACEMENT_3D('',#5616,#5617,#5618);
#5620=PLANE('2127',#5619);
#5622=ORIENTED_EDGE('1852',*,*,#5621,.T.);
#5623=ORIENTED_EDGE('1856',*,*,#4485,.F.);
#5624=ORIENTED_EDGE('1855',*,*,#5610,.F.);
#5625=ORIENTED_EDGE('1854',*,*,#4138,.T.);
#5626=EDGE_LOOP('2127',(#5622,#5623,#5624,#5625));
#5627=FACE_OUTER_BOUND('2127',#5626,.F.);
#5629=CARTESIAN_POINT('',(9.3075E1,9.45E0,0.E0));
#5630=DIRECTION('',(0.E0,0.E0,-1.E0));
#5631=DIRECTION('',(1.E0,0.E0,0.E0));
#5632=AXIS2_PLACEMENT_3D('',#5629,#5630,#5631);
#5633=CYLINDRICAL_SURFACE('2126',#5632,7.5E-1);
#5635=ORIENTED_EDGE('1849',*,*,#5634,.F.);
#5636=ORIENTED_EDGE('1853',*,*,#4487,.T.);
#5637=ORIENTED_EDGE('1852',*,*,#5621,.F.);
#5638=ORIENTED_EDGE('1851',*,*,#4136,.T.);
#5639=EDGE_LOOP('2126',(#5635,#5636,#5637,#5638));
#5640=FACE_OUTER_BOUND('2126',#5639,.F.);
#5642=CARTESIAN_POINT('',(9.035E1,5.664339828220E0,0.E0));
#5643=DIRECTION('',(-7.071067811865E-1,7.071067811865E-1,0.E0));
#5644=DIRECTION('',(7.071067811865E-1,7.071067811865E-1,0.E0));
#5645=AXIS2_PLACEMENT_3D('',#5642,#5643,#5644);
#5646=PLANE('2125',#5645);
#5648=ORIENTED_EDGE('1846',*,*,#5647,.T.);
#5649=ORIENTED_EDGE('1850',*,*,#4489,.T.);
#5650=ORIENTED_EDGE('1849',*,*,#5634,.T.);
#5651=ORIENTED_EDGE('1848',*,*,#4134,.T.);
#5652=EDGE_LOOP('2125',(#5648,#5649,#5650,#5651));
#5653=FACE_OUTER_BOUND('2125',#5652,.F.);
#5655=CARTESIAN_POINT('',(8.8E1,8.664339828220E0,0.E0));
#5656=DIRECTION('',(0.E0,0.E0,-1.E0));
#5657=DIRECTION('',(1.E0,0.E0,0.E0));
#5658=AXIS2_PLACEMENT_3D('',#5655,#5656,#5657);
#5659=CYLINDRICAL_SURFACE('2124',#5658,3.810839802458E0);
#5661=ORIENTED_EDGE('1843',*,*,#5660,.F.);
#5662=ORIENTED_EDGE('1847',*,*,#4491,.T.);
#5663=ORIENTED_EDGE('1846',*,*,#5647,.F.);
#5664=ORIENTED_EDGE('1845',*,*,#4132,.T.);
#5665=EDGE_LOOP('2124',(#5661,#5662,#5663,#5664));
#5666=FACE_OUTER_BOUND('2124',#5665,.F.);
#5668=CARTESIAN_POINT('',(8.239466991411E1,8.919669914110E0,0.E0));
#5669=DIRECTION('',(7.071067811865E-1,7.071067811865E-1,0.E0));
#5670=DIRECTION('',(7.071067811865E-1,-7.071067811865E-1,0.E0));
#5671=AXIS2_PLACEMENT_3D('',#5668,#5669,#5670);
#5672=PLANE('2123',#5671);
#5674=ORIENTED_EDGE('1839',*,*,#5673,.T.);
#5675=ORIENTED_EDGE('1844',*,*,#4493,.T.);
#5676=ORIENTED_EDGE('1843',*,*,#5660,.T.);
#5677=ORIENTED_EDGE('1842',*,*,#4130,.T.);
#5678=EDGE_LOOP('2123',(#5674,#5675,#5676,#5677));
#5679=FACE_OUTER_BOUND('2123',#5678,.F.);
#5681=CARTESIAN_POINT('',(8.2925E1,9.45E0,0.E0));
#5682=DIRECTION('',(0.E0,0.E0,-1.E0));
#5683=DIRECTION('',(1.E0,0.E0,0.E0));
#5684=AXIS2_PLACEMENT_3D('',#5681,#5682,#5683);
#5685=CYLINDRICAL_SURFACE('2122',#5684,7.5E-1);
#5687=ORIENTED_EDGE('1835',*,*,#5686,.F.);
#5688=ORIENTED_EDGE('1840',*,*,#4497,.T.);
#5689=ORIENTED_EDGE('1841',*,*,#4495,.T.);
#5690=ORIENTED_EDGE('1839',*,*,#5673,.F.);
#5691=ORIENTED_EDGE('1838',*,*,#4128,.T.);
#5692=ORIENTED_EDGE('1837',*,*,#4126,.T.);
#5693=EDGE_LOOP('2122',(#5687,#5688,#5689,#5690,#5691,#5692));
#5694=FACE_OUTER_BOUND('2122',#5693,.F.);
#5696=CARTESIAN_POINT('',(8.5125E1,1.02E1,0.E0));
#5697=DIRECTION('',(0.E0,-1.E0,0.E0));
#5698=DIRECTION('',(-1.E0,0.E0,0.E0));
#5699=AXIS2_PLACEMENT_3D('',#5696,#5697,#5698);
#5700=PLANE('2121',#5699);
#5702=ORIENTED_EDGE('1831',*,*,#5701,.F.);
#5703=ORIENTED_EDGE('1836',*,*,#4499,.F.);
#5704=ORIENTED_EDGE('1835',*,*,#5686,.T.);
#5705=ORIENTED_EDGE('1834',*,*,#4124,.T.);
#5706=EDGE_LOOP('2121',(#5702,#5703,#5704,#5705));
#5707=FACE_OUTER_BOUND('2121',#5706,.F.);
#5709=CARTESIAN_POINT('',(8.5125E1,1.05E1,0.E0));
#5710=DIRECTION('',(0.E0,0.E0,-1.E0));
#5711=DIRECTION('',(1.E0,0.E0,0.E0));
#5712=AXIS2_PLACEMENT_3D('',#5709,#5710,#5711);
#5713=CYLINDRICAL_SURFACE('2120',#5712,3.E-1);
#5714=ORIENTED_EDGE('1831',*,*,#5701,.T.);
#5715=ORIENTED_EDGE('1832',*,*,#4122,.T.);
#5717=ORIENTED_EDGE('1829',*,*,#5716,.T.);
#5718=ORIENTED_EDGE('1833',*,*,#4501,.T.);
#5719=EDGE_LOOP('2120',(#5714,#5715,#5717,#5718));
#5720=FACE_OUTER_BOUND('2120',#5719,.F.);
#5722=CARTESIAN_POINT('',(8.5425E1,1.12E1,0.E0));
#5723=DIRECTION('',(1.E0,0.E0,0.E0));
#5724=DIRECTION('',(0.E0,-1.E0,0.E0));
#5725=AXIS2_PLACEMENT_3D('',#5722,#5723,#5724);
#5726=PLANE('2119',#5725);
#5728=ORIENTED_EDGE('1825',*,*,#5727,.F.);
#5729=ORIENTED_EDGE('1830',*,*,#4503,.F.);
#5730=ORIENTED_EDGE('1829',*,*,#5716,.F.);
#5731=ORIENTED_EDGE('1828',*,*,#4120,.T.);
#5732=EDGE_LOOP('2119',(#5728,#5729,#5730,#5731));
#5733=FACE_OUTER_BOUND('2119',#5732,.F.);
#5735=CARTESIAN_POINT('',(8.4625E1,1.12E1,0.E0));
#5736=DIRECTION('',(0.E0,0.E0,-1.E0));
#5737=DIRECTION('',(1.E0,0.E0,0.E0));
#5738=AXIS2_PLACEMENT_3D('',#5735,#5736,#5737);
#5739=CYLINDRICAL_SURFACE('2118',#5738,8.E-1);
#5740=ORIENTED_EDGE('1825',*,*,#5727,.T.);
#5741=ORIENTED_EDGE('1826',*,*,#4118,.T.);
#5743=ORIENTED_EDGE('1823',*,*,#5742,.T.);
#5744=ORIENTED_EDGE('1827',*,*,#4505,.T.);
#5745=EDGE_LOOP('2118',(#5740,#5741,#5743,#5744));
#5746=FACE_OUTER_BOUND('2118',#5745,.F.);
#5748=CARTESIAN_POINT('',(7.8E1,1.2E1,1.E2));
#5749=DIRECTION('',(0.E0,1.E0,0.E0));
#5750=DIRECTION('',(0.E0,0.E0,1.E0));
#5751=AXIS2_PLACEMENT_3D('',#5748,#5749,#5750);
#5752=PLANE('2117',#5751);
#5754=ORIENTED_EDGE('1819',*,*,#5753,.F.);
#5755=ORIENTED_EDGE('1824',*,*,#4507,.F.);
#5756=ORIENTED_EDGE('1823',*,*,#5742,.F.);
#5757=ORIENTED_EDGE('1822',*,*,#4116,.T.);
#5758=EDGE_LOOP('2117',(#5754,#5755,#5756,#5757));
#5759=FACE_OUTER_BOUND('2117',#5758,.F.);
#5761=CARTESIAN_POINT('',(7.1375E1,1.12E1,0.E0));
#5762=DIRECTION('',(0.E0,0.E0,-1.E0));
#5763=DIRECTION('',(1.E0,0.E0,0.E0));
#5764=AXIS2_PLACEMENT_3D('',#5761,#5762,#5763);
#5765=CYLINDRICAL_SURFACE('2116',#5764,8.E-1);
#5766=ORIENTED_EDGE('1819',*,*,#5753,.T.);
#5767=ORIENTED_EDGE('1820',*,*,#4114,.T.);
#5769=ORIENTED_EDGE('1817',*,*,#5768,.T.);
#5770=ORIENTED_EDGE('1821',*,*,#4509,.T.);
#5771=EDGE_LOOP('2116',(#5766,#5767,#5769,#5770));
#5772=FACE_OUTER_BOUND('2116',#5771,.F.);
#5774=CARTESIAN_POINT('',(7.0575E1,1.05E1,0.E0));
#5775=DIRECTION('',(-1.E0,0.E0,0.E0));
#5776=DIRECTION('',(0.E0,1.E0,0.E0));
#5777=AXIS2_PLACEMENT_3D('',#5774,#5775,#5776);
#5778=PLANE('2115',#5777);
#5780=ORIENTED_EDGE('1813',*,*,#5779,.F.);
#5781=ORIENTED_EDGE('1818',*,*,#4511,.F.);
#5782=ORIENTED_EDGE('1817',*,*,#5768,.F.);
#5783=ORIENTED_EDGE('1816',*,*,#4112,.T.);
#5784=EDGE_LOOP('2115',(#5780,#5781,#5782,#5783));
#5785=FACE_OUTER_BOUND('2115',#5784,.F.);
#5787=CARTESIAN_POINT('',(7.0875E1,1.05E1,0.E0));
#5788=DIRECTION('',(0.E0,0.E0,-1.E0));
#5789=DIRECTION('',(1.E0,0.E0,0.E0));
#5790=AXIS2_PLACEMENT_3D('',#5787,#5788,#5789);
#5791=CYLINDRICAL_SURFACE('2114',#5790,3.E-1);
#5792=ORIENTED_EDGE('1813',*,*,#5779,.T.);
#5793=ORIENTED_EDGE('1814',*,*,#4110,.T.);
#5795=ORIENTED_EDGE('1811',*,*,#5794,.T.);
#5796=ORIENTED_EDGE('1815',*,*,#4513,.T.);
#5797=EDGE_LOOP('2114',(#5792,#5793,#5795,#5796));
#5798=FACE_OUTER_BOUND('2114',#5797,.F.);
#5800=CARTESIAN_POINT('',(7.3075E1,1.02E1,0.E0));
#5801=DIRECTION('',(0.E0,-1.E0,0.E0));
#5802=DIRECTION('',(-1.E0,0.E0,0.E0));
#5803=AXIS2_PLACEMENT_3D('',#5800,#5801,#5802);
#5804=PLANE('2113',#5803);
#5806=ORIENTED_EDGE('1808',*,*,#5805,.T.);
#5807=ORIENTED_EDGE('1812',*,*,#4515,.F.);
#5808=ORIENTED_EDGE('1811',*,*,#5794,.F.);
#5809=ORIENTED_EDGE('1810',*,*,#4108,.T.);
#5810=EDGE_LOOP('2113',(#5806,#5807,#5808,#5809));
#5811=FACE_OUTER_BOUND('2113',#5810,.F.);
#5813=CARTESIAN_POINT('',(7.3075E1,9.45E0,0.E0));
#5814=DIRECTION('',(0.E0,0.E0,-1.E0));
#5815=DIRECTION('',(1.E0,0.E0,0.E0));
#5816=AXIS2_PLACEMENT_3D('',#5813,#5814,#5815);
#5817=CYLINDRICAL_SURFACE('2112',#5816,7.5E-1);
#5819=ORIENTED_EDGE('1805',*,*,#5818,.F.);
#5820=ORIENTED_EDGE('1809',*,*,#4517,.T.);
#5821=ORIENTED_EDGE('1808',*,*,#5805,.F.);
#5822=ORIENTED_EDGE('1807',*,*,#4106,.T.);
#5823=EDGE_LOOP('2112',(#5819,#5820,#5821,#5822));
#5824=FACE_OUTER_BOUND('2112',#5823,.F.);
#5826=CARTESIAN_POINT('',(7.035E1,5.664339828220E0,0.E0));
#5827=DIRECTION('',(-7.071067811865E-1,7.071067811865E-1,0.E0));
#5828=DIRECTION('',(7.071067811865E-1,7.071067811865E-1,0.E0));
#5829=AXIS2_PLACEMENT_3D('',#5826,#5827,#5828);
#5830=PLANE('2111',#5829);
#5832=ORIENTED_EDGE('1802',*,*,#5831,.T.);
#5833=ORIENTED_EDGE('1806',*,*,#4519,.T.);
#5834=ORIENTED_EDGE('1805',*,*,#5818,.T.);
#5835=ORIENTED_EDGE('1804',*,*,#4104,.T.);
#5836=EDGE_LOOP('2111',(#5832,#5833,#5834,#5835));
#5837=FACE_OUTER_BOUND('2111',#5836,.F.);
#5839=CARTESIAN_POINT('',(6.8E1,8.664339828220E0,0.E0));
#5840=DIRECTION('',(0.E0,0.E0,-1.E0));
#5841=DIRECTION('',(1.E0,0.E0,0.E0));
#5842=AXIS2_PLACEMENT_3D('',#5839,#5840,#5841);
#5843=CYLINDRICAL_SURFACE('2110',#5842,3.810839802458E0);
#5845=ORIENTED_EDGE('1799',*,*,#5844,.F.);
#5846=ORIENTED_EDGE('1803',*,*,#4521,.T.);
#5847=ORIENTED_EDGE('1802',*,*,#5831,.F.);
#5848=ORIENTED_EDGE('1801',*,*,#4102,.T.);
#5849=EDGE_LOOP('2110',(#5845,#5846,#5847,#5848));
#5850=FACE_OUTER_BOUND('2110',#5849,.F.);
#5852=CARTESIAN_POINT('',(6.239466991411E1,8.919669914110E0,0.E0));
#5853=DIRECTION('',(7.071067811865E-1,7.071067811865E-1,0.E0));
#5854=DIRECTION('',(7.071067811865E-1,-7.071067811865E-1,0.E0));
#5855=AXIS2_PLACEMENT_3D('',#5852,#5853,#5854);
#5856=PLANE('2109',#5855);
#5858=ORIENTED_EDGE('1795',*,*,#5857,.T.);
#5859=ORIENTED_EDGE('1800',*,*,#4523,.T.);
#5860=ORIENTED_EDGE('1799',*,*,#5844,.T.);
#5861=ORIENTED_EDGE('1798',*,*,#4100,.T.);
#5862=EDGE_LOOP('2109',(#5858,#5859,#5860,#5861));
#5863=FACE_OUTER_BOUND('2109',#5862,.F.);
#5865=CARTESIAN_POINT('',(6.2925E1,9.45E0,0.E0));
#5866=DIRECTION('',(0.E0,0.E0,-1.E0));
#5867=DIRECTION('',(1.E0,0.E0,0.E0));
#5868=AXIS2_PLACEMENT_3D('',#5865,#5866,#5867);
#5869=CYLINDRICAL_SURFACE('2108',#5868,7.5E-1);
#5871=ORIENTED_EDGE('1791',*,*,#5870,.F.);
#5872=ORIENTED_EDGE('1796',*,*,#4527,.T.);
#5873=ORIENTED_EDGE('1797',*,*,#4525,.T.);
#5874=ORIENTED_EDGE('1795',*,*,#5857,.F.);
#5875=ORIENTED_EDGE('1794',*,*,#4098,.T.);
#5876=ORIENTED_EDGE('1793',*,*,#4096,.T.);
#5877=EDGE_LOOP('2108',(#5871,#5872,#5873,#5874,#5875,#5876));
#5878=FACE_OUTER_BOUND('2108',#5877,.F.);
#5880=CARTESIAN_POINT('',(6.5125E1,1.02E1,0.E0));
#5881=DIRECTION('',(0.E0,-1.E0,0.E0));
#5882=DIRECTION('',(-1.E0,0.E0,0.E0));
#5883=AXIS2_PLACEMENT_3D('',#5880,#5881,#5882);
#5884=PLANE('2107',#5883);
#5886=ORIENTED_EDGE('1787',*,*,#5885,.F.);
#5887=ORIENTED_EDGE('1792',*,*,#4529,.F.);
#5888=ORIENTED_EDGE('1791',*,*,#5870,.T.);
#5889=ORIENTED_EDGE('1790',*,*,#4094,.T.);
#5890=EDGE_LOOP('2107',(#5886,#5887,#5888,#5889));
#5891=FACE_OUTER_BOUND('2107',#5890,.F.);
#5893=CARTESIAN_POINT('',(6.5125E1,1.05E1,0.E0));
#5894=DIRECTION('',(0.E0,0.E0,-1.E0));
#5895=DIRECTION('',(1.E0,0.E0,0.E0));
#5896=AXIS2_PLACEMENT_3D('',#5893,#5894,#5895);
#5897=CYLINDRICAL_SURFACE('2106',#5896,3.E-1);
#5898=ORIENTED_EDGE('1787',*,*,#5885,.T.);
#5899=ORIENTED_EDGE('1788',*,*,#4092,.T.);
#5901=ORIENTED_EDGE('1785',*,*,#5900,.T.);
#5902=ORIENTED_EDGE('1789',*,*,#4531,.T.);
#5903=EDGE_LOOP('2106',(#5898,#5899,#5901,#5902));
#5904=FACE_OUTER_BOUND('2106',#5903,.F.);
#5906=CARTESIAN_POINT('',(6.5425E1,1.12E1,0.E0));
#5907=DIRECTION('',(1.E0,0.E0,0.E0));
#5908=DIRECTION('',(0.E0,-1.E0,0.E0));
#5909=AXIS2_PLACEMENT_3D('',#5906,#5907,#5908);
#5910=PLANE('2105',#5909);
#5912=ORIENTED_EDGE('1781',*,*,#5911,.F.);
#5913=ORIENTED_EDGE('1786',*,*,#4533,.F.);
#5914=ORIENTED_EDGE('1785',*,*,#5900,.F.);
#5915=ORIENTED_EDGE('1784',*,*,#4090,.T.);
#5916=EDGE_LOOP('2105',(#5912,#5913,#5914,#5915));
#5917=FACE_OUTER_BOUND('2105',#5916,.F.);
#5919=CARTESIAN_POINT('',(6.4625E1,1.12E1,0.E0));
#5920=DIRECTION('',(0.E0,0.E0,-1.E0));
#5921=DIRECTION('',(1.E0,0.E0,0.E0));
#5922=AXIS2_PLACEMENT_3D('',#5919,#5920,#5921);
#5923=CYLINDRICAL_SURFACE('2104',#5922,8.E-1);
#5924=ORIENTED_EDGE('1781',*,*,#5911,.T.);
#5925=ORIENTED_EDGE('1782',*,*,#4088,.T.);
#5927=ORIENTED_EDGE('1779',*,*,#5926,.T.);
#5928=ORIENTED_EDGE('1783',*,*,#4535,.T.);
#5929=EDGE_LOOP('2104',(#5924,#5925,#5927,#5928));
#5930=FACE_OUTER_BOUND('2104',#5929,.F.);
#5932=CARTESIAN_POINT('',(5.8E1,1.2E1,1.E2));
#5933=DIRECTION('',(0.E0,1.E0,0.E0));
#5934=DIRECTION('',(0.E0,0.E0,1.E0));
#5935=AXIS2_PLACEMENT_3D('',#5932,#5933,#5934);
#5936=PLANE('2103',#5935);
#5938=ORIENTED_EDGE('1775',*,*,#5937,.F.);
#5939=ORIENTED_EDGE('1780',*,*,#4537,.F.);
#5940=ORIENTED_EDGE('1779',*,*,#5926,.F.);
#5941=ORIENTED_EDGE('1778',*,*,#4086,.T.);
#5942=EDGE_LOOP('2103',(#5938,#5939,#5940,#5941));
#5943=FACE_OUTER_BOUND('2103',#5942,.F.);
#5945=CARTESIAN_POINT('',(5.1375E1,1.12E1,0.E0));
#5946=DIRECTION('',(0.E0,0.E0,-1.E0));
#5947=DIRECTION('',(1.E0,0.E0,0.E0));
#5948=AXIS2_PLACEMENT_3D('',#5945,#5946,#5947);
#5949=CYLINDRICAL_SURFACE('2102',#5948,8.E-1);
#5950=ORIENTED_EDGE('1775',*,*,#5937,.T.);
#5951=ORIENTED_EDGE('1776',*,*,#4084,.T.);
#5953=ORIENTED_EDGE('1773',*,*,#5952,.T.);
#5954=ORIENTED_EDGE('1777',*,*,#4539,.T.);
#5955=EDGE_LOOP('2102',(#5950,#5951,#5953,#5954));
#5956=FACE_OUTER_BOUND('2102',#5955,.F.);
#5958=CARTESIAN_POINT('',(5.0575E1,1.05E1,0.E0));
#5959=DIRECTION('',(-1.E0,0.E0,0.E0));
#5960=DIRECTION('',(0.E0,1.E0,0.E0));
#5961=AXIS2_PLACEMENT_3D('',#5958,#5959,#5960);
#5962=PLANE('2101',#5961);
#5964=ORIENTED_EDGE('1769',*,*,#5963,.F.);
#5965=ORIENTED_EDGE('1774',*,*,#4541,.F.);
#5966=ORIENTED_EDGE('1773',*,*,#5952,.F.);
#5967=ORIENTED_EDGE('1772',*,*,#4082,.T.);
#5968=EDGE_LOOP('2101',(#5964,#5965,#5966,#5967));
#5969=FACE_OUTER_BOUND('2101',#5968,.F.);
#5971=CARTESIAN_POINT('',(5.0875E1,1.05E1,0.E0));
#5972=DIRECTION('',(0.E0,0.E0,-1.E0));
#5973=DIRECTION('',(1.E0,0.E0,0.E0));
#5974=AXIS2_PLACEMENT_3D('',#5971,#5972,#5973);
#5975=CYLINDRICAL_SURFACE('2100',#5974,3.E-1);
#5976=ORIENTED_EDGE('1769',*,*,#5963,.T.);
#5977=ORIENTED_EDGE('1770',*,*,#4080,.T.);
#5979=ORIENTED_EDGE('1767',*,*,#5978,.T.);
#5980=ORIENTED_EDGE('1771',*,*,#4543,.T.);
#5981=EDGE_LOOP('2100',(#5976,#5977,#5979,#5980));
#5982=FACE_OUTER_BOUND('2100',#5981,.F.);
#5984=CARTESIAN_POINT('',(5.3075E1,1.02E1,0.E0));
#5985=DIRECTION('',(0.E0,-1.E0,0.E0));
#5986=DIRECTION('',(-1.E0,0.E0,0.E0));
#5987=AXIS2_PLACEMENT_3D('',#5984,#5985,#5986);
#5988=PLANE('2099',#5987);
#5990=ORIENTED_EDGE('1764',*,*,#5989,.T.);
#5991=ORIENTED_EDGE('1768',*,*,#4545,.F.);
#5992=ORIENTED_EDGE('1767',*,*,#5978,.F.);
#5993=ORIENTED_EDGE('1766',*,*,#4078,.T.);
#5994=EDGE_LOOP('2099',(#5990,#5991,#5992,#5993));
#5995=FACE_OUTER_BOUND('2099',#5994,.F.);
#5997=CARTESIAN_POINT('',(5.3075E1,9.45E0,0.E0));
#5998=DIRECTION('',(0.E0,0.E0,-1.E0));
#5999=DIRECTION('',(1.E0,0.E0,0.E0));
#6000=AXIS2_PLACEMENT_3D('',#5997,#5998,#5999);
#6001=CYLINDRICAL_SURFACE('2098',#6000,7.5E-1);
#6003=ORIENTED_EDGE('1761',*,*,#6002,.F.);
#6004=ORIENTED_EDGE('1765',*,*,#4547,.T.);
#6005=ORIENTED_EDGE('1764',*,*,#5989,.F.);
#6006=ORIENTED_EDGE('1763',*,*,#4076,.T.);
#6007=EDGE_LOOP('2098',(#6003,#6004,#6005,#6006));
#6008=FACE_OUTER_BOUND('2098',#6007,.F.);
#6010=CARTESIAN_POINT('',(5.035E1,5.664339828220E0,0.E0));
#6011=DIRECTION('',(-7.071067811865E-1,7.071067811865E-1,0.E0));
#6012=DIRECTION('',(7.071067811865E-1,7.071067811865E-1,0.E0));
#6013=AXIS2_PLACEMENT_3D('',#6010,#6011,#6012);
#6014=PLANE('2097',#6013);
#6016=ORIENTED_EDGE('1758',*,*,#6015,.T.);
#6017=ORIENTED_EDGE('1762',*,*,#4549,.T.);
#6018=ORIENTED_EDGE('1761',*,*,#6002,.T.);
#6019=ORIENTED_EDGE('1760',*,*,#4074,.T.);
#6020=EDGE_LOOP('2097',(#6016,#6017,#6018,#6019));
#6021=FACE_OUTER_BOUND('2097',#6020,.F.);
#6023=CARTESIAN_POINT('',(4.8E1,8.664339828220E0,0.E0));
#6024=DIRECTION('',(0.E0,0.E0,-1.E0));
#6025=DIRECTION('',(1.E0,0.E0,0.E0));
#6026=AXIS2_PLACEMENT_3D('',#6023,#6024,#6025);
#6027=CYLINDRICAL_SURFACE('2096',#6026,3.810839802458E0);
#6029=ORIENTED_EDGE('1755',*,*,#6028,.F.);
#6030=ORIENTED_EDGE('1759',*,*,#4551,.T.);
#6031=ORIENTED_EDGE('1758',*,*,#6015,.F.);
#6032=ORIENTED_EDGE('1757',*,*,#4072,.T.);
#6033=EDGE_LOOP('2096',(#6029,#6030,#6031,#6032));
#6034=FACE_OUTER_BOUND('2096',#6033,.F.);
#6036=CARTESIAN_POINT('',(4.239466991411E1,8.919669914110E0,0.E0));
#6037=DIRECTION('',(7.071067811865E-1,7.071067811865E-1,0.E0));
#6038=DIRECTION('',(7.071067811865E-1,-7.071067811865E-1,0.E0));
#6039=AXIS2_PLACEMENT_3D('',#6036,#6037,#6038);
#6040=PLANE('2095',#6039);
#6042=ORIENTED_EDGE('1751',*,*,#6041,.T.);
#6043=ORIENTED_EDGE('1756',*,*,#4553,.T.);
#6044=ORIENTED_EDGE('1755',*,*,#6028,.T.);
#6045=ORIENTED_EDGE('1754',*,*,#4070,.T.);
#6046=EDGE_LOOP('2095',(#6042,#6043,#6044,#6045));
#6047=FACE_OUTER_BOUND('2095',#6046,.F.);
#6049=CARTESIAN_POINT('',(4.2925E1,9.45E0,0.E0));
#6050=DIRECTION('',(0.E0,0.E0,-1.E0));
#6051=DIRECTION('',(1.E0,0.E0,0.E0));
#6052=AXIS2_PLACEMENT_3D('',#6049,#6050,#6051);
#6053=CYLINDRICAL_SURFACE('2094',#6052,7.5E-1);
#6055=ORIENTED_EDGE('1747',*,*,#6054,.F.);
#6056=ORIENTED_EDGE('1752',*,*,#4557,.T.);
#6057=ORIENTED_EDGE('1753',*,*,#4555,.T.);
#6058=ORIENTED_EDGE('1751',*,*,#6041,.F.);
#6059=ORIENTED_EDGE('1750',*,*,#4068,.T.);
#6060=ORIENTED_EDGE('1749',*,*,#4066,.T.);
#6061=EDGE_LOOP('2094',(#6055,#6056,#6057,#6058,#6059,#6060));
#6062=FACE_OUTER_BOUND('2094',#6061,.F.);
#6064=CARTESIAN_POINT('',(4.5125E1,1.02E1,0.E0));
#6065=DIRECTION('',(0.E0,-1.E0,0.E0));
#6066=DIRECTION('',(-1.E0,0.E0,0.E0));
#6067=AXIS2_PLACEMENT_3D('',#6064,#6065,#6066);
#6068=PLANE('2093',#6067);
#6070=ORIENTED_EDGE('1743',*,*,#6069,.F.);
#6071=ORIENTED_EDGE('1748',*,*,#4559,.F.);
#6072=ORIENTED_EDGE('1747',*,*,#6054,.T.);
#6073=ORIENTED_EDGE('1746',*,*,#4064,.T.);
#6074=EDGE_LOOP('2093',(#6070,#6071,#6072,#6073));
#6075=FACE_OUTER_BOUND('2093',#6074,.F.);
#6077=CARTESIAN_POINT('',(4.5125E1,1.05E1,0.E0));
#6078=DIRECTION('',(0.E0,0.E0,-1.E0));
#6079=DIRECTION('',(1.E0,0.E0,0.E0));
#6080=AXIS2_PLACEMENT_3D('',#6077,#6078,#6079);
#6081=CYLINDRICAL_SURFACE('2092',#6080,3.E-1);
#6082=ORIENTED_EDGE('1743',*,*,#6069,.T.);
#6083=ORIENTED_EDGE('1744',*,*,#4062,.T.);
#6085=ORIENTED_EDGE('1741',*,*,#6084,.T.);
#6086=ORIENTED_EDGE('1745',*,*,#4561,.T.);
#6087=EDGE_LOOP('2092',(#6082,#6083,#6085,#6086));
#6088=FACE_OUTER_BOUND('2092',#6087,.F.);
#6090=CARTESIAN_POINT('',(4.5425E1,1.12E1,0.E0));
#6091=DIRECTION('',(1.E0,0.E0,0.E0));
#6092=DIRECTION('',(0.E0,-1.E0,0.E0));
#6093=AXIS2_PLACEMENT_3D('',#6090,#6091,#6092);
#6094=PLANE('2091',#6093);
#6096=ORIENTED_EDGE('1737',*,*,#6095,.F.);
#6097=ORIENTED_EDGE('1742',*,*,#4563,.F.);
#6098=ORIENTED_EDGE('1741',*,*,#6084,.F.);
#6099=ORIENTED_EDGE('1740',*,*,#4060,.T.);
#6100=EDGE_LOOP('2091',(#6096,#6097,#6098,#6099));
#6101=FACE_OUTER_BOUND('2091',#6100,.F.);
#6103=CARTESIAN_POINT('',(4.4625E1,1.12E1,0.E0));
#6104=DIRECTION('',(0.E0,0.E0,-1.E0));
#6105=DIRECTION('',(1.E0,0.E0,0.E0));
#6106=AXIS2_PLACEMENT_3D('',#6103,#6104,#6105);
#6107=CYLINDRICAL_SURFACE('2090',#6106,8.E-1);
#6108=ORIENTED_EDGE('1737',*,*,#6095,.T.);
#6109=ORIENTED_EDGE('1738',*,*,#4058,.T.);
#6111=ORIENTED_EDGE('1735',*,*,#6110,.T.);
#6112=ORIENTED_EDGE('1739',*,*,#4565,.T.);
#6113=EDGE_LOOP('2090',(#6108,#6109,#6111,#6112));
#6114=FACE_OUTER_BOUND('2090',#6113,.F.);
#6116=CARTESIAN_POINT('',(3.8E1,1.2E1,1.E2));
#6117=DIRECTION('',(0.E0,1.E0,0.E0));
#6118=DIRECTION('',(0.E0,0.E0,1.E0));
#6119=AXIS2_PLACEMENT_3D('',#6116,#6117,#6118);
#6120=PLANE('2089',#6119);
#6122=ORIENTED_EDGE('1731',*,*,#6121,.F.);
#6123=ORIENTED_EDGE('1736',*,*,#4567,.F.);
#6124=ORIENTED_EDGE('1735',*,*,#6110,.F.);
#6125=ORIENTED_EDGE('1734',*,*,#4056,.T.);
#6126=EDGE_LOOP('2089',(#6122,#6123,#6124,#6125));
#6127=FACE_OUTER_BOUND('2089',#6126,.F.);
#6129=CARTESIAN_POINT('',(3.1375E1,1.12E1,0.E0));
#6130=DIRECTION('',(0.E0,0.E0,-1.E0));
#6131=DIRECTION('',(1.E0,0.E0,0.E0));
#6132=AXIS2_PLACEMENT_3D('',#6129,#6130,#6131);
#6133=CYLINDRICAL_SURFACE('2088',#6132,8.E-1);
#6134=ORIENTED_EDGE('1731',*,*,#6121,.T.);
#6135=ORIENTED_EDGE('1732',*,*,#4054,.T.);
#6137=ORIENTED_EDGE('1729',*,*,#6136,.T.);
#6138=ORIENTED_EDGE('1733',*,*,#4569,.T.);
#6139=EDGE_LOOP('2088',(#6134,#6135,#6137,#6138));
#6140=FACE_OUTER_BOUND('2088',#6139,.F.);
#6142=CARTESIAN_POINT('',(3.0575E1,1.05E1,0.E0));
#6143=DIRECTION('',(-1.E0,0.E0,0.E0));
#6144=DIRECTION('',(0.E0,1.E0,0.E0));
#6145=AXIS2_PLACEMENT_3D('',#6142,#6143,#6144);
#6146=PLANE('2087',#6145);
#6148=ORIENTED_EDGE('1725',*,*,#6147,.F.);
#6149=ORIENTED_EDGE('1730',*,*,#4571,.F.);
#6150=ORIENTED_EDGE('1729',*,*,#6136,.F.);
#6151=ORIENTED_EDGE('1728',*,*,#4052,.T.);
#6152=EDGE_LOOP('2087',(#6148,#6149,#6150,#6151));
#6153=FACE_OUTER_BOUND('2087',#6152,.F.);
#6155=CARTESIAN_POINT('',(3.0875E1,1.05E1,0.E0));
#6156=DIRECTION('',(0.E0,0.E0,-1.E0));
#6157=DIRECTION('',(1.E0,0.E0,0.E0));
#6158=AXIS2_PLACEMENT_3D('',#6155,#6156,#6157);
#6159=CYLINDRICAL_SURFACE('2086',#6158,3.E-1);
#6160=ORIENTED_EDGE('1725',*,*,#6147,.T.);
#6161=ORIENTED_EDGE('1726',*,*,#4050,.T.);
#6163=ORIENTED_EDGE('1723',*,*,#6162,.T.);
#6164=ORIENTED_EDGE('1727',*,*,#4573,.T.);
#6165=EDGE_LOOP('2086',(#6160,#6161,#6163,#6164));
#6166=FACE_OUTER_BOUND('2086',#6165,.F.);
#6168=CARTESIAN_POINT('',(3.3075E1,1.02E1,0.E0));
#6169=DIRECTION('',(0.E0,-1.E0,0.E0));
#6170=DIRECTION('',(-1.E0,0.E0,0.E0));
#6171=AXIS2_PLACEMENT_3D('',#6168,#6169,#6170);
#6172=PLANE('2085',#6171);
#6174=ORIENTED_EDGE('1720',*,*,#6173,.T.);
#6175=ORIENTED_EDGE('1724',*,*,#4575,.F.);
#6176=ORIENTED_EDGE('1723',*,*,#6162,.F.);
#6177=ORIENTED_EDGE('1722',*,*,#4048,.T.);
#6178=EDGE_LOOP('2085',(#6174,#6175,#6176,#6177));
#6179=FACE_OUTER_BOUND('2085',#6178,.F.);
#6181=CARTESIAN_POINT('',(3.3075E1,9.45E0,0.E0));
#6182=DIRECTION('',(0.E0,0.E0,-1.E0));
#6183=DIRECTION('',(1.E0,0.E0,0.E0));
#6184=AXIS2_PLACEMENT_3D('',#6181,#6182,#6183);
#6185=CYLINDRICAL_SURFACE('2084',#6184,7.5E-1);
#6187=ORIENTED_EDGE('1717',*,*,#6186,.F.);
#6188=ORIENTED_EDGE('1721',*,*,#4577,.T.);
#6189=ORIENTED_EDGE('1720',*,*,#6173,.F.);
#6190=ORIENTED_EDGE('1719',*,*,#4046,.T.);
#6191=EDGE_LOOP('2084',(#6187,#6188,#6189,#6190));
#6192=FACE_OUTER_BOUND('2084',#6191,.F.);
#6194=CARTESIAN_POINT('',(3.035E1,5.664339828220E0,0.E0));
#6195=DIRECTION('',(-7.071067811865E-1,7.071067811865E-1,0.E0));
#6196=DIRECTION('',(7.071067811865E-1,7.071067811865E-1,0.E0));
#6197=AXIS2_PLACEMENT_3D('',#6194,#6195,#6196);
#6198=PLANE('2083',#6197);
#6200=ORIENTED_EDGE('1714',*,*,#6199,.T.);
#6201=ORIENTED_EDGE('1718',*,*,#4579,.T.);
#6202=ORIENTED_EDGE('1717',*,*,#6186,.T.);
#6203=ORIENTED_EDGE('1716',*,*,#4044,.T.);
#6204=EDGE_LOOP('2083',(#6200,#6201,#6202,#6203));
#6205=FACE_OUTER_BOUND('2083',#6204,.F.);
#6207=CARTESIAN_POINT('',(2.8E1,8.664339828220E0,0.E0));
#6208=DIRECTION('',(0.E0,0.E0,-1.E0));
#6209=DIRECTION('',(1.E0,0.E0,0.E0));
#6210=AXIS2_PLACEMENT_3D('',#6207,#6208,#6209);
#6211=CYLINDRICAL_SURFACE('2082',#6210,3.810839802458E0);
#6213=ORIENTED_EDGE('1711',*,*,#6212,.F.);
#6214=ORIENTED_EDGE('1715',*,*,#4581,.T.);
#6215=ORIENTED_EDGE('1714',*,*,#6199,.F.);
#6216=ORIENTED_EDGE('1713',*,*,#4042,.T.);
#6217=EDGE_LOOP('2082',(#6213,#6214,#6215,#6216));
#6218=FACE_OUTER_BOUND('2082',#6217,.F.);
#6220=CARTESIAN_POINT('',(2.239466991411E1,8.919669914110E0,0.E0));
#6221=DIRECTION('',(7.071067811865E-1,7.071067811865E-1,0.E0));
#6222=DIRECTION('',(7.071067811865E-1,-7.071067811865E-1,0.E0));
#6223=AXIS2_PLACEMENT_3D('',#6220,#6221,#6222);
#6224=PLANE('2081',#6223);
#6226=ORIENTED_EDGE('1707',*,*,#6225,.T.);
#6227=ORIENTED_EDGE('1712',*,*,#4583,.T.);
#6228=ORIENTED_EDGE('1711',*,*,#6212,.T.);
#6229=ORIENTED_EDGE('1710',*,*,#4040,.T.);
#6230=EDGE_LOOP('2081',(#6226,#6227,#6228,#6229));
#6231=FACE_OUTER_BOUND('2081',#6230,.F.);
#6233=CARTESIAN_POINT('',(2.2925E1,9.45E0,0.E0));
#6234=DIRECTION('',(0.E0,0.E0,-1.E0));
#6235=DIRECTION('',(1.E0,0.E0,0.E0));
#6236=AXIS2_PLACEMENT_3D('',#6233,#6234,#6235);
#6237=CYLINDRICAL_SURFACE('2080',#6236,7.5E-1);
#6239=ORIENTED_EDGE('1703',*,*,#6238,.F.);
#6240=ORIENTED_EDGE('1708',*,*,#4587,.T.);
#6241=ORIENTED_EDGE('1709',*,*,#4585,.T.);
#6242=ORIENTED_EDGE('1707',*,*,#6225,.F.);
#6243=ORIENTED_EDGE('1706',*,*,#4038,.T.);
#6244=ORIENTED_EDGE('1705',*,*,#4036,.T.);
#6245=EDGE_LOOP('2080',(#6239,#6240,#6241,#6242,#6243,#6244));
#6246=FACE_OUTER_BOUND('2080',#6245,.F.);
#6248=CARTESIAN_POINT('',(2.5125E1,1.02E1,0.E0));
#6249=DIRECTION('',(0.E0,-1.E0,0.E0));
#6250=DIRECTION('',(-1.E0,0.E0,0.E0));
#6251=AXIS2_PLACEMENT_3D('',#6248,#6249,#6250);
#6252=PLANE('2079',#6251);
#6254=ORIENTED_EDGE('1699',*,*,#6253,.F.);
#6255=ORIENTED_EDGE('1704',*,*,#4589,.F.);
#6256=ORIENTED_EDGE('1703',*,*,#6238,.T.);
#6257=ORIENTED_EDGE('1702',*,*,#4034,.T.);
#6258=EDGE_LOOP('2079',(#6254,#6255,#6256,#6257));
#6259=FACE_OUTER_BOUND('2079',#6258,.F.);
#6261=CARTESIAN_POINT('',(2.5125E1,1.05E1,0.E0));
#6262=DIRECTION('',(0.E0,0.E0,-1.E0));
#6263=DIRECTION('',(1.E0,0.E0,0.E0));
#6264=AXIS2_PLACEMENT_3D('',#6261,#6262,#6263);
#6265=CYLINDRICAL_SURFACE('2078',#6264,3.E-1);
#6266=ORIENTED_EDGE('1699',*,*,#6253,.T.);
#6267=ORIENTED_EDGE('1700',*,*,#4032,.T.);
#6269=ORIENTED_EDGE('1697',*,*,#6268,.T.);
#6270=ORIENTED_EDGE('1701',*,*,#4591,.T.);
#6271=EDGE_LOOP('2078',(#6266,#6267,#6269,#6270));
#6272=FACE_OUTER_BOUND('2078',#6271,.F.);
#6274=CARTESIAN_POINT('',(2.5425E1,1.12E1,0.E0));
#6275=DIRECTION('',(1.E0,0.E0,0.E0));
#6276=DIRECTION('',(0.E0,-1.E0,0.E0));
#6277=AXIS2_PLACEMENT_3D('',#6274,#6275,#6276);
#6278=PLANE('2077',#6277);
#6280=ORIENTED_EDGE('1693',*,*,#6279,.F.);
#6281=ORIENTED_EDGE('1698',*,*,#4593,.F.);
#6282=ORIENTED_EDGE('1697',*,*,#6268,.F.);
#6283=ORIENTED_EDGE('1696',*,*,#4030,.T.);
#6284=EDGE_LOOP('2077',(#6280,#6281,#6282,#6283));
#6285=FACE_OUTER_BOUND('2077',#6284,.F.);
#6287=CARTESIAN_POINT('',(2.4625E1,1.12E1,0.E0));
#6288=DIRECTION('',(0.E0,0.E0,-1.E0));
#6289=DIRECTION('',(1.E0,0.E0,0.E0));
#6290=AXIS2_PLACEMENT_3D('',#6287,#6288,#6289);
#6291=CYLINDRICAL_SURFACE('2076',#6290,8.E-1);
#6292=ORIENTED_EDGE('1693',*,*,#6279,.T.);
#6293=ORIENTED_EDGE('1694',*,*,#4028,.T.);
#6295=ORIENTED_EDGE('1691',*,*,#6294,.T.);
#6296=ORIENTED_EDGE('1695',*,*,#4595,.T.);
#6297=EDGE_LOOP('2076',(#6292,#6293,#6295,#6296));
#6298=FACE_OUTER_BOUND('2076',#6297,.F.);
#6300=CARTESIAN_POINT('',(1.8E1,1.2E1,1.E2));
#6301=DIRECTION('',(0.E0,1.E0,0.E0));
#6302=DIRECTION('',(0.E0,0.E0,1.E0));
#6303=AXIS2_PLACEMENT_3D('',#6300,#6301,#6302);
#6304=PLANE('2075',#6303);
#6306=ORIENTED_EDGE('1637',*,*,#6305,.F.);
#6307=ORIENTED_EDGE('1692',*,*,#4597,.F.);
#6308=ORIENTED_EDGE('1691',*,*,#6294,.F.);
#6309=ORIENTED_EDGE('1690',*,*,#4026,.T.);
#6310=EDGE_LOOP('2075',(#6306,#6307,#6308,#6309));
#6311=FACE_OUTER_BOUND('2075',#6310,.F.);
#6313=CARTESIAN_POINT('',(1.1375E1,1.12E1,0.E0));
#6314=DIRECTION('',(0.E0,0.E0,-1.E0));
#6315=DIRECTION('',(1.E0,0.E0,0.E0));
#6316=AXIS2_PLACEMENT_3D('',#6313,#6314,#6315);
#6317=CYLINDRICAL_SURFACE('2058',#6316,8.E-1);
#6318=ORIENTED_EDGE('1637',*,*,#6305,.T.);
#6319=ORIENTED_EDGE('1638',*,*,#4024,.T.);
#6321=ORIENTED_EDGE('1635',*,*,#6320,.T.);
#6322=ORIENTED_EDGE('1639',*,*,#4599,.T.);
#6323=EDGE_LOOP('2058',(#6318,#6319,#6321,#6322));
#6324=FACE_OUTER_BOUND('2058',#6323,.F.);
#6326=CARTESIAN_POINT('',(1.0575E1,1.05E1,0.E0));
#6327=DIRECTION('',(-1.E0,0.E0,0.E0));
#6328=DIRECTION('',(0.E0,1.E0,0.E0));
#6329=AXIS2_PLACEMENT_3D('',#6326,#6327,#6328);
#6330=PLANE('2057',#6329);
#6332=ORIENTED_EDGE('1631',*,*,#6331,.F.);
#6333=ORIENTED_EDGE('1636',*,*,#4601,.F.);
#6334=ORIENTED_EDGE('1635',*,*,#6320,.F.);
#6335=ORIENTED_EDGE('1634',*,*,#4022,.T.);
#6336=EDGE_LOOP('2057',(#6332,#6333,#6334,#6335));
#6337=FACE_OUTER_BOUND('2057',#6336,.F.);
#6339=CARTESIAN_POINT('',(1.0875E1,1.05E1,0.E0));
#6340=DIRECTION('',(0.E0,0.E0,-1.E0));
#6341=DIRECTION('',(1.E0,0.E0,0.E0));
#6342=AXIS2_PLACEMENT_3D('',#6339,#6340,#6341);
#6343=CYLINDRICAL_SURFACE('2056',#6342,3.E-1);
#6344=ORIENTED_EDGE('1631',*,*,#6331,.T.);
#6345=ORIENTED_EDGE('1632',*,*,#4020,.T.);
#6347=ORIENTED_EDGE('1629',*,*,#6346,.T.);
#6348=ORIENTED_EDGE('1633',*,*,#4603,.T.);
#6349=EDGE_LOOP('2056',(#6344,#6345,#6347,#6348));
#6350=FACE_OUTER_BOUND('2056',#6349,.F.);
#6352=CARTESIAN_POINT('',(1.3075E1,1.02E1,0.E0));
#6353=DIRECTION('',(0.E0,-1.E0,0.E0));
#6354=DIRECTION('',(-1.E0,0.E0,0.E0));
#6355=AXIS2_PLACEMENT_3D('',#6352,#6353,#6354);
#6356=PLANE('2055',#6355);
#6358=ORIENTED_EDGE('1626',*,*,#6357,.T.);
#6359=ORIENTED_EDGE('1630',*,*,#4605,.F.);
#6360=ORIENTED_EDGE('1629',*,*,#6346,.F.);
#6361=ORIENTED_EDGE('1628',*,*,#4018,.T.);
#6362=EDGE_LOOP('2055',(#6358,#6359,#6360,#6361));
#6363=FACE_OUTER_BOUND('2055',#6362,.F.);
#6365=CARTESIAN_POINT('',(1.3075E1,9.45E0,0.E0));
#6366=DIRECTION('',(0.E0,0.E0,-1.E0));
#6367=DIRECTION('',(1.E0,0.E0,0.E0));
#6368=AXIS2_PLACEMENT_3D('',#6365,#6366,#6367);
#6369=CYLINDRICAL_SURFACE('2054',#6368,7.5E-1);
#6371=ORIENTED_EDGE('1623',*,*,#6370,.F.);
#6372=ORIENTED_EDGE('1627',*,*,#4607,.T.);
#6373=ORIENTED_EDGE('1626',*,*,#6357,.F.);
#6374=ORIENTED_EDGE('1625',*,*,#4016,.T.);
#6375=EDGE_LOOP('2054',(#6371,#6372,#6373,#6374));
#6376=FACE_OUTER_BOUND('2054',#6375,.F.);
#6378=CARTESIAN_POINT('',(1.035E1,5.664339828220E0,0.E0));
#6379=DIRECTION('',(-7.071067811865E-1,7.071067811865E-1,0.E0));
#6380=DIRECTION('',(7.071067811865E-1,7.071067811865E-1,0.E0));
#6381=AXIS2_PLACEMENT_3D('',#6378,#6379,#6380);
#6382=PLANE('2053',#6381);
#6384=ORIENTED_EDGE('1620',*,*,#6383,.T.);
#6385=ORIENTED_EDGE('1624',*,*,#4609,.T.);
#6386=ORIENTED_EDGE('1623',*,*,#6370,.T.);
#6387=ORIENTED_EDGE('1622',*,*,#4014,.T.);
#6388=EDGE_LOOP('2053',(#6384,#6385,#6386,#6387));
#6389=FACE_OUTER_BOUND('2053',#6388,.F.);
#6391=CARTESIAN_POINT('',(8.E0,8.664339828220E0,0.E0));
#6392=DIRECTION('',(0.E0,0.E0,-1.E0));
#6393=DIRECTION('',(1.E0,0.E0,0.E0));
#6394=AXIS2_PLACEMENT_3D('',#6391,#6392,#6393);
#6395=CYLINDRICAL_SURFACE('2052',#6394,3.810839802458E0);
#6397=ORIENTED_EDGE('1617',*,*,#6396,.F.);
#6398=ORIENTED_EDGE('1621',*,*,#4611,.T.);
#6399=ORIENTED_EDGE('1620',*,*,#6383,.F.);
#6400=ORIENTED_EDGE('1619',*,*,#4012,.T.);
#6401=EDGE_LOOP('2052',(#6397,#6398,#6399,#6400));
#6402=FACE_OUTER_BOUND('2052',#6401,.F.);
#6404=CARTESIAN_POINT('',(2.394669914110E0,8.919669914110E0,0.E0));
#6405=DIRECTION('',(7.071067811865E-1,7.071067811865E-1,0.E0));
#6406=DIRECTION('',(7.071067811865E-1,-7.071067811865E-1,0.E0));
#6407=AXIS2_PLACEMENT_3D('',#6404,#6405,#6406);
#6408=PLANE('2051',#6407);
#6410=ORIENTED_EDGE('1613',*,*,#6409,.T.);
#6411=ORIENTED_EDGE('1618',*,*,#4613,.T.);
#6412=ORIENTED_EDGE('1617',*,*,#6396,.T.);
#6413=ORIENTED_EDGE('1616',*,*,#4010,.T.);
#6414=EDGE_LOOP('2051',(#6410,#6411,#6412,#6413));
#6415=FACE_OUTER_BOUND('2051',#6414,.F.);
#6417=CARTESIAN_POINT('',(2.925E0,9.45E0,0.E0));
#6418=DIRECTION('',(0.E0,0.E0,-1.E0));
#6419=DIRECTION('',(1.E0,0.E0,0.E0));
#6420=AXIS2_PLACEMENT_3D('',#6417,#6418,#6419);
#6421=CYLINDRICAL_SURFACE('2050',#6420,7.5E-1);
#6423=ORIENTED_EDGE('1609',*,*,#6422,.F.);
#6424=ORIENTED_EDGE('1614',*,*,#4617,.T.);
#6425=ORIENTED_EDGE('1615',*,*,#4615,.T.);
#6426=ORIENTED_EDGE('1613',*,*,#6409,.F.);
#6427=ORIENTED_EDGE('1612',*,*,#4008,.T.);
#6428=ORIENTED_EDGE('1611',*,*,#4006,.T.);
#6429=EDGE_LOOP('2050',(#6423,#6424,#6425,#6426,#6427,#6428));
#6430=FACE_OUTER_BOUND('2050',#6429,.F.);
#6432=CARTESIAN_POINT('',(5.125E0,1.02E1,0.E0));
#6433=DIRECTION('',(0.E0,-1.E0,0.E0));
#6434=DIRECTION('',(-1.E0,0.E0,0.E0));
#6435=AXIS2_PLACEMENT_3D('',#6432,#6433,#6434);
#6436=PLANE('2049',#6435);
#6438=ORIENTED_EDGE('1605',*,*,#6437,.F.);
#6439=ORIENTED_EDGE('1610',*,*,#4619,.F.);
#6440=ORIENTED_EDGE('1609',*,*,#6422,.T.);
#6441=ORIENTED_EDGE('1608',*,*,#4004,.T.);
#6442=EDGE_LOOP('2049',(#6438,#6439,#6440,#6441));
#6443=FACE_OUTER_BOUND('2049',#6442,.F.);
#6445=CARTESIAN_POINT('',(5.125E0,1.05E1,0.E0));
#6446=DIRECTION('',(0.E0,0.E0,-1.E0));
#6447=DIRECTION('',(1.E0,0.E0,0.E0));
#6448=AXIS2_PLACEMENT_3D('',#6445,#6446,#6447);
#6449=CYLINDRICAL_SURFACE('2048',#6448,3.E-1);
#6450=ORIENTED_EDGE('1605',*,*,#6437,.T.);
#6451=ORIENTED_EDGE('1606',*,*,#4002,.T.);
#6453=ORIENTED_EDGE('1603',*,*,#6452,.T.);
#6454=ORIENTED_EDGE('1607',*,*,#4621,.T.);
#6455=EDGE_LOOP('2048',(#6450,#6451,#6453,#6454));
#6456=FACE_OUTER_BOUND('2048',#6455,.F.);
#6458=CARTESIAN_POINT('',(5.425E0,1.12E1,0.E0));
#6459=DIRECTION('',(1.E0,0.E0,0.E0));
#6460=DIRECTION('',(0.E0,-1.E0,0.E0));
#6461=AXIS2_PLACEMENT_3D('',#6458,#6459,#6460);
#6462=PLANE('2047',#6461);
#6464=ORIENTED_EDGE('1599',*,*,#6463,.F.);
#6465=ORIENTED_EDGE('1604',*,*,#4623,.F.);
#6466=ORIENTED_EDGE('1603',*,*,#6452,.F.);
#6467=ORIENTED_EDGE('1602',*,*,#4000,.T.);
#6468=EDGE_LOOP('2047',(#6464,#6465,#6466,#6467));
#6469=FACE_OUTER_BOUND('2047',#6468,.F.);
#6471=CARTESIAN_POINT('',(4.625E0,1.12E1,0.E0));
#6472=DIRECTION('',(0.E0,0.E0,-1.E0));
#6473=DIRECTION('',(1.E0,0.E0,0.E0));
#6474=AXIS2_PLACEMENT_3D('',#6471,#6472,#6473);
#6475=CYLINDRICAL_SURFACE('2046',#6474,8.E-1);
#6476=ORIENTED_EDGE('1599',*,*,#6463,.T.);
#6477=ORIENTED_EDGE('1600',*,*,#3998,.T.);
#6478=ORIENTED_EDGE('1597',*,*,#4312,.T.);
#6479=ORIENTED_EDGE('1601',*,*,#4625,.T.);
#6480=EDGE_LOOP('2046',(#6476,#6477,#6478,#6479));
#6481=FACE_OUTER_BOUND('2046',#6480,.F.);
#6485=FILL_AREA_STYLE_COLOUR('',#10);
#6486=FILL_AREA_STYLE('',(#6485));
#6487=SURFACE_STYLE_FILL_AREA(#6486);
#6488=SURFACE_SIDE_STYLE('',(#6487));
#6489=SURFACE_STYLE_USAGE(.BOTH.,#6488);
#6490=PRESENTATION_STYLE_ASSIGNMENT((#6489));
#17=STYLED_ITEM('',(#6490),#6484);
#6491=CARTESIAN_POINT('',(0.E0,0.E0,0.E0));
#6492=DIRECTION('',(1.E0,0.E0,0.E0));
#6493=DIRECTION('',(0.E0,1.E0,0.E0));
#6494=AXIS2_PLACEMENT_3D('',#6491,#6492,#6493);
#6495=PLANE('RIGHT',#6494);
#6496=CARTESIAN_POINT('',(0.E0,0.E0,0.E0));
#6497=DIRECTION('',(0.E0,1.E0,0.E0));
#6498=DIRECTION('',(0.E0,0.E0,1.E0));
#6499=AXIS2_PLACEMENT_3D('',#6496,#6497,#6498);
#6500=PLANE('TOP',#6499);
#6501=CARTESIAN_POINT('',(0.E0,0.E0,0.E0));
#6502=DIRECTION('',(0.E0,0.E0,1.E0));
#6503=DIRECTION('',(1.E0,0.E0,0.E0));
#6504=AXIS2_PLACEMENT_3D('',#6501,#6502,#6503);
#6505=PLANE('FRONT',#6504);
#6506=CARTESIAN_POINT('',(0.E0,0.E0,0.E0));
#6507=DIRECTION('',(0.E0,0.E0,1.E0));
#6508=DIRECTION('',(1.E0,0.E0,0.E0));
#6509=AXIS2_PLACEMENT_3D('PRT_CSYS_DEF',#6506,#6507,#6508);
#6510=CURVE_STYLE('',#22,POSITIVE_LENGTH_MEASURE(2.E-2),#5);
#6511=PRESENTATION_STYLE_ASSIGNMENT((#6510));
#6512=STYLED_ITEM('',(#6511),#6509);
#6513=DIRECTION('',(-1.E0,0.E0,0.E0));
#6514=VECTOR('',#6513,2.E2);
#6515=CARTESIAN_POINT('',(1.98E2,0.E0,0.E0));
#6516=LINE('',#6515,#6514);
#6518=CURVE_STYLE('',#22,POSITIVE_LENGTH_MEASURE(2.E-2),#3);
#6519=PRESENTATION_STYLE_ASSIGNMENT((#6518));
#6520=STYLED_ITEM('',(#6519),#6517);
#6521=CARTESIAN_POINT('',(0.E0,0.E0,0.E0));
#6522=DIRECTION('',(0.E0,0.E0,1.E0));
#6523=DIRECTION('',(1.E0,0.E0,0.E0));
#6524=AXIS2_PLACEMENT_3D('BASISPLATTE_RUND__1_-BODY',#6521,#6522,#6523);
#6525=CURVE_STYLE('',#22,POSITIVE_LENGTH_MEASURE(2.E-2),#5);
#6526=PRESENTATION_STYLE_ASSIGNMENT((#6525));
#6527=STYLED_ITEM('',(#6526),#6524);
#6528=PRESENTATION_LAYER_ASSIGNMENT('_26_BEZUGSACHSEN','',(#6517));
#6529=PRESENTATION_LAYER_ASSIGNMENT('_27_BEZUGSEBENEN','',(#6495,#6500,#6505));
#6530=PRESENTATION_LAYER_ASSIGNMENT('_29_KOORDINATENSYSTEME','',(#6509,#6524));
#6531=PRESENTATION_LAYER_ASSIGNMENT('_00_PRT_START_FEATURES','',(#6495,#6500,
#6505,#6509,#6517));
#6534=PLANE_ANGLE_MEASURE_WITH_UNIT(PLANE_ANGLE_MEASURE(1.745329251994E-2),
#6533);
#6535=(CONVERSION_BASED_UNIT('DEGREE',#6534)NAMED_UNIT(*)PLANE_ANGLE_UNIT());
#6537=UNCERTAINTY_MEASURE_WITH_UNIT(LENGTH_MEASURE(1.E-2),#6532,'closure',
'Maximum model space distance between geometric entities at asserted connectivities');
#6541=CARTESIAN_POINT('',(0.E0,0.E0,0.E0));
#6542=DIRECTION('',(0.E0,0.E0,1.E0));
#6543=DIRECTION('',(1.E0,0.E0,0.E0));
#6546=SHAPE_REPRESENTATION_RELATIONSHIP('','',#6545,#6539);
#6547=CONSTRUCTIVE_GEOMETRY_REPRESENTATION_RELATIONSHIP('','',#6545,#6540);
#6548=MECHANICAL_DESIGN_GEOMETRIC_PRESENTATION_REPRESENTATION('',(#25,#32,#39,
#46,#53,#60,#68,#75,#83,#90,#98,#106,#113,#121,#128,#136,#143,#151,#158,#166,
#173,#181,#188,#196,#203,#211,#219,#226,#234,#241,#249,#256,#264,#271,#279,#286,
#294,#301,#309,#316,#324,#332,#339,#347,#354,#362,#369,#377,#384,#392,#399,#407,
#414,#422,#429,#437,#445,#452,#460,#467,#475,#482,#490,#497,#505,#512,#520,#527,
#535,#542,#550,#558,#565,#573,#580,#588,#595,#603,#610,#618,#625,#633,#640,#648,
#655,#663,#671,#678,#686,#693,#701,#708,#716,#723,#731,#738,#746,#753,#761,#768,
#776,#784,#791,#799,#806,#814,#821,#829,#836,#844,#851,#859,#866,#874,#881,#889,
#897,#904,#912,#919,#927,#934,#942,#949,#957,#964,#972,#979,#987,#994,#1002,
#1010,#1017,#1025,#1032,#1040,#1047,#1055,#1062,#1070,#1077,#1085,#1092,#1100,
#1107,#1115,#1123,#1130,#1138,#1145,#1153,#1160,#1168,#1175,#1183,#1190,#1197,
#1204,#1211,#1219,#1227,#1235,#1242,#1250,#1257,#1265,#1273,#1281,#1289,#1297,
#1305,#1313,#1320,#1328,#1335,#1343,#1351,#1359,#1367,#1375,#1383,#1391,#1398,
#1406,#1413,#1421,#1429,#1437,#1445,#1453,#1461,#1469,#1476,#1484,#1491,#1499,
#1507,#1515,#1523,#1531,#1539,#1547,#1554,#1562,#1569,#1577,#1585,#1593,#1601,
#1609,#1617,#1625,#1632,#1640,#1647,#1655,#1663,#1671,#1679,#1687,#1695,#1703,
#1710,#1718,#1725,#1733,#1741,#1749,#1757,#1765,#1773,#1781,#1788,#1796,#1803,
#1811,#1819,#1827,#1835,#1843,#1851,#1859,#1866,#1874,#1881,#1889,#1897,#1905,
#1913,#1921,#1929,#1937,#1944,#1952,#1959,#1967,#1975,#1983,#1991,#1998,#2005,
#2012,#2019,#2026,#2033,#2040,#2047,#2054,#2061,#2068,#2075,#2082,#2089,#2096,
#2103,#2110,#2117,#2124,#2131,#2138,#2145,#2152,#2159,#2166,#2173,#2180,#2187,
#2194,#2201,#2208,#2215,#2222,#2229,#2236,#2243,#2250,#2257,#2264,#2271,#2278,
#2285,#2292,#2299,#2306,#2313,#2320,#2327,#2334,#2341,#2348,#2355,#2362,#2369,
#2376,#2383,#2390,#2397,#2404,#2411,#2418,#2425,#2432,#2439,#2446,#2453,#2460,
#2467,#2474,#2481,#2488,#2495,#2502,#2509,#2516,#2523,#2530,#2537,#2544,#2551,
#2558,#2565,#2572,#2579,#2586,#2593,#2600,#2607,#2614,#2621,#2628,#2635,#2642,
#2649,#2656,#2663,#2670,#2677,#2684,#2691,#2698,#2705,#2712,#2719,#2726,#2733,
#2740,#2747,#2754,#2761,#2768,#2775,#2782,#2789,#2796,#2803,#2810,#2817,#2824,
#2831,#2838,#2845,#2852,#2859,#2866,#2873,#2880,#2887,#2894,#2901,#2908,#2915,
#2922,#2929,#2936,#2943,#2950,#2957,#2964,#2971,#2978,#2985,#2992,#2999,#3006,
#3013,#3020,#3027,#3034,#3041,#3048,#3055,#3062,#3069,#3076,#3083,#3090,#3097,
#3104,#3111,#3118,#3125,#3132,#3139,#3146,#3153,#3160,#3167,#3174,#3181,#3188,
#3195,#3202,#3209,#3216,#3223,#3230,#3237,#3244,#3251,#3258,#3265,#3272,#3279,
#3286,#3293,#3300,#3307,#3314,#3321,#3328,#3335,#3342,#17,#6512,#6520,#6527),
#6538);
#6549=APPLICATION_CONTEXT('automotive design');
#6550=APPLICATION_PROTOCOL_DEFINITION('international standard',
'config_control_design',1994,#6549);
#6551=PRODUCT_DEFINITION_CONTEXT('',#6549,'design');
#6552=PRODUCT_CONTEXT('',#6549,'mechanical');
#6553=PRODUCT('SLOTTED_BASE_PLATE','SLOTTED_BASE_PLATE','NOT SPECIFIED',
(#6552));
#6554=PRODUCT_DEFINITION_FORMATION_WITH_SPECIFIED_SOURCE('3','LAST_VERSION',
#6553,.MADE.);
#6562=DERIVED_UNIT_ELEMENT(#6561,-3.E0);
#6564=DERIVED_UNIT_ELEMENT(#6563,1.E0);
#6565=DERIVED_UNIT((#6562,#6564));
#6566=MEASURE_REPRESENTATION_ITEM('density measure',POSITIVE_RATIO_MEASURE(
7.85E-6),#6565);
#6570=DESCRIPTIVE_REPRESENTATION_ITEM('STAHL_ALLGEMEIN','');
#6579=DERIVED_UNIT_ELEMENT(#6578,2.E0);
#6580=AREA_UNIT((#6579));
#6581=MEASURE_REPRESENTATION_ITEM('surface area measure',AREA_MEASURE(
1.291705044348E5),#6580);
#6586=DERIVED_UNIT_ELEMENT(#6585,3.E0);
#6587=VOLUME_UNIT((#6586));
#6588=MEASURE_REPRESENTATION_ITEM('volume measure',VOLUME_MEASURE(
3.746347252279E5),#6587);
#6592=CARTESIAN_POINT('centre point',(9.799999974102E1,5.260991978692E0,
1.000000000001E2));
#6597=DERIVED_UNIT_ELEMENT(#6596,2.E0);
#6598=AREA_UNIT((#6597));
#6599=MEASURE_REPRESENTATION_ITEM('surface area measure',AREA_MEASURE(
1.291705044348E5),#6598);
#6604=DERIVED_UNIT_ELEMENT(#6603,3.E0);
#6605=VOLUME_UNIT((#6604));
#6606=MEASURE_REPRESENTATION_ITEM('volume measure',VOLUME_MEASURE(
3.746347252279E5),#6605);
#6610=CARTESIAN_POINT('centre point',(9.799999974102E1,5.260991978692E0,
1.000000000001E2));
#6614=PRODUCT_CONTEXT('',#6549,'mechanical');
#6615=PRODUCT('STAHL_ALLGEMEIN','allgemeiner Stahl','NOT SPECIFIED',(#6614));
#6616=PRODUCT_DEFINITION_FORMATION_WITH_SPECIFIED_SOURCE('','LAST_VERSION',
#6615,.MADE.);
#6619=DIMENSIONAL_EXPONENTS(0.E0,0.E0,0.E0,0.E0,0.E0,0.E0,0.E0);
#6620=NAMED_UNIT(#6619);
#6621=MEASURE_WITH_UNIT(COUNT_MEASURE(1.E0),#6620);
#6623=DERIVED_UNIT_ELEMENT(#6622,-3.E0);
#6625=DERIVED_UNIT_ELEMENT(#6624,1.E0);
#6626=DERIVED_UNIT((#6623,#6625));
#6627=MEASURE_REPRESENTATION_ITEM('density measure',POSITIVE_RATIO_MEASURE(
7.85E-6),#6626);
#6632=DRAUGHTING_MODEL('Default',(#6646,#6648,#6650,#6661,#6662),#6538);
#6633=CARTESIAN_POINT('',(0.E0,0.E0,0.E0));
#6634=DIRECTION('',(0.E0,0.E0,1.E0));
#6635=DIRECTION('',(1.E0,0.E0,0.E0));
#6636=AXIS2_PLACEMENT_3D('',#6633,#6634,#6635);
#6637=REPRESENTATION_MAP(#6636,#6545);
#6638=MAPPED_ITEM('',#6637,#6636);
#6639=PRESENTATION_STYLE_ASSIGNMENT((.NULL.));
#6640=STYLED_ITEM('',(#6639),#6638);
#6641=DRAUGHTING_MODEL('',(#6636,#6638,#6640),#6538);
#6642=MECHANICAL_DESIGN_AND_DRAUGHTING_RELATIONSHIP('','',#6632,#6641);
#6643=CARTESIAN_POINT('',(0.E0,0.E0,0.E0));
#6644=DIRECTION('',(0.E0,0.E0,1.E0));
#6645=DIRECTION('',(1.E0,0.E0,0.E0));
#6646=AXIS2_PLACEMENT_3D('',#6643,#6644,#6645);
#6647=REPRESENTATION_MAP(#6646,#6545);
#6648=MAPPED_ITEM('',#6647,#6646);
#6649=PRESENTATION_STYLE_ASSIGNMENT((.NULL.));
#6650=STYLED_ITEM('',(#6649),#6648);
#6651=CARTESIAN_POINT('',(0.E0,0.E0,0.E0));
#6652=CARTESIAN_POINT('',(-8.604935056168E1,-2.013987811439E2,
6.742049419951E2));
#6653=DIRECTION('',(0.E0,0.E0,1.E0));
#6654=DIRECTION('',(1.E0,0.E0,0.E0));
#6655=AXIS2_PLACEMENT_3D('',#6652,#6653,#6654);
#6657=VIEW_VOLUME(.PARALLEL.,#6651,6.742049419951E2,6.742049419951E2,.T.,0.E0,
.F.,.T.,#6656);
#6658=CARTESIAN_POINT('',(1.832910705264E2,3.874905435381E2,5.646005009941E2));
#6659=DIRECTION('',(-3.894183423087E-1,-7.214918620107E-1,-5.725406952575E-1));
#6660=DIRECTION('',(-9.210609940029E-1,3.050418666329E-1,2.420663234065E-1));
#6661=AXIS2_PLACEMENT_3D('',#6658,#6659,#6660);
#6662=CAMERA_MODEL_D3('DEFAULT',#6661,#6657);
#6664=GENERAL_PROPERTY('','CAD_APPROVED_BY','user defined attribute');
#6665=GENERAL_PROPERTY_ASSOCIATION('user defined attribute','',#6664,#6663);
#6666=DESCRIPTIVE_REPRESENTATION_ITEM('CAD_APPROVED_BY','-');
#6670=GENERAL_PROPERTY('','CAD_APPROVED_ON','user defined attribute');
#6671=GENERAL_PROPERTY_ASSOCIATION('user defined attribute','',#6670,#6669);
#6672=DESCRIPTIVE_REPRESENTATION_ITEM('CAD_APPROVED_ON','jjjj-mm-dd');
#6676=GENERAL_PROPERTY('','CAD_CHANGE_NO','user defined attribute');
#6677=GENERAL_PROPERTY_ASSOCIATION('user defined attribute','',#6676,#6675);
#6678=DESCRIPTIVE_REPRESENTATION_ITEM('CAD_CHANGE_NO','-');
#6682=GENERAL_PROPERTY('','CAD_CHANGE_TEXT','user defined attribute');
#6683=GENERAL_PROPERTY_ASSOCIATION('user defined attribute','',#6682,#6681);
#6684=DESCRIPTIVE_REPRESENTATION_ITEM('CAD_CHANGE_TEXT','-');
#6688=GENERAL_PROPERTY('','CAD_CREATED_BY','user defined attribute');
#6689=GENERAL_PROPERTY_ASSOCIATION('user defined attribute','',#6688,#6687);
#6690=DESCRIPTIVE_REPRESENTATION_ITEM('CAD_CREATED_BY','-');
#6694=GENERAL_PROPERTY('','CAD_CREATED_ON','user defined attribute');
#6695=GENERAL_PROPERTY_ASSOCIATION('user defined attribute','',#6694,#6693);
#6696=DESCRIPTIVE_REPRESENTATION_ITEM('CAD_CREATED_ON','jjjj-mm-dd');
#6700=GENERAL_PROPERTY('','CAD_LIFECYCLE_STATE','user defined attribute');
#6701=GENERAL_PROPERTY_ASSOCIATION('user defined attribute','',#6700,#6699);
#6702=DESCRIPTIVE_REPRESENTATION_ITEM('CAD_LIFECYCLE_STATE','-');
#6706=GENERAL_PROPERTY('','CAD_MODIFIED_BY','user defined attribute');
#6707=GENERAL_PROPERTY_ASSOCIATION('user defined attribute','',#6706,#6705);
#6708=DESCRIPTIVE_REPRESENTATION_ITEM('CAD_MODIFIED_BY','-');
#6712=GENERAL_PROPERTY('','CAD_MODIFIED_ON','user defined attribute');
#6713=GENERAL_PROPERTY_ASSOCIATION('user defined attribute','',#6712,#6711);
#6714=DESCRIPTIVE_REPRESENTATION_ITEM('CAD_MODIFIED_ON','jjjj-mm-dd');
#6718=GENERAL_PROPERTY('','CAD_REVISION','user defined attribute');
#6719=GENERAL_PROPERTY_ASSOCIATION('user defined attribute','',#6718,#6717);
#6720=DESCRIPTIVE_REPRESENTATION_ITEM('CAD_REVISION','-');
#6724=GENERAL_PROPERTY('','DEPARTMENT','user defined attribute');
#6725=GENERAL_PROPERTY_ASSOCIATION('user defined attribute','',#6724,#6723);
#6726=DESCRIPTIVE_REPRESENTATION_ITEM('DEPARTMENT','DEV');
#6730=GENERAL_PROPERTY('','DESCRIPTION_1_DE','user defined attribute');
#6731=GENERAL_PROPERTY_ASSOCIATION('user defined attribute','',#6730,#6729);
#6732=DESCRIPTIVE_REPRESENTATION_ITEM('DESCRIPTION_1_DE','-');
#6736=GENERAL_PROPERTY('','DESCRIPTION_1_EN','user defined attribute');
#6737=GENERAL_PROPERTY_ASSOCIATION('user defined attribute','',#6736,#6735);
#6738=DESCRIPTIVE_REPRESENTATION_ITEM('DESCRIPTION_1_EN','-');
#6742=GENERAL_PROPERTY('','DESCRIPTION_2_DE','user defined attribute');
#6743=GENERAL_PROPERTY_ASSOCIATION('user defined attribute','',#6742,#6741);
#6744=DESCRIPTIVE_REPRESENTATION_ITEM('DESCRIPTION_2_DE','-');
#6748=GENERAL_PROPERTY('','DESCRIPTION_2_EN','user defined attribute');
#6749=GENERAL_PROPERTY_ASSOCIATION('user defined attribute','',#6748,#6747);
#6750=DESCRIPTIVE_REPRESENTATION_ITEM('DESCRIPTION_2_EN','-');
#6754=GENERAL_PROPERTY('','DRAWING_NO','user defined attribute');
#6755=GENERAL_PROPERTY_ASSOCIATION('user defined attribute','',#6754,#6753);
#6756=DESCRIPTIVE_REPRESENTATION_ITEM('DRAWING_NO','-');
#6760=GENERAL_PROPERTY('','MC_CHECKTYPE','user defined attribute');
#6761=GENERAL_PROPERTY_ASSOCIATION('user defined attribute','',#6760,#6759);
#6762=DESCRIPTIVE_REPRESENTATION_ITEM('MC_CHECKTYPE','SUT_INT_DE');
#6766=GENERAL_PROPERTY('','COATING','user defined attribute');
#6767=GENERAL_PROPERTY_ASSOCIATION('user defined attribute','',#6766,#6765);
#6768=DESCRIPTIVE_REPRESENTATION_ITEM('COATING','-');
#6772=GENERAL_PROPERTY('','COLORING','user defined attribute');
#6773=GENERAL_PROPERTY_ASSOCIATION('user defined attribute','',#6772,#6771);
#6774=DESCRIPTIVE_REPRESENTATION_ITEM('COLORING','-');
#6778=GENERAL_PROPERTY('','DESC_SEMIFINISHED','user defined attribute');
#6779=GENERAL_PROPERTY_ASSOCIATION('user defined attribute','',#6778,#6777);
#6780=DESCRIPTIVE_REPRESENTATION_ITEM('DESC_SEMIFINISHED','-');
#6784=GENERAL_PROPERTY('','DIMENSION','user defined attribute');
#6785=GENERAL_PROPERTY_ASSOCIATION('user defined attribute','',#6784,#6783);
#6786=DESCRIPTIVE_REPRESENTATION_ITEM('DIMENSION','-');
#6790=GENERAL_PROPERTY('','HARDNESS','user defined attribute');
#6791=GENERAL_PROPERTY_ASSOCIATION('user defined attribute','',#6790,#6789);
#6792=DESCRIPTIVE_REPRESENTATION_ITEM('HARDNESS','-');
#6796=GENERAL_PROPERTY('','MASS','user defined attribute');
#6797=GENERAL_PROPERTY_ASSOCIATION('user defined attribute','',#6796,#6795);
#6798=REAL_REPRESENTATION_ITEM('MASS',2.94E0);
#6802=GENERAL_PROPERTY('','MATERIAL','user defined attribute');
#6803=GENERAL_PROPERTY_ASSOCIATION('user defined attribute','',#6802,#6801);
#6804=DESCRIPTIVE_REPRESENTATION_ITEM('MATERIAL','Stahl allg.');
#6808=GENERAL_PROPERTY('','PART_NO','user defined attribute');
#6809=GENERAL_PROPERTY_ASSOCIATION('user defined attribute','',#6808,#6807);
#6810=DESCRIPTIVE_REPRESENTATION_ITEM('PART_NO','-');
#6814=GENERAL_PROPERTY('','PART_NO_SEMIFINISHED','user defined attribute');
#6815=GENERAL_PROPERTY_ASSOCIATION('user defined attribute','',#6814,#6813);
#6816=DESCRIPTIVE_REPRESENTATION_ITEM('PART_NO_SEMIFINISHED','-');
#6820=GENERAL_PROPERTY('','STANDARD','user defined attribute');
#6821=GENERAL_PROPERTY_ASSOCIATION('user defined attribute','',#6820,#6819);
#6822=DESCRIPTIVE_REPRESENTATION_ITEM('STANDARD','-');
#6826=GENERAL_PROPERTY('','STANDARD_DIMENSION','user defined attribute');
#6827=GENERAL_PROPERTY_ASSOCIATION('user defined attribute','',#6826,#6825);
#6828=DESCRIPTIVE_REPRESENTATION_ITEM('STANDARD_DIMENSION','DIN EN ISO 14405');
#6832=GENERAL_PROPERTY('','STANDARD_EDGE','user defined attribute');
#6833=GENERAL_PROPERTY_ASSOCIATION('user defined attribute','',#6832,#6831);
#6834=DESCRIPTIVE_REPRESENTATION_ITEM('STANDARD_EDGE','ISO 13715');
#6838=GENERAL_PROPERTY('','STANDARD_INFO_DE','user defined attribute');
#6839=GENERAL_PROPERTY_ASSOCIATION('user defined attribute','',#6838,#6837);
#6840=DESCRIPTIVE_REPRESENTATION_ITEM('STANDARD_INFO_DE','-');
#6844=GENERAL_PROPERTY('','STANDARD_INFO_EN','user defined attribute');
#6845=GENERAL_PROPERTY_ASSOCIATION('user defined attribute','',#6844,#6843);
#6846=DESCRIPTIVE_REPRESENTATION_ITEM('STANDARD_INFO_EN','-');
#6850=GENERAL_PROPERTY('','STANDARD_SURFACE','user defined attribute');
#6851=GENERAL_PROPERTY_ASSOCIATION('user defined attribute','',#6850,#6849);
#6852=DESCRIPTIVE_REPRESENTATION_ITEM('STANDARD_SURFACE','ISO 1302');
#6856=GENERAL_PROPERTY('','STANDARD_TOL_CLASS','user defined attribute');
#6857=GENERAL_PROPERTY_ASSOCIATION('user defined attribute','',#6856,#6855);
#6858=DESCRIPTIVE_REPRESENTATION_ITEM('STANDARD_TOL_CLASS','ISO 2768-mK');
#6862=GENERAL_PROPERTY('','SUPPLIER','user defined attribute');
#6863=GENERAL_PROPERTY_ASSOCIATION('user defined attribute','',#6862,#6861);
#6864=DESCRIPTIVE_REPRESENTATION_ITEM('SUPPLIER','-');
#6868=GENERAL_PROPERTY('','CLASSIFICATION','user defined attribute');
#6869=GENERAL_PROPERTY_ASSOCIATION('user defined attribute','',#6868,#6867);
#6870=DESCRIPTIVE_REPRESENTATION_ITEM('CLASSIFICATION','FERTIGUNG');
#6874=GENERAL_PROPERTY('','CATEGORY','user defined attribute');
#6875=GENERAL_PROPERTY_ASSOCIATION('user defined attribute','',#6874,#6873);
#6876=INTEGER_REPRESENTATION_ITEM('CATEGORY',1);
#6880=GENERAL_PROPERTY('','PROJECT','user defined attribute');
#6881=GENERAL_PROPERTY_ASSOCIATION('user defined attribute','',#6880,#6879);
#6882=DESCRIPTIVE_REPRESENTATION_ITEM('PROJECT','-');
#6886=GENERAL_PROPERTY('','PROJECT_NO','user defined attribute');
#6887=GENERAL_PROPERTY_ASSOCIATION('user defined attribute','',#6886,#6885);
#6888=DESCRIPTIVE_REPRESENTATION_ITEM('PROJECT_NO','-');
#6892=GENERAL_PROPERTY('','ORDER_CODE','user defined attribute');
#6893=GENERAL_PROPERTY_ASSOCIATION('user defined attribute','',#6892,#6891);
#6894=DESCRIPTIVE_REPRESENTATION_ITEM('ORDER_CODE','-');
#6898=GENERAL_PROPERTY('','STANDARD_WELDING','user defined attribute');
#6899=GENERAL_PROPERTY_ASSOCIATION('user defined attribute','',#6898,#6897);
#6900=DESCRIPTIVE_REPRESENTATION_ITEM('STANDARD_WELDING','ISO 9692');
#6904=GENERAL_PROPERTY('','CUSTOMER','user defined attribute');
#6905=GENERAL_PROPERTY_ASSOCIATION('user defined attribute','',#6904,#6903);
#6906=DESCRIPTIVE_REPRESENTATION_ITEM('CUSTOMER','-');
#6910=GENERAL_PROPERTY('','HEAT_TREATMENT','user defined attribute');
#6911=GENERAL_PROPERTY_ASSOCIATION('user defined attribute','',#6910,#6909);
#6912=DESCRIPTIVE_REPRESENTATION_ITEM('HEAT_TREATMENT','-');
#6916=GENERAL_PROPERTY('','PTC_VAL_IMP_PART_STATUS','user defined attribute');
#6917=GENERAL_PROPERTY_ASSOCIATION('user defined attribute','',#6916,#6915);
#6918=DESCRIPTIVE_REPRESENTATION_ITEM('PTC_VAL_IMP_PART_STATUS','OK');
#6922=GENERAL_PROPERTY('','PTC_MP_VAL_IMP_VOLUME','user defined attribute');
#6923=GENERAL_PROPERTY_ASSOCIATION('user defined attribute','',#6922,#6921);
#6925=DERIVED_UNIT_ELEMENT(#6924,3.E0);
#6926=VOLUME_UNIT((#6925));
#6927=MEASURE_REPRESENTATION_ITEM('PTC_MP_VAL_IMP_VOLUME',VOLUME_MEASURE(
3.746347229030E5),#6926);
#6931=GENERAL_PROPERTY('','PTC_MP_VAL_IMP_AREA','user defined attribute');
#6932=GENERAL_PROPERTY_ASSOCIATION('user defined attribute','',#6931,#6930);
#6934=DERIVED_UNIT_ELEMENT(#6933,2.E0);
#6935=AREA_UNIT((#6934));
#6936=MEASURE_REPRESENTATION_ITEM('PTC_MP_VAL_IMP_AREA',AREA_MEASURE(
1.291705044348E5),#6935);
#6940=GENERAL_PROPERTY('','PTC_MP_VAL_IMP_COGX','user defined attribute');
#6941=GENERAL_PROPERTY_ASSOCIATION('user defined attribute','',#6940,#6939);
#6943=MEASURE_REPRESENTATION_ITEM('PTC_MP_VAL_IMP_COGX',LENGTH_MEASURE(
9.800000000895E1),#6942);
#6947=GENERAL_PROPERTY('','PTC_MP_VAL_IMP_COGY','user defined attribute');
#6948=GENERAL_PROPERTY_ASSOCIATION('user defined attribute','',#6947,#6946);
#6950=MEASURE_REPRESENTATION_ITEM('PTC_MP_VAL_IMP_COGY',LENGTH_MEASURE(
5.260991804557E0),#6949);
#6954=GENERAL_PROPERTY('','PTC_MP_VAL_IMP_COGZ','user defined attribute');
#6955=GENERAL_PROPERTY_ASSOCIATION('user defined attribute','',#6954,#6953);
#6957=MEASURE_REPRESENTATION_ITEM('PTC_MP_VAL_IMP_COGZ',LENGTH_MEASURE(
1.000000000001E2),#6956);
#6961=GENERAL_PROPERTY('','PTC_VAL_IMP_SCORE','user defined attribute');
#6962=GENERAL_PROPERTY_ASSOCIATION('user defined attribute','',#6961,#6960);
#6963=DESCRIPTIVE_REPRESENTATION_ITEM('PTC_VAL_IMP_SCORE','PASS');
#6967=GENERAL_PROPERTY('','PTC_COMMON_NAME','user defined attribute');
#6968=GENERAL_PROPERTY_ASSOCIATION('user defined attribute','',#6967,#6966);
#6969=DESCRIPTIVE_REPRESENTATION_ITEM('PTC_COMMON_NAME',
'basisplatte_rund_1_-body.prt');
#6973=GENERAL_PROPERTY('','PTC_MASTER_MATERIAL','user defined attribute');
#6974=GENERAL_PROPERTY_ASSOCIATION('user defined attribute','',#6973,#6972);
#6975=DESCRIPTIVE_REPRESENTATION_ITEM('PTC_MASTER_MATERIAL','STAHL_ALLGEMEIN');
#1=DRAUGHTING_PRE_DEFINED_COLOUR('green');
#2=COLOUR_RGB('',1.1E-2,1.2E-2,1.E0);
#3=COLOUR_RGB('',2.156862745098E-1,0.E0,3.725490196078E-1);
#4=COLOUR_RGB('',4.1E-1,2.61589E-1,1.12848E-1);
#5=COLOUR_RGB('',4.705882352941E-1,3.137254901961E-1,3.333333333333E-1);
#6=COLOUR_RGB('',5.04854E-1,1.5455E-2,1.5455E-2);
#7=COLOUR_RGB('',6.35294E-1,6.86275E-1,7.4902E-1);
#8=COLOUR_RGB('',6.40777E-1,6.40777E-1,6.40777E-1);
#9=COLOUR_RGB('',6.69062E-1,6.69903E-1,6.55217E-1);
#10=COLOUR_RGB('',8.000000108770E-1,8.000000108770E-1,9.019608003730E-1);
#11=COLOUR_RGB('',9.21569E-1,7.05882E-1,4.70588E-1);
#12=DRAUGHTING_PRE_DEFINED_COLOUR('red');
#13=DRAUGHTING_PRE_DEFINED_COLOUR('yellow');
#14=COLOUR_RGB('',1.E0,1.E0,5.3E-1);
#15=COLOUR_RGB('',1.E0,1.E0,9.49E-1);
#16=DRAUGHTING_PRE_DEFINED_COLOUR('white');
#65=CIRCLE('1600',#64,8.E-1);
#80=CIRCLE('1606',#79,3.E-1);
#95=CIRCLE('1611',#94,7.5E-1);
#103=CIRCLE('1612',#102,7.5E-1);
#118=CIRCLE('1619',#117,3.810839802458E0);
#133=CIRCLE('1625',#132,7.5E-1);
#148=CIRCLE('1632',#147,3.E-1);
#163=CIRCLE('1638',#162,8.E-1);
#178=CIRCLE('1694',#177,8.E-1);
#193=CIRCLE('1700',#192,3.E-1);
#208=CIRCLE('1705',#207,7.5E-1);
#216=CIRCLE('1706',#215,7.5E-1);
#231=CIRCLE('1713',#230,3.810839802458E0);
#246=CIRCLE('1719',#245,7.5E-1);
#261=CIRCLE('1726',#260,3.E-1);
#276=CIRCLE('1732',#275,8.E-1);
#291=CIRCLE('1738',#290,8.E-1);
#306=CIRCLE('1744',#305,3.E-1);
#321=CIRCLE('1749',#320,7.5E-1);
#329=CIRCLE('1750',#328,7.5E-1);
#344=CIRCLE('1757',#343,3.810839802458E0);
#359=CIRCLE('1763',#358,7.5E-1);
#374=CIRCLE('1770',#373,3.E-1);
#389=CIRCLE('1776',#388,8.E-1);
#404=CIRCLE('1782',#403,8.E-1);
#419=CIRCLE('1788',#418,3.E-1);
#434=CIRCLE('1793',#433,7.5E-1);
#442=CIRCLE('1794',#441,7.5E-1);
#457=CIRCLE('1801',#456,3.810839802458E0);
#472=CIRCLE('1807',#471,7.5E-1);
#487=CIRCLE('1814',#486,3.E-1);
#502=CIRCLE('1820',#501,8.E-1);
#517=CIRCLE('1826',#516,8.E-1);
#532=CIRCLE('1832',#531,3.E-1);
#547=CIRCLE('1837',#546,7.5E-1);
#555=CIRCLE('1838',#554,7.5E-1);
#570=CIRCLE('1845',#569,3.810839802458E0);
#585=CIRCLE('1851',#584,7.5E-1);
#600=CIRCLE('1858',#599,3.E-1);
#615=CIRCLE('1864',#614,8.E-1);
#630=CIRCLE('1870',#629,8.E-1);
#645=CIRCLE('1876',#644,3.E-1);
#660=CIRCLE('1881',#659,7.5E-1);
#668=CIRCLE('1882',#667,7.5E-1);
#683=CIRCLE('1889',#682,3.810839802458E0);
#698=CIRCLE('1895',#697,7.5E-1);
#713=CIRCLE('1902',#712,3.E-1);
#728=CIRCLE('1908',#727,8.E-1);
#743=CIRCLE('1914',#742,8.E-1);
#758=CIRCLE('1920',#757,3.E-1);
#773=CIRCLE('1925',#772,7.5E-1);
#781=CIRCLE('1926',#780,7.5E-1);
#796=CIRCLE('1933',#795,3.810839802458E0);
#811=CIRCLE('1939',#810,7.5E-1);
#826=CIRCLE('1946',#825,3.E-1);
#841=CIRCLE('1952',#840,8.E-1);
#856=CIRCLE('1958',#855,8.E-1);
#871=CIRCLE('1964',#870,3.E-1);
#886=CIRCLE('1969',#885,7.5E-1);
#894=CIRCLE('1970',#893,7.5E-1);
#909=CIRCLE('1977',#908,3.810839802458E0);
#924=CIRCLE('1983',#923,7.5E-1);
#939=CIRCLE('1990',#938,3.E-1);
#954=CIRCLE('1996',#953,8.E-1);
#969=CIRCLE('2002',#968,8.E-1);
#984=CIRCLE('2008',#983,3.E-1);
#999=CIRCLE('2013',#998,7.5E-1);
#1007=CIRCLE('2014',#1006,7.5E-1);
#1022=CIRCLE('2021',#1021,3.810839802458E0);
#1037=CIRCLE('2027',#1036,7.5E-1);
#1052=CIRCLE('2034',#1051,3.E-1);
#1067=CIRCLE('2040',#1066,8.E-1);
#1082=CIRCLE('1644',#1081,8.E-1);
#1097=CIRCLE('1651',#1096,3.E-1);
#1112=CIRCLE('1656',#1111,7.5E-1);
#1120=CIRCLE('1657',#1119,7.5E-1);
#1135=CIRCLE('1664',#1134,3.810839802458E0);
#1150=CIRCLE('1670',#1149,7.5E-1);
#1165=CIRCLE('1677',#1164,3.E-1);
#1180=CIRCLE('1683',#1179,8.E-1);
#1216=CIRCLE('1684',#1215,8.E-1);
#1224=CIRCLE('1678',#1223,3.E-1);
#1232=CIRCLE('1672',#1231,7.5E-1);
#1247=CIRCLE('1666',#1246,3.810839802458E0);
#1262=CIRCLE('1660',#1261,7.5E-1);
#1270=CIRCLE('1659',#1269,7.5E-1);
#1278=CIRCLE('1652',#1277,3.E-1);
#1286=CIRCLE('1646',#1285,8.E-1);
#1294=CIRCLE('2041',#1293,8.E-1);
#1302=CIRCLE('2035',#1301,3.E-1);
#1310=CIRCLE('2029',#1309,7.5E-1);
#1325=CIRCLE('2023',#1324,3.810839802458E0);
#1340=CIRCLE('2017',#1339,7.5E-1);
#1348=CIRCLE('2016',#1347,7.5E-1);
#1356=CIRCLE('2009',#1355,3.E-1);
#1364=CIRCLE('2003',#1363,8.E-1);
#1372=CIRCLE('1997',#1371,8.E-1);
#1380=CIRCLE('1991',#1379,3.E-1);
#1388=CIRCLE('1985',#1387,7.5E-1);
#1403=CIRCLE('1979',#1402,3.810839802458E0);
#1418=CIRCLE('1973',#1417,7.5E-1);
#1426=CIRCLE('1972',#1425,7.5E-1);
#1434=CIRCLE('1965',#1433,3.E-1);
#1442=CIRCLE('1959',#1441,8.E-1);
#1450=CIRCLE('1953',#1449,8.E-1);
#1458=CIRCLE('1947',#1457,3.E-1);
#1466=CIRCLE('1941',#1465,7.5E-1);
#1481=CIRCLE('1935',#1480,3.810839802458E0);
#1496=CIRCLE('1929',#1495,7.5E-1);
#1504=CIRCLE('1928',#1503,7.5E-1);
#1512=CIRCLE('1921',#1511,3.E-1);
#1520=CIRCLE('1915',#1519,8.E-1);
#1528=CIRCLE('1909',#1527,8.E-1);
#1536=CIRCLE('1903',#1535,3.E-1);
#1544=CIRCLE('1897',#1543,7.5E-1);
#1559=CIRCLE('1891',#1558,3.810839802458E0);
#1574=CIRCLE('1885',#1573,7.5E-1);
#1582=CIRCLE('1884',#1581,7.5E-1);
#1590=CIRCLE('1877',#1589,3.E-1);
#1598=CIRCLE('1871',#1597,8.E-1);
#1606=CIRCLE('1865',#1605,8.E-1);
#1614=CIRCLE('1859',#1613,3.E-1);
#1622=CIRCLE('1853',#1621,7.5E-1);
#1637=CIRCLE('1847',#1636,3.810839802458E0);
#1652=CIRCLE('1841',#1651,7.5E-1);
#1660=CIRCLE('1840',#1659,7.5E-1);
#1668=CIRCLE('1833',#1667,3.E-1);
#1676=CIRCLE('1827',#1675,8.E-1);
#1684=CIRCLE('1821',#1683,8.E-1);
#1692=CIRCLE('1815',#1691,3.E-1);
#1700=CIRCLE('1809',#1699,7.5E-1);
#1715=CIRCLE('1803',#1714,3.810839802458E0);
#1730=CIRCLE('1797',#1729,7.5E-1);
#1738=CIRCLE('1796',#1737,7.5E-1);
#1746=CIRCLE('1789',#1745,3.E-1);
#1754=CIRCLE('1783',#1753,8.E-1);
#1762=CIRCLE('1777',#1761,8.E-1);
#1770=CIRCLE('1771',#1769,3.E-1);
#1778=CIRCLE('1765',#1777,7.5E-1);
#1793=CIRCLE('1759',#1792,3.810839802458E0);
#1808=CIRCLE('1753',#1807,7.5E-1);
#1816=CIRCLE('1752',#1815,7.5E-1);
#1824=CIRCLE('1745',#1823,3.E-1);
#1832=CIRCLE('1739',#1831,8.E-1);
#1840=CIRCLE('1733',#1839,8.E-1);
#1848=CIRCLE('1727',#1847,3.E-1);
#1856=CIRCLE('1721',#1855,7.5E-1);
#1871=CIRCLE('1715',#1870,3.810839802458E0);
#1886=CIRCLE('1709',#1885,7.5E-1);
#1894=CIRCLE('1708',#1893,7.5E-1);
#1902=CIRCLE('1701',#1901,3.E-1);
#1910=CIRCLE('1695',#1909,8.E-1);
#1918=CIRCLE('1639',#1917,8.E-1);
#1926=CIRCLE('1633',#1925,3.E-1);
#1934=CIRCLE('1627',#1933,7.5E-1);
#1949=CIRCLE('1621',#1948,3.810839802458E0);
#1964=CIRCLE('1615',#1963,7.5E-1);
#1972=CIRCLE('1614',#1971,7.5E-1);
#1980=CIRCLE('1607',#1979,3.E-1);
#1988=CIRCLE('1601',#1987,8.E-1);
#3964=EDGE_CURVE('1592',#3345,#3346,#36,.T.);
#3966=EDGE_CURVE('1595',#3350,#3346,#21,.T.);
#3968=EDGE_CURVE('1594',#3348,#3350,#29,.T.);
#3970=EDGE_CURVE('1593',#3348,#3345,#50,.T.);
#3974=ADVANCED_FACE('2044',(#3973),#3963,.T.);
#3981=EDGE_CURVE('1642',#3414,#3345,#43,.T.);
#3983=EDGE_CURVE('1641',#3414,#3412,#2002,.T.);
#3985=EDGE_CURVE('1640',#3412,#3346,#1208,.T.);
#3989=ADVANCED_FACE('2059',(#3988),#3979,.T.);
#3996=EDGE_CURVE('1596',#3352,#3348,#57,.T.);
#3998=EDGE_CURVE('1600',#3358,#3352,#65,.T.);
#4000=EDGE_CURVE('1602',#3360,#3358,#72,.T.);
#4002=EDGE_CURVE('1606',#3366,#3360,#80,.T.);
#4004=EDGE_CURVE('1608',#3368,#3366,#87,.T.);
#4006=EDGE_CURVE('1611',#3372,#3368,#95,.T.);
#4008=EDGE_CURVE('1612',#3374,#3372,#103,.T.);
#4010=EDGE_CURVE('1616',#3380,#3374,#110,.T.);
#4012=EDGE_CURVE('1619',#3384,#3380,#118,.T.);
#4014=EDGE_CURVE('1622',#3388,#3384,#125,.T.);
#4016=EDGE_CURVE('1625',#3392,#3388,#133,.T.);
#4018=EDGE_CURVE('1628',#3396,#3392,#140,.T.);
#4020=EDGE_CURVE('1632',#3402,#3396,#148,.T.);
#4022=EDGE_CURVE('1634',#3404,#3402,#155,.T.);
#4024=EDGE_CURVE('1638',#3410,#3404,#163,.T.);
#4026=EDGE_CURVE('1690',#3480,#3410,#170,.T.);
#4028=EDGE_CURVE('1694',#3486,#3480,#178,.T.);
#4030=EDGE_CURVE('1696',#3488,#3486,#185,.T.);
#4032=EDGE_CURVE('1700',#3494,#3488,#193,.T.);
#4034=EDGE_CURVE('1702',#3496,#3494,#200,.T.);
#4036=EDGE_CURVE('1705',#3500,#3496,#208,.T.);
#4038=EDGE_CURVE('1706',#3502,#3500,#216,.T.);
#4040=EDGE_CURVE('1710',#3508,#3502,#223,.T.);
#4042=EDGE_CURVE('1713',#3512,#3508,#231,.T.);
#4044=EDGE_CURVE('1716',#3516,#3512,#238,.T.);
#4046=EDGE_CURVE('1719',#3520,#3516,#246,.T.);
#4048=EDGE_CURVE('1722',#3524,#3520,#253,.T.);
#4050=EDGE_CURVE('1726',#3530,#3524,#261,.T.);
#4052=EDGE_CURVE('1728',#3532,#3530,#268,.T.);
#4054=EDGE_CURVE('1732',#3538,#3532,#276,.T.);
#4056=EDGE_CURVE('1734',#3540,#3538,#283,.T.);
#4058=EDGE_CURVE('1738',#3546,#3540,#291,.T.);
#4060=EDGE_CURVE('1740',#3548,#3546,#298,.T.);
#4062=EDGE_CURVE('1744',#3554,#3548,#306,.T.);
#4064=EDGE_CURVE('1746',#3556,#3554,#313,.T.);
#4066=EDGE_CURVE('1749',#3560,#3556,#321,.T.);
#4068=EDGE_CURVE('1750',#3562,#3560,#329,.T.);
#4070=EDGE_CURVE('1754',#3568,#3562,#336,.T.);
#4072=EDGE_CURVE('1757',#3572,#3568,#344,.T.);
#4074=EDGE_CURVE('1760',#3576,#3572,#351,.T.);
#4076=EDGE_CURVE('1763',#3580,#3576,#359,.T.);
#4078=EDGE_CURVE('1766',#3584,#3580,#366,.T.);
#4080=EDGE_CURVE('1770',#3590,#3584,#374,.T.);
#4082=EDGE_CURVE('1772',#3592,#3590,#381,.T.);
#4084=EDGE_CURVE('1776',#3598,#3592,#389,.T.);
#4086=EDGE_CURVE('1778',#3600,#3598,#396,.T.);
#4088=EDGE_CURVE('1782',#3606,#3600,#404,.T.);
#4090=EDGE_CURVE('1784',#3608,#3606,#411,.T.);
#4092=EDGE_CURVE('1788',#3614,#3608,#419,.T.);
#4094=EDGE_CURVE('1790',#3616,#3614,#426,.T.);
#4096=EDGE_CURVE('1793',#3620,#3616,#434,.T.);
#4098=EDGE_CURVE('1794',#3622,#3620,#442,.T.);
#4100=EDGE_CURVE('1798',#3628,#3622,#449,.T.);
#4102=EDGE_CURVE('1801',#3632,#3628,#457,.T.);
#4104=EDGE_CURVE('1804',#3636,#3632,#464,.T.);
#4106=EDGE_CURVE('1807',#3640,#3636,#472,.T.);
#4108=EDGE_CURVE('1810',#3644,#3640,#479,.T.);
#4110=EDGE_CURVE('1814',#3650,#3644,#487,.T.);
#4112=EDGE_CURVE('1816',#3652,#3650,#494,.T.);
#4114=EDGE_CURVE('1820',#3658,#3652,#502,.T.);
#4116=EDGE_CURVE('1822',#3660,#3658,#509,.T.);
#4118=EDGE_CURVE('1826',#3666,#3660,#517,.T.);
#4120=EDGE_CURVE('1828',#3668,#3666,#524,.T.);
#4122=EDGE_CURVE('1832',#3674,#3668,#532,.T.);
#4124=EDGE_CURVE('1834',#3676,#3674,#539,.T.);
#4126=EDGE_CURVE('1837',#3680,#3676,#547,.T.);
#4128=EDGE_CURVE('1838',#3682,#3680,#555,.T.);
#4130=EDGE_CURVE('1842',#3688,#3682,#562,.T.);
#4132=EDGE_CURVE('1845',#3692,#3688,#570,.T.);
#4134=EDGE_CURVE('1848',#3696,#3692,#577,.T.);
#4136=EDGE_CURVE('1851',#3700,#3696,#585,.T.);
#4138=EDGE_CURVE('1854',#3704,#3700,#592,.T.);
#4140=EDGE_CURVE('1858',#3710,#3704,#600,.T.);
#4142=EDGE_CURVE('1860',#3712,#3710,#607,.T.);
#4144=EDGE_CURVE('1864',#3718,#3712,#615,.T.);
#4146=EDGE_CURVE('1866',#3720,#3718,#622,.T.);
#4148=EDGE_CURVE('1870',#3726,#3720,#630,.T.);
#4150=EDGE_CURVE('1872',#3728,#3726,#637,.T.);
#4152=EDGE_CURVE('1876',#3734,#3728,#645,.T.);
#4154=EDGE_CURVE('1878',#3736,#3734,#652,.T.);
#4156=EDGE_CURVE('1881',#3740,#3736,#660,.T.);
#4158=EDGE_CURVE('1882',#3742,#3740,#668,.T.);
#4160=EDGE_CURVE('1886',#3748,#3742,#675,.T.);
#4162=EDGE_CURVE('1889',#3752,#3748,#683,.T.);
#4164=EDGE_CURVE('1892',#3756,#3752,#690,.T.);
#4166=EDGE_CURVE('1895',#3760,#3756,#698,.T.);
#4168=EDGE_CURVE('1898',#3764,#3760,#705,.T.);
#4170=EDGE_CURVE('1902',#3770,#3764,#713,.T.);
#4172=EDGE_CURVE('1904',#3772,#3770,#720,.T.);
#4174=EDGE_CURVE('1908',#3778,#3772,#728,.T.);
#4176=EDGE_CURVE('1910',#3780,#3778,#735,.T.);
#4178=EDGE_CURVE('1914',#3786,#3780,#743,.T.);
#4180=EDGE_CURVE('1916',#3788,#3786,#750,.T.);
#4182=EDGE_CURVE('1920',#3794,#3788,#758,.T.);
#4184=EDGE_CURVE('1922',#3796,#3794,#765,.T.);
#4186=EDGE_CURVE('1925',#3800,#3796,#773,.T.);
#4188=EDGE_CURVE('1926',#3802,#3800,#781,.T.);
#4190=EDGE_CURVE('1930',#3808,#3802,#788,.T.);
#4192=EDGE_CURVE('1933',#3812,#3808,#796,.T.);
#4194=EDGE_CURVE('1936',#3816,#3812,#803,.T.);
#4196=EDGE_CURVE('1939',#3820,#3816,#811,.T.);
#4198=EDGE_CURVE('1942',#3824,#3820,#818,.T.);
#4200=EDGE_CURVE('1946',#3830,#3824,#826,.T.);
#4202=EDGE_CURVE('1948',#3832,#3830,#833,.T.);
#4204=EDGE_CURVE('1952',#3838,#3832,#841,.T.);
#4206=EDGE_CURVE('1954',#3840,#3838,#848,.T.);
#4208=EDGE_CURVE('1958',#3846,#3840,#856,.T.);
#4210=EDGE_CURVE('1960',#3848,#3846,#863,.T.);
#4212=EDGE_CURVE('1964',#3854,#3848,#871,.T.);
#4214=EDGE_CURVE('1966',#3856,#3854,#878,.T.);
#4216=EDGE_CURVE('1969',#3860,#3856,#886,.T.);
#4218=EDGE_CURVE('1970',#3862,#3860,#894,.T.);
#4220=EDGE_CURVE('1974',#3868,#3862,#901,.T.);
#4222=EDGE_CURVE('1977',#3872,#3868,#909,.T.);
#4224=EDGE_CURVE('1980',#3876,#3872,#916,.T.);
#4226=EDGE_CURVE('1983',#3880,#3876,#924,.T.);
#4228=EDGE_CURVE('1986',#3884,#3880,#931,.T.);
#4230=EDGE_CURVE('1990',#3890,#3884,#939,.T.);
#4232=EDGE_CURVE('1992',#3892,#3890,#946,.T.);
#4234=EDGE_CURVE('1996',#3898,#3892,#954,.T.);
#4236=EDGE_CURVE('1998',#3900,#3898,#961,.T.);
#4238=EDGE_CURVE('2002',#3906,#3900,#969,.T.);
#4240=EDGE_CURVE('2004',#3908,#3906,#976,.T.);
#4242=EDGE_CURVE('2008',#3914,#3908,#984,.T.);
#4244=EDGE_CURVE('2010',#3916,#3914,#991,.T.);
#4246=EDGE_CURVE('2013',#3920,#3916,#999,.T.);
#4248=EDGE_CURVE('2014',#3922,#3920,#1007,.T.);
#4250=EDGE_CURVE('2018',#3928,#3922,#1014,.T.);
#4252=EDGE_CURVE('2021',#3932,#3928,#1022,.T.);
#4254=EDGE_CURVE('2024',#3936,#3932,#1029,.T.);
#4256=EDGE_CURVE('2027',#3940,#3936,#1037,.T.);
#4258=EDGE_CURVE('2030',#3944,#3940,#1044,.T.);
#4260=EDGE_CURVE('2034',#3950,#3944,#1052,.T.);
#4262=EDGE_CURVE('2036',#3952,#3950,#1059,.T.);
#4264=EDGE_CURVE('2040',#3958,#3952,#1067,.T.);
#4266=EDGE_CURVE('2042',#3420,#3958,#1074,.T.);
#4268=EDGE_CURVE('1644',#3418,#3420,#1082,.T.);
#4270=EDGE_CURVE('1647',#3424,#3418,#1089,.T.);
#4272=EDGE_CURVE('1651',#3430,#3424,#1097,.T.);
#4274=EDGE_CURVE('1653',#3432,#3430,#1104,.T.);
#4276=EDGE_CURVE('1656',#3436,#3432,#1112,.T.);
#4278=EDGE_CURVE('1657',#3438,#3436,#1120,.T.);
#4280=EDGE_CURVE('1661',#3444,#3438,#1127,.T.);
#4282=EDGE_CURVE('1664',#3448,#3444,#1135,.T.);
#4284=EDGE_CURVE('1667',#3452,#3448,#1142,.T.);
#4286=EDGE_CURVE('1670',#3456,#3452,#1150,.T.);
#4288=EDGE_CURVE('1673',#3460,#3456,#1157,.T.);
#4290=EDGE_CURVE('1677',#3466,#3460,#1165,.T.);
#4292=EDGE_CURVE('1679',#3468,#3466,#1172,.T.);
#4294=EDGE_CURVE('1683',#3474,#3468,#1180,.T.);
#4296=EDGE_CURVE('1685',#3476,#3474,#1187,.T.);
#4298=EDGE_CURVE('1688',#3414,#3476,#1194,.T.);
#4303=ADVANCED_FACE('2189',(#4302),#3994,.T.);
#4310=EDGE_CURVE('1598',#3354,#3350,#1201,.T.);
#4312=EDGE_CURVE('1597',#3352,#3354,#3339,.T.);
#4317=ADVANCED_FACE('2045',(#4316),#4308,.T.);
#4325=EDGE_CURVE('1689',#3412,#3478,#1995,.T.);
#4327=EDGE_CURVE('1687',#3478,#3473,#2009,.T.);
#4329=EDGE_CURVE('1684',#3470,#3473,#1216,.T.);
#4331=EDGE_CURVE('1681',#3470,#3465,#2037,.T.);
#4333=EDGE_CURVE('1678',#3462,#3465,#1224,.T.);
#4335=EDGE_CURVE('1675',#3462,#3458,#2058,.T.);
#4337=EDGE_CURVE('1672',#3454,#3458,#1232,.T.);
#4339=EDGE_CURVE('1669',#3450,#3454,#1239,.T.);
#4341=EDGE_CURVE('1666',#3446,#3450,#1247,.T.);
#4343=EDGE_CURVE('1663',#3440,#3446,#1254,.T.);
#4345=EDGE_CURVE('1660',#3442,#3440,#1262,.T.);
#4347=EDGE_CURVE('1659',#3434,#3442,#1270,.T.);
#4349=EDGE_CURVE('1655',#3434,#3429,#2107,.T.);
#4351=EDGE_CURVE('1652',#3426,#3429,#1278,.T.);
#4353=EDGE_CURVE('1649',#3426,#3417,#2128,.T.);
#4355=EDGE_CURVE('1646',#3422,#3417,#1286,.T.);
#4357=EDGE_CURVE('2043',#3422,#3957,#2149,.T.);
#4359=EDGE_CURVE('2041',#3954,#3957,#1294,.T.);
#4361=EDGE_CURVE('2038',#3954,#3949,#2170,.T.);
#4363=EDGE_CURVE('2035',#3946,#3949,#1302,.T.);
#4365=EDGE_CURVE('2032',#3946,#3942,#2191,.T.);
#4367=EDGE_CURVE('2029',#3938,#3942,#1310,.T.);
#4369=EDGE_CURVE('2026',#3934,#3938,#1317,.T.);
#4371=EDGE_CURVE('2023',#3930,#3934,#1325,.T.);
#4373=EDGE_CURVE('2020',#3924,#3930,#1332,.T.);
#4375=EDGE_CURVE('2017',#3926,#3924,#1340,.T.);
#4377=EDGE_CURVE('2016',#3918,#3926,#1348,.T.);
#4379=EDGE_CURVE('2012',#3918,#3913,#2240,.T.);
#4381=EDGE_CURVE('2009',#3910,#3913,#1356,.T.);
#4383=EDGE_CURVE('2006',#3910,#3905,#2261,.T.);
#4385=EDGE_CURVE('2003',#3902,#3905,#1364,.T.);
#4387=EDGE_CURVE('2000',#3902,#3897,#2282,.T.);
#4389=EDGE_CURVE('1997',#3894,#3897,#1372,.T.);
#4391=EDGE_CURVE('1994',#3894,#3889,#2303,.T.);
#4393=EDGE_CURVE('1991',#3886,#3889,#1380,.T.);
#4395=EDGE_CURVE('1988',#3886,#3882,#2324,.T.);
#4397=EDGE_CURVE('1985',#3878,#3882,#1388,.T.);
#4399=EDGE_CURVE('1982',#3874,#3878,#1395,.T.);
#4401=EDGE_CURVE('1979',#3870,#3874,#1403,.T.);
#4403=EDGE_CURVE('1976',#3864,#3870,#1410,.T.);
#4405=EDGE_CURVE('1973',#3866,#3864,#1418,.T.);
#4407=EDGE_CURVE('1972',#3858,#3866,#1426,.T.);
#4409=EDGE_CURVE('1968',#3858,#3853,#2373,.T.);
#4411=EDGE_CURVE('1965',#3850,#3853,#1434,.T.);
#4413=EDGE_CURVE('1962',#3850,#3845,#2394,.T.);
#4415=EDGE_CURVE('1959',#3842,#3845,#1442,.T.);
#4417=EDGE_CURVE('1956',#3842,#3837,#2415,.T.);
#4419=EDGE_CURVE('1953',#3834,#3837,#1450,.T.);
#4421=EDGE_CURVE('1950',#3834,#3829,#2436,.T.);
#4423=EDGE_CURVE('1947',#3826,#3829,#1458,.T.);
#4425=EDGE_CURVE('1944',#3826,#3822,#2457,.T.);
#4427=EDGE_CURVE('1941',#3818,#3822,#1466,.T.);
#4429=EDGE_CURVE('1938',#3814,#3818,#1473,.T.);
#4431=EDGE_CURVE('1935',#3810,#3814,#1481,.T.);
#4433=EDGE_CURVE('1932',#3804,#3810,#1488,.T.);
#4435=EDGE_CURVE('1929',#3806,#3804,#1496,.T.);
#4437=EDGE_CURVE('1928',#3798,#3806,#1504,.T.);
#4439=EDGE_CURVE('1924',#3798,#3793,#2506,.T.);
#4441=EDGE_CURVE('1921',#3790,#3793,#1512,.T.);
#4443=EDGE_CURVE('1918',#3790,#3785,#2527,.T.);
#4445=EDGE_CURVE('1915',#3782,#3785,#1520,.T.);
#4447=EDGE_CURVE('1912',#3782,#3777,#2548,.T.);
#4449=EDGE_CURVE('1909',#3774,#3777,#1528,.T.);
#4451=EDGE_CURVE('1906',#3774,#3769,#2569,.T.);
#4453=EDGE_CURVE('1903',#3766,#3769,#1536,.T.);
#4455=EDGE_CURVE('1900',#3766,#3762,#2590,.T.);
#4457=EDGE_CURVE('1897',#3758,#3762,#1544,.T.);
#4459=EDGE_CURVE('1894',#3754,#3758,#1551,.T.);
#4461=EDGE_CURVE('1891',#3750,#3754,#1559,.T.);
#4463=EDGE_CURVE('1888',#3744,#3750,#1566,.T.);
#4465=EDGE_CURVE('1885',#3746,#3744,#1574,.T.);
#4467=EDGE_CURVE('1884',#3738,#3746,#1582,.T.);
#4469=EDGE_CURVE('1880',#3738,#3733,#2639,.T.);
#4471=EDGE_CURVE('1877',#3730,#3733,#1590,.T.);
#4473=EDGE_CURVE('1874',#3730,#3725,#2660,.T.);
#4475=EDGE_CURVE('1871',#3722,#3725,#1598,.T.);
#4477=EDGE_CURVE('1868',#3722,#3717,#2681,.T.);
#4479=EDGE_CURVE('1865',#3714,#3717,#1606,.T.);
#4481=EDGE_CURVE('1862',#3714,#3709,#2702,.T.);
#4483=EDGE_CURVE('1859',#3706,#3709,#1614,.T.);
#4485=EDGE_CURVE('1856',#3706,#3702,#2723,.T.);
#4487=EDGE_CURVE('1853',#3698,#3702,#1622,.T.);
#4489=EDGE_CURVE('1850',#3694,#3698,#1629,.T.);
#4491=EDGE_CURVE('1847',#3690,#3694,#1637,.T.);
#4493=EDGE_CURVE('1844',#3684,#3690,#1644,.T.);
#4495=EDGE_CURVE('1841',#3686,#3684,#1652,.T.);
#4497=EDGE_CURVE('1840',#3678,#3686,#1660,.T.);
#4499=EDGE_CURVE('1836',#3678,#3673,#2772,.T.);
#4501=EDGE_CURVE('1833',#3670,#3673,#1668,.T.);
#4503=EDGE_CURVE('1830',#3670,#3665,#2793,.T.);
#4505=EDGE_CURVE('1827',#3662,#3665,#1676,.T.);
#4507=EDGE_CURVE('1824',#3662,#3657,#2814,.T.);
#4509=EDGE_CURVE('1821',#3654,#3657,#1684,.T.);
#4511=EDGE_CURVE('1818',#3654,#3649,#2835,.T.);
#4513=EDGE_CURVE('1815',#3646,#3649,#1692,.T.);
#4515=EDGE_CURVE('1812',#3646,#3642,#2856,.T.);
#4517=EDGE_CURVE('1809',#3638,#3642,#1700,.T.);
#4519=EDGE_CURVE('1806',#3634,#3638,#1707,.T.);
#4521=EDGE_CURVE('1803',#3630,#3634,#1715,.T.);
#4523=EDGE_CURVE('1800',#3624,#3630,#1722,.T.);
#4525=EDGE_CURVE('1797',#3626,#3624,#1730,.T.);
#4527=EDGE_CURVE('1796',#3618,#3626,#1738,.T.);
#4529=EDGE_CURVE('1792',#3618,#3613,#2905,.T.);
#4531=EDGE_CURVE('1789',#3610,#3613,#1746,.T.);
#4533=EDGE_CURVE('1786',#3610,#3605,#2926,.T.);
#4535=EDGE_CURVE('1783',#3602,#3605,#1754,.T.);
#4537=EDGE_CURVE('1780',#3602,#3597,#2947,.T.);
#4539=EDGE_CURVE('1777',#3594,#3597,#1762,.T.);
#4541=EDGE_CURVE('1774',#3594,#3589,#2968,.T.);
#4543=EDGE_CURVE('1771',#3586,#3589,#1770,.T.);
#4545=EDGE_CURVE('1768',#3586,#3582,#2989,.T.);
#4547=EDGE_CURVE('1765',#3578,#3582,#1778,.T.);
#4549=EDGE_CURVE('1762',#3574,#3578,#1785,.T.);
#4551=EDGE_CURVE('1759',#3570,#3574,#1793,.T.);
#4553=EDGE_CURVE('1756',#3564,#3570,#1800,.T.);
#4555=EDGE_CURVE('1753',#3566,#3564,#1808,.T.);
#4557=EDGE_CURVE('1752',#3558,#3566,#1816,.T.);
#4559=EDGE_CURVE('1748',#3558,#3553,#3038,.T.);
#4561=EDGE_CURVE('1745',#3550,#3553,#1824,.T.);
#4563=EDGE_CURVE('1742',#3550,#3545,#3059,.T.);
#4565=EDGE_CURVE('1739',#3542,#3545,#1832,.T.);
#4567=EDGE_CURVE('1736',#3542,#3537,#3080,.T.);
#4569=EDGE_CURVE('1733',#3534,#3537,#1840,.T.);
#4571=EDGE_CURVE('1730',#3534,#3529,#3101,.T.);
#4573=EDGE_CURVE('1727',#3526,#3529,#1848,.T.);
#4575=EDGE_CURVE('1724',#3526,#3522,#3122,.T.);
#4577=EDGE_CURVE('1721',#3518,#3522,#1856,.T.);
#4579=EDGE_CURVE('1718',#3514,#3518,#1863,.T.);
#4581=EDGE_CURVE('1715',#3510,#3514,#1871,.T.);
#4583=EDGE_CURVE('1712',#3504,#3510,#1878,.T.);
#4585=EDGE_CURVE('1709',#3506,#3504,#1886,.T.);
#4587=EDGE_CURVE('1708',#3498,#3506,#1894,.T.);
#4589=EDGE_CURVE('1704',#3498,#3493,#3171,.T.);
#4591=EDGE_CURVE('1701',#3490,#3493,#1902,.T.);
#4593=EDGE_CURVE('1698',#3490,#3485,#3192,.T.);
#4595=EDGE_CURVE('1695',#3482,#3485,#1910,.T.);
#4597=EDGE_CURVE('1692',#3482,#3409,#3213,.T.);
#4599=EDGE_CURVE('1639',#3406,#3409,#1918,.T.);
#4601=EDGE_CURVE('1636',#3406,#3401,#3234,.T.);
#4603=EDGE_CURVE('1633',#3398,#3401,#1926,.T.);
#4605=EDGE_CURVE('1630',#3398,#3394,#3255,.T.);
#4607=EDGE_CURVE('1627',#3390,#3394,#1934,.T.);
#4609=EDGE_CURVE('1624',#3386,#3390,#1941,.T.);
#4611=EDGE_CURVE('1621',#3382,#3386,#1949,.T.);
#4613=EDGE_CURVE('1618',#3376,#3382,#1956,.T.);
#4615=EDGE_CURVE('1615',#3378,#3376,#1964,.T.);
#4617=EDGE_CURVE('1614',#3370,#3378,#1972,.T.);
#4619=EDGE_CURVE('1610',#3370,#3365,#3304,.T.);
#4621=EDGE_CURVE('1607',#3362,#3365,#1980,.T.);
#4623=EDGE_CURVE('1604',#3362,#3357,#3325,.T.);
#4625=EDGE_CURVE('1601',#3354,#3357,#1988,.T.);
#4630=ADVANCED_FACE('2188',(#4629),#4322,.T.);
#4636=EDGE_CURVE('1686',#3476,#3478,#2016,.T.);
#4643=ADVANCED_FACE('2074',(#4642),#4635,.T.);
#4649=EDGE_CURVE('1682',#3473,#3474,#2023,.T.);
#4656=ADVANCED_FACE('2073',(#4655),#4648,.T.);
#4664=EDGE_CURVE('1680',#3468,#3470,#2030,.T.);
#4669=ADVANCED_FACE('2072',(#4668),#4661,.T.);
#4675=EDGE_CURVE('1676',#3465,#3466,#2044,.T.);
#4682=ADVANCED_FACE('2071',(#4681),#4674,.T.);
#4690=EDGE_CURVE('1674',#3460,#3462,#2051,.T.);
#4695=ADVANCED_FACE('2070',(#4694),#4687,.T.);
#4701=EDGE_CURVE('1671',#3456,#3458,#2072,.T.);
#4708=ADVANCED_FACE('2069',(#4707),#4700,.T.);
#4714=EDGE_CURVE('1668',#3454,#3452,#2065,.T.);
#4721=ADVANCED_FACE('2068',(#4720),#4713,.F.);
#4727=EDGE_CURVE('1665',#3448,#3450,#2086,.T.);
#4734=ADVANCED_FACE('2067',(#4733),#4726,.T.);
#4740=EDGE_CURVE('1662',#3446,#3444,#2079,.T.);
#4747=ADVANCED_FACE('2066',(#4746),#4739,.F.);
#4753=EDGE_CURVE('1658',#3438,#3440,#2100,.T.);
#4760=ADVANCED_FACE('2065',(#4759),#4752,.T.);
#4766=EDGE_CURVE('1654',#3434,#3432,#2093,.T.);
#4775=ADVANCED_FACE('2064',(#4774),#4765,.F.);
#4781=EDGE_CURVE('1650',#3429,#3430,#2114,.T.);
#4788=ADVANCED_FACE('2063',(#4787),#4780,.T.);
#4796=EDGE_CURVE('1648',#3424,#3426,#2121,.T.);
#4801=ADVANCED_FACE('2062',(#4800),#4793,.T.);
#4807=EDGE_CURVE('1643',#3417,#3418,#2135,.T.);
#4814=ADVANCED_FACE('2061',(#4813),#4806,.T.);
#4822=EDGE_CURVE('1645',#3420,#3422,#2142,.T.);
#4827=ADVANCED_FACE('2060',(#4826),#4819,.T.);
#4833=EDGE_CURVE('2039',#3957,#3958,#2156,.T.);
#4840=ADVANCED_FACE('2187',(#4839),#4832,.T.);
#4848=EDGE_CURVE('2037',#3952,#3954,#2163,.T.);
#4853=ADVANCED_FACE('2186',(#4852),#4845,.T.);
#4859=EDGE_CURVE('2033',#3949,#3950,#2177,.T.);
#4866=ADVANCED_FACE('2185',(#4865),#4858,.T.);
#4874=EDGE_CURVE('2031',#3944,#3946,#2184,.T.);
#4879=ADVANCED_FACE('2184',(#4878),#4871,.T.);
#4885=EDGE_CURVE('2028',#3940,#3942,#2205,.T.);
#4892=ADVANCED_FACE('2183',(#4891),#4884,.T.);
#4898=EDGE_CURVE('2025',#3938,#3936,#2198,.T.);
#4905=ADVANCED_FACE('2182',(#4904),#4897,.F.);
#4911=EDGE_CURVE('2022',#3932,#3934,#2219,.T.);
#4918=ADVANCED_FACE('2181',(#4917),#4910,.T.);
#4924=EDGE_CURVE('2019',#3930,#3928,#2212,.T.);
#4931=ADVANCED_FACE('2180',(#4930),#4923,.F.);
#4937=EDGE_CURVE('2015',#3922,#3924,#2233,.T.);
#4944=ADVANCED_FACE('2179',(#4943),#4936,.T.);
#4950=EDGE_CURVE('2011',#3918,#3916,#2226,.T.);
#4959=ADVANCED_FACE('2178',(#4958),#4949,.F.);
#4965=EDGE_CURVE('2007',#3913,#3914,#2247,.T.);
#4972=ADVANCED_FACE('2177',(#4971),#4964,.T.);
#4980=EDGE_CURVE('2005',#3908,#3910,#2254,.T.);
#4985=ADVANCED_FACE('2176',(#4984),#4977,.T.);
#4991=EDGE_CURVE('2001',#3905,#3906,#2268,.T.);
#4998=ADVANCED_FACE('2175',(#4997),#4990,.T.);
#5006=EDGE_CURVE('1999',#3900,#3902,#2275,.T.);
#5011=ADVANCED_FACE('2174',(#5010),#5003,.T.);
#5017=EDGE_CURVE('1995',#3897,#3898,#2289,.T.);
#5024=ADVANCED_FACE('2173',(#5023),#5016,.T.);
#5032=EDGE_CURVE('1993',#3892,#3894,#2296,.T.);
#5037=ADVANCED_FACE('2172',(#5036),#5029,.T.);
#5043=EDGE_CURVE('1989',#3889,#3890,#2310,.T.);
#5050=ADVANCED_FACE('2171',(#5049),#5042,.T.);
#5058=EDGE_CURVE('1987',#3884,#3886,#2317,.T.);
#5063=ADVANCED_FACE('2170',(#5062),#5055,.T.);
#5069=EDGE_CURVE('1984',#3880,#3882,#2338,.T.);
#5076=ADVANCED_FACE('2169',(#5075),#5068,.T.);
#5082=EDGE_CURVE('1981',#3878,#3876,#2331,.T.);
#5089=ADVANCED_FACE('2168',(#5088),#5081,.F.);
#5095=EDGE_CURVE('1978',#3872,#3874,#2352,.T.);
#5102=ADVANCED_FACE('2167',(#5101),#5094,.T.);
#5108=EDGE_CURVE('1975',#3870,#3868,#2345,.T.);
#5115=ADVANCED_FACE('2166',(#5114),#5107,.F.);
#5121=EDGE_CURVE('1971',#3862,#3864,#2366,.T.);
#5128=ADVANCED_FACE('2165',(#5127),#5120,.T.);
#5134=EDGE_CURVE('1967',#3858,#3856,#2359,.T.);
#5143=ADVANCED_FACE('2164',(#5142),#5133,.F.);
#5149=EDGE_CURVE('1963',#3853,#3854,#2380,.T.);
#5156=ADVANCED_FACE('2163',(#5155),#5148,.T.);
#5164=EDGE_CURVE('1961',#3848,#3850,#2387,.T.);
#5169=ADVANCED_FACE('2162',(#5168),#5161,.T.);
#5175=EDGE_CURVE('1957',#3845,#3846,#2401,.T.);
#5182=ADVANCED_FACE('2161',(#5181),#5174,.T.);
#5190=EDGE_CURVE('1955',#3840,#3842,#2408,.T.);
#5195=ADVANCED_FACE('2160',(#5194),#5187,.T.);
#5201=EDGE_CURVE('1951',#3837,#3838,#2422,.T.);
#5208=ADVANCED_FACE('2159',(#5207),#5200,.T.);
#5216=EDGE_CURVE('1949',#3832,#3834,#2429,.T.);
#5221=ADVANCED_FACE('2158',(#5220),#5213,.T.);
#5227=EDGE_CURVE('1945',#3829,#3830,#2443,.T.);
#5234=ADVANCED_FACE('2157',(#5233),#5226,.T.);
#5242=EDGE_CURVE('1943',#3824,#3826,#2450,.T.);
#5247=ADVANCED_FACE('2156',(#5246),#5239,.T.);
#5253=EDGE_CURVE('1940',#3820,#3822,#2471,.T.);
#5260=ADVANCED_FACE('2155',(#5259),#5252,.T.);
#5266=EDGE_CURVE('1937',#3818,#3816,#2464,.T.);
#5273=ADVANCED_FACE('2154',(#5272),#5265,.F.);
#5279=EDGE_CURVE('1934',#3812,#3814,#2485,.T.);
#5286=ADVANCED_FACE('2153',(#5285),#5278,.T.);
#5292=EDGE_CURVE('1931',#3810,#3808,#2478,.T.);
#5299=ADVANCED_FACE('2152',(#5298),#5291,.F.);
#5305=EDGE_CURVE('1927',#3802,#3804,#2499,.T.);
#5312=ADVANCED_FACE('2151',(#5311),#5304,.T.);
#5318=EDGE_CURVE('1923',#3798,#3796,#2492,.T.);
#5327=ADVANCED_FACE('2150',(#5326),#5317,.F.);
#5333=EDGE_CURVE('1919',#3793,#3794,#2513,.T.);
#5340=ADVANCED_FACE('2149',(#5339),#5332,.T.);
#5348=EDGE_CURVE('1917',#3788,#3790,#2520,.T.);
#5353=ADVANCED_FACE('2148',(#5352),#5345,.T.);
#5359=EDGE_CURVE('1913',#3785,#3786,#2534,.T.);
#5366=ADVANCED_FACE('2147',(#5365),#5358,.T.);
#5374=EDGE_CURVE('1911',#3780,#3782,#2541,.T.);
#5379=ADVANCED_FACE('2146',(#5378),#5371,.T.);
#5385=EDGE_CURVE('1907',#3777,#3778,#2555,.T.);
#5392=ADVANCED_FACE('2145',(#5391),#5384,.T.);
#5400=EDGE_CURVE('1905',#3772,#3774,#2562,.T.);
#5405=ADVANCED_FACE('2144',(#5404),#5397,.T.);
#5411=EDGE_CURVE('1901',#3769,#3770,#2576,.T.);
#5418=ADVANCED_FACE('2143',(#5417),#5410,.T.);
#5426=EDGE_CURVE('1899',#3764,#3766,#2583,.T.);
#5431=ADVANCED_FACE('2142',(#5430),#5423,.T.);
#5437=EDGE_CURVE('1896',#3760,#3762,#2604,.T.);
#5444=ADVANCED_FACE('2141',(#5443),#5436,.T.);
#5450=EDGE_CURVE('1893',#3758,#3756,#2597,.T.);
#5457=ADVANCED_FACE('2140',(#5456),#5449,.F.);
#5463=EDGE_CURVE('1890',#3752,#3754,#2618,.T.);
#5470=ADVANCED_FACE('2139',(#5469),#5462,.T.);
#5476=EDGE_CURVE('1887',#3750,#3748,#2611,.T.);
#5483=ADVANCED_FACE('2138',(#5482),#5475,.F.);
#5489=EDGE_CURVE('1883',#3742,#3744,#2632,.T.);
#5496=ADVANCED_FACE('2137',(#5495),#5488,.T.);
#5502=EDGE_CURVE('1879',#3738,#3736,#2625,.T.);
#5511=ADVANCED_FACE('2136',(#5510),#5501,.F.);
#5517=EDGE_CURVE('1875',#3733,#3734,#2646,.T.);
#5524=ADVANCED_FACE('2135',(#5523),#5516,.T.);
#5532=EDGE_CURVE('1873',#3728,#3730,#2653,.T.);
#5537=ADVANCED_FACE('2134',(#5536),#5529,.T.);
#5543=EDGE_CURVE('1869',#3725,#3726,#2667,.T.);
#5550=ADVANCED_FACE('2133',(#5549),#5542,.T.);
#5558=EDGE_CURVE('1867',#3720,#3722,#2674,.T.);
#5563=ADVANCED_FACE('2132',(#5562),#5555,.T.);
#5569=EDGE_CURVE('1863',#3717,#3718,#2688,.T.);
#5576=ADVANCED_FACE('2131',(#5575),#5568,.T.);
#5584=EDGE_CURVE('1861',#3712,#3714,#2695,.T.);
#5589=ADVANCED_FACE('2130',(#5588),#5581,.T.);
#5595=EDGE_CURVE('1857',#3709,#3710,#2709,.T.);
#5602=ADVANCED_FACE('2129',(#5601),#5594,.T.);
#5610=EDGE_CURVE('1855',#3704,#3706,#2716,.T.);
#5615=ADVANCED_FACE('2128',(#5614),#5607,.T.);
#5621=EDGE_CURVE('1852',#3700,#3702,#2737,.T.);
#5628=ADVANCED_FACE('2127',(#5627),#5620,.T.);
#5634=EDGE_CURVE('1849',#3698,#3696,#2730,.T.);
#5641=ADVANCED_FACE('2126',(#5640),#5633,.F.);
#5647=EDGE_CURVE('1846',#3692,#3694,#2751,.T.);
#5654=ADVANCED_FACE('2125',(#5653),#5646,.T.);
#5660=EDGE_CURVE('1843',#3690,#3688,#2744,.T.);
#5667=ADVANCED_FACE('2124',(#5666),#5659,.F.);
#5673=EDGE_CURVE('1839',#3682,#3684,#2765,.T.);
#5680=ADVANCED_FACE('2123',(#5679),#5672,.T.);
#5686=EDGE_CURVE('1835',#3678,#3676,#2758,.T.);
#5695=ADVANCED_FACE('2122',(#5694),#5685,.F.);
#5701=EDGE_CURVE('1831',#3673,#3674,#2779,.T.);
#5708=ADVANCED_FACE('2121',(#5707),#5700,.T.);
#5716=EDGE_CURVE('1829',#3668,#3670,#2786,.T.);
#5721=ADVANCED_FACE('2120',(#5720),#5713,.T.);
#5727=EDGE_CURVE('1825',#3665,#3666,#2800,.T.);
#5734=ADVANCED_FACE('2119',(#5733),#5726,.T.);
#5742=EDGE_CURVE('1823',#3660,#3662,#2807,.T.);
#5747=ADVANCED_FACE('2118',(#5746),#5739,.T.);
#5753=EDGE_CURVE('1819',#3657,#3658,#2821,.T.);
#5760=ADVANCED_FACE('2117',(#5759),#5752,.T.);
#5768=EDGE_CURVE('1817',#3652,#3654,#2828,.T.);
#5773=ADVANCED_FACE('2116',(#5772),#5765,.T.);
#5779=EDGE_CURVE('1813',#3649,#3650,#2842,.T.);
#5786=ADVANCED_FACE('2115',(#5785),#5778,.T.);
#5794=EDGE_CURVE('1811',#3644,#3646,#2849,.T.);
#5799=ADVANCED_FACE('2114',(#5798),#5791,.T.);
#5805=EDGE_CURVE('1808',#3640,#3642,#2870,.T.);
#5812=ADVANCED_FACE('2113',(#5811),#5804,.T.);
#5818=EDGE_CURVE('1805',#3638,#3636,#2863,.T.);
#5825=ADVANCED_FACE('2112',(#5824),#5817,.F.);
#5831=EDGE_CURVE('1802',#3632,#3634,#2884,.T.);
#5838=ADVANCED_FACE('2111',(#5837),#5830,.T.);
#5844=EDGE_CURVE('1799',#3630,#3628,#2877,.T.);
#5851=ADVANCED_FACE('2110',(#5850),#5843,.F.);
#5857=EDGE_CURVE('1795',#3622,#3624,#2898,.T.);
#5864=ADVANCED_FACE('2109',(#5863),#5856,.T.);
#5870=EDGE_CURVE('1791',#3618,#3616,#2891,.T.);
#5879=ADVANCED_FACE('2108',(#5878),#5869,.F.);
#5885=EDGE_CURVE('1787',#3613,#3614,#2912,.T.);
#5892=ADVANCED_FACE('2107',(#5891),#5884,.T.);
#5900=EDGE_CURVE('1785',#3608,#3610,#2919,.T.);
#5905=ADVANCED_FACE('2106',(#5904),#5897,.T.);
#5911=EDGE_CURVE('1781',#3605,#3606,#2933,.T.);
#5918=ADVANCED_FACE('2105',(#5917),#5910,.T.);
#5926=EDGE_CURVE('1779',#3600,#3602,#2940,.T.);
#5931=ADVANCED_FACE('2104',(#5930),#5923,.T.);
#5937=EDGE_CURVE('1775',#3597,#3598,#2954,.T.);
#5944=ADVANCED_FACE('2103',(#5943),#5936,.T.);
#5952=EDGE_CURVE('1773',#3592,#3594,#2961,.T.);
#5957=ADVANCED_FACE('2102',(#5956),#5949,.T.);
#5963=EDGE_CURVE('1769',#3589,#3590,#2975,.T.);
#5970=ADVANCED_FACE('2101',(#5969),#5962,.T.);
#5978=EDGE_CURVE('1767',#3584,#3586,#2982,.T.);
#5983=ADVANCED_FACE('2100',(#5982),#5975,.T.);
#5989=EDGE_CURVE('1764',#3580,#3582,#3003,.T.);
#5996=ADVANCED_FACE('2099',(#5995),#5988,.T.);
#6002=EDGE_CURVE('1761',#3578,#3576,#2996,.T.);
#6009=ADVANCED_FACE('2098',(#6008),#6001,.F.);
#6015=EDGE_CURVE('1758',#3572,#3574,#3017,.T.);
#6022=ADVANCED_FACE('2097',(#6021),#6014,.T.);
#6028=EDGE_CURVE('1755',#3570,#3568,#3010,.T.);
#6035=ADVANCED_FACE('2096',(#6034),#6027,.F.);
#6041=EDGE_CURVE('1751',#3562,#3564,#3031,.T.);
#6048=ADVANCED_FACE('2095',(#6047),#6040,.T.);
#6054=EDGE_CURVE('1747',#3558,#3556,#3024,.T.);
#6063=ADVANCED_FACE('2094',(#6062),#6053,.F.);
#6069=EDGE_CURVE('1743',#3553,#3554,#3045,.T.);
#6076=ADVANCED_FACE('2093',(#6075),#6068,.T.);
#6084=EDGE_CURVE('1741',#3548,#3550,#3052,.T.);
#6089=ADVANCED_FACE('2092',(#6088),#6081,.T.);
#6095=EDGE_CURVE('1737',#3545,#3546,#3066,.T.);
#6102=ADVANCED_FACE('2091',(#6101),#6094,.T.);
#6110=EDGE_CURVE('1735',#3540,#3542,#3073,.T.);
#6115=ADVANCED_FACE('2090',(#6114),#6107,.T.);
#6121=EDGE_CURVE('1731',#3537,#3538,#3087,.T.);
#6128=ADVANCED_FACE('2089',(#6127),#6120,.T.);
#6136=EDGE_CURVE('1729',#3532,#3534,#3094,.T.);
#6141=ADVANCED_FACE('2088',(#6140),#6133,.T.);
#6147=EDGE_CURVE('1725',#3529,#3530,#3108,.T.);
#6154=ADVANCED_FACE('2087',(#6153),#6146,.T.);
#6162=EDGE_CURVE('1723',#3524,#3526,#3115,.T.);
#6167=ADVANCED_FACE('2086',(#6166),#6159,.T.);
#6173=EDGE_CURVE('1720',#3520,#3522,#3136,.T.);
#6180=ADVANCED_FACE('2085',(#6179),#6172,.T.);
#6186=EDGE_CURVE('1717',#3518,#3516,#3129,.T.);
#6193=ADVANCED_FACE('2084',(#6192),#6185,.F.);
#6199=EDGE_CURVE('1714',#3512,#3514,#3150,.T.);
#6206=ADVANCED_FACE('2083',(#6205),#6198,.T.);
#6212=EDGE_CURVE('1711',#3510,#3508,#3143,.T.);
#6219=ADVANCED_FACE('2082',(#6218),#6211,.F.);
#6225=EDGE_CURVE('1707',#3502,#3504,#3164,.T.);
#6232=ADVANCED_FACE('2081',(#6231),#6224,.T.);
#6238=EDGE_CURVE('1703',#3498,#3496,#3157,.T.);
#6247=ADVANCED_FACE('2080',(#6246),#6237,.F.);
#6253=EDGE_CURVE('1699',#3493,#3494,#3178,.T.);
#6260=ADVANCED_FACE('2079',(#6259),#6252,.T.);
#6268=EDGE_CURVE('1697',#3488,#3490,#3185,.T.);
#6273=ADVANCED_FACE('2078',(#6272),#6265,.T.);
#6279=EDGE_CURVE('1693',#3485,#3486,#3199,.T.);
#6286=ADVANCED_FACE('2077',(#6285),#6278,.T.);
#6294=EDGE_CURVE('1691',#3480,#3482,#3206,.T.);
#6299=ADVANCED_FACE('2076',(#6298),#6291,.T.);
#6305=EDGE_CURVE('1637',#3409,#3410,#3220,.T.);
#6312=ADVANCED_FACE('2075',(#6311),#6304,.T.);
#6320=EDGE_CURVE('1635',#3404,#3406,#3227,.T.);
#6325=ADVANCED_FACE('2058',(#6324),#6317,.T.);
#6331=EDGE_CURVE('1631',#3401,#3402,#3241,.T.);
#6338=ADVANCED_FACE('2057',(#6337),#6330,.T.);
#6346=EDGE_CURVE('1629',#3396,#3398,#3248,.T.);
#6351=ADVANCED_FACE('2056',(#6350),#6343,.T.);
#6357=EDGE_CURVE('1626',#3392,#3394,#3269,.T.);
#6364=ADVANCED_FACE('2055',(#6363),#6356,.T.);
#6370=EDGE_CURVE('1623',#3390,#3388,#3262,.T.);
#6377=ADVANCED_FACE('2054',(#6376),#6369,.F.);
#6383=EDGE_CURVE('1620',#3384,#3386,#3283,.T.);
#6390=ADVANCED_FACE('2053',(#6389),#6382,.T.);
#6396=EDGE_CURVE('1617',#3382,#3380,#3276,.T.);
#6403=ADVANCED_FACE('2052',(#6402),#6395,.F.);
#6409=EDGE_CURVE('1613',#3374,#3376,#3297,.T.);
#6416=ADVANCED_FACE('2051',(#6415),#6408,.T.);
#6422=EDGE_CURVE('1609',#3370,#3368,#3290,.T.);
#6431=ADVANCED_FACE('2050',(#6430),#6421,.F.);
#6437=EDGE_CURVE('1605',#3365,#3366,#3311,.T.);
#6444=ADVANCED_FACE('2049',(#6443),#6436,.T.);
#6452=EDGE_CURVE('1603',#3360,#3362,#3318,.T.);
#6457=ADVANCED_FACE('2048',(#6456),#6449,.T.);
#6463=EDGE_CURVE('1599',#3357,#3358,#3332,.T.);
#6470=ADVANCED_FACE('2047',(#6469),#6462,.T.);
#6482=ADVANCED_FACE('2046',(#6481),#6475,.T.);
#6483=CLOSED_SHELL('',(#3974,#3989,#4303,#4317,#4630,#4643,#4656,#4669,#4682,
#4695,#4708,#4721,#4734,#4747,#4760,#4775,#4788,#4801,#4814,#4827,#4840,#4853,
#4866,#4879,#4892,#4905,#4918,#4931,#4944,#4959,#4972,#4985,#4998,#5011,#5024,
#5037,#5050,#5063,#5076,#5089,#5102,#5115,#5128,#5143,#5156,#5169,#5182,#5195,
#5208,#5221,#5234,#5247,#5260,#5273,#5286,#5299,#5312,#5327,#5340,#5353,#5366,
#5379,#5392,#5405,#5418,#5431,#5444,#5457,#5470,#5483,#5496,#5511,#5524,#5537,
#5550,#5563,#5576,#5589,#5602,#5615,#5628,#5641,#5654,#5667,#5680,#5695,#5708,
#5721,#5734,#5747,#5760,#5773,#5786,#5799,#5812,#5825,#5838,#5851,#5864,#5879,
#5892,#5905,#5918,#5931,#5944,#5957,#5970,#5983,#5996,#6009,#6022,#6035,#6048,
#6063,#6076,#6089,#6102,#6115,#6128,#6141,#6154,#6167,#6180,#6193,#6206,#6219,
#6232,#6247,#6260,#6273,#6286,#6299,#6312,#6325,#6338,#6351,#6364,#6377,#6390,
#6403,#6416,#6431,#6444,#6457,#6470,#6482));
#6484=MANIFOLD_SOLID_BREP('',#6483);
#6517=TRIMMED_CURVE('A_PRT_X',#6516,(PARAMETER_VALUE(0.E0)),(PARAMETER_VALUE(
1.E0)),.T.,.UNSPECIFIED.);
#6532=(LENGTH_UNIT()NAMED_UNIT(*)SI_UNIT(.MILLI.,.METRE.));
#6533=(NAMED_UNIT(*)PLANE_ANGLE_UNIT()SI_UNIT($,.RADIAN.));
#6536=(NAMED_UNIT(*)SI_UNIT($,.STERADIAN.)SOLID_ANGLE_UNIT());
#6538=(GEOMETRIC_REPRESENTATION_CONTEXT(3)GLOBAL_UNCERTAINTY_ASSIGNED_CONTEXT((
#6537))GLOBAL_UNIT_ASSIGNED_CONTEXT((#6532,#6535,#6536))REPRESENTATION_CONTEXT(
'ID1','3'));
#6539=ADVANCED_BREP_SHAPE_REPRESENTATION('',(#6484),#6538);
#6540=CONSTRUCTIVE_GEOMETRY_REPRESENTATION('supplemental geometry',(#6495,#6500,
#6505,#6509,#6517,#6524),#6538);
#6544=AXIS2_PLACEMENT_3D('',#6541,#6542,#6543);
#6545=SHAPE_REPRESENTATION('',(#6544),#6538);
#6555=PRODUCT_DEFINITION('design','',#6554,#6551);
#6556=PRODUCT_DEFINITION_SHAPE('','SHAPE FOR SLOTTED_BASE_PLATE.',#6555);
#6557=SHAPE_ASPECT('','solid data associated with SLOTTED_BASE_PLATE',#6556,
.F.);
#6558=PROPERTY_DEFINITION('',
'shape for solid data with which properties are associated',#6557);
#6559=SHAPE_REPRESENTATION('',(#6484),#6538);
#6560=SHAPE_DEFINITION_REPRESENTATION(#6558,#6559);
#6561=(LENGTH_UNIT()NAMED_UNIT(*)SI_UNIT(.MILLI.,.METRE.));
#6563=(MASS_UNIT()NAMED_UNIT(*)SI_UNIT(.KILO.,.GRAM.));
#6567=PROPERTY_DEFINITION('material_property','density',#6557);
#6568=REPRESENTATION('density',(#6566),#6538);
#6569=PROPERTY_DEFINITION_REPRESENTATION(#6567,#6568);
#6571=PROPERTY_DEFINITION('material property','material name',#6557);
#6572=REPRESENTATION('material name',(#6570),#6538);
#6573=PROPERTY_DEFINITION_REPRESENTATION(#6571,#6572);
#6574=SHAPE_ASPECT('','solid data associated with SLOTTED_BASE_PLATE',#6556,
.F.);
#6575=PROPERTY_DEFINITION('',
'shape for solid data with which properties are associated',#6574);
#6576=SHAPE_REPRESENTATION('',(#6484),#6538);
#6577=SHAPE_DEFINITION_REPRESENTATION(#6575,#6576);
#6578=(LENGTH_UNIT()NAMED_UNIT(*)SI_UNIT(.MILLI.,.METRE.));
#6582=PROPERTY_DEFINITION('geometric validation property',
'area of SLOTTED_BASE_PLATE',#6574);
#6583=REPRESENTATION('surface area',(#6581),#6538);
#6584=PROPERTY_DEFINITION_REPRESENTATION(#6582,#6583);
#6585=(LENGTH_UNIT()NAMED_UNIT(*)SI_UNIT(.MILLI.,.METRE.));
#6589=PROPERTY_DEFINITION('geometric validation property',
'volume of SLOTTED_BASE_PLATE',#6574);
#6590=REPRESENTATION('volume',(#6588),#6538);
#6591=PROPERTY_DEFINITION_REPRESENTATION(#6589,#6590);
#6593=PROPERTY_DEFINITION('geometric validation property',
'centroid of SLOTTED_BASE_PLATE',#6574);
#6594=REPRESENTATION('centroid',(#6592),#6538);
#6595=PROPERTY_DEFINITION_REPRESENTATION(#6593,#6594);
#6596=(LENGTH_UNIT()NAMED_UNIT(*)SI_UNIT(.MILLI.,.METRE.));
#6600=PROPERTY_DEFINITION('geometric validation property',
'area of SLOTTED_BASE_PLATE',#6556);
#6601=REPRESENTATION('surface area',(#6599),#6538);
#6602=PROPERTY_DEFINITION_REPRESENTATION(#6600,#6601);
#6603=(LENGTH_UNIT()NAMED_UNIT(*)SI_UNIT(.MILLI.,.METRE.));
#6607=PROPERTY_DEFINITION('geometric validation property',
'volume of SLOTTED_BASE_PLATE',#6556);
#6608=REPRESENTATION('volume',(#6606),#6538);
#6609=PROPERTY_DEFINITION_REPRESENTATION(#6607,#6608);
#6611=PROPERTY_DEFINITION('geometric validation property',
'centroid of SLOTTED_BASE_PLATE',#6556);
#6612=REPRESENTATION('centroid',(#6610),#6538);
#6613=PROPERTY_DEFINITION_REPRESENTATION(#6611,#6612);
#6617=PRODUCT_DEFINITION('design','',#6616,#6551);
#6618=MAKE_FROM_USAGE_OPTION(
'Assign material STAHL_ALLGEMEIN to SLOTTED_BASE_PLATE','make from','',#6555,
#6617,1,'',#6621);
#6622=(LENGTH_UNIT()NAMED_UNIT(*)SI_UNIT(.MILLI.,.METRE.));
#6624=(MASS_UNIT()NAMED_UNIT(*)SI_UNIT(.KILO.,.GRAM.));
#6628=PROPERTY_DEFINITION('material_property','density',#6617);
#6629=REPRESENTATION('density',(#6627),#6538);
#6630=PROPERTY_DEFINITION_REPRESENTATION(#6628,#6629);
#6631=SHAPE_DEFINITION_REPRESENTATION(#6556,#6545);
#6656=PLANAR_BOX('',3.005528888670E2,2.535914999816E2,#6655);
#6663=PROPERTY_DEFINITION('CAD_APPROVED_BY','user defined attribute',#6617);
#6667=REPRESENTATION('',(#6666),#6538);
#6668=PROPERTY_DEFINITION_REPRESENTATION(#6663,#6667);
#6669=PROPERTY_DEFINITION('CAD_APPROVED_ON','user defined attribute',#6617);
#6673=REPRESENTATION('',(#6672),#6538);
#6674=PROPERTY_DEFINITION_REPRESENTATION(#6669,#6673);
#6675=PROPERTY_DEFINITION('CAD_CHANGE_NO','user defined attribute',#6617);
#6679=REPRESENTATION('',(#6678),#6538);
#6680=PROPERTY_DEFINITION_REPRESENTATION(#6675,#6679);
#6681=PROPERTY_DEFINITION('CAD_CHANGE_TEXT','user defined attribute',#6617);
#6685=REPRESENTATION('',(#6684),#6538);
#6686=PROPERTY_DEFINITION_REPRESENTATION(#6681,#6685);
#6687=PROPERTY_DEFINITION('CAD_CREATED_BY','user defined attribute',#6617);
#6691=REPRESENTATION('',(#6690),#6538);
#6692=PROPERTY_DEFINITION_REPRESENTATION(#6687,#6691);
#6693=PROPERTY_DEFINITION('CAD_CREATED_ON','user defined attribute',#6617);
#6697=REPRESENTATION('',(#6696),#6538);
#6698=PROPERTY_DEFINITION_REPRESENTATION(#6693,#6697);
#6699=PROPERTY_DEFINITION('CAD_LIFECYCLE_STATE','user defined attribute',#6617);
#6703=REPRESENTATION('',(#6702),#6538);
#6704=PROPERTY_DEFINITION_REPRESENTATION(#6699,#6703);
#6705=PROPERTY_DEFINITION('CAD_MODIFIED_BY','user defined attribute',#6617);
#6709=REPRESENTATION('',(#6708),#6538);
#6710=PROPERTY_DEFINITION_REPRESENTATION(#6705,#6709);
#6711=PROPERTY_DEFINITION('CAD_MODIFIED_ON','user defined attribute',#6617);
#6715=REPRESENTATION('',(#6714),#6538);
#6716=PROPERTY_DEFINITION_REPRESENTATION(#6711,#6715);
#6717=PROPERTY_DEFINITION('CAD_REVISION','user defined attribute',#6617);
#6721=REPRESENTATION('',(#6720),#6538);
#6722=PROPERTY_DEFINITION_REPRESENTATION(#6717,#6721);
#6723=PROPERTY_DEFINITION('DEPARTMENT','user defined attribute',#6617);
#6727=REPRESENTATION('',(#6726),#6538);
#6728=PROPERTY_DEFINITION_REPRESENTATION(#6723,#6727);
#6729=PROPERTY_DEFINITION('DESCRIPTION_1_DE','user defined attribute',#6617);
#6733=REPRESENTATION('',(#6732),#6538);
#6734=PROPERTY_DEFINITION_REPRESENTATION(#6729,#6733);
#6735=PROPERTY_DEFINITION('DESCRIPTION_1_EN','user defined attribute',#6617);
#6739=REPRESENTATION('',(#6738),#6538);
#6740=PROPERTY_DEFINITION_REPRESENTATION(#6735,#6739);
#6741=PROPERTY_DEFINITION('DESCRIPTION_2_DE','user defined attribute',#6617);
#6745=REPRESENTATION('',(#6744),#6538);
#6746=PROPERTY_DEFINITION_REPRESENTATION(#6741,#6745);
#6747=PROPERTY_DEFINITION('DESCRIPTION_2_EN','user defined attribute',#6617);
#6751=REPRESENTATION('',(#6750),#6538);
#6752=PROPERTY_DEFINITION_REPRESENTATION(#6747,#6751);
#6753=PROPERTY_DEFINITION('DRAWING_NO','user defined attribute',#6617);
#6757=REPRESENTATION('',(#6756),#6538);
#6758=PROPERTY_DEFINITION_REPRESENTATION(#6753,#6757);
#6759=PROPERTY_DEFINITION('MC_CHECKTYPE','user defined attribute',#6617);
#6763=REPRESENTATION('',(#6762),#6538);
#6764=PROPERTY_DEFINITION_REPRESENTATION(#6759,#6763);
#6765=PROPERTY_DEFINITION('COATING','user defined attribute',#6617);
#6769=REPRESENTATION('',(#6768),#6538);
#6770=PROPERTY_DEFINITION_REPRESENTATION(#6765,#6769);
#6771=PROPERTY_DEFINITION('COLORING','user defined attribute',#6617);
#6775=REPRESENTATION('',(#6774),#6538);
#6776=PROPERTY_DEFINITION_REPRESENTATION(#6771,#6775);
#6777=PROPERTY_DEFINITION('DESC_SEMIFINISHED','user defined attribute',#6617);
#6781=REPRESENTATION('',(#6780),#6538);
#6782=PROPERTY_DEFINITION_REPRESENTATION(#6777,#6781);
#6783=PROPERTY_DEFINITION('DIMENSION','user defined attribute',#6617);
#6787=REPRESENTATION('',(#6786),#6538);
#6788=PROPERTY_DEFINITION_REPRESENTATION(#6783,#6787);
#6789=PROPERTY_DEFINITION('HARDNESS','user defined attribute',#6617);
#6793=REPRESENTATION('',(#6792),#6538);
#6794=PROPERTY_DEFINITION_REPRESENTATION(#6789,#6793);
#6795=PROPERTY_DEFINITION('MASS','user defined attribute',#6617);
#6799=REPRESENTATION('',(#6798),#6538);
#6800=PROPERTY_DEFINITION_REPRESENTATION(#6795,#6799);
#6801=PROPERTY_DEFINITION('MATERIAL','user defined attribute',#6617);
#6805=REPRESENTATION('',(#6804),#6538);
#6806=PROPERTY_DEFINITION_REPRESENTATION(#6801,#6805);
#6807=PROPERTY_DEFINITION('PART_NO','user defined attribute',#6617);
#6811=REPRESENTATION('',(#6810),#6538);
#6812=PROPERTY_DEFINITION_REPRESENTATION(#6807,#6811);
#6813=PROPERTY_DEFINITION('PART_NO_SEMIFINISHED','user defined attribute',
#6617);
#6817=REPRESENTATION('',(#6816),#6538);
#6818=PROPERTY_DEFINITION_REPRESENTATION(#6813,#6817);
#6819=PROPERTY_DEFINITION('STANDARD','user defined attribute',#6617);
#6823=REPRESENTATION('',(#6822),#6538);
#6824=PROPERTY_DEFINITION_REPRESENTATION(#6819,#6823);
#6825=PROPERTY_DEFINITION('STANDARD_DIMENSION','user defined attribute',#6617);
#6829=REPRESENTATION('',(#6828),#6538);
#6830=PROPERTY_DEFINITION_REPRESENTATION(#6825,#6829);
#6831=PROPERTY_DEFINITION('STANDARD_EDGE','user defined attribute',#6617);
#6835=REPRESENTATION('',(#6834),#6538);
#6836=PROPERTY_DEFINITION_REPRESENTATION(#6831,#6835);
#6837=PROPERTY_DEFINITION('STANDARD_INFO_DE','user defined attribute',#6617);
#6841=REPRESENTATION('',(#6840),#6538);
#6842=PROPERTY_DEFINITION_REPRESENTATION(#6837,#6841);
#6843=PROPERTY_DEFINITION('STANDARD_INFO_EN','user defined attribute',#6617);
#6847=REPRESENTATION('',(#6846),#6538);
#6848=PROPERTY_DEFINITION_REPRESENTATION(#6843,#6847);
#6849=PROPERTY_DEFINITION('STANDARD_SURFACE','user defined attribute',#6617);
#6853=REPRESENTATION('',(#6852),#6538);
#6854=PROPERTY_DEFINITION_REPRESENTATION(#6849,#6853);
#6855=PROPERTY_DEFINITION('STANDARD_TOL_CLASS','user defined attribute',#6617);
#6859=REPRESENTATION('',(#6858),#6538);
#6860=PROPERTY_DEFINITION_REPRESENTATION(#6855,#6859);
#6861=PROPERTY_DEFINITION('SUPPLIER','user defined attribute',#6617);
#6865=REPRESENTATION('',(#6864),#6538);
#6866=PROPERTY_DEFINITION_REPRESENTATION(#6861,#6865);
#6867=PROPERTY_DEFINITION('CLASSIFICATION','user defined attribute',#6617);
#6871=REPRESENTATION('',(#6870),#6538);
#6872=PROPERTY_DEFINITION_REPRESENTATION(#6867,#6871);
#6873=PROPERTY_DEFINITION('CATEGORY','user defined attribute',#6617);
#6877=REPRESENTATION('',(#6876),#6538);
#6878=PROPERTY_DEFINITION_REPRESENTATION(#6873,#6877);
#6879=PROPERTY_DEFINITION('PROJECT','user defined attribute',#6617);
#6883=REPRESENTATION('',(#6882),#6538);
#6884=PROPERTY_DEFINITION_REPRESENTATION(#6879,#6883);
#6885=PROPERTY_DEFINITION('PROJECT_NO','user defined attribute',#6617);
#6889=REPRESENTATION('',(#6888),#6538);
#6890=PROPERTY_DEFINITION_REPRESENTATION(#6885,#6889);
#6891=PROPERTY_DEFINITION('ORDER_CODE','user defined attribute',#6617);
#6895=REPRESENTATION('',(#6894),#6538);
#6896=PROPERTY_DEFINITION_REPRESENTATION(#6891,#6895);
#6897=PROPERTY_DEFINITION('STANDARD_WELDING','user defined attribute',#6617);
#6901=REPRESENTATION('',(#6900),#6538);
#6902=PROPERTY_DEFINITION_REPRESENTATION(#6897,#6901);
#6903=PROPERTY_DEFINITION('CUSTOMER','user defined attribute',#6617);
#6907=REPRESENTATION('',(#6906),#6538);
#6908=PROPERTY_DEFINITION_REPRESENTATION(#6903,#6907);
#6909=PROPERTY_DEFINITION('HEAT_TREATMENT','user defined attribute',#6617);
#6913=REPRESENTATION('',(#6912),#6538);
#6914=PROPERTY_DEFINITION_REPRESENTATION(#6909,#6913);
#6915=PROPERTY_DEFINITION('PTC_VAL_IMP_PART_STATUS','user defined attribute',
#6617);
#6919=REPRESENTATION('',(#6918),#6538);
#6920=PROPERTY_DEFINITION_REPRESENTATION(#6915,#6919);
#6921=PROPERTY_DEFINITION('PTC_MP_VAL_IMP_VOLUME','user defined attribute',
#6617);
#6924=(LENGTH_UNIT()NAMED_UNIT(*)SI_UNIT(.MILLI.,.METRE.));
#6928=REPRESENTATION('',(#6927),#6538);
#6929=PROPERTY_DEFINITION_REPRESENTATION(#6921,#6928);
#6930=PROPERTY_DEFINITION('PTC_MP_VAL_IMP_AREA','user defined attribute',#6617);
#6933=(LENGTH_UNIT()NAMED_UNIT(*)SI_UNIT(.MILLI.,.METRE.));
#6937=REPRESENTATION('',(#6936),#6538);
#6938=PROPERTY_DEFINITION_REPRESENTATION(#6930,#6937);
#6939=PROPERTY_DEFINITION('PTC_MP_VAL_IMP_COGX','user defined attribute',#6617);
#6942=(LENGTH_UNIT()NAMED_UNIT(*)SI_UNIT(.MILLI.,.METRE.));
#6944=REPRESENTATION('',(#6943),#6538);
#6945=PROPERTY_DEFINITION_REPRESENTATION(#6939,#6944);
#6946=PROPERTY_DEFINITION('PTC_MP_VAL_IMP_COGY','user defined attribute',#6617);
#6949=(LENGTH_UNIT()NAMED_UNIT(*)SI_UNIT(.MILLI.,.METRE.));
#6951=REPRESENTATION('',(#6950),#6538);
#6952=PROPERTY_DEFINITION_REPRESENTATION(#6946,#6951);
#6953=PROPERTY_DEFINITION('PTC_MP_VAL_IMP_COGZ','user defined attribute',#6617);
#6956=(LENGTH_UNIT()NAMED_UNIT(*)SI_UNIT(.MILLI.,.METRE.));
#6958=REPRESENTATION('',(#6957),#6538);
#6959=PROPERTY_DEFINITION_REPRESENTATION(#6953,#6958);
#6960=PROPERTY_DEFINITION('PTC_VAL_IMP_SCORE','user defined attribute',#6617);
#6964=REPRESENTATION('',(#6963),#6538);
#6965=PROPERTY_DEFINITION_REPRESENTATION(#6960,#6964);
#6966=PROPERTY_DEFINITION('PTC_COMMON_NAME','user defined attribute',#6617);
#6970=REPRESENTATION('',(#6969),#6538);
#6971=PROPERTY_DEFINITION_REPRESENTATION(#6966,#6970);
#6972=PROPERTY_DEFINITION('PTC_MASTER_MATERIAL','user defined attribute',#6617);
#6976=REPRESENTATION('',(#6975),#6538);
#6977=PROPERTY_DEFINITION_REPRESENTATION(#6972,#6976);
ENDSEC;
END-ISO-10303-21;
